"key","source","target"
"entities.crafting.craftingTables.alchemyTable.alchemyTableData.alchemyTableGeneralInteractibleData.assetInteractionHintRef","Press [interact] to use the <color=#F2E6BD>Alchemy Table</color>.","Press [interact] to use the <color=#F2E6BD>Alchemy Table</color>."
"entities.crafting.craftingTables.anvil.anvilData.anvilGeneralInteractibleData.assetInteractionHintRef","Press [interact] to use the <color=#F2E6BD>Anvil</color>.","Press [interact] to use the <color=#F2E6BD>Anvil</color>."
"entities.crafting.craftingTables.artificerTable.name","Artificer Table","Artificer Table"
"entities.crafting.craftingTables.scribeTable.scribeTableData.scribeTableGeneralInteractibleData.assetInteractionHintRef","Press [interact] to use the <color=#F2E6BD>Scribe Table</color>.","Press [interact] to use the <color=#F2E6BD>Scribe Table</color>."
"entities.crafting.craftingTables.sewingTable.sewingTableData.sewingTableGeneralInteractibleData.assetInteractionHintRef","Press [interact] to use the <color=#F2E6BD>Sewing Table</color>.","Press [interact] to use the <color=#F2E6BD>Sewing Table</color>."
"entities.crafting.craftingTables.stove.stoveData.stoveGeneralInteractibleData.assetInteractionHintRef","Press [interact] to use the <color=#F2E6BD>Stove</color>.","Press [interact] to use the <color=#F2E6BD>Stove</color>."
"entities.crafting.craftingTables.workbench.workbenchData.workBenchGeneralInteractibleData.assetInteractionHintRef","Press [interact] to use the <color=#F2E6BD>Workbench</color>.","Press [interact] to use the <color=#F2E6BD>Workbench</color>."
"entities.crafting.refineries.furnace.tier1VendorFurnaceData.assetHintTextRecordRef","Press [interact] to <color=#F2E6BD>use the furnace</color>.","Press [interact] to <color=#F2E6BD>use the furnace</color>."
"entities.crafting.refineries.furnace.tier1VendorFurnaceData.assetRefineryNameRecordRef","Furnace","Furnace"
"entities.crafting.refineries.sawmill.tier1VendorSawmillData.assetHintTextRecordRef","Press [interact] to use the <color=#F2E6BD>Sawmill</color>.","Press [interact] to use the <color=#F2E6BD>Sawmill</color>."
"entities.crafting.refineries.sawmill.tier1VendorSawmillData.assetRefineryNameRecordRef","Sawmill","Sawmill"
"entities.crafting.refineries.spinningWheel.tier1VendorSpinningWheelData.assetHintTextRecordRef","Press [interact] to use the <color=#F2E6BD>Spinning Wheel</color>.","Press [interact] to use the <color=#F2E6BD>Spinning Wheel</color>."
"entities.crafting.refineries.spinningWheel.tier1VendorSpinningWheelData.assetRefineryNameRecordRef","Spinning Wheel","Spinning Wheel"
"entities.crafting.refineries.tanningRack.tier1VendorTanningRackData.assetHintTextRecordRef","Press [interact] to use the <color=#F2E6BD>Tanning Rack</color>.","Press [interact] to use the <color=#F2E6BD>Tanning Rack</color>."
"entities.crafting.refineries.tanningRack.tier1VendorTanningRackData.assetRefineryNameRecordRef","Tanning Rack","Tanning Rack"
"entities.hero.beingResurrectedHeroHint","<style=""Highlight"">(PLAYER) is resurrecting</style> you.","<style=""Highlight"">(PLAYER) is resurrecting</style> you."
"entities.hero.interactionHint","Press [interact] to <color=#F2E6BD>interact with (PLAYER)</color>.","Press [interact] to <color=#F2E6BD>interact with (PLAYER)</color>."
"entities.hero.resurrectHeroHint","Hold [interact] to <color=#F2E6BD>resurrect (PLAYER)</color>.","Hold [interact] to <color=#F2E6BD>resurrect (PLAYER)</color>."
"entities.hero.resurrectHeroHintShort","Resurrect","Resurrect"
"entities.interactives.bossBattle.bossGateData.assetCanCrossHintRecordRef","Press [interact] to <color=#F2E6BD>traverse the fog</color>.","Press [interact] to <color=#F2E6BD>traverse the fog</color>."
"entities.interactives.bountyBoard.bountyBoardInteractable.assetInteractionHintRef","Press [interact] to  read the <color=#F2E6BD>Bounty Board</color>.","Press [interact] to  read the <color=#F2E6BD>Bounty Board</color>."
"entities.interactives.chests.chest.chestData.assetGrabHintTextRecordRef","Press [interact] to <color=#F2E6BD>inspect the chest</color>.","Press [interact] to <color=#F2E6BD>inspect the chest</color>."
"entities.interactives.chests.chest.chestData.assetHintTextRecordRef","Press [interact] to <color=#F2E6BD>open the chest</color>.","Press [interact] to <color=#F2E6BD>open the chest</color>."
"entities.interactives.chests.chest.communityChestData.assetContainerNameRef","Community Chest","Community Chest"
"entities.interactives.chests.chest.communityChestData.assetUseHintRecordRef","Press [interact] to <color=#F2E6BD>open the community chest</color>.","Press [interact] to <color=#F2E6BD>open the community chest</color>."
"entities.interactives.chests.chest.droppedItemBagData.assetCannotInteractHintRef","Cannot open bag, <color=#F2E6BD>it belongs to someone else</color>.","Cannot open bag, <color=#F2E6BD>it belongs to someone else</color>."
"entities.interactives.chests.chest.droppedItemBagData.assetInteractHintRef","Press [interact] to <color=#F2E6BD>open your item bag</color>.","Press [interact] to <color=#F2E6BD>open your item bag</color>."
"entities.interactives.chests.dynamicChests.shinyDynamicData.assetHintTextRecordRef","Press [interact] to <color=#F2E6BD>collect loot</color>.","Press [interact] to <color=#F2E6BD>collect loot</color>."
"entities.interactives.discoverableNotes.interactionHint","Press [interact] to <color=#F2E6BD>Read Note </color>.","Press [interact] to <color=#F2E6BD>Read Note </color>."
"entities.interactives.discoverableNotes.name","Note","Note"
"entities.interactives.doors.bridgeData.assetInteractionHintRecordRef","Press [interact] to <color=#F2E6BD>kick down the bridge</color>.","Press [interact] to <color=#F2E6BD>kick down the bridge</color>."
"entities.interactives.doors.doorData.assetInteractionHintRecordRef","Press [interact] to <color=#F2E6BD>open the door</color>.","Press [interact] to <color=#F2E6BD>open the door</color>."
"entities.interactives.doors.kickdownStatueData.assetInteractionHintRecordRef","Press [interact] to <color=#F2E6BD>kick down the statue</color>.","Press [interact] to <color=#F2E6BD>kick down the statue</color>."
"entities.interactives.fireplaces.fireplaceData.assetEnemiesNearbyHintRecordRef","Can't <color=orange>rest at the fire pit. Enemies</color> are nearby.","Can't <color=orange>rest at the fire pit. Enemies</color> are nearby."
"entities.interactives.fireplaces.fireplaceData.assetInteractionHintRecordRef","Press [interact] to <color=#F2E6BD>cook at the fire pit</color>.","Press [interact] to <color=#F2E6BD>cook at the fire pit</color>."
"entities.interactives.furniture.chairs.chairData.assetHintRecordRef","Press [interact] to <color=#F2E6BD>sit</color>.","Press [interact] to <color=#F2E6BD>sit</color>."
"entities.interactives.generalInteractives.cerimWhisperData.assetInteractionHintActivatedRecordRef","Press [interact] to <color=#F2E6BD>channel the Cerim Whisper</color>.","Press [interact] to <color=#F2E6BD>channel the Cerim Whisper</color>."
"entities.interactives.generalInteractives.chooseHelmetRewardInteractableA.assetInteractionHintRef","Press [interact] to <color=#F2E6BD>Choose Captain's Helmet </color>.","Press [interact] to <color=#F2E6BD>Choose Captain's Helmet </color>."
"entities.interactives.generalInteractives.chooseHelmetRewardInteractableB.assetInteractionHintRef","Press [interact] to <color=#F2E6BD>Choose Cleric's Helmet </color>.","Press [interact] to <color=#F2E6BD>Choose Cleric's Helmet </color>."
"entities.interactives.generalInteractives.chooseHelmetRewardInteractableC.assetInteractionHintRef","Press [interact] to <color=#F2E6BD>Choose Plague Doctor's Helmet </color>.","Press [interact] to <color=#F2E6BD>Choose Plague Doctor's Helmet </color>."
"entities.interactives.generalInteractives.creepHeartDestroy","Press [interact] to <color=#F2E6BD>destroy Blight with Dire Nettle Spores</color>.","Press [interact] to <color=#F2E6BD>destroy Blight with Dire Nettle Spores</color>."
"entities.interactives.generalInteractives.eggPickupInteractable.assetInteractionHintRef","Press [interact] to <color=#F2E6BD>Pick Up Egg</color>.","Press [interact] to <color=#F2E6BD>Pick Up Egg</color>."
"entities.interactives.generalInteractives.fallenEmberOfferingGeneralInteractable.assetCrucibleRunInProgressHintRef","Crucible run is already in progress","Crucible run is already in progress"
"entities.interactives.generalInteractives.fallenEmberOfferingGeneralInteractable.assetInteractionFailedHintRef","Offering made, enter pool to start crucible run.","Offering made, enter pool to start crucible run."
"entities.interactives.generalInteractives.fallenEmberOfferingGeneralInteractable.assetInteractionHintRef","Press [interact] to make an <color=#F2E6BD>Offering</color>.","Press [interact] to make an <color=#F2E6BD>Offering</color>."
"entities.interactives.generalInteractives.listenInteractable.assetInteractionHintRef","Press [interact] to <color=#F2E6BD>listen</color>.","Press [interact] to <color=#F2E6BD>listen</color>."
"entities.interactives.generalInteractives.noteInteractableBigRadius.assetInteractionHintRef","Press [interact] to <color=#F2E6BD>read the note</color>.","Press [interact] to <color=#F2E6BD>read the note</color>."
"entities.interactives.generalInteractives.pickupPendantTasksPickup.assetInteractionHintRef","Press [interact] to <color=#F2E6BD>Pick Up Pendant</color>.","Press [interact] to <color=#F2E6BD>Pick Up Pendant</color>."
"entities.interactives.generalInteractives.plagueStatueInteractable.assetInteractionRecordRef","Press [interact] to reset the world's plague level!","Press [interact] to reset the world's plague level!"
"entities.interactives.generalInteractives.readableInteractable.assetInteractionHintRef","Press [interact] to read","Press [interact] to read"
"entities.interactives.generalInteractives.rebirthStatueInteractable.assetInteractionRecordRef","Press [interact] to reset your stats and get a permanent buff!","Press [interact] to reset your stats and get a permanent buff!"
"entities.interactives.generalInteractives.rebirthStatueInteractable.assetPlagueLevelTooHighRecordRef","Global plague level is too high to rebirth.","Global plague level is too high to rebirth."
"entities.interactives.generalInteractives.rebirthStatueInteractable.assetPlayerHasEquipmentRecordRef","Must have no equipment equipped to use this statue!","Must have no equipment equipped to use this statue!"
"entities.interactives.generalInteractives.rebirthStatueInteractable.assetPlayerLevelTooLowRecordRef","You must be at least level {0} to rebirth.","You must be at least level {0} to rebirth."
"entities.interactives.generalInteractives.removeChainsInteractable.assetInteractionHintRef","Press [interact] to <color=#F2E6BD>Remove Chains</color>.","Press [interact] to <color=#F2E6BD>Remove Chains</color>."
"entities.interactives.genericPickup.genericPickupData.assetHintTextRecordRef","Press [interact] to <color=#F2E6BD>grab items</color>.","Press [interact] to <color=#F2E6BD>grab items</color>."
"entities.interactives.ladders.ladderData.assetInteractionHintRecordRef","Press [interact] to <color=#F2E6BD>kick down the ladder</color>.","Press [interact] to <color=#F2E6BD>kick down the ladder</color>."
"entities.interactives.levelInteractives.kestrelEggAltar.useItemHint","Press [interact] to <color=#F2E6BD>use the Kestrel's Egg</color>.","Press [interact] to <color=#F2E6BD>use the Kestrel's Egg</color>."
"entities.interactives.levelInteractives.levers.brokenWallLever.brokenWallLeverData.assetHintTextRecordRef","Press [interact] to <color=#F2E6BD>pull lever</color>.","Press [interact] to <color=#F2E6BD>pull lever</color>."
"entities.interactives.levelInteractives.levers.lever.leverGridData.assetHintTextRecordRef","Press [interact] to <color=#F2E6BD>open the grate</color>.","Press [interact] to <color=#F2E6BD>open the grate</color>."
"entities.interactives.levelInteractives.levers.pushCog.pushCogActionData.assetHintTextRecordRef"," <color=#F2E6BD>Move</color> in a direction or release [interact] to <color=#F2E6BD>let go of the wheel</color>."," <color=#F2E6BD>Move</color> in a direction or release [interact] to <color=#F2E6BD>let go of the wheel</color>."
"entities.interactives.levelInteractives.levers.pushCog.pushCogData.assetHintTextRecordRef","Hold [interact] to <color=#F2E6BD>grab the wheel</color>.","Hold [interact] to <color=#F2E6BD>grab the wheel</color>."
"entities.interactives.levelInteractives.pushPullBlock.pushPullBlockData.assetHintTextRecordRef","Press [hold] to <color=#F2E6BD>move the block</color>.","Press [hold] to <color=#F2E6BD>move the block</color>."
"entities.interactives.npcGroupData.assetInteractionHintRef","Press [interact] to <color=#F2E6BD>talk</color>.","Press [interact] to <color=#F2E6BD>talk</color>."
"entities.interactives.resourceNodes.digSpotResourceData.assetHasBrokenToolHintRecordRef","Your equipped shovel is<color=""red""> broken</color>, repair it to <color=#F2E6BD>dig</color>.","Your equipped shovel is<color=""red""> broken</color>, repair it to <color=#F2E6BD>dig</color>."
"entities.interactives.resourceNodes.digSpotResourceData.assetHasToolHintRecordRef","Press [interact] to <color=#F2E6BD>dig using your shovel</color>.","Press [interact] to <color=#F2E6BD>dig using your shovel</color>."
"entities.interactives.resourceNodes.digSpotResourceData.assetNoToolHintRecordRef","Press [interact] with a <color=#F2E6BD>Shovel</color> equipped to <color=#F2E6BD>dig</color>.","Press [interact] with a <color=#F2E6BD>Shovel</color> equipped to <color=#F2E6BD>dig</color>."
"entities.interactives.resourceNodes.digSpotResourceData.assetRegeneratingRecordRef","This resource <color=#F2E6BD>has been depleted</color>.","This resource <color=#F2E6BD>has been depleted</color>."
"entities.interactives.resourceNodes.dynamic.dynamicCopperOreResourceData.assetHasBrokenToolHintRecordRef","Your equipped pickaxe is<color=""red""> broken</color>, repair it to <color=#F2E6BD>mine the ore</color>.","Your equipped pickaxe is<color=""red""> broken</color>, repair it to <color=#F2E6BD>mine the ore</color>."
"entities.interactives.resourceNodes.dynamic.dynamicCopperOreResourceData.assetHasToolHintRecordRef","Press [interact] to <color=#F2E6BD>mine the ore using a pickaxe</color>.","Press [interact] to <color=#F2E6BD>mine the ore using a pickaxe</color>."
"entities.interactives.resourceNodes.dynamic.dynamicCopperOreResourceData.assetNoToolHintRecordRef","Press [interact] with a <color=#F2E6BD>Pickaxe</color> equipped to <color=#F2E6BD>mine the ore</color>.","Press [interact] with a <color=#F2E6BD>Pickaxe</color> equipped to <color=#F2E6BD>mine the ore</color>."
"entities.interactives.resourceNodes.dynamic.dynamicCuttableTreeResourceData.assetHasBrokenToolHintRecordRef","Your equipped axe is<color=""red""> broken</color>, repair it to <color=#F2E6BD>chop down the tree</color>.","Your equipped axe is<color=""red""> broken</color>, repair it to <color=#F2E6BD>chop down the tree</color>."
"entities.interactives.resourceNodes.dynamic.dynamicCuttableTreeResourceData.assetHasToolHintRecordRef","Press [interact] to <color=#F2E6BD>chop down the tree using axe</color>.","Press [interact] to <color=#F2E6BD>chop down the tree using axe</color>."
"entities.interactives.resourceNodes.dynamic.dynamicCuttableTreeResourceData.assetNoToolHintRecordRef","Press [interact] with a <color=#F2E6BD>Woodcutter's Axe</color> equipped to <color=#F2E6BD>cut down this tree</color>.","Press [interact] with a <color=#F2E6BD>Woodcutter's Axe</color> equipped to <color=#F2E6BD>cut down this tree</color>."
"entities.interactives.resourceNodes.dynamic.dynamicFishingSpotResourceData.assetHasBrokenToolHintRecordRef","Your equipped fishing rod is<color=""red""> broken</color>, repair it to <color=#F2E6BD>catch some fish</color>.","Your equipped fishing rod is<color=""red""> broken</color>, repair it to <color=#F2E6BD>catch some fish</color>."
"entities.interactives.resourceNodes.dynamic.dynamicFishingSpotResourceData.assetHasToolHintRecordRef","Press [interact] to <color=#F2E6BD>catch some fish</color>.","Press [interact] to <color=#F2E6BD>catch some fish</color>."
"entities.interactives.resourceNodes.dynamic.dynamicFishingSpotResourceData.assetNoToolHintRecordRef","Press [interact] with a <color=#F2E6BD>Fishing Rod</color> equipped to <color=#F2E6BD>catch some fish</color>.","Press [interact] with a <color=#F2E6BD>Fishing Rod</color> equipped to <color=#F2E6BD>catch some fish</color>."
"entities.interactives.resourceNodes.farming.farmableGroundData.assetHarvestHintTextRecordRef","Press [interact] to <color=#F2E6BD>harvest crop</color>.","Press [interact] to <color=#F2E6BD>harvest crop</color>."
"entities.interactives.resourceNodes.farming.farmableGroundData.assetPlantHintTextRef","Press [seedbag] to <color=#F2E6BD>plant a crop</color>.","Press [seedbag] to <color=#F2E6BD>plant a crop</color>."
"entities.interactives.resourceNodes.farming.farmableGroundData.assetTillHintTextRecordRef","Press [farmtool1] with a hoe equipped to <color=#F2E6BD>till the soil</color>.","Press [farmtool1] with a hoe equipped to <color=#F2E6BD>till the soil</color>."
"entities.interactives.resourceNodes.farming.farmableGroundData.assetWaterHintTextRecordRef","Press [farmtool2] with a watering can equipped to <color=#F2E6BD>water the soil</color>.","Press [farmtool2] with a watering can equipped to <color=#F2E6BD>water the soil</color>."
"entities.interactives.resourceNodes.refillWateringCanResourceData.assetHasBrokenToolHintRecordRef","Your equipped watering can is<color=""red""> broken</color>, repair it to <color=#F2E6BD>refill it</color>.","Your equipped watering can is<color=""red""> broken</color>, repair it to <color=#F2E6BD>refill it</color>."
"entities.interactives.resourceNodes.refillWateringCanResourceData.assetHasToolHintRecordRef","Press [interact] to <color=#F2E6BD> refill your watering can</color>.","Press [interact] to <color=#F2E6BD> refill your watering can</color>."
"entities.interactives.resourceNodes.refillWateringCanResourceData.assetNoToolHintRecordRef","Press [interact] with a <color=#F2E6BD>Watering Can</color> equipped to <color=#F2E6BD>refill it</color>.","Press [interact] with a <color=#F2E6BD>Watering Can</color> equipped to <color=#F2E6BD>refill it</color>."
"entities.interactives.resourceNodes.refillWateringCanResourceData.assetRegeneratingRecordRef","You have to <color=#F2E6BD>wait for this well to replenish</color> to take more water from it.","You have to <color=#F2E6BD>wait for this well to replenish</color> to take more water from it."
"entities.interactives.staticPickupData.assetInteractionHintRecordRef","Press [interact] to pick up <color=#F2E6BD>{0}</color>.","Press [interact] to pick up <color=#F2E6BD>{0}</color>."
"entities.items.houseItems.craftingTables.alchemyTable.houseAlchemyTableData.assetInteractionHintRecordRef","Press [block] to <color=#F2E6BD>to pick up the alchemy table</color>.","Press [block] to <color=#F2E6BD>to pick up the alchemy table</color>."
"entities.items.houseItems.craftingTables.alchemyTable.houseAlchemyTableData.assetUseHintRecordRef","Press [interact] to <color=#F2E6BD>use the alchemy table</color> or press [block] to <color=#F2E6BD>pick it up</color>.","Press [interact] to <color=#F2E6BD>use the alchemy table</color> or press [block] to <color=#F2E6BD>pick it up</color>."
"entities.items.houseItems.craftingTables.anvil.houseAnvilData.assetInteractionHintRecordRef","Press [block] to <color=#F2E6BD>to pick up the anvil</color>.","Press [block] to <color=#F2E6BD>to pick up the anvil</color>."
"entities.items.houseItems.craftingTables.anvil.houseAnvilData.assetUseHintRecordRef","Press [interact] to <color=#F2E6BD>use the anvil</color> or press [block] to <color=#F2E6BD>pick it up</color>.","Press [interact] to <color=#F2E6BD>use the anvil</color> or press [block] to <color=#F2E6BD>pick it up</color>."
"entities.items.houseItems.craftingTables.old.artificerTable.houseArtificerTableData.assetUseHintRecordRef","Press [interact] to <color=#F2E6BD>use the artificer table</color> or press [block] to <color=#F2E6BD>pick it up</color>.","Press [interact] to <color=#F2E6BD>use the artificer table</color> or press [block] to <color=#F2E6BD>pick it up</color>."
"entities.items.houseItems.craftingTables.old.scribeTable.houseScribeTableData.assetInteractionHintRecordRef","Press [block] to <color=#F2E6BD>to pick up the scribe table</color>.","Press [block] to <color=#F2E6BD>to pick up the scribe table</color>."
"entities.items.houseItems.craftingTables.old.scribeTable.houseScribeTableData.assetUseHintRecordRef","Press [interact] to <color=#F2E6BD>use the scribe table</color> or press [block] to <color=#F2E6BD>pick it up</color>.","Press [interact] to <color=#F2E6BD>use the scribe table</color> or press [block] to <color=#F2E6BD>pick it up</color>."
"entities.items.houseItems.craftingTables.sewingTable.houseSewingTableData.assetInteractionHintRecordRef","Press [block] to <color=#F2E6BD>to pick up the sewing table</color>.","Press [block] to <color=#F2E6BD>to pick up the sewing table</color>."
"entities.items.houseItems.craftingTables.sewingTable.houseSewingTableData.assetUseHintRecordRef","Press [interact] to <color=#F2E6BD>use the sewing table</color> or press [block] to <color=#F2E6BD>pick it up</color>.","Press [interact] to <color=#F2E6BD>use the sewing table</color> or press [block] to <color=#F2E6BD>pick it up</color>."
"entities.items.houseItems.craftingTables.stove.houseStoveData.assetInteractionHintRecordRef","Press [block] to <color=#F2E6BD>to pick up the stove</color>.","Press [block] to <color=#F2E6BD>to pick up the stove</color>."
"entities.items.houseItems.craftingTables.stove.houseStoveData.assetUseHintRecordRef","Press [interact] to <color=#F2E6BD>use the stove</color> or press [block] to <color=#F2E6BD>pick it up</color>.","Press [interact] to <color=#F2E6BD>use the stove</color> or press [block] to <color=#F2E6BD>pick it up</color>."
"entities.items.houseItems.craftingTables.workbench.houseWorkbenchData.assetInteractionHintRecordRef","Press [block] to <color=#F2E6BD>to pick up the workbench</color>.","Press [block] to <color=#F2E6BD>to pick up the workbench</color>."
"entities.items.houseItems.craftingTables.workbench.houseWorkbenchData.assetUseHintRecordRef","Press [interact] to <color=#F2E6BD>use the workbench</color> or press [block] to <color=#F2E6BD>pick it up</color>.","Press [interact] to <color=#F2E6BD>use the workbench</color> or press [block] to <color=#F2E6BD>pick it up</color>."
"entities.items.houseItems.decorativeItems.books.stackOfTomes.stackOfTomesData.assetInteractionHintRecordRef","Press [block] to pick up <color=#F2E6BD>Stack of Tomes</color>.","Press [block] to pick up <color=#F2E6BD>Stack of Tomes</color>."
"entities.items.houseItems.decorativeItems.carpets.flimsyJuteCarpetData.assetInteractionHintRecordRef","Press [block] to pick up the <color=#F2E6BD>Flimsy Jute Carpet</color>.","Press [block] to pick up the <color=#F2E6BD>Flimsy Jute Carpet</color>."
"entities.items.houseItems.decorativeItems.carpets.redCottonCarpetData.assetInteractionHintRecordRef","Press [block] to pick up the <color=#F2E6BD>Red Cotton Carpet</color>.","Press [block] to pick up the <color=#F2E6BD>Red Cotton Carpet</color>."
"entities.items.houseItems.decorativeItems.chimneys.chimneyData.assetInteractionHintRecordRef","Press [block] to pick up the <color=#F2E6BD>Chimney</color>.","Press [block] to pick up the <color=#F2E6BD>Chimney</color>."
"entities.items.houseItems.decorativeItems.instruments.lute.luteData.assetInteractionHintRecordRef","Press [block] to pick up <color=#F2E6BD>Minstrel's Timeless Lute</color>.","Press [block] to pick up <color=#F2E6BD>Minstrel's Timeless Lute</color>."
"entities.items.houseItems.decorativeItems.lights.basicCandleHolder.basicCandleHolderData.assetInteractionHintRecordRef","Press [block] to pick up the <color=#F2E6BD>Basic Candle Holder</color>.","Press [block] to pick up the <color=#F2E6BD>Basic Candle Holder</color>."
"entities.items.houseItems.decorativeItems.lights.ironBrazier.ironBrazierData.assetInteractionHintRecordRef","Press [block] to pick up the <color=#F2E6BD>Iron Brazier</color>.","Press [block] to pick up the <color=#F2E6BD>Iron Brazier</color>."
"entities.items.houseItems.decorativeItems.lights.luchina.luchinaData.assetInteractionHintRecordRef","Press [block] to pick up the <color=#F2E6BD>Classic Homestead Luchina</color>.","Press [block] to pick up the <color=#F2E6BD>Classic Homestead Luchina</color>."
"entities.items.houseItems.decorativeItems.lights.nobleCandleHolder.nobleCandleHolderData.assetInteractionHintRecordRef","Press [block] to pick up the <color=#F2E6BD>Noble Candle Holder</color>.","Press [block] to pick up the <color=#F2E6BD>Noble Candle Holder</color>."
"entities.items.houseItems.decorativeItems.lights.refinedCandleHolder.refinedCandleHolderData.assetInteractionHintRecordRef","Press [block] to pick up the <color=#F2E6BD>Refined Candle Holder</color>.","Press [block] to pick up the <color=#F2E6BD>Refined Candle Holder</color>."
"entities.items.houseItems.decorativeItems.lumber.lumberStack.lumberStackData.assetInteractionHintRecordRef","Press [interact] to <color=#F2E6BD>look inside the Lumber Stack</color> or press [block] to <color=#F2E6BD>pick it up</color>.","Press [interact] to <color=#F2E6BD>look inside the Lumber Stack</color> or press [block] to <color=#F2E6BD>pick it up</color>."
"entities.items.houseItems.decorativeItems.vases.crimsonTulipVase.crimsonTulipVaseData.assetInteractionHintRecordRef","Press [block] to pick up the <color=#F2E6BD>Crimson Tulip Vase</color>.","Press [block] to pick up the <color=#F2E6BD>Crimson Tulip Vase</color>."
"entities.items.houseItems.decorativeItems.vases.grayClayVase.grayClayVaseData.assetInteractionHintRecordRef","Press [block] to pick up the <color=#F2E6BD>Gray Clay Vase</color>.","Press [block] to pick up the <color=#F2E6BD>Gray Clay Vase</color>."
"entities.items.houseItems.decorativeItems.vases.lavenderWhisperVase.lavenderWhisperVaseData.assetInteractionHintRecordRef","Press [block] to pick up the <color=#F2E6BD>Lavender Whisper Vase</color>.","Press [block] to pick up the <color=#F2E6BD>Lavender Whisper Vase</color>."
"entities.items.houseItems.decorativeItems.vases.sunfireBlossomVase.sunfireBlossomVaseData.assetInteractionHintRecordRef","Press [block] to pick up the <color=#F2E6BD>Sunfire Blossom Vase</color>.","Press [block] to pick up the <color=#F2E6BD>Sunfire Blossom Vase</color>."
"entities.items.houseItems.decorativeItems.vases.verdantBloomVase.verdantBloomVaseData.assetInteractionHintRecordRef","Press [block] to pick up the <color=#F2E6BD>Verdant Blossom Vase</color>.","Press [block] to pick up the <color=#F2E6BD>Verdant Blossom Vase</color>."
"entities.items.houseItems.furniture.beds.simpleBed.adventurersRespiteBed.assetInteractionHintRecordRef","Press [interact] to <color=#F2E6BD>sleep</color> | Press [block] to pick up the <color=#F2E6BD>Adventurer's Respite Bed</color>.","Press [interact] to <color=#F2E6BD>sleep</color> | Press [block] to pick up the <color=#F2E6BD>Adventurer's Respite Bed</color>."
"entities.items.houseItems.furniture.beds.simpleBed.simpleBedData.assetInteractingHintRecordRef","Logging out while sleeping will give you a rested bonus after {0} hours.","Logging out while sleeping will give you a rested bonus after {0} hours."
"entities.items.houseItems.furniture.beds.simpleBed.simpleBedData.assetInteractionSleepTavernHintRecordRef","Press [interact] to <color=#F2E6BD>sleep</color>","Press [interact] to <color=#F2E6BD>sleep</color>"
"entities.items.houseItems.furniture.beds.simpleBed.voyagersRejuvenationBed.assetInteractionHintRecordRef","Press [interact] to <color=#F2E6BD>sleep</color> | Press [block] to pick up the <color=#F2E6BD>Voyager's Rejuvenation Bed</color>.","Press [interact] to <color=#F2E6BD>sleep</color> | Press [block] to pick up the <color=#F2E6BD>Voyager's Rejuvenation Bed</color>."
"entities.items.houseItems.furniture.beds.simpleBed.wayfarersRestBed.assetInteractionHintRecordRef","Press [interact] to <color=#F2E6BD>sleep</color> | Press [block] to pick up the <color=#F2E6BD>Wayfarer's Rest Bed</color>.","Press [interact] to <color=#F2E6BD>sleep</color> | Press [block] to pick up the <color=#F2E6BD>Wayfarer's Rest Bed</color>."
"entities.items.houseItems.furniture.benches.naturalContourBench.naturalContourBenchData.assetInteractionHintRecordRef","Press [interact] to <color=#F2E6BD>sit</color> | Press [block] to pick up the <color=#F2E6BD>Natural Contour Bench</color>.","Press [interact] to <color=#F2E6BD>sit</color> | Press [block] to pick up the <color=#F2E6BD>Natural Contour Bench</color>."
"entities.items.houseItems.furniture.benches.simplisticPlankBench.simplisticPlankBenchData.assetInteractionHintRecordRef","Press [interact] to <color=#F2E6BD>sit</color> | Press [block] to pick up the <color=#F2E6BD>Simplistic Plank Bench</color>.","Press [interact] to <color=#F2E6BD>sit</color> | Press [block] to pick up the <color=#F2E6BD>Simplistic Plank Bench</color>."
"entities.items.houseItems.furniture.benches.whittledShortBench.whittledShortBenchData.assetInteractionHintRecordRef","Press [interact] to <color=#F2E6BD>sit</color> | Press [block] to pick up the <color=#F2E6BD>Whittled Short  Bench</color>.","Press [interact] to <color=#F2E6BD>sit</color> | Press [block] to pick up the <color=#F2E6BD>Whittled Short  Bench</color>."
"entities.items.houseItems.furniture.cabinets.simpleWineCabinet.simpleWineCabinetData.assetInteractionHintRecordRef","Press [block] to pick up the <color=#F2E6BD>Simple Wine Cabinet</color>.","Press [block] to pick up the <color=#F2E6BD>Simple Wine Cabinet</color>."
"entities.items.houseItems.furniture.chairs.charredSolitudeChair.charredSolitudeChairData.assetInteractionHintRecordRef","Press [interact] to <color=#F2E6BD>sit</color> | Press [block] to pick up the <color=#F2E6BD>Charred Solitude Chair</color>.","Press [interact] to <color=#F2E6BD>sit</color> | Press [block] to pick up the <color=#F2E6BD>Charred Solitude Chair</color>."
"entities.items.houseItems.furniture.chairs.engravedHearthguardChair.engravedHearthguardChairData.assetInteractionHintRecordRef","Press [interact] to <color=#F2E6BD>sit</color> | Press [block] to pick up the <color=#F2E6BD>Engraved Hearthgard Chair</color>.","Press [interact] to <color=#F2E6BD>sit</color> | Press [block] to pick up the <color=#F2E6BD>Engraved Hearthgard Chair</color>."
"entities.items.houseItems.furniture.chairs.sculptedEleganceChair.sculptedEleganceChairData.assetInteractionHintRecordRef","Press [interact] to <color=#F2E6BD>sit</color> | Press [block] to pick up the <color=#F2E6BD>Sculpted Elegance Chair</color>.","Press [interact] to <color=#F2E6BD>sit</color> | Press [block] to pick up the <color=#F2E6BD>Sculpted Elegance Chair</color>."
"entities.items.houseItems.furniture.chairs.simpleChair.simpleChairData.assetInteractionHintRecordRef","Press [interact] to <color=#F2E6BD>sit</color> | Press [block] to pick up the <color=#F2E6BD>Simple Chair</color>.","Press [interact] to <color=#F2E6BD>sit</color> | Press [block] to pick up the <color=#F2E6BD>Simple Chair</color>."
"entities.items.houseItems.furniture.chests.engravedHearthsideChest.engravedHearthsideChestData.assetInteractionHintRecordRef","Press [block] to <color=#F2E6BD>pick up the chest</color>.","Press [block] to <color=#F2E6BD>pick up the chest</color>."
"entities.items.houseItems.furniture.chests.engravedHearthsideChest.engravedHearthsideChestData.assetUseHintRecordRef","Press [interact] to <color=#F2E6BD>look inside the chest</color> or press [block] to <color=#F2E6BD>pick it up</color>.","Press [interact] to <color=#F2E6BD>look inside the chest</color> or press [block] to <color=#F2E6BD>pick it up</color>."
"entities.items.houseItems.furniture.chests.mediumChest.mediumChestData.assetContainerNameRef","House Chest","House Chest"
"entities.items.houseItems.furniture.cupboards.largeCupboard.largeCupboardData.assetContainerNameRef","Birchwood Cupboard","Birchwood Cupboard"
"entities.items.houseItems.furniture.cupboards.largeCupboard.largeCupboardData.assetInteractionHintRecordRef","Press [block] to <color=#F2E6BD>pick up decoration</color>.","Press [block] to <color=#F2E6BD>pick up decoration</color>."
"entities.items.houseItems.furniture.cupboards.largeCupboard.largeCupboardData.assetUseHintRecordRef","Press [interact] to place <color=#F2E6BD>potions</color> inside the cupboard or press [block] to <color=#F2E6BD>pick it up</color>.","Press [interact] to place <color=#F2E6BD>potions</color> inside the cupboard or press [block] to <color=#F2E6BD>pick it up</color>."
"entities.items.houseItems.furniture.cupboards.mediumCupboard.mediumCupboardData.assetContainerNameRef","Medium Cupboard","Medium Cupboard"
"entities.items.houseItems.furniture.cupboards.mediumCupboard.mediumCupboardData.assetUseHintRecordRef","Press [interact] to <color=#F2E6BD>look inside the potion cupboard</color> or press [block] to <color=#F2E6BD>pick it up</color>.","Press [interact] to <color=#F2E6BD>look inside the potion cupboard</color> or press [block] to <color=#F2E6BD>pick it up</color>."
"entities.items.houseItems.furniture.cupboards.smallCupboard.smallCupboardData.assetContainerNameRef","Small Birchwood Cupboard","Small Birchwood Cupboard"
"entities.items.houseItems.furniture.pedestals.carvedPedestal.acanthusCarvedPedestalData.assetInteractionHintRecordRef","Press [block] to pick up the <color=#F2E6BD>Acanthus Carved Pedestal</color>.","Press [block] to pick up the <color=#F2E6BD>Acanthus Carved Pedestal</color>."
"entities.items.houseItems.furniture.stands.carvedLecternStand.carvedLecternStandData.assetInteractionHintRecordRef","Press [block] to pick up the <color=#F2E6BD>Carved Lectern Stand</color>.","Press [block] to pick up the <color=#F2E6BD>Carved Lectern Stand</color>."
"entities.items.houseItems.furniture.stools.carvedSentinelStool.carvedSentinelStoolData.assetInteractionHintRecordRef","Press [interact] to <color=#F2E6BD>sit</color> | Press [block] to pick up the <color=#F2E6BD>Carved Sentinel Stool</color>.","Press [interact] to <color=#F2E6BD>sit</color> | Press [block] to pick up the <color=#F2E6BD>Carved Sentinel Stool</color>."
"entities.items.houseItems.furniture.stools.carvedThroneStool.carvedThroneStoolData.assetInteractionHintRecordRef","Press [interact] to <color=#F2E6BD>sit</color> | Press [block] to pick up the <color=#F2E6BD>Carved Throne Stool</color>.","Press [interact] to <color=#F2E6BD>sit</color> | Press [block] to pick up the <color=#F2E6BD>Carved Throne Stool</color>."
"entities.items.houseItems.furniture.stools.jadeWovenStool.jadeWovenStoolData.assetInteractionHintRecordRef","Press [interact] to <color=#F2E6BD>sit</color> | Press [block] to pick up the <color=#F2E6BD>Jade-Woven Stool</color>.","Press [interact] to <color=#F2E6BD>sit</color> | Press [block] to pick up the <color=#F2E6BD>Jade-Woven Stool</color>."
"entities.items.houseItems.furniture.stools.whittledNestStool.whittledNestStoolData.assetInteractionHintRecordRef","Press [interact] to <color=#F2E6BD>sit</color> | Press [block] to pick up the <color=#F2E6BD>Whittled Nest Stool</color>.","Press [interact] to <color=#F2E6BD>sit</color> | Press [block] to pick up the <color=#F2E6BD>Whittled Nest Stool</color>."
"entities.items.houseItems.furniture.tables.simpleDinnerTable.simpleDinnerTableData.assetInteractionHintRecordRef","Press [block] to pick up the <color=#F2E6BD>Simple Dinner Table</color>.","Press [block] to pick up the <color=#F2E6BD>Simple Dinner Table</color>."
"entities.items.houseItems.furniture.tables.simpleRoundTable.simpleRoundTableData.assetInteractionHintRecordRef","Press [block] to pick up the <color=#F2E6BD>Simple Round Table</color>.","Press [block] to pick up the <color=#F2E6BD>Simple Round Table</color>."
"entities.items.houseItems.furniture.tables.simpleTable.simpleTableData.assetInteractionHintRecordRef","Press [block] to pick up the <color=#F2E6BD>Simple Table</color>.","Press [block] to pick up the <color=#F2E6BD>Simple Table</color>."
"entities.items.houseItems.furniture.toys.whittledRockingHorse.whittledRockingHorseData.assetInteractionHintRecordRef","Press [block] to pick up the <color=#F2E6BD>Whittled Rocking Horse</color>.","Press [block] to pick up the <color=#F2E6BD>Whittled Rocking Horse</color>."
"entities.items.houseItems.refineries.furnace.tier1.tier1HouseFurnaceData.assetInteractionHintRecordRef","Press [block] to pick up the <color=#F2E6BD>Furnace</color>.","Press [block] to pick up the <color=#F2E6BD>Furnace</color>."
"entities.items.houseItems.refineries.furnace.tier1.tier1HouseFurnaceData.assetRefineryNameRecordRef","Furnace","Furnace"
"entities.items.houseItems.refineries.furnace.tier1.tier1HouseFurnaceData.assetUseHintRecordRef","Press [interact] to <color=#F2E6BD>use the Furnace</color> or press [block] to <color=#F2E6BD>pick it up</color>.","Press [interact] to <color=#F2E6BD>use the Furnace</color> or press [block] to <color=#F2E6BD>pick it up</color>."
"entities.items.houseItems.refineries.sawmill.tier1.tier1HouseSawmillData.assetInteractionHintRecordRef","Press [block] to pick up the <color=#F2E6BD>Sawmill</color>.","Press [block] to pick up the <color=#F2E6BD>Sawmill</color>."
"entities.items.houseItems.refineries.sawmill.tier1.tier1HouseSawmillData.assetRefineryNameRecordRef","Sawmill","Sawmill"
"entities.items.houseItems.refineries.sawmill.tier1.tier1HouseSawmillData.assetUseHintRecordRef","Press [interact] to <color=#F2E6BD>use the Sawmill</color> or press [block] to <color=#F2E6BD>pick it up</color>.","Press [interact] to <color=#F2E6BD>use the Sawmill</color> or press [block] to <color=#F2E6BD>pick it up</color>."
"entities.items.houseItems.refineries.spinningWheel.tier1.tier1HouseSpinningWheelData.assetInteractionHintRecordRef","Press [block] to pick up the <color=#F2E6BD>Spinning Wheel</color>.","Press [block] to pick up the <color=#F2E6BD>Spinning Wheel</color>."
"entities.items.houseItems.refineries.spinningWheel.tier1.tier1HouseSpinningWheelData.assetRefineryNameRecordRef","Spinning Wheel","Spinning Wheel"
"entities.items.houseItems.refineries.spinningWheel.tier1.tier1HouseSpinningWheelData.assetUseHintRecordRef","Press [interact] to <color=#F2E6BD>use the Spinning Wheel</color> or press [block] to <color=#F2E6BD>pick it up</color>.","Press [interact] to <color=#F2E6BD>use the Spinning Wheel</color> or press [block] to <color=#F2E6BD>pick it up</color>."
"entities.items.houseItems.refineries.tanningRack.tier1.tier1HouseTanningRackData.assetInteractionHintRecordRef","Press [block] to pick up the <color=#F2E6BD>Tanning Rack</color>.","Press [block] to pick up the <color=#F2E6BD>Tanning Rack</color>."
"entities.items.houseItems.refineries.tanningRack.tier1.tier1HouseTanningRackData.assetRefineryNameRecordRef","Tanning Rack","Tanning Rack"
"entities.items.houseItems.refineries.tanningRack.tier1.tier1HouseTanningRackData.assetUseHintRecordRef","Press [interact] to <color=#F2E6BD>use the Tanning Rack</color> or press [block] to <color=#F2E6BD>pick it up</color>.","Press [interact] to <color=#F2E6BD>use the Tanning Rack</color> or press [block] to <color=#F2E6BD>pick it up</color>."
"entities.items.houseItems.short.generalBlockPickupHintRecordRef","Pick up","Pick up"
"entities.items.houseItems.short.generalLookorPickupHintRecordRef","Look inside or [block] to pick it up","Look inside or [block] to pick it up"
"entities.items.houseItems.short.generalPlaceorPickupHintRecordRef","Place inside or [block] to pick it up","Place inside or [block] to pick it up"
"entities.items.houseItems.short.generalSitorPickupHintRecordRef","Sit or [block] to pick it up","Sit or [block] to pick it up"
"entities.items.houseItems.short.generalSleeporPickupHintRecordRef","Sleep or [block] to pick it up","Sleep or [block] to pick it up"
"entities.items.houseItems.short.generalUseorPickupHintRecordRef","Use or [block] to pick it up","Use or [block] to pick it up"
"entities.items.houseItems.whisper.houseWhisper.assetUseHintRecordRef","Press [interact] to <color=#F2E6BD>use the Whisper Stone</color> or press [block] to <color=#F2E6BD>pick it up</color>.","Press [interact] to <color=#F2E6BD>use the Whisper Stone</color> or press [block] to <color=#F2E6BD>pick it up</color>."
"entities.npcs.enemies.balakTaw.arenaGuardian.Name","Arena Guardian","Arena Guardian"
"entities.npcs.enemies.balakTaw.boneHawk.Name","Bone Hawk","Bone Hawk"
"entities.npcs.enemies.balakTaw.bruiser.heavyFeather.Name","Heavy Feather","Heavy Feather"
"entities.npcs.enemies.balakTaw.bruiser.theUnbreakableEgg.Name","The Unbreakable Egg","The Unbreakable Egg"
"entities.npcs.enemies.balakTaw.highTalon.Name","High Talon","High Talon"
"entities.npcs.enemies.balakTaw.hiveSlinger.Name","Hive Slinger","Hive Slinger"
"entities.npcs.enemies.balakTaw.madBrambler.Name","Mad Brambler","Mad Brambler"
"entities.npcs.enemies.balakTaw.stalkingJay.Name","Stalking Jay","Stalking Jay"
"entities.npcs.enemies.balakTaw.wildFinch.Name","Wild Finch","Wild Finch"
"entities.npcs.enemies.baneMoth.Name","Bane Moth","Bane Moth"
"entities.npcs.enemies.bossBounties.brutalCouplet.name","Brutal Couplet","Brutal Couplet"
"entities.npcs.enemies.bossBounties.goldenTitan.name","Golden Titan","Golden Titan"
"entities.npcs.enemies.bossBounties.serratedMother.name","Serrated Mother","Serrated Mother"
"entities.npcs.enemies.bossBounties.tornCaptain.name","Torn Captain","Torn Captain"
"entities.npcs.enemies.bossBounties.tornWatchman.name","Torn Watchman","Torn Watchman"
"entities.npcs.enemies.bossBounties.wallowingHusk.name","Wallowing Husk","Wallowing Husk"
"entities.npcs.enemies.bosses.bulwarkShield.name","Bulwark","Bulwark"
"entities.npcs.enemies.bosses.chickenBat.name2","The Winged Brood","The Winged Brood"
"entities.npcs.enemies.bosses.darak.darakData.darakData.name","Darak","Darak"
"entities.npcs.enemies.bosses.darak.name","Falstead Darak","Falstead Darak"
"entities.npcs.enemies.bosses.darak.name2","Falstead Darak","Falstead Darak"
"entities.npcs.enemies.bosses.darakMutant.name","Falstead Darak","Falstead Darak"
"entities.npcs.enemies.bosses.darakMutant.name2","The Torn Falstead","The Torn Falstead"
"entities.npcs.enemies.bosses.darakMutantHead.name","Falstead Darak","Falstead Darak"
"entities.npcs.enemies.bosses.darakOutskirts.name","Falstead Darak","Falstead Darak"
"entities.npcs.enemies.bosses.echoKnight.name","Cyvion the Echo Knight","Cyvion the Echo Knight"
"entities.npcs.enemies.bosses.executioner.name","Broken Vow","Broken Vow"
"entities.npcs.enemies.bosses.keeperOfTheEmbrace.name","Keeper of the Embrace","Keeper of the Embrace"
"entities.npcs.enemies.bosses.mutantSoldier.name","Warrick the Torn","Warrick the Torn"
"entities.npcs.enemies.bosses.plagueBear.name","The Lost Huntress","The Lost Huntress"
"entities.npcs.enemies.bosses.plagueBear.name2","The Lost Huntress","The Lost Huntress"
"entities.npcs.enemies.bosses.spiderBat.name","The Winged Mother","The Winged Mother"
"entities.npcs.enemies.bosses.spiderBat.name2","The Winged Mother","The Winged Mother"
"entities.npcs.enemies.bosses.spiderHorseUnmounted.name","Cyvion the Echo Knight","Cyvion the Echo Knight"
"entities.npcs.enemies.bosses.theCareTaker.name","The Caretaker","The Caretaker"
"entities.npcs.enemies.bosses.theWingedBrood.name","The Winged Brood","The Winged Brood"
"entities.npcs.enemies.bosses.theWingedBroodBerserker1.name","Bile Wretch","Bile Wretch"
"entities.npcs.enemies.bosses.theWingedBroodBerserker2.name","Blood Wraith","Blood Wraith"
"entities.npcs.enemies.bosses.tusk.name","Tusk","Tusk"
"entities.npcs.enemies.bosses.warrickTheTorn.name","Warrick the Torn","Warrick the Torn"
"entities.npcs.enemies.bounties.defenderOfKnellap.Name","Defender of Knellap","Defender of Knellap"
"entities.npcs.enemies.bounties.huntsman.Name","Huntsman","Huntsman"
"entities.npcs.enemies.bounties.plagueDoctor.Name","Plague Doctor","Plague Doctor"
"entities.npcs.enemies.bounties.reaper.Name","Reaper","Reaper"
"entities.npcs.enemies.bounties.theRed.Name","The Red","The Red"
"entities.npcs.enemies.bruiser.name","Bruiser","Bruiser"
"entities.npcs.enemies.brute.name","Brute","Brute"
"entities.npcs.enemies.brutePrisoner.name","The Riven Twins","The Riven Twins"
"entities.npcs.enemies.critters.alpineGoat.Name","Alpine Goat","Alpine Goat"
"entities.npcs.enemies.critters.barnSpider.Name","Barn Spider","Barn Spider"
"entities.npcs.enemies.critters.bigCrab.Name","Harvester Crab","Harvester Crab"
"entities.npcs.enemies.critters.brineCrab.Name","Brine Crab","Brine Crab"
"entities.npcs.enemies.critters.brushRabbit.Name","Brush Rabbit","Brush Rabbit"
"entities.npcs.enemies.critters.crab.Name","Crab","Crab"
"entities.npcs.enemies.critters.crestedStag.Name","Crested Stag","Crested Stag"
"entities.npcs.enemies.critters.grimeRat.Name","Grime Rat","Grime Rat"
"entities.npcs.enemies.critters.mireLeech.Name","Mire Leech","Mire Leech"
"entities.npcs.enemies.critters.nobleChicken.Name","Noble Chicken","Noble Chicken"
"entities.npcs.enemies.critters.shadeFox.Name","Shade Fox","Shade Fox"
"entities.npcs.enemies.critters.speckledDeer.Name","Speckled Deer","Speckled Deer"
"entities.npcs.enemies.falseOnes.falseGuardian.Name","False Guardian","False Guardian"
"entities.npcs.enemies.falseOnes.falseHarbinger.Name","False Harbinger","False Harbinger"
"entities.npcs.enemies.falseOnes.falseOathkeeper.Name","False Oathkeeper","False Oathkeeper"
"entities.npcs.enemies.falseOnes.falseRemnant.Name","False Remnant","False Remnant"
"entities.npcs.enemies.falseOnes.falseSentinel.Name","False Sentinel","False Sentinel"
"entities.npcs.enemies.falseOnes.falseTitan.Name","False Titan","False Titan"
"entities.npcs.enemies.gloam.duskChild.Name","Dusk Child","Dusk Child"
"entities.npcs.enemies.gloam.gloamking.Name","Gloamking","Gloamking"
"entities.npcs.enemies.gloam.torchborne.Name","Torchborne","Torchborne"
"entities.npcs.enemies.harvesters.copseTreader.Name","Copse Treader","Copse Treader"
"entities.npcs.enemies.harvesters.limseedArcher.Name","Limseed Archer","Limseed Archer"
"entities.npcs.enemies.harvesters.rustReaver.Name","Rust Reaver","Rust Reaver"
"entities.npcs.enemies.harvesters.timberWight.Name","Timber Wight","Timber Wight"
"entities.npcs.enemies.harvesters.wormwoodWretch.Name","Wormwood Wretch","Wormwood Wretch"
"entities.npcs.enemies.kamikazeRat.Name","Immolation Rat","Immolation Rat"
"entities.npcs.enemies.mimic.tornCrawler.Name","Torn Crawler","Torn Crawler"
"entities.npcs.enemies.nith.nithLeviathan.Name","Nith Leviathan","Nith Leviathan"
"entities.npcs.enemies.nith.nithMuckwraith.Name","Nith Muckwraith","Nith Muckwraith"
"entities.npcs.enemies.nith.nithScreamer.Name","Nith Screamer","Nith Screamer"
"entities.npcs.enemies.nith.nithWallower.Name","Nith Wallower","Nith Wallower"
"entities.npcs.enemies.nonHumanoids.brutes.swampGiants.theRivenTwins.name","The Riven Twins","The Riven Twins"
"entities.npcs.enemies.nonHumanoids.tornBear.Name","Torn Bear","Torn Bear"
"entities.npcs.enemies.nonHumanoids.wolves.tornWolf.Name","Torn Wolf","Torn Wolf"
"entities.npcs.enemies.paleWolf.Name","Pale Wolf","Pale Wolf"
"entities.npcs.enemies.plaguedHeart.Name","Torn Retcher","Torn Retcher"
"entities.npcs.enemies.plaguedRaiders.tornColossus.Name","Torn Colossus","Torn Colossus"
"entities.npcs.enemies.plaguedRaiders.tornGrub.Name","Torn Grub","Torn Grub"
"entities.npcs.enemies.plaguedRaiders.tornGrubhost.Name","Torn Grubhost","Torn Grubhost"
"entities.npcs.enemies.plaguedRaiders.tornRover.Name","Torn Rover","Torn Rover"
"entities.npcs.enemies.plaguesystembosses.boar.name","Marin's Might","Marin's Might"
"entities.npcs.enemies.plaguesystembosses.caretaker.name","Marin's Voice","Marin's Voice"
"entities.npcs.enemies.plaguesystembosses.darak.name","Annora's Shadow","Annora's Shadow"
"entities.npcs.enemies.plaguesystembosses.echoKnight.name","The Sayer's Echo","The Sayer's Echo"
"entities.npcs.enemies.plaguesystembosses.mutantSoldier.name","Sigrid's Vow","Sigrid's Vow"
"entities.npcs.enemies.plaguesystembosses.plagueBear.name","Daughter of the Vale","Daughter of the Vale"
"entities.npcs.enemies.plaguesystembosses.rivenTwins.name","Bloodbound Torment ","Bloodbound Torment "
"entities.npcs.enemies.plaguesystembosses.wingedBrood.name","Children of the Chosen","Children of the Chosen"
"entities.npcs.enemies.plaguesystembosses.wingedBroodBerserker1.name","Caylen's Faithful","Caylen's Faithful"
"entities.npcs.enemies.plaguesystembosses.wingedBroodBerserker2.name","Caylen's Forgotten","Caylen's Forgotten"
"entities.npcs.enemies.prisoners.bondedWitch.Name","Bonded Witch","Bonded Witch"
"entities.npcs.enemies.prisoners.cagedExile.Name","Caged Exile","Caged Exile"
"entities.npcs.enemies.prisoners.shackledBrute.Name","Shackled Brute","Shackled Brute"
"entities.npcs.enemies.prisoners.tornCanid.Name","Torn Canid","Torn Canid"
"entities.npcs.enemies.prisoners.tornCaptive.Name","Torn Captive","Torn Captive"
"entities.npcs.enemies.rustBear.Name","Rust Bear","Rust Bear"
"entities.npcs.enemies.siren.sirenBantling.Name","Siren Bantling","Siren Bantling"
"entities.npcs.enemies.siren.sirenMother.Name","Siren Mother","Siren Mother"
"entities.npcs.enemies.siren.sirenOffspring.Name","Siren Offspring","Siren Offspring"
"entities.npcs.enemies.tanth.tanthCleaver.Name","Tanth Cleaver","Tanth Cleaver"
"entities.npcs.enemies.tanth.tanthHarvester.Name","Tanth Harvester","Tanth Harvester"
"entities.npcs.enemies.tanth.tanthOutrider.Name","Tanth Outrider","Tanth Outrider"
"entities.npcs.enemies.tanth.tanthScout.Name","Tanth Scout","Tanth Scout"
"entities.npcs.enemies.tanth.tanthVanguard.Name","Tanth Vanguard","Tanth Vanguard"
"entities.npcs.enemies.tornCarapace.Name","Torn Carapace","Torn Carapace"
"entities.npcs.enemies.tornFowl.Name","Torn Fowl","Torn Fowl"
"entities.npcs.enemies.tornRat.Name","Torn Rat","Torn Rat"
"entities.npcs.enemies.types.balakTaw","Balak Taw","Balak Taw"
"entities.npcs.enemies.types.beast","Beasts","Beasts"
"entities.npcs.enemies.types.boarskin","Boarskin","Boarskin"
"entities.npcs.enemies.types.falseOnes","False Ones","False Ones"
"entities.npcs.enemies.types.giant","Giant","Giant"
"entities.npcs.enemies.types.gloam","The Gloam","The Gloam"
"entities.npcs.enemies.types.harvesters","Harvesters","Harvesters"
"entities.npcs.enemies.types.nith","Nith","Nith"
"entities.npcs.enemies.types.plagued","Plagued","Plagued"
"entities.npcs.enemies.types.prisoner","Prisoners","Prisoners"
"entities.npcs.enemies.types.risen","The Risen","The Risen"
"entities.npcs.enemies.types.tanth","Knights of Tanth","Knights of Tanth"
"entities.npcs.enemies.types.tornBeast","Torn Beasts","Torn Beasts"
"entities.npcs.enemies.types.tornHuman","Torn Humans","Torn Humans"
"entities.npcs.enemies.wildBoar.Name","Wild Boar","Wild Boar"
"entities.npcs.enemies.wingedBroodling.Name","Winged Broodling","Winged Broodling"
"entities.npcs.friendly.features.arenaMaster.interactionHint","Press [interact] to <color=#F2E6BD>talk to Boroth the Arena Master</color>.","Press [interact] to <color=#F2E6BD>talk to Boroth the Arena Master</color>."
"entities.npcs.friendly.features.borothArenaMaster.name","Boroth the Arena Master","Boroth the Arena Master"
"entities.npcs.friendly.features.borothArenaMaster.name2","Boroth the Arena Master","Boroth the Arena Master"
"entities.npcs.friendly.features.captainRandolph.interactionHint","Press [interact] to <color=#F2E6BD>talk</color>.","Press [interact] to <color=#F2E6BD>talk</color>."
"entities.npcs.friendly.features.captainRandolph.name","Captain Randolph","Captain Randolph"
"entities.npcs.friendly.features.captainRandolph.name2","Captain Randolph","Captain Randolph"
"entities.npcs.friendly.generic.name","Whittacker","Whittacker"
"entities.npcs.friendly.quest.aSmallMercy.maeve.name","Maeve","Maeve"
"entities.npcs.friendly.quest.balakTaw.greatBeak.interactionHint","Press [interact] to <color=#F2E6BD>talk to The Great Beak</color>.","Press [interact] to <color=#F2E6BD>talk to The Great Beak</color>."
"entities.npcs.friendly.quest.balakTaw.greatBeak.name","The Great Beak","The Great Beak"
"entities.npcs.friendly.quest.beggarsTrust.casperDog.name","Casper","Casper"
"entities.npcs.friendly.quest.beggarsTrust.mainBeggar.name","Beaten Beggar","Beaten Beggar"
"entities.npcs.friendly.quest.mainBeggarBeggarsTrust.name","Beaten Beggar","Beaten Beggar"
"entities.npcs.friendly.quest.missingBrother.husbandAndWifeGroup1.interactionHint","Press [interact] to <color=#F2E6BD>talk</color>.","Press [interact] to <color=#F2E6BD>talk</color>."
"entities.npcs.friendly.quest.missingBrother.missingBrother.name","Chained Man","Chained Man"
"entities.npcs.friendly.quest.missingBrother.missingBrotherDead.name","Caged Man","Caged Man"
"entities.npcs.friendly.quest.rootsThatBindNPCs.marinVillagers.agathaView.Agatha","Agatha","Agatha"
"entities.npcs.friendly.quest.rootsThatBindNPCs.marinVillagers.arvinView.Arvin","Arvin","Arvin"
"entities.npcs.friendly.quest.rootsThatBindNPCs.marinVillagers.benetaView.Beneta","Beneta","Beneta"
"entities.npcs.friendly.quest.rootsThatBindNPCs.marinVillagers.cyrielView.Cyriel","Cyriel","Cyriel"
"entities.npcs.friendly.quest.rootsThatBindNPCs.marinVillagers.dolan.name","Dolan","Dolan"
"entities.npcs.friendly.quest.rootsThatBindNPCs.marinVillagers.finiView.Fini","Fini","Fini"
"entities.npcs.friendly.quest.rootsThatBindNPCs.marinVillagers.francisView.Francis","Francis","Francis"
"entities.npcs.friendly.quest.rootsThatBindNPCs.marinVillagers.gesView.Ges","Ges","Ges"
"entities.npcs.friendly.quest.rootsThatBindNPCs.marinVillagers.gretaView.Greta","Greta","Greta"
"entities.npcs.friendly.quest.rootsThatBindNPCs.marinVillagers.hestaView.Hesta","Hesta","Hesta"
"entities.npcs.friendly.quest.rootsThatBindNPCs.marinVillagers.igneyView.Igney","Igney","Igney"
"entities.npcs.friendly.quest.rootsThatBindNPCs.marinVillagers.inolaView.Inola","Inola","Inola"
"entities.npcs.friendly.quest.rootsThatBindNPCs.marinVillagers.iverView.Iver","Iver","Iver"
"entities.npcs.friendly.quest.rootsThatBindNPCs.marinVillagers.kovaView.Kova","Kova","Kova"
"entities.npcs.friendly.quest.rootsThatBindNPCs.marinVillagers.minoView.Mino","Mino","Mino"
"entities.npcs.friendly.quest.rootsThatBindNPCs.marinVillagers.netoView.Neto","Neto","Neto"
"entities.npcs.friendly.quest.rootsThatBindNPCs.marinVillagers.offemView.Offem","Offem","Offem"
"entities.npcs.friendly.quest.rootsThatBindNPCs.marinVillagers.renaeView.Renae","Renae","Renae"
"entities.npcs.friendly.quest.rootsThatBindNPCs.marinVillagers.risaView.Risa","Risa","Risa"
"entities.npcs.friendly.quest.rootsThatBindNPCs.marinVillagers.tallum.name","Tallum","Tallum"
"entities.npcs.friendly.quest.rootsThatBindNPCs.marinVillagers.trello.name","Trelo","Trelo"
"entities.npcs.friendly.quest.rootsThatBindNPCs.marinVillagers.vadelView.Vadel","Vadel","Vadel"
"entities.npcs.friendly.quest.rootsThatBindNPCs.marinVillagers.wallinView.Wallin","Wallin","Wallin"
"entities.npcs.friendly.quest.rootsThatBindNPCs.zombieVillager.name","Villager","Villager"
"entities.npcs.friendly.quest.royalSeal.boleinKnights.boleinKnightChoppingTree.name","Bolein Knight","Bolein Knight"
"entities.npcs.friendly.quest.royalSeal.inquisitor.name","Inquisitor","Inquisitor"
"entities.npcs.friendly.quest.royalSeal.inquisitors.name","Inquisitors","Inquisitors"
"entities.npcs.friendly.quest.royalSeal.keeper.name","Keeper","Keeper"
"entities.npcs.friendly.quest.royalSeal.orvyn.name","Orvyn","Orvyn"
"entities.npcs.friendly.quest.royalSeal.primusBainbridge.name","Primus Bainbridge","Primus Bainbridge"
"entities.npcs.friendly.quest.royalSeal.quarryPrisoner.name","Malec","Malec"
"entities.npcs.friendly.quest.royalSeal.speakerHess.name","Speaker Hess","Speaker Hess"
"entities.npcs.friendly.quest.royalSeal.speakerLucian.name","Speaker Lucian","Speaker Lucian"
"entities.npcs.friendly.quest.royalSeal.speakerTermina.name","Speaker Termina","Speaker Termina"
"entities.npcs.friendly.quest.royalSeal.warRoomBribableGuard.name","Guard Godwin","Guard Godwin"
"entities.npcs.friendly.quest.sideBeggarMaleBeggarsTrust.name","Beggar","Beggar"
"entities.npcs.friendly.quest.tipper.name","Tipper","Tipper"
"entities.npcs.friendly.quest.weepingSisters.ferrin.interactionHint","Press [interact] to <color=#F2E6BD>talk to Ferrin</color>.","Press [interact] to <color=#F2E6BD>talk to Ferrin</color>."
"entities.npcs.friendly.quest.weepingSisters.ferrin.name","Ferrin","Ferrin"
"entities.npcs.friendly.quest.weepingSisters.hunters.hunterAdan.interactionHint","Press [interact] to <color=#F2E6BD>talk to Adan</color>.","Press [interact] to <color=#F2E6BD>talk to Adan</color>."
"entities.npcs.friendly.quest.weepingSisters.hunters.hunterAdan.name","Adan","Adan"
"entities.npcs.friendly.quest.weepingSisters.hunters.hunterDel.interactionHint","Press [interact] to <color=#F2E6BD>talk to Del</color>.","Press [interact] to <color=#F2E6BD>talk to Del</color>."
"entities.npcs.friendly.quest.weepingSisters.hunters.hunterDel.name","Del","Del"
"entities.npcs.friendly.quest.weepingSisters.hunters.hunterJocosa.interactionHint","Press [interact] to <color=#F2E6BD>talk to Jocosa</color>.","Press [interact] to <color=#F2E6BD>talk to Jocosa</color>."
"entities.npcs.friendly.quest.weepingSisters.hunters.hunterJocosa.name","Jocosa","Jocosa"
"entities.npcs.friendly.quest.weepingSisters.hunters.hunterMalvo.interactionHint","Press [interact] to <color=#F2E6BD>talk to Malvo</color>.","Press [interact] to <color=#F2E6BD>talk to Malvo</color>."
"entities.npcs.friendly.quest.weepingSisters.hunters.hunterMalvo.name","Malvo","Malvo"
"entities.npcs.friendly.quest.weepingSisters.hunters.hunterNomara.interactionHint","Press [interact] to <color=#F2E6BD>talk to Nomara</color>.","Press [interact] to <color=#F2E6BD>talk to Nomara</color>."
"entities.npcs.friendly.quest.weepingSisters.hunters.hunterNomara.name","Nomara","Nomara"
"entities.npcs.friendly.quest.weepingSisters.hunters.hunterRussa.hunterRussaEntityData.name","Russa","Russa"
"entities.npcs.friendly.quest.weepingSisters.hunters.hunterRussa.interactionHint","Press [interact] to <color=#F2E6BD>talk to Russa</color>.","Press [interact] to <color=#F2E6BD>talk to Russa</color>."
"entities.npcs.friendly.quest.weepingSisters.hunters.hunterSora.interactionHint","Press [interact] to <color=#F2E6BD>talk to Sora</color>.","Press [interact] to <color=#F2E6BD>talk to Sora</color>."
"entities.npcs.friendly.quest.weepingSisters.hunters.hunterSora.name","Sora","Sora"
"entities.npcs.friendly.quest.weepingSisters.lara.interactionHint","Press [interact] to <color=#F2E6BD>talk to Lara</color>.","Press [interact] to <color=#F2E6BD>talk to Lara</color>."
"entities.npcs.friendly.quest.weepingSisters.lara.name","Lara","Lara"
"entities.npcs.friendly.quest.weepingSisters.reed.interactionHint","Press [interact] to <color=#F2E6BD>talk to Reed</color>.","Press [interact] to <color=#F2E6BD>talk to Reed</color>."
"entities.npcs.friendly.quest.weepingSisters.reed.name","Reed","Reed"
"entities.npcs.friendly.story.baurus.interactionHint","Press [interact] to <color=#F2E6BD>talk to Baurus</color>.","Press [interact] to <color=#F2E6BD>talk to Baurus</color>."
"entities.npcs.friendly.story.baurus.name","Baurus","Baurus"
"entities.npcs.friendly.story.cagedBandits.cagedBanditA.name","Losanna","Losanna"
"entities.npcs.friendly.story.cagedBandits.cagedBanditB.name","Ava","Ava"
"entities.npcs.friendly.story.cagedBandits.cagedBanditC.name","Haleric","Haleric"
"entities.npcs.friendly.story.channing.interactionHint","Press [interact] to <color=#F2E6BD>talk to Rattigan</color>.","Press [interact] to <color=#F2E6BD>talk to Rattigan</color>."
"entities.npcs.friendly.story.channing.name","Rattigan","Rattigan"
"entities.npcs.friendly.story.channingCrouched.name","Rattigan","Rattigan"
"entities.npcs.friendly.story.ellsworth.interactionHint","Press [interact] to <color=#F2E6BD>talk to Ellsworth</color>.","Press [interact] to <color=#F2E6BD>talk to Ellsworth</color>."
"entities.npcs.friendly.story.ellsworth.name","Ellsworth","Ellsworth"
"entities.npcs.friendly.story.ellsworth.name2","Ellsworth","Ellsworth"
"entities.npcs.friendly.story.elsa.name","Elsa","Elsa"
"entities.npcs.friendly.story.harol.interactionHint","Press [interact] to <color=#F2E6BD>talk to Harol</color>.","Press [interact] to <color=#F2E6BD>talk to Harol</color>."
"entities.npcs.friendly.story.harol.name","Harol","Harol"
"entities.npcs.friendly.story.irmgard.interactionHint","Press [interact] to <color=#F2E6BD>talk to Irmgard</color>.","Press [interact] to <color=#F2E6BD>talk to Irmgard</color>."
"entities.npcs.friendly.story.irmgard.name","Irmgard","Irmgard"
"entities.npcs.friendly.story.irmgard.name2","Irmgard","Irmgard"
"entities.npcs.friendly.story.madrigalSeline.interactionHint","Press [interact] to <color=#F2E6BD>talk to Madrigal Seline</color>.","Press [interact] to <color=#F2E6BD>talk to Madrigal Seline</color>."
"entities.npcs.friendly.story.madrigalSeline.name","Madrigal Seline","Madrigal Seline"
"entities.npcs.friendly.story.madrigalSeline.name2","Madrigal Seline","Madrigal Seline"
"entities.npcs.friendly.story.magnus.interactionHint","Press [interact] to <color=#F2E6BD>talk to Magnus</color>.","Press [interact] to <color=#F2E6BD>talk to Magnus</color>."
"entities.npcs.friendly.story.magnus.name","Magnus","Magnus"
"entities.npcs.friendly.story.odessa.interactionHint","Press [interact] to <color=#F2E6BD>talk to Odessa</color>.","Press [interact] to <color=#F2E6BD>talk to Odessa</color>."
"entities.npcs.friendly.story.odessa.name","Odessa","Odessa"
"entities.npcs.friendly.story.odessa.name2","Odessa","Odessa"
"entities.npcs.friendly.story.roan.interactionHint","Press [interact] to <color=#F2E6BD>talk to Roan</color>.","Press [interact] to <color=#F2E6BD>talk to Roan</color>."
"entities.npcs.friendly.story.roan.name","Roan","Roan"
"entities.npcs.friendly.story.roan.roanView.TheWatcher","The Watcher","The Watcher"
"entities.npcs.friendly.story.shipCrew.tutorialShipCook.Carpenter","Carpenter","Carpenter"
"entities.npcs.friendly.story.shipCrew.tutorialShipCook.Gunner","Gunner","Gunner"
"entities.npcs.friendly.story.shipCrew.tutorialShipCrew.Bosun","Bosun","Bosun"
"entities.npcs.friendly.story.shipCrew.tutorialShipCrew.Deckhand","Deckhand","Deckhand"
"entities.npcs.friendly.story.shipCrew.tutorialShipCrew.Navigator","Navigator","Navigator"
"entities.npcs.friendly.story.shipCrew.tutorialShipCrew.QuarterMaster","Quarter Master","Quarter Master"
"entities.npcs.friendly.story.tipper.interactionHint","Press [interact] to <color=#F2E6BD>talk to Tipper</color>.","Press [interact] to <color=#F2E6BD>talk to Tipper</color>."
"entities.npcs.friendly.story.tipper.name","Tipper","Tipper"
"entities.npcs.friendly.story.tirMerchants.tirMerchants.name","Tir Merchant","Tir Merchant"
"entities.npcs.friendly.story.tutorialCrew.bosunDanner.name","Bosun Danner","Bosun Danner"
"entities.npcs.friendly.story.tutorialCrew.cabinBoy.name","Cabin Boy Wort","Cabin Boy Wort"
"entities.npcs.friendly.story.tutorialCrew.cookSprag.name","Cook Sprag","Cook Sprag"
"entities.npcs.friendly.story.tutorialCrew.cooperDelane.name","Cooper Delane","Cooper Delane"
"entities.npcs.friendly.story.tutorialCrew.cutterRalo.name","Cutter Ralo","Cutter Ralo"
"entities.npcs.friendly.story.tutorialCrew.deckhandCoz.name","Deckhand Coz","Deckhand Coz"
"entities.npcs.friendly.story.tutorialCrew.firstMateBrogan.name","First Mate Brogan","First Mate Brogan"
"entities.npcs.friendly.story.tutorialCrew.helmsmanDai.name","Helmsman Dai","Helmsman Dai"
"entities.npcs.friendly.story.tutorialCrew.midshipmanRhet.name","Midshipman Rhet","Midshipman Rhet"
"entities.npcs.friendly.story.tutorialCrew.quartermasterTemon.name","Quartermaster Temon","Quartermaster Temon"
"entities.npcs.friendly.story.tutorialCrew.riggerMers.name","Rigger Mers","Rigger Mers"
"entities.npcs.friendly.story.tutorialCrew.secondMateGray.name","Second Mate Gray","Second Mate Gray"
"entities.npcs.friendly.story.tutorialCrew.strikerRylan.name","Striker Rylan","Striker Rylan"
"entities.npcs.friendly.story.tutorialCrew.swabbieNayan.name","Swabbie Nayan","Swabbie Nayan"
"entities.npcs.friendly.story.tutorialCrew.thirdMateErik.name","Pastor Erik","Pastor Erik"
"entities.npcs.friendly.story.tutorialCrew.watchmanBavel.name","Watchman Bavel","Watchman Bavel"
"entities.npcs.friendly.story.tutorialCrew.wayfinderLaird.name","Wayfinder Laird","Wayfinder Laird"
"entities.npcs.friendly.story.tutorialShipCaptain.dyingCaptain.name","Captain Talvic","Captain Talvic"
"entities.npcs.friendly.story.tutorialShipCaptain.gunnerBrom.name","Gunner Brom","Gunner Brom"
"entities.npcs.friendly.story.watcher.interactionHint","Press [interact] to <color=#F2E6BD>talk to the Watcher</color>.","Press [interact] to <color=#F2E6BD>talk to the Watcher</color>."
"entities.npcs.friendly.story.watcher.name","Watcher","Watcher"
"entities.npcs.friendly.story.watcher.name2","Watcher","Watcher"
"entities.npcs.friendly.story.will.interactionHint","Press [interact] to <color=#F2E6BD>talk to Will</color>.","Press [interact] to <color=#F2E6BD>talk to Will</color>."
"entities.npcs.friendly.story.will.name","Will","Will"
"entities.npcs.friendly.story.will.name2","Will","Will"
"entities.npcs.friendly.story.winnick.interactionHint","Press [interact] to <color=#F2E6BD>talk to Winnick</color>.","Press [interact] to <color=#F2E6BD>talk to Winnick</color>."
"entities.npcs.friendly.story.winnick.name","Winnick","Winnick"
"entities.npcs.friendly.story.winnick.name2","Winnick","Winnick"
"entities.npcs.friendly.story.winnickSoldiers.name","Havenport Soldier","Havenport Soldier"
"entities.npcs.friendly.temp.invisibleInteractable.interactionHint","Press [interact] to <color=#F2E6BD>pick up pendant</color>.","Press [interact] to <color=#F2E6BD>pick up pendant</color>."
"entities.npcs.friendly.temp.refinery.interactionHint","Press [interact] to <color=#F2E6BD>use the forge</color>.","Press [interact] to <color=#F2E6BD>use the forge</color>."
"entities.npcs.friendly.temp.steveTest.interactionHint","Press [interact] to <color=#F2E6BD>talk </color>.","Press [interact] to <color=#F2E6BD>talk </color>."
"entities.npcs.friendly.temp.steveTest.name","Steve Test NPC","Steve Test NPC"
"entities.npcs.friendly.temp.steveTest.name2","Steve Test NPC","Steve Test NPC"
"entities.npcs.friendly.temp.stubInQuestSetupNpc.npcStubInQuestSetup.interactionHint","Press [interact] to <color=#F2E6BD>talk</color>.","Press [interact] to <color=#F2E6BD>talk</color>."
"entities.npcs.friendly.temp.stubInQuestSetupNpc.npcStubInQuestSetup.name","Tourguide Data Name Record","Tourguide Data Name Record"
"entities.npcs.friendly.vendors.caroline.name","Caroline","Caroline"
"entities.npcs.friendly.vendors.crucibleVendor.name","The Seneschal","The Seneschal"
"entities.npcs.friendly.vendors.crucibleVendor.projects.vendors.completeCurrentProjects.description","Complete all Sacrament projects currently in progress.","Complete all Sacrament projects currently in progress."
"entities.npcs.friendly.vendors.crucibleVendor.projects.vendors.completeCurrentProjects.name","Aetheric Forge","Aetheric Forge"
"entities.npcs.friendly.vendors.crucibleVendor.projects.vendors.echoHeal.description","Unlock the ancient power to <b><color=#F2E6BD>refill health through Traces</color></b> within the Crucible.","Unlock the ancient power to <b><color=#F2E6BD>refill health through Traces</color></b> within the Crucible."
"entities.npcs.friendly.vendors.crucibleVendor.projects.vendors.echoHeal.name","Echo Heal","Echo Heal"
"entities.npcs.friendly.vendors.crucibleVendor.projects.vendors.exaltItems.description","Grant the Seneschal the ability to <b><color=#F2E6BD>exalt equipment</color></b>, greatly enhancing its power and enchantments.","Grant the Seneschal the ability to <b><color=#F2E6BD>exalt equipment</color></b>, greatly enhancing its power and enchantments."
"entities.npcs.friendly.vendors.crucibleVendor.projects.vendors.exaltItems.name","Glorious Exaltation","Glorious Exaltation"
"entities.npcs.friendly.vendors.crucibleVendor.projects.vendors.respecStatue.description","Awaken a relic in the <color=#F2E6BD>Atrium</color> where worthy Cerim can be respoken and <b><color=#F2E6BD>re-allocate their attributes</color></b>.","Awaken a relic in the <color=#F2E6BD>Atrium</color> where worthy Cerim can be respoken and <b><color=#F2E6BD>re-allocate their attributes</color></b>."
"entities.npcs.friendly.vendors.crucibleVendor.projects.vendors.sacredMending.description","Grant the Seneschal the ability to <b><color=#F2E6BD>repair equipment</color></b>.","Grant the Seneschal the ability to <b><color=#F2E6BD>repair equipment</color></b>."
"entities.npcs.friendly.vendors.crucibleVendor.projects.vendors.sacredMending.name","Sacred Mending","Sacred Mending"
"entities.npcs.friendly.vendors.crucibleVendor.projects.vendors.secondCrucibleStatue.description","Awaken a new Crucible trial in the <color=#F2E6BD>Atrium</color> where Cerim can face their mightiest adversaries from the past in succession.","Awaken a new Crucible trial in the <color=#F2E6BD>Atrium</color> where Cerim can face their mightiest adversaries from the past in succession."
"entities.npcs.friendly.vendors.crucibleVendor.projects.vendors.seneschalsEmporium.description","Grant the Seneschal the ability to <b><color=#F2E6BD>sell items</color></b>.","Grant the Seneschal the ability to <b><color=#F2E6BD>sell items</color></b>."
"entities.npcs.friendly.vendors.crucibleVendor.projects.vendors.seneschalsEmporium.name","Scavenged Remains","Scavenged Remains"
"entities.npcs.friendly.vendors.crucibleVendor.projects.vendors.thirdCrucibleStatue.description","Awaken a new Crucible trial in the <color=#F2E6BD>Atrium</color> where Cerim must defeat endless waves of enemies.","Awaken a new Crucible trial in the <color=#F2E6BD>Atrium</color> where Cerim must defeat endless waves of enemies."
"entities.npcs.friendly.vendors.crucibleVendor.projects.vendors.uniqueEchoes.description","Infuse the Crucible with <b><color=#F2E6BD>Unique Echoes</color></b>, granting Cerim powerful new effects and abilities.","Infuse the Crucible with <b><color=#F2E6BD>Unique Echoes</color></b>, granting Cerim powerful new effects and abilities."
"entities.npcs.friendly.vendors.crucibleVendor.projects.vendors.uniqueEchoes.name","Unique Echoes","Unique Echoes"
"entities.npcs.friendly.vendors.crucibleVendor.projects.vendors.worldCleanse.description","Cleanse the Pestilence infection across <b><color=#F2E6BD>Isola Sacra</color></b>.","Cleanse the Pestilence infection across <b><color=#F2E6BD>Isola Sacra</color></b>."
"entities.npcs.friendly.vendors.crucibleVendor.projects.vendors.worldCleanse.name","World Cleanse","World Cleanse"
"entities.npcs.friendly.vendors.danos.projects.structures.gallowsScaffolding.description","Danos will finish building a scaffolding and staircase which will <b><color=#F2E6BD>connect the gallows above the town square with the northern part of the city.</color></B>","Danos will finish building a scaffolding and staircase which will <b><color=#F2E6BD>connect the gallows above the town square with the northern part of the city.</color></B>"
"entities.npcs.friendly.vendors.danos.projects.structures.gallowsScaffolding.name","Gallows Scaffolding","Gallows Scaffolding"
"entities.npcs.friendly.vendors.danos.projects.structures.lodgings.description","The lodgings staircase inside the rookery will be repaired, allowing for <b><color=#F2E6BD>easy access to Sacrament's marketplace. </color></b>","The lodgings staircase inside the rookery will be repaired, allowing for <b><color=#F2E6BD>easy access to Sacrament's marketplace. </color></b>"
"entities.npcs.friendly.vendors.danos.projects.structures.lodgings.name","Lodgings Staircase","Lodgings Staircase"
"entities.npcs.friendly.vendors.danos.projects.structures.rookeryElevator.description","Danos will repair the old elevator which once carried passengers from near the town square all the way up to the Rookery.","Danos will repair the old elevator which once carried passengers from near the town square all the way up to the Rookery."
"entities.npcs.friendly.vendors.danos.projects.structures.rookeryElevator.name","Rookery Elevator","Rookery Elevator"
"entities.npcs.friendly.vendors.danos.projects.vendors.caroline.level2description","Upgrades Caroline's Inn to <b><color=#F2E6BD>Level 2.</color></b>

The Dusty Loom will once again be a gathering place for the community. Caroline will also be able to offer <b><color=#F2E6BD>various beds that restore one's health</color></b> when slept in overnight.","Upgrades Caroline's Inn to <b><color=#F2E6BD>Level 2.</color></b>

The Dusty Loom will once again be a gathering place for the community. Caroline will also be able to offer <b><color=#F2E6BD>various beds that restore one's health</color></b> when slept in overnight."
"entities.npcs.friendly.vendors.danos.projects.vendors.caroline.level3description","Upgrades Caroline's Inn to <b><color=#F2E6BD>Level 3.</color></b>

The Dusty Loom will grow further and draw in more of the community. ","Upgrades Caroline's Inn to <b><color=#F2E6BD>Level 3.</color></b>

The Dusty Loom will grow further and draw in more of the community. "
"entities.npcs.friendly.vendors.danos.projects.vendors.caroline.level4description","Upgrades Caroline's Inn to <b><color=#F2E6BD>Level 4.</color></b>

The Dusty Loom will continue to grow even further. ","Upgrades Caroline's Inn to <b><color=#F2E6BD>Level 4.</color></b>

The Dusty Loom will continue to grow even further. "
"entities.npcs.friendly.vendors.danos.projects.vendors.caroline.name","Caroline's Inn","Caroline's Inn"
"entities.npcs.friendly.vendors.danos.projects.vendors.danos.level2description","Upgrades Danos' Architecture Study to <b><color=#F2E6BD>Level 2.</color></b>

Danos will be able to offer more advanced <b><color=#F2E6BD>crafting tables</color></b> and <b><color=#F2E6BD>refineries.</color></b> ","Upgrades Danos' Architecture Study to <b><color=#F2E6BD>Level 2.</color></b>

Danos will be able to offer more advanced <b><color=#F2E6BD>crafting tables</color></b> and <b><color=#F2E6BD>refineries.</color></b> "
"entities.npcs.friendly.vendors.danos.projects.vendors.danos.level3description","Upgrades Danos' Architecture Study to <b><color=#F2E6BD>Level 3.</color></b>

Danos will upgrade the <b><color=#F2E6BD>Scribe Table</color></b> and sell more advanced crafting tables and refineries.","Upgrades Danos' Architecture Study to <b><color=#F2E6BD>Level 3.</color></b>

Danos will upgrade the <b><color=#F2E6BD>Scribe Table</color></b> and sell more advanced crafting tables and refineries."
"entities.npcs.friendly.vendors.danos.projects.vendors.danos.level4description","Upgrades Danos' Architecture Study to <b><color=#F2E6BD>Level 4.</color></b>

Danos will upgrade the <b><color=#F2E6BD>Scribe Table</color></b> and sell more advanced crafting tables and refineries.","Upgrades Danos' Architecture Study to <b><color=#F2E6BD>Level 4.</color></b>

Danos will upgrade the <b><color=#F2E6BD>Scribe Table</color></b> and sell more advanced crafting tables and refineries."
"entities.npcs.friendly.vendors.danos.projects.vendors.danos.name","Danos' Architecture Study","Danos' Architecture Study"
"entities.npcs.friendly.vendors.danos.projects.vendors.danosWorkers.level1Description","Upgrades Danos' Workers to <b><color=#F2E6BD>Level 2.</color>
</b>

Danos' workers will be able to complete projects <b><color=#F2E6BD>25% faster.</color></b>","Upgrades Danos' Workers to <b><color=#F2E6BD>Level 2.</color>
</b>

Danos' workers will be able to complete projects <b><color=#F2E6BD>25% faster.</color></b>"
"entities.npcs.friendly.vendors.danos.projects.vendors.danosWorkers.level2Description","Upgrades Danos' Workers to <b><color=#F2E6BD>Level 3.</color>
</b>

Danos' workers will be able to complete projects <b><color=#F2E6BD>50% faster.</color></b>","Upgrades Danos' Workers to <b><color=#F2E6BD>Level 3.</color>
</b>

Danos' workers will be able to complete projects <b><color=#F2E6BD>50% faster.</color></b>"
"entities.npcs.friendly.vendors.danos.projects.vendors.danosWorkers.level3Description","Upgrades Danos' Workers to <b><color=#F2E6BD>Level 4.</color>
</b>

Danos' workers will be able to complete projects <b><color=#F2E6BD>75% faster.</color></b>","Upgrades Danos' Workers to <b><color=#F2E6BD>Level 4.</color>
</b>

Danos' workers will be able to complete projects <b><color=#F2E6BD>75% faster.</color></b>"
"entities.npcs.friendly.vendors.danos.projects.vendors.danosWorkers.name","Danos' Workers","Danos' Workers"
"entities.npcs.friendly.vendors.danos.projects.vendors.eleanor.level2description","Upgrades Eleanor's Enchantment Shop to <b><color=#F2E6BD>Level 2.</color></b>

Eleanor will be able to offer a wider array of runes and weapons for sale.","Upgrades Eleanor's Enchantment Shop to <b><color=#F2E6BD>Level 2.</color></b>

Eleanor will be able to offer a wider array of runes and weapons for sale."
"entities.npcs.friendly.vendors.danos.projects.vendors.eleanor.level3description","Upgrades Eleanor's Enchantment Shop to <b><color=#F2E6BD>Level 3.</color></b>

Eleanor will be able to offer an even wider array of runes and weapons for sale.","Upgrades Eleanor's Enchantment Shop to <b><color=#F2E6BD>Level 3.</color></b>

Eleanor will be able to offer an even wider array of runes and weapons for sale."
"entities.npcs.friendly.vendors.danos.projects.vendors.eleanor.level4description","Upgrades Eleanor's Enchantment Shop to <b><color=#F2E6BD>Level 4.</color></b> 

Eleanor will be able to offer an even wider array of runes and weapons for sale.","Upgrades Eleanor's Enchantment Shop to <b><color=#F2E6BD>Level 4.</color></b> 

Eleanor will be able to offer an even wider array of runes and weapons for sale."
"entities.npcs.friendly.vendors.danos.projects.vendors.eleanor.name","Eleanor's Enchantment Shop","Eleanor's Enchantment Shop"
"entities.npcs.friendly.vendors.danos.projects.vendors.filmore.level2description","Upgrades Fillmore's Smithy to <b><color=#F2E6BD>Level 2.</color></b>

Unlocks the <b><color=#F2E6BD>Anvil</color></b> for crafting weapons and armors as well as the <b><color=#F2E6BD>Furnace</color></b> to refine ore into ingots. Fillmore will also be able to offer a wider variety of items to buy.","Upgrades Fillmore's Smithy to <b><color=#F2E6BD>Level 2.</color></b>

Unlocks the <b><color=#F2E6BD>Anvil</color></b> for crafting weapons and armors as well as the <b><color=#F2E6BD>Furnace</color></b> to refine ore into ingots. Fillmore will also be able to offer a wider variety of items to buy."
"entities.npcs.friendly.vendors.danos.projects.vendors.filmore.level3description","Upgrades Fillmore's Smithy to <b><color=#F2E6BD>Level 3.</color></b>

A better <b><color=#F2E6BD>Anvil</color></b> will allow crafting more advanced weapons and armors. A larger <b><color=#F2E6BD>Furnace</color></b> will melt ore into ingots even faster than before. Fillmore will also be able to offer a wider variety of items to buy.","Upgrades Fillmore's Smithy to <b><color=#F2E6BD>Level 3.</color></b>

A better <b><color=#F2E6BD>Anvil</color></b> will allow crafting more advanced weapons and armors. A larger <b><color=#F2E6BD>Furnace</color></b> will melt ore into ingots even faster than before. Fillmore will also be able to offer a wider variety of items to buy."
"entities.npcs.friendly.vendors.danos.projects.vendors.filmore.level4description","Upgrades Fillmore's Smithy to <b><color=#F2E6BD>Level 4.</color></b>

A better <b><color=#F2E6BD>Anvil</color></b> will allow crafting more advanced weapons and armors. A larger <b><color=#F2E6BD>Furnace</color></b> will melt ore into ingots even faster than before. Fillmore will also be able to offer a wider variety of items to buy.","Upgrades Fillmore's Smithy to <b><color=#F2E6BD>Level 4.</color></b>

A better <b><color=#F2E6BD>Anvil</color></b> will allow crafting more advanced weapons and armors. A larger <b><color=#F2E6BD>Furnace</color></b> will melt ore into ingots even faster than before. Fillmore will also be able to offer a wider variety of items to buy."
"entities.npcs.friendly.vendors.danos.projects.vendors.filmore.name","Fillmore's Smithy","Fillmore's Smithy"
"entities.npcs.friendly.vendors.danos.projects.vendors.gordon.level2description","Upgrades Gordon's Restaurant to <b><color=#F2E6BD>Level 2.</color></b>

Gordon will be able to offer a wider variety of <b><color=#F2E6BD>ingredients</color></b> and <b><color=#F2E6BD>cooked meals.</color></b> Also unlocks the <b><color=#F2E6BD>Stove</color></b> for cooking <b><color=#F2E6BD>more advanced meals.</color></b>","Upgrades Gordon's Restaurant to <b><color=#F2E6BD>Level 2.</color></b>

Gordon will be able to offer a wider variety of <b><color=#F2E6BD>ingredients</color></b> and <b><color=#F2E6BD>cooked meals.</color></b> Also unlocks the <b><color=#F2E6BD>Stove</color></b> for cooking <b><color=#F2E6BD>more advanced meals.</color></b>"
"entities.npcs.friendly.vendors.danos.projects.vendors.gordon.level3description","Upgrades Gordon's Restaurant to <b><color=#F2E6BD>Level 3.</color></b>

Gordon will be able to offer a wider variety of <b><color=#F2E6BD>ingredients</color></b> and <b><color=#F2E6BD>cooked meals.</color></b> A more advanced <b><color=#F2E6BD>Stove</color></b> will allow for cooking even <b><color=#F2E6BD>more advanced meals.</color></b>","Upgrades Gordon's Restaurant to <b><color=#F2E6BD>Level 3.</color></b>

Gordon will be able to offer a wider variety of <b><color=#F2E6BD>ingredients</color></b> and <b><color=#F2E6BD>cooked meals.</color></b> A more advanced <b><color=#F2E6BD>Stove</color></b> will allow for cooking even <b><color=#F2E6BD>more advanced meals.</color></b>"
"entities.npcs.friendly.vendors.danos.projects.vendors.gordon.level4description","Upgrades Gordon's Restaurant to <b><color=#F2E6BD>Level 4.</color></b>

Gordon will be able to offer a wider variety of <b><color=#F2E6BD>ingredients</color></b> and <b><color=#F2E6BD>cooked meals.</color></b> A more advanced <b><color=#F2E6BD>Stove</color></b> will allow for cooking even <b><color=#F2E6BD>more advanced meals.</color>
</b>","Upgrades Gordon's Restaurant to <b><color=#F2E6BD>Level 4.</color></b>

Gordon will be able to offer a wider variety of <b><color=#F2E6BD>ingredients</color></b> and <b><color=#F2E6BD>cooked meals.</color></b> A more advanced <b><color=#F2E6BD>Stove</color></b> will allow for cooking even <b><color=#F2E6BD>more advanced meals.</color>
</b>"
"entities.npcs.friendly.vendors.danos.projects.vendors.gordon.name","Gordon's Pantry","Gordon's Pantry"
"entities.npcs.friendly.vendors.danos.projects.vendors.grinnich.level2description","Upgrades Grinnich’s Market Stand to <b><color=#F2E6BD>Level 2.</color></b>

Grinnich will be able to offer a wider variety of <b><color=#F2E6BD>items</color></b> and <b><color=#F2E6BD>utilities.</color></b>","Upgrades Grinnich’s Market Stand to <b><color=#F2E6BD>Level 2.</color></b>

Grinnich will be able to offer a wider variety of <b><color=#F2E6BD>items</color></b> and <b><color=#F2E6BD>utilities.</color></b>"
"entities.npcs.friendly.vendors.danos.projects.vendors.grinnich.level3description","Upgrades Grinnich’s Market Stand to <b><color=#F2E6BD>Level 3.</color></b>

Grinnich will be able to offer a wider variety of <b><color=#F2E6BD>items</color></b> and <b><color=#F2E6BD>utilities.</color></b>","Upgrades Grinnich’s Market Stand to <b><color=#F2E6BD>Level 3.</color></b>

Grinnich will be able to offer a wider variety of <b><color=#F2E6BD>items</color></b> and <b><color=#F2E6BD>utilities.</color></b>"
"entities.npcs.friendly.vendors.danos.projects.vendors.grinnich.level4description","Upgrades Grinnich’s Market Stand to <b><color=#F2E6BD>Level 4.</color></b>

Grinnich will be able to offer a wider variety of <b><color=#F2E6BD>items</color></b> and <b><color=#F2E6BD>utilities.</color></b>","Upgrades Grinnich’s Market Stand to <b><color=#F2E6BD>Level 4.</color></b>

Grinnich will be able to offer a wider variety of <b><color=#F2E6BD>items</color></b> and <b><color=#F2E6BD>utilities.</color></b>"
"entities.npcs.friendly.vendors.danos.projects.vendors.grinnich.name","Grinnich's General Goods","Grinnich's General Goods"
"entities.npcs.friendly.vendors.danos.projects.vendors.ilaria.level2Description","Upgrades Ilaria's Sanctum to <b><color=#F2E6BD>Level 2.</color>
</b>

Ilaria will be able to offer a wider array of <b><color=#F2E6BD>runes and weapons</color></b> for sale.","Upgrades Ilaria's Sanctum to <b><color=#F2E6BD>Level 2.</color>
</b>

Ilaria will be able to offer a wider array of <b><color=#F2E6BD>runes and weapons</color></b> for sale."
"entities.npcs.friendly.vendors.danos.projects.vendors.ilaria.level3Description","Upgrades Ilaria's Sanctum to <b><color=#F2E6BD>Level 3.</color>
</b>

Ilaria will be able to offer an even wider array of <b><color=#F2E6BD>runes and weapons</color></b> for sale.","Upgrades Ilaria's Sanctum to <b><color=#F2E6BD>Level 3.</color>
</b>

Ilaria will be able to offer an even wider array of <b><color=#F2E6BD>runes and weapons</color></b> for sale."
"entities.npcs.friendly.vendors.danos.projects.vendors.ilaria.level4Description","Upgrades Ilaria's Sanctum to <b><color=#F2E6BD>Level 4.</color>
</b>

Ilaria will be able to offer an even wider array of <b><color=#F2E6BD>runes and weapons</color></b> for sale.","Upgrades Ilaria's Sanctum to <b><color=#F2E6BD>Level 4.</color>
</b>

Ilaria will be able to offer an even wider array of <b><color=#F2E6BD>runes and weapons</color></b> for sale."
"entities.npcs.friendly.vendors.danos.projects.vendors.ilaria.name","Ilaria's Sanctum","Ilaria's Sanctum"
"entities.npcs.friendly.vendors.danos.projects.vendors.markos.level2description","Upgrades Markos’ Alchemy Stand to <b><color=#F2E6BD>Level 2.</color></b>

Unlocks the <b><color=#F2E6BD> Alchemy Table</color></b> for crafting various <b><color=#F2E6BD>Potions</color></b> and <b><color=#F2E6BD>Bombs.</color></b> Markos will also be able to offer a <b><color=#F2E6BD>wider variety of items</color></b> to buy.","Upgrades Markos’ Alchemy Stand to <b><color=#F2E6BD>Level 2.</color></b>

Unlocks the <b><color=#F2E6BD> Alchemy Table</color></b> for crafting various <b><color=#F2E6BD>Potions</color></b> and <b><color=#F2E6BD>Bombs.</color></b> Markos will also be able to offer a <b><color=#F2E6BD>wider variety of items</color></b> to buy."
"entities.npcs.friendly.vendors.danos.projects.vendors.markos.level3description","Upgrades Markos’ Alchemy Stand to <b><color=#F2E6BD>Level 3.</color></b>

An improved <b><color=#F2E6BD> Alchemy Table</color></b> allows for crafting even stronger <b><color=#F2E6BD>Potions</color></b> and <b><color=#F2E6BD>Bombs.</color></b> Markos will also be able to offer a <b><color=#F2E6BD>wider variety of items</color></b> to buy.","Upgrades Markos’ Alchemy Stand to <b><color=#F2E6BD>Level 3.</color></b>

An improved <b><color=#F2E6BD> Alchemy Table</color></b> allows for crafting even stronger <b><color=#F2E6BD>Potions</color></b> and <b><color=#F2E6BD>Bombs.</color></b> Markos will also be able to offer a <b><color=#F2E6BD>wider variety of items</color></b> to buy."
"entities.npcs.friendly.vendors.danos.projects.vendors.markos.level4description","Upgrades Markos’ Alchemy Stand to <b><color=#F2E6BD>Level 4.</color></b>

An improved <b><color=#F2E6BD> Alchemy Table</color></b> allows for crafting even stronger <b><color=#F2E6BD>Potions</color></b> and <b><color=#F2E6BD>Bombs.</color></b> Markos will also be able to offer a <b><color=#F2E6BD>wider variety of items</color></b> to buy.","Upgrades Markos’ Alchemy Stand to <b><color=#F2E6BD>Level 4.</color></b>

An improved <b><color=#F2E6BD> Alchemy Table</color></b> allows for crafting even stronger <b><color=#F2E6BD>Potions</color></b> and <b><color=#F2E6BD>Bombs.</color></b> Markos will also be able to offer a <b><color=#F2E6BD>wider variety of items</color></b> to buy."
"entities.npcs.friendly.vendors.danos.projects.vendors.markos.name","Markos' Alchemy Stand","Markos' Alchemy Stand"
"entities.npcs.friendly.vendors.danos.projects.vendors.mirabelleAndMeriweather.level2description","Upgrades Mira & Meri's Tailor Shop to <b><color=#F2E6BD>Level 2.</color></b>

Unlocks the <b><color=#F2E6BD>Sewing Table</color></b> for crafting cloth and leather armors as well as a <b><color=#F2E6BD>Tanning Rack</color></b>, and a <b><color=#F2E6BD>Spinning Wheel</color></b> to refine materials into garments. Mira and Meri will also be able to offer a wider variety of items to buy.","Upgrades Mira & Meri's Tailor Shop to <b><color=#F2E6BD>Level 2.</color></b>

Unlocks the <b><color=#F2E6BD>Sewing Table</color></b> for crafting cloth and leather armors as well as a <b><color=#F2E6BD>Tanning Rack</color></b>, and a <b><color=#F2E6BD>Spinning Wheel</color></b> to refine materials into garments. Mira and Meri will also be able to offer a wider variety of items to buy."
"entities.npcs.friendly.vendors.danos.projects.vendors.mirabelleAndMeriweather.level3description","Upgrades Mira & Meri's Tailor Shop to <b><color=#F2E6BD>Level 3.</color></b>

A more advanced <b><color=#F2E6BD>Sewing Table</color></b> allows for crafting even stronger cloth and leather armors. An improved <b><color=#F2E6BD>Tanning Rack</color></b> and <b><color=#F2E6BD>Spinning Wheel</color></b> will refine materials even faster than before. Mira and Meri will also be able to offer a wider variety of items to buy.","Upgrades Mira & Meri's Tailor Shop to <b><color=#F2E6BD>Level 3.</color></b>

A more advanced <b><color=#F2E6BD>Sewing Table</color></b> allows for crafting even stronger cloth and leather armors. An improved <b><color=#F2E6BD>Tanning Rack</color></b> and <b><color=#F2E6BD>Spinning Wheel</color></b> will refine materials even faster than before. Mira and Meri will also be able to offer a wider variety of items to buy."
"entities.npcs.friendly.vendors.danos.projects.vendors.mirabelleAndMeriweather.level4description","Upgrades Mira & Meri's Tailor Shop to <b><color=#F2E6BD>Level 4.</color></b>

A more advanced <b><color=#F2E6BD>Sewing Table</color></b> allows for crafting even stronger cloth and leather armors. An improved <b><color=#F2E6BD>Tanning Rack</color></b> and <b><color=#F2E6BD>Spinning Wheel</color></b> will refine materials even faster than before. Mira and Meri will also be able to offer a wider variety of items to buy.","Upgrades Mira & Meri's Tailor Shop to <b><color=#F2E6BD>Level 4.</color></b>

A more advanced <b><color=#F2E6BD>Sewing Table</color></b> allows for crafting even stronger cloth and leather armors. An improved <b><color=#F2E6BD>Tanning Rack</color></b> and <b><color=#F2E6BD>Spinning Wheel</color></b> will refine materials even faster than before. Mira and Meri will also be able to offer a wider variety of items to buy."
"entities.npcs.friendly.vendors.danos.projects.vendors.mirabelleAndMeriweather.name","Mira and Meri's Tailor Shop","Mira and Meri's Tailor Shop"
"entities.npcs.friendly.vendors.danos.projects.vendors.whittacker.level2description","Upgrades Whittacker's Crafting Shack to <b><color=#F2E6BD>Level 2.</color></b>

Unlocks the <b><color=#F2E6BD>Workbench</color></b> for crafting furniture and utilities as well as the <b><color=#F2E6BD>Sawmill</color></b> to refine wood into planks. Whittacker will also be able to offer a wider variety of items to buy.","Upgrades Whittacker's Crafting Shack to <b><color=#F2E6BD>Level 2.</color></b>

Unlocks the <b><color=#F2E6BD>Workbench</color></b> for crafting furniture and utilities as well as the <b><color=#F2E6BD>Sawmill</color></b> to refine wood into planks. Whittacker will also be able to offer a wider variety of items to buy."
"entities.npcs.friendly.vendors.danos.projects.vendors.whittacker.level3description","Upgrades Whittacker's Crafting Shack to <b><color=#F2E6BD>Level 3.</color></b>

A superior <b><color=#F2E6BD>Workbench</color></b> allows for crafting even more advanced furniture and utilities. An improved <b><color=#F2E6BD>Sawmill</color></b> can refine wood into planks even faster than before. Whittacker will also be able to offer a wider variety of items to buy.","Upgrades Whittacker's Crafting Shack to <b><color=#F2E6BD>Level 3.</color></b>

A superior <b><color=#F2E6BD>Workbench</color></b> allows for crafting even more advanced furniture and utilities. An improved <b><color=#F2E6BD>Sawmill</color></b> can refine wood into planks even faster than before. Whittacker will also be able to offer a wider variety of items to buy."
"entities.npcs.friendly.vendors.danos.projects.vendors.whittacker.level4description","Upgrades Whittacker's Crafting Shack to <b><color=#F2E6BD>Level 4.</color></b>

A superior <b><color=#F2E6BD>Workbench</color></b> allows for crafting even more advanced furniture and utilities. An improved <b><color=#F2E6BD>Sawmill</color></b> can refine wood into planks even faster than before. Whittacker will also be able to offer a wider variety of items to buy.","Upgrades Whittacker's Crafting Shack to <b><color=#F2E6BD>Level 4.</color></b>

A superior <b><color=#F2E6BD>Workbench</color></b> allows for crafting even more advanced furniture and utilities. An improved <b><color=#F2E6BD>Sawmill</color></b> can refine wood into planks even faster than before. Whittacker will also be able to offer a wider variety of items to buy."
"entities.npcs.friendly.vendors.danos.projects.vendors.whittacker.name","Whittacker's Crafting Shack","Whittacker's Crafting Shack"
"entities.npcs.friendly.vendors.danosRookery.name","Danos","Danos"
"entities.npcs.friendly.vendors.eleanor.name","Eleanor","Eleanor"
"entities.npcs.friendly.vendors.filmoreFortress.name","Fillmore","Fillmore"
"entities.npcs.friendly.vendors.finley.name","Finley","Finley"
"entities.npcs.friendly.vendors.gordon.name","Gordon","Gordon"
"entities.npcs.friendly.vendors.grinnich.name","Grinnich","Grinnich"
"entities.npcs.friendly.vendors.ilaria.name","Ilaria","Ilaria"
"entities.npcs.friendly.vendors.markos.name","Markos","Markos"
"entities.npcs.friendly.vendors.sacramentVendors.caroline.name","Caroline","Caroline"
"entities.npcs.friendly.vendors.sacramentVendors.danos.name","Maker Danos","Maker Danos"
"entities.npcs.friendly.vendors.sacramentVendors.eleanor.interactionHint","Press [interact] to <color=#F2E6BD>talk to Eleanor</color>.","Press [interact] to <color=#F2E6BD>talk to Eleanor</color>."
"entities.npcs.friendly.vendors.sacramentVendors.eleanor.name","Eleanor","Eleanor"
"entities.npcs.friendly.vendors.sacramentVendors.filmore.interactionHint","Press [interact] to <color=#F2E6BD>talk to Fillmore</color>.","Press [interact] to <color=#F2E6BD>talk to Fillmore</color>."
"entities.npcs.friendly.vendors.sacramentVendors.filmore.name","Fillmore","Fillmore"
"entities.npcs.friendly.vendors.sacramentVendors.filmoreVendor.name","Vendor","Vendor"
"entities.npcs.friendly.vendors.sacramentVendors.finley.name","Finley","Finley"
"entities.npcs.friendly.vendors.sacramentVendors.gordon.name","Gordon","Gordon"
"entities.npcs.friendly.vendors.sacramentVendors.grinnich.name","Grinnich","Grinnich"
"entities.npcs.friendly.vendors.sacramentVendors.markos.name","Markos","Markos"
"entities.npcs.friendly.vendors.sacramentVendors.miraAndMeri.name","Meri and Mira","Meri and Mira"
"entities.npcs.friendly.vendors.sacramentVendors.willem.name","Willem","Willem"
"entities.npcs.friendly.vendors.santa.name","Santa","Santa"
"entities.npcs.friendly.vendors.tailorSisters.name","Mira and Meri","Mira and Meri"
"entities.npcs.friendly.vendors.whittacker.name","Whittacker","Whittacker"
"entities.npcs.friendly.vendors.willem.sacramentFarmerHoe.name","Willem","Willem"
"entities.npcs.friendly.windowDressing.sacrament.alsocTheCaretaker.name","Caretaker Alden","Caretaker Alden"
"entities.npcs.friendly.windowDressing.sacrament.altonTheFormerQuarryGuard.name","Alton","Alton"
"entities.npcs.friendly.windowDressing.sacrament.arguingCouple.Man.name","Durgan","Durgan"
"entities.npcs.friendly.windowDressing.sacrament.arguingCouple.Woman.name","Mora","Mora"
"entities.npcs.friendly.windowDressing.sacrament.arthurTheTavernRegular.name","Arthur","Arthur"
"entities.npcs.friendly.windowDressing.sacrament.balwinTheRichDrunk.name","Baldwin","Baldwin"
"entities.npcs.friendly.windowDressing.sacrament.bavosTheSurlyFisherman.name","Bavos","Bavos"
"entities.npcs.friendly.windowDressing.sacrament.beggars.amaranthCommunityChestBeggar.name","Amaranth","Amaranth"
"entities.npcs.friendly.windowDressing.sacrament.beggars.drunkBeggarA.name","Beggar","Beggar"
"entities.npcs.friendly.windowDressing.sacrament.beggars.jocSingingBeggar.name","Joc","Joc"
"entities.npcs.friendly.windowDressing.sacrament.beggars.juliaBlindBeggar.name","Julia","Julia"
"entities.npcs.friendly.windowDressing.sacrament.beggars.philippeVeteranBeggar.name","Philippe","Philippe"
"entities.npcs.friendly.windowDressing.sacrament.beggars.reginaUnwellBeggar.name","Regina","Regina"
"entities.npcs.friendly.windowDressing.sacrament.beggars.tuvultBeggarWithDog.name","Tuvult","Tuvult"
"entities.npcs.friendly.windowDressing.sacrament.beggars.uhriDrunkBeggar.name","Uhri","Uhri"
"entities.npcs.friendly.windowDressing.sacrament.beggars.willaReligiousBeggar.name","Willa","Willa"
"entities.npcs.friendly.windowDressing.sacrament.benniganTheOpportunisticMiner.name","Bennigan","Bennigan"
"entities.npcs.friendly.windowDressing.sacrament.bjornTheGossipingMan.name","Bjorn","Bjorn"
"entities.npcs.friendly.windowDressing.sacrament.bolaAdventurousWife.name","Bola","Bola"
"entities.npcs.friendly.windowDressing.sacrament.bresTheWhistler.name","Bres","Bres"
"entities.npcs.friendly.windowDressing.sacrament.bressianTirTrader.name","Bressian","Bressian"
"entities.npcs.friendly.windowDressing.sacrament.cecilLookingForHisWife.name","Cecil","Cecil"
"entities.npcs.friendly.windowDressing.sacrament.darbyTheUpsetHorticulturalist.name","Darby","Darby"
"entities.npcs.friendly.windowDressing.sacrament.davinosTirTrader.name","Davinos","Davinos"
"entities.npcs.friendly.windowDressing.sacrament.delfiniTheSkipper.name","Delfini","Delfini"
"entities.npcs.friendly.windowDressing.sacrament.dossTheLandlord.name","Doss","Doss"
"entities.npcs.friendly.windowDressing.sacrament.dunsten.name","Dunsten","Dunsten"
"entities.npcs.friendly.windowDressing.sacrament.ellisHatesMainland.name","Ellis","Ellis"
"entities.npcs.friendly.windowDressing.sacrament.elraTheAspiringPolitician.name","Elra P. Godfrey","Elra P. Godfrey"
"entities.npcs.friendly.windowDressing.sacrament.evelynTheGossipingWoman.name","Evelyn","Evelyn"
"entities.npcs.friendly.windowDressing.sacrament.everwynMissingHerCat.name","Everwyn","Everwyn"
"entities.npcs.friendly.windowDressing.sacrament.ewaldTheCriminal.name","Ewald","Ewald"
"entities.npcs.friendly.windowDressing.sacrament.fioraTheMourningWoman.name","Fiora","Fiora"
"entities.npcs.friendly.windowDressing.sacrament.gilesShyMan.name","Giles","Giles"
"entities.npcs.friendly.windowDressing.sacrament.gregorTheRamblingFarmer.name","Gregor","Gregor"
"entities.npcs.friendly.windowDressing.sacrament.gustavTheGravedigger.name","Gustav","Gustav"
"entities.npcs.friendly.windowDressing.sacrament.halaTheArchivist.name","Hala","Hala"
"entities.npcs.friendly.windowDressing.sacrament.helenaTheAstronomer.name","Helena","Helena"
"entities.npcs.friendly.windowDressing.sacrament.horanusTheHardcoreReligious.name","Horatio","Horatio"
"entities.npcs.friendly.windowDressing.sacrament.horusTheShitscraper.name","Horus","Horus"
"entities.npcs.friendly.windowDressing.sacrament.jeniaTheNihilist.name","Jenia","Jenia"
"entities.npcs.friendly.windowDressing.sacrament.jovisonCorinthTheCartographer.name","Jovison Corinth","Jovison Corinth"
"entities.npcs.friendly.windowDressing.sacrament.karinaTheSermonizingZealot.name","Karina","Karina"
"entities.npcs.friendly.windowDressing.sacrament.lukaTheCombativeGuy.name","Luka","Luka"
"entities.npcs.friendly.windowDressing.sacrament.mabelTheTavernRegular.name","Mabel","Mabel"
"entities.npcs.friendly.windowDressing.sacrament.malinaTheMarinVillager.name","Malina","Malina"
"entities.npcs.friendly.windowDressing.sacrament.mercaTheBoleinDeserter.name","Merca","Merca"
"entities.npcs.friendly.windowDressing.sacrament.moriettaTheFraudulentMystic.name","Morietta","Morietta"
"entities.npcs.friendly.windowDressing.sacrament.murgosTheFisher.name","Murgos","Murgos"
"entities.npcs.friendly.windowDressing.sacrament.nellTheWorriedWell.name","Nell","Nell"
"entities.npcs.friendly.windowDressing.sacrament.nevilleTheGossipingMan.name","Neville","Neville"
"entities.npcs.friendly.windowDressing.sacrament.nulaTheTravelingDoctor.name","Nula","Nula"
"entities.npcs.friendly.windowDressing.sacrament.omsaTheLostFaithDasha.name","Omsa","Omsa"
"entities.npcs.friendly.windowDressing.sacrament.orisonHaley.name","Orison Haley","Orison Haley"
"entities.npcs.friendly.windowDressing.sacrament.orum.name","Orum","Orum"
"entities.npcs.friendly.windowDressing.sacrament.petraShyWoman.name","Petra","Petra"
"entities.npcs.friendly.windowDressing.sacrament.philoniaTheRefugee.name","Philonia","Philonia"
"entities.npcs.friendly.windowDressing.sacrament.piersScaredOfCerim.name","Piers","Piers"
"entities.npcs.friendly.windowDressing.sacrament.pioTheNaturePainter.name","Pio","Pio"
"entities.npcs.friendly.windowDressing.sacrament.randelCombatVeteran.name","Randel","Randel"
"entities.npcs.friendly.windowDressing.sacrament.ravenTheGhostHunter.name","Raven","Raven"
"entities.npcs.friendly.windowDressing.sacrament.reese.name","Reese","Reese"
"entities.npcs.friendly.windowDressing.sacrament.riggisTheAngryScavenger.name","Riggis","Riggis"
"entities.npcs.friendly.windowDressing.sacrament.rylisTheFrostbittenExplorer.name","Rylis","Rylis"
"entities.npcs.friendly.windowDressing.sacrament.sacramentCommoners.sacramentCommonerMaleA.name","Commoner","Commoner"
"entities.npcs.friendly.windowDressing.sacrament.sacramentLooter.name","Looter","Looter"
"entities.npcs.friendly.windowDressing.sacrament.sacramentSmuggler.name","Smuggler","Smuggler"
"entities.npcs.friendly.windowDressing.sacrament.sashaTheWasherwoman.name","Sasha","Sasha"
"entities.npcs.friendly.windowDressing.sacrament.selecTheFormerlyEntrancedMerchant.name","Selec","Selec"
"entities.npcs.friendly.windowDressing.sacrament.speakerTeyonTheInquisitorEvangelist.name","Speaker Teyon","Speaker Teyon"
"entities.npcs.friendly.windowDressing.sacrament.squawkTheFormerBalakTaw.name","Squawk","Squawk"
"entities.npcs.friendly.windowDressing.sacrament.steinTheRisenSewersSurvivor.name","Stein","Stein"
"entities.npcs.friendly.windowDressing.sacrament.thomTheCowardlyMan.name","Thom","Thom"
"entities.npcs.friendly.windowDressing.sacrament.thoren.name","Thoren","Thoren"
"entities.npcs.friendly.windowDressing.sacrament.thorstenCuriousAboutWorld.name","Thorsten","Thorsten"
"entities.npcs.friendly.windowDressing.sacrament.tomlinTheCaylenVisitor.name","Tomlin","Tomlin"
"entities.npcs.friendly.windowDressing.sacrament.uriaTheNewlyDasha.name","Uria","Uria"
"entities.npcs.friendly.windowDressing.sacrament.valTheHavenportMerchant.name","Val","Val"
"entities.npcs.friendly.windowDressing.sacrament.victoriaNeedsAJob.name","Victoria","Victoria"
"entities.npcs.friendly.windowDressing.sacrament.warrenTheShopper.name","Warren","Warren"
"entities.npcs.friendly.windowDressing.sacrament.wilkieTheAspiringSoldier.name","Wilkie","Wilkie"
"entities.npcs.friendly.windowDressing.sacrament.wilmotTheStreetSweeper.name","Wilmot","Wilmot"
"entities.npcs.friendly.windowDressing.sacrament.xavierTheBrokeRichMan.name","Xavier","Xavier"
"entities.npcs.friendly.windowDressing.sacrament.yennisTheFisher.name","Yennis","Yennis"
"entities.npcs.friendly.windowDressing.sacrament.yupitaTheGossipingWoman.name","Yupita","Yupita"
"entities.npcs.friendly.windowDressing.sacramentSoldiers.sacramentSoldierPassedOutView.GuardGerard","Guard Gerard","Guard Gerard"
"entities.npcs.friendly.windowDressing.sacramentSoldiers.sacramentSoldierSittingView.GuardRend","Guard Rend","Guard Rend"
"entities.npcs.friendly.windowDressing.sacramentSoldiers.sacramentSoldierSpearView.GuardAlaric","Guard Alaric","Guard Alaric"
"entities.npcs.friendly.windowDressing.sacramentSoldiers.sacramentSoldierSpearView.GuardAldous","Guard Aldous","Guard Aldous"
"entities.npcs.friendly.windowDressing.sacramentSoldiers.sacramentSoldierSpearView.GuardAnot","Guard Anot","Guard Anot"
"entities.npcs.friendly.windowDressing.sacramentSoldiers.sacramentSoldierSpearView.GuardArin","Guard Arin","Guard Arin"
"entities.npcs.friendly.windowDressing.sacramentSoldiers.sacramentSoldierSpearView.GuardArne","Guard Arne","Guard Arne"
"entities.npcs.friendly.windowDressing.sacramentSoldiers.sacramentSoldierSpearView.GuardBenedus","Guard Benedus","Guard Benedus"
"entities.npcs.friendly.windowDressing.sacramentSoldiers.sacramentSoldierSpearView.GuardBertram","Guard Bertram","Guard Bertram"
"entities.npcs.friendly.windowDressing.sacramentSoldiers.sacramentSoldierSpearView.GuardBols","Guard Bols","Guard Bols"
"entities.npcs.friendly.windowDressing.sacramentSoldiers.sacramentSoldierSpearView.GuardCaide","Guard Caide","Guard Caide"
"entities.npcs.friendly.windowDressing.sacramentSoldiers.sacramentSoldierSpearView.GuardCallo","Guard Callo","Guard Callo"
"entities.npcs.friendly.windowDressing.sacramentSoldiers.sacramentSoldierSpearView.GuardCyprian","Guard Cyprian","Guard Cyprian"
"entities.npcs.friendly.windowDressing.sacramentSoldiers.sacramentSoldierSpearView.GuardDinge","Guard Dinge","Guard Dinge"
"entities.npcs.friendly.windowDressing.sacramentSoldiers.sacramentSoldierSpearView.GuardDruo","Guard Druo","Guard Druo"
"entities.npcs.friendly.windowDressing.sacramentSoldiers.sacramentSoldierSpearView.GuardGerris","Guard Gerris","Guard Gerris"
"entities.npcs.friendly.windowDressing.sacramentSoldiers.sacramentSoldierSpearView.GuardKuro","Guard Kuro","Guard Kuro"
"entities.npcs.friendly.windowDressing.sacramentSoldiers.sacramentSoldierSpearView.GuardLearl","Guard Learl","Guard Learl"
"entities.npcs.friendly.windowDressing.sacramentSoldiers.sacramentSoldierSpearView.GuardLedon","Guard Ledon","Guard Ledon"
"entities.npcs.friendly.windowDressing.sacramentSoldiers.sacramentSoldierSpearView.GuardLoos","Guard Loos","Guard Loos"
"entities.npcs.friendly.windowDressing.sacramentSoldiers.sacramentSoldierSpearView.GuardMarit","Guard Marit","Guard Marit"
"entities.npcs.friendly.windowDressing.sacramentSoldiers.sacramentSoldierSpearView.GuardMontain","Guard Montain","Guard Montain"
"entities.npcs.friendly.windowDressing.sacramentSoldiers.sacramentSoldierSpearView.GuardNiko","Guard Niko","Guard Niko"
"entities.npcs.friendly.windowDressing.sacramentSoldiers.sacramentSoldierSpearView.GuardPallos","Guard Pallos","Guard Pallos"
"entities.npcs.friendly.windowDressing.sacramentSoldiers.sacramentSoldierSpearView.GuardSaba","Guard Saba","Guard Saba"
"entities.npcs.friendly.windowDressing.sacramentSoldiers.sacramentSoldierSpearView.GuardSarin","Guard Sarin","Guard Sarin"
"entities.npcs.friendly.windowDressing.sacramentSoldiers.sacramentSoldierSpearView.GuardSeelon","Guard Seelon","Guard Seelon"
"entities.npcs.friendly.windowDressing.sacramentSoldiers.sacramentSoldierSpearView.GuardSefan","Guard Sefan","Guard Sefan"
"entities.npcs.friendly.windowDressing.sacramentSoldiers.sacramentSoldierSpearView.GuardSylven","Guard Sylven","Guard Sylven"
"entities.npcs.friendly.windowDressing.sacramentSoldiers.sacramentSoldierSpearView.GuardTristan","Guard Tristan","Guard Tristan"
"entities.npcs.functionalNPCs.arenaMaster.arenaMasterArenaView.ArenaMaster","Arena Master","Arena Master"
"entities.npcs.humanoids.boarskin.boarskinBastard.Name","Boarskin Bastard","Boarskin Bastard"
"entities.npcs.humanoids.boarskin.boarskinBloodmother.Name","Boarskin Bloodmother","Boarskin Bloodmother"
"entities.npcs.humanoids.boarskin.boarskinMangler.Name","Boarskin Mangler","Boarskin Mangler"
"entities.npcs.humanoids.boarskin.boarskinPreacher.Name","Boarskin Preacher","Boarskin Preacher"
"entities.npcs.humanoids.boarskin.boarskinSplinter.Name","Boarskin Splinter","Boarskin Splinter"
"entities.npcs.humanoids.boarskin.humanoidBoarskinVariant.name","Boarskin","Boarskin"
"entities.npcs.humanoids.bolein.boleinDeserter.Name","Bolein Deserter","Bolein Deserter"
"entities.npcs.humanoids.corCerim.humanoidFalseOneVariant.name","False One","False One"
"entities.npcs.humanoids.humanoidEnemy.name","Risen","Risen"
"entities.npcs.humanoids.redMercs.humanoidRedMercsVariant.name","Knight of Tanth","Knight of Tanth"
"entities.npcs.humanoids.risen.risenBlackmouth.Name","Risen Blackmouth","Risen Blackmouth"
"entities.npcs.humanoids.risen.risenBreaker.Name","Risen Breaker","Risen Breaker"
"entities.npcs.humanoids.risen.risenBulwark.Name","Risen Bulwark","Risen Bulwark"
"entities.npcs.humanoids.risen.risenFledgling.Name","Risen Fledgling","Risen Fledgling"
"entities.npcs.humanoids.risen.risenGoliath.Name","Risen Goliath","Risen Goliath"
"entities.npcs.humanoids.risen.risenHedgeKnight.Name","Risen Hedge Knight","Risen Hedge Knight"
"entities.npcs.humanoids.risen.risenIronhand.Name","Risen Ironhand","Risen Ironhand"
"entities.npcs.humanoids.risen.risenKindler.Name","Risen Kindler","Risen Kindler"
"entities.npcs.humanoids.risen.risenKnave.Name","Risen Knave","Risen Knave"
"entities.npcs.humanoids.risen.risenMauler.Name","Risen Mauler","Risen Mauler"
"entities.npcs.humanoids.risen.risenRaker.Name","Risen Raker","Risen Raker"
"entities.npcs.humanoids.risen.risenStalker.Name","Risen Stalker","Risen Stalker"
"entities.npcs.humanoids.risen.risenStormwall.Name","Risen Stormwall","Risen Stormwall"
"entities.npcs.humanoids.risen.risenTallbear.Name","Risen Tallbear","Risen Tallbear"
"entities.npcs.humanoids.risen.risenWildling.Name","Risen Wildling","Risen Wildling"
"entities.npcs.vendors.tailorSisters.tailorSistersView.Meriweather","Meriweather","Meriweather"
"entities.npcs.vendors.tailorSisters.tailorSistersView.Mirabelle","Mirabelle","Mirabelle"
"entities.pickups.firstComeFirstServeItemDrop.interactionHint","Press [interact] to <color=#F2E6BD>collect loot</color>.","Press [interact] to <color=#F2E6BD>collect loot</color>."
