"key","source","target"
"entities.crafting.craftingTables.alchemyTable.alchemyTableData.alchemyTableGeneralInteractibleData.assetInteractionHintRef","Press [interact] to use the <color=#F2E6BD>Alchemy Table</color>.","اضغط على [interact] لاستخدام <color=#F2E6BD>طاولة الخيمياء</color>."
"entities.crafting.craftingTables.anvil.anvilData.anvilGeneralInteractibleData.assetInteractionHintRef","Press [interact] to use the <color=#F2E6BD>Anvil</color>.","اضغط على [interact] لاستخدام <color=#F2E6BD>السندان</color>."
"entities.crafting.craftingTables.artificerTable.name","Artificer Table","طاولة الحرفي"
"entities.crafting.craftingTables.scribeTable.scribeTableData.scribeTableGeneralInteractibleData.assetInteractionHintRef","Press [interact] to use the <color=#F2E6BD>Scribe Table</color>.","اضغط على [interact] لاستخدام <color=#F2E6BD>طاولة النَسّاخ</color>."
"entities.crafting.craftingTables.sewingTable.sewingTableData.sewingTableGeneralInteractibleData.assetInteractionHintRef","Press [interact] to use the <color=#F2E6BD>Sewing Table</color>.","اضغط على [interact] لاستخدام <color=#F2E6BD>طاولة الخياطة</color>."
"entities.crafting.craftingTables.stove.stoveData.stoveGeneralInteractibleData.assetInteractionHintRef","Press [interact] to use the <color=#F2E6BD>Stove</color>.","اضغط على [interact] لاستخدام <color=#F2E6BD>الموقد</color>."
"entities.crafting.craftingTables.workbench.workbenchData.workBenchGeneralInteractibleData.assetInteractionHintRef","Press [interact] to use the <color=#F2E6BD>Workbench</color>.","اضغط على [interact] لاستخدام <color=#F2E6BD>طاولة العمل</color>."
"entities.crafting.refineries.furnace.tier1VendorFurnaceData.assetHintTextRecordRef","Press [interact] to <color=#F2E6BD>use the furnace</color>.","اضغط على [interact] <color=#F2E6BD>لاستخدام الفرن</color>."
"entities.crafting.refineries.furnace.tier1VendorFurnaceData.assetRefineryNameRecordRef","Furnace","الفرن"
"entities.crafting.refineries.sawmill.tier1VendorSawmillData.assetHintTextRecordRef","Press [interact] to use the <color=#F2E6BD>Sawmill</color>.","اضغط على [interact] لاستخدام <color=#F2E6BD>المَنشَرَة</color>."
"entities.crafting.refineries.sawmill.tier1VendorSawmillData.assetRefineryNameRecordRef","Sawmill","المَنشَرَة"
"entities.crafting.refineries.spinningWheel.tier1VendorSpinningWheelData.assetHintTextRecordRef","Press [interact] to use the <color=#F2E6BD>Spinning Wheel</color>.","اضغط على [interact] لاستخدام <color=#F2E6BD>عَجَلة الغَزْل</color>."
"entities.crafting.refineries.spinningWheel.tier1VendorSpinningWheelData.assetRefineryNameRecordRef","Spinning Wheel","عَجَلة الغَزْل"
"entities.crafting.refineries.tanningRack.tier1VendorTanningRackData.assetHintTextRecordRef","Press [interact] to use the <color=#F2E6BD>Tanning Rack</color>.","اضغط على [interact] لاستخدام <color=#F2E6BD>منشر الدباغة</color>."
"entities.crafting.refineries.tanningRack.tier1VendorTanningRackData.assetRefineryNameRecordRef","Tanning Rack","منشر الدباغة"
"entities.hero.beingResurrectedHeroHint","<style=""Highlight"">(PLAYER) is resurrecting</style> you.","<style=""Highlight"">يقوم (PLAYER) بإنعاشك</style>."
"entities.hero.interactionHint","Press [interact] to <color=#F2E6BD>interact with (PLAYER)</color>.","اضغط على [interact] <color=#F2E6BD>للتفاعل مع (PLAYER)</color>."
"entities.hero.resurrectHeroHint","Hold [interact] to <color=#F2E6BD>resurrect (PLAYER)</color>.","اضغط مطولاً على [interact] <color=#F2E6BD>لإنعاش (PLAYER)</color>."
"entities.hero.resurrectHeroHintShort","Resurrect","إنعاش"
"entities.interactives.bossBattle.bossGateData.assetCanCrossHintRecordRef","Press [interact] to <color=#F2E6BD>traverse the fog</color>.","اضغط على [interact] <color=#F2E6BD>لاجتياز الضباب</color>."
"entities.interactives.bountyBoard.bountyBoardInteractable.assetInteractionHintRef","Press [interact] to  read the <color=#F2E6BD>Bounty Board</color>.","اضغط على [interact] <color=#F2E6BD>لقراءة لوحة المكافآت</color>."
"entities.interactives.chests.chest.chestData.assetGrabHintTextRecordRef","Press [interact] to <color=#F2E6BD>inspect the chest</color>.","اضغط على [interact] <color=#F2E6BD>لتفحص الصندوق</color>."
"entities.interactives.chests.chest.chestData.assetHintTextRecordRef","Press [interact] to <color=#F2E6BD>open the chest</color>.","اضغط على [interact] <color=#F2E6BD>لفتح الصندوق</color>."
"entities.interactives.chests.chest.communityChestData.assetContainerNameRef","Community Chest","صندوق المجتمع"
"entities.interactives.chests.chest.communityChestData.assetUseHintRecordRef","Press [interact] to <color=#F2E6BD>open the community chest</color>.","اضغط على [interact] <color=#F2E6BD>لفتح صندوق المجتمع</color>."
"entities.interactives.chests.chest.droppedItemBagData.assetCannotInteractHintRef","Cannot open bag, <color=#F2E6BD>it belongs to someone else</color>.","لا يمكن فتح الحقيبة، <color=#F2E6BD>فهي تخص شخصاً آخر</color>."
"entities.interactives.chests.chest.droppedItemBagData.assetInteractHintRef","Press [interact] to <color=#F2E6BD>open your item bag</color>.","اضغط على [interact] <color=#F2E6BD>لفتح حقيبة أغراضك</color>."
"entities.interactives.chests.dynamicChests.shinyDynamicData.assetHintTextRecordRef","Press [interact] to <color=#F2E6BD>collect loot</color>.","اضغط على [interact] <color=#F2E6BD>لجمع الغنائم</color>."
"entities.interactives.discoverableNotes.interactionHint","Press [interact] to <color=#F2E6BD>Read Note </color>.","اضغط على [interact] <color=#F2E6BD>لقراءة الملاحظة</color>."
"entities.interactives.discoverableNotes.name","Note","ملاحظة"
"entities.interactives.doors.bridgeData.assetInteractionHintRecordRef","Press [interact] to <color=#F2E6BD>kick down the bridge</color>.","اضغط على [interact] <color=#F2E6BD>لركل الجسر لأسفل</color>."
"entities.interactives.doors.doorData.assetInteractionHintRecordRef","Press [interact] to <color=#F2E6BD>open the door</color>.","اضغط على [interact] <color=#F2E6BD>لفتح الباب</color>."
"entities.interactives.doors.kickdownStatueData.assetInteractionHintRecordRef","Press [interact] to <color=#F2E6BD>kick down the statue</color>.","اضغط على [interact] <color=#F2E6BD>لركل التمثال لأسفل</color>."
"entities.interactives.fireplaces.fireplaceData.assetEnemiesNearbyHintRecordRef","Can't <color=orange>rest at the fire pit. Enemies</color> are nearby.","لا يمكنك <color=orange>الاستراحة عند موقد النار. الأعداء</color> قريبون."
"entities.interactives.fireplaces.fireplaceData.assetInteractionHintRecordRef","Press [interact] to <color=#F2E6BD>cook at the fire pit</color>.","اضغط على [interact] <color=#F2E6BD>للطهي عند موقد النار</color>."
"entities.interactives.furniture.chairs.chairData.assetHintRecordRef","Press [interact] to <color=#F2E6BD>sit</color>.","اضغط على [interact] <color=#F2E6BD>للجلوس</color>."
"entities.interactives.generalInteractives.cerimWhisperData.assetInteractionHintActivatedRecordRef","Press [interact] to <color=#F2E6BD>channel the Cerim Whisper</color>.","اضغط على [interact] <color=#F2E6BD>لتوجيه همس السيريم</color>."
"entities.interactives.generalInteractives.chooseHelmetRewardInteractableA.assetInteractionHintRef","Press [interact] to <color=#F2E6BD>Choose Captain's Helmet </color>.","اضغط على [interact] <color=#F2E6BD>لاختيار خوذة القبطان</color>."
"entities.interactives.generalInteractives.chooseHelmetRewardInteractableB.assetInteractionHintRef","Press [interact] to <color=#F2E6BD>Choose Cleric's Helmet </color>.","اضغط على [interact] <color=#F2E6BD>لاختيار خوذة رجل الدين</color>."
"entities.interactives.generalInteractives.chooseHelmetRewardInteractableC.assetInteractionHintRef","Press [interact] to <color=#F2E6BD>Choose Plague Doctor's Helmet </color>.","اضغط على [interact] <color=#F2E6BD>لاختيار خوذة طبيب الطاعون</color>."
"entities.interactives.generalInteractives.creepHeartDestroy","Press [interact] to <color=#F2E6BD>destroy Blight with Dire Nettle Spores</color>.","اضغط على [interact] <color=#F2E6BD>لتدمير العفن باستخدام أبواغ القراص الرهيب</color>."
"entities.interactives.generalInteractives.eggPickupInteractable.assetInteractionHintRef","Press [interact] to <color=#F2E6BD>Pick Up Egg</color>.","اضغط على [interact] <color=#F2E6BD>لالتقاط البيضة</color>."
"entities.interactives.generalInteractives.fallenEmberOfferingGeneralInteractable.assetCrucibleRunInProgressHintRef","Crucible run is already in progress","محاولة البوتقة جارية بالفعل"
"entities.interactives.generalInteractives.fallenEmberOfferingGeneralInteractable.assetInteractionFailedHintRef","Offering made, enter pool to start crucible run.","تم تقديم القربان، ادخل البركة لبدء محاولة البوتقة."
"entities.interactives.generalInteractives.fallenEmberOfferingGeneralInteractable.assetInteractionHintRef","Press [interact] to make an <color=#F2E6BD>Offering</color>.","اضغط على [interact] لتقديم <color=#F2E6BD>قربان</color>."
"entities.interactives.generalInteractives.listenInteractable.assetInteractionHintRef","Press [interact] to <color=#F2E6BD>listen</color>.","اضغط على [interact] <color=#F2E6BD>للاستماع</color>."
"entities.interactives.generalInteractives.noteInteractableBigRadius.assetInteractionHintRef","Press [interact] to <color=#F2E6BD>read the note</color>.","اضغط على [interact] <color=#F2E6BD>لقراءة الملاحظة</color>."
"entities.interactives.generalInteractives.pickupPendantTasksPickup.assetInteractionHintRef","Press [interact] to <color=#F2E6BD>Pick Up Pendant</color>.","اضغط على [interact] <color=#F2E6BD>لالتقاط القلادة</color>."
"entities.interactives.generalInteractives.plagueStatueInteractable.assetInteractionRecordRef","Press [interact] to reset the world's plague level!","اضغط على [interact] لإعادة ضبط مستوى وباء العالم!"
"entities.interactives.generalInteractives.readableInteractable.assetInteractionHintRef","Press [interact] to read","اضغط على [interact] للقراءة"
"entities.interactives.generalInteractives.rebirthStatueInteractable.assetInteractionRecordRef","Press [interact] to reset your stats and get a permanent buff!","اضغط على [interact] لإعادة ضبط خصائصك والحصول على تعزيز دائم!"
"entities.interactives.generalInteractives.rebirthStatueInteractable.assetPlagueLevelTooHighRecordRef","Global plague level is too high to rebirth.","مستوى الوباء العام مرتفع للغاية بحيث لا يمكن الولادة من جديد."
"entities.interactives.generalInteractives.rebirthStatueInteractable.assetPlayerHasEquipmentRecordRef","Must have no equipment equipped to use this statue!","يجب ألا تكون مجهزاً بأي عتاد لاستخدام هذا التمثال!"
"entities.interactives.generalInteractives.rebirthStatueInteractable.assetPlayerLevelTooLowRecordRef","You must be at least level {0} to rebirth.","يجب أن يكون مستواك {0} على الأقل للولادة من جديد."
"entities.interactives.generalInteractives.removeChainsInteractable.assetInteractionHintRef","Press [interact] to <color=#F2E6BD>Remove Chains</color>.","اضغط على [interact] <color=#F2E6BD>لإزالة السلاسل</color>."
"entities.interactives.genericPickup.genericPickupData.assetHintTextRecordRef","Press [interact] to <color=#F2E6BD>grab items</color>.","اضغط على [interact] <color=#F2E6BD>لأخذ الأغراض</color>."
"entities.interactives.ladders.ladderData.assetInteractionHintRecordRef","Press [interact] to <color=#F2E6BD>kick down the ladder</color>.","اضغط على [interact] <color=#F2E6BD>لركل السلم لأسفل</color>."
"entities.interactives.levelInteractives.kestrelEggAltar.useItemHint","Press [interact] to <color=#F2E6BD>use the Kestrel's Egg</color>.","اضغط على [interact] <color=#F2E6BD>لاستخدام بيضة العوسق</color>."
"entities.interactives.levelInteractives.levers.brokenWallLever.brokenWallLeverData.assetHintTextRecordRef","Press [interact] to <color=#F2E6BD>pull lever</color>.","اضغط على [interact] <color=#F2E6BD>لشد الرافعة</color>."
"entities.interactives.levelInteractives.levers.lever.leverGridData.assetHintTextRecordRef","Press [interact] to <color=#F2E6BD>open the grate</color>.","اضغط على [interact] <color=#F2E6BD>لفتح الشبيكة</color>."
"entities.interactives.levelInteractives.levers.pushCog.pushCogActionData.assetHintTextRecordRef"," <color=#F2E6BD>Move</color> in a direction or release [interact] to <color=#F2E6BD>let go of the wheel</color>."," <color=#F2E6BD>تحرك</color> في أي اتجاه أو حرر [interact] <color=#F2E6BD>لإفلات العجلة</color>."
"entities.interactives.levelInteractives.levers.pushCog.pushCogData.assetHintTextRecordRef","Hold [interact] to <color=#F2E6BD>grab the wheel</color>.","اضغط مطولاً على [interact] <color=#F2E6BD>للإمساك بالعجلة</color>."
"entities.interactives.levelInteractives.pushPullBlock.pushPullBlockData.assetHintTextRecordRef","Press [hold] to <color=#F2E6BD>move the block</color>.","اضغط على [hold] <color=#F2E6BD>لتحريك الكتلة</color>."
"entities.interactives.npcGroupData.assetInteractionHintRef","Press [interact] to <color=#F2E6BD>talk</color>.","اضغط على [interact] <color=#F2E6BD>للتحدث</color>."
"entities.interactives.resourceNodes.digSpotResourceData.assetHasBrokenToolHintRecordRef","Your equipped shovel is<color=""red""> broken</color>, repair it to <color=#F2E6BD>dig</color>.","المجرفة المجهزة لديك<color=""red""> مكسورة</color>، أصلحها <color=#F2E6BD>للحفر</color>."
"entities.interactives.resourceNodes.digSpotResourceData.assetHasToolHintRecordRef","Press [interact] to <color=#F2E6BD>dig using your shovel</color>.","اضغط على [interact] <color=#F2E6BD>للحفر باستخدام مجرفتك</color>."
"entities.interactives.resourceNodes.digSpotResourceData.assetNoToolHintRecordRef","Press [interact] with a <color=#F2E6BD>Shovel</color> equipped to <color=#F2E6BD>dig</color>.","اضغط على [interact] مع تجهيز <color=#F2E6BD>مجرفة</color> <color=#F2E6BD>للحفر</color>."
"entities.interactives.resourceNodes.digSpotResourceData.assetRegeneratingRecordRef","This resource <color=#F2E6BD>has been depleted</color>.","هذا المورد <color=#F2E6BD>قد استُنفد</color>."
"entities.interactives.resourceNodes.dynamic.dynamicCopperOreResourceData.assetHasBrokenToolHintRecordRef","Your equipped pickaxe is<color=""red""> broken</color>, repair it to <color=#F2E6BD>mine the ore</color>.","المعول المجهز لديك<color=""red""> مكسور</color>، أصلحه <color=#F2E6BD>لتعدين الخام</color>."
"entities.interactives.resourceNodes.dynamic.dynamicCopperOreResourceData.assetHasToolHintRecordRef","Press [interact] to <color=#F2E6BD>mine the ore using a pickaxe</color>.","اضغط على [interact] <color=#F2E6BD>لتعدين الخام باستخدام معول</color>."
"entities.interactives.resourceNodes.dynamic.dynamicCopperOreResourceData.assetNoToolHintRecordRef","Press [interact] with a <color=#F2E6BD>Pickaxe</color> equipped to <color=#F2E6BD>mine the ore</color>.","اضغط على [interact] مع تجهيز <color=#F2E6BD>معول</color> <color=#F2E6BD>لتعدين الخام</color>."
"entities.interactives.resourceNodes.dynamic.dynamicCuttableTreeResourceData.assetHasBrokenToolHintRecordRef","Your equipped axe is<color=""red""> broken</color>, repair it to <color=#F2E6BD>chop down the tree</color>.","الفأس المجهزة لديك<color=""red""> مكسورة</color>، أصلحها <color=#F2E6BD>لقطع الشجرة</color>."
"entities.interactives.resourceNodes.dynamic.dynamicCuttableTreeResourceData.assetHasToolHintRecordRef","Press [interact] to <color=#F2E6BD>chop down the tree using axe</color>.","اضغط على [interact] <color=#F2E6BD>لقطع الشجرة باستخدام الفأس</color>."
"entities.interactives.resourceNodes.dynamic.dynamicCuttableTreeResourceData.assetNoToolHintRecordRef","Press [interact] with a <color=#F2E6BD>Woodcutter's Axe</color> equipped to <color=#F2E6BD>cut down this tree</color>.","اضغط على [interact] مع تجهيز <color=#F2E6BD>فأس حطاب</color> <color=#F2E6BD>لقطع هذه الشجرة</color>."
"entities.interactives.resourceNodes.dynamic.dynamicFishingSpotResourceData.assetHasBrokenToolHintRecordRef","Your equipped fishing rod is<color=""red""> broken</color>, repair it to <color=#F2E6BD>catch some fish</color>.","صنارة الصيد المجهزة لديك<color=""red""> مكسورة</color>، أصلحها <color=#F2E6BD>لصيد بعض الأسماك</color>."
"entities.interactives.resourceNodes.dynamic.dynamicFishingSpotResourceData.assetHasToolHintRecordRef","Press [interact] to <color=#F2E6BD>catch some fish</color>.","اضغط على [interact] <color=#F2E6BD>لصيد بعض الأسماك</color>."
"entities.interactives.resourceNodes.dynamic.dynamicFishingSpotResourceData.assetNoToolHintRecordRef","Press [interact] with a <color=#F2E6BD>Fishing Rod</color> equipped to <color=#F2E6BD>catch some fish</color>.","اضغط على [interact] مع تجهيز <color=#F2E6BD>صنارة صيد</color> <color=#F2E6BD>لصيد بعض الأسماك</color>."
"entities.interactives.resourceNodes.farming.farmableGroundData.assetHarvestHintTextRecordRef","Press [interact] to <color=#F2E6BD>harvest crop</color>.","اضغط على [interact] <color=#F2E6BD>لحصاد المحصول</color>."
"entities.interactives.resourceNodes.farming.farmableGroundData.assetPlantHintTextRef","Press [seedbag] to <color=#F2E6BD>plant a crop</color>.","اضغط على [seedbag] <color=#F2E6BD>لزرع محصول</color>."
"entities.interactives.resourceNodes.farming.farmableGroundData.assetTillHintTextRecordRef","Press [farmtool1] with a hoe equipped to <color=#F2E6BD>till the soil</color>.","اضغط على [farmtool1] مع تجهيز معزقة <color=#F2E6BD>لعزق التربة</color>."
"entities.interactives.resourceNodes.farming.farmableGroundData.assetWaterHintTextRecordRef","Press [farmtool2] with a watering can equipped to <color=#F2E6BD>water the soil</color>.","اضغط على [farmtool2] مع تجهيز مرشة ماء <color=#F2E6BD>لري التربة</color>."
"entities.interactives.resourceNodes.refillWateringCanResourceData.assetHasBrokenToolHintRecordRef","Your equipped watering can is<color=""red""> broken</color>, repair it to <color=#F2E6BD>refill it</color>.","مرشة الماء المجهزة لديك<color=""red""> مكسورة</color>، أصلحها <color=#F2E6BD>لإعادة ملئها</color>."
"entities.interactives.resourceNodes.refillWateringCanResourceData.assetHasToolHintRecordRef","Press [interact] to <color=#F2E6BD> refill your watering can</color>.","اضغط على [interact] <color=#F2E6BD>لإعادة ملء مرشة الماء</color>."
"entities.interactives.resourceNodes.refillWateringCanResourceData.assetNoToolHintRecordRef","Press [interact] with a <color=#F2E6BD>Watering Can</color> equipped to <color=#F2E6BD>refill it</color>.","اضغط على [interact] مع تجهيز <color=#F2E6BD>مرشة ماء</color> <color=#F2E6BD>لإعادة ملئها</color>."
"entities.interactives.resourceNodes.refillWateringCanResourceData.assetRegeneratingRecordRef","You have to <color=#F2E6BD>wait for this well to replenish</color> to take more water from it.","عليك <color=#F2E6BD>الانتظار حتى يمتلئ هذا البئر مجدداً</color> لأخذ المزيد من الماء منه."
"entities.interactives.staticPickupData.assetInteractionHintRecordRef","Press [interact] to pick up <color=#F2E6BD>{0}</color>.","اضغط على [interact] لالتقاط <color=#F2E6BD>{0}</color>."
"entities.items.houseItems.craftingTables.alchemyTable.houseAlchemyTableData.assetInteractionHintRecordRef","Press [block] to <color=#F2E6BD>to pick up the alchemy table</color>.","اضغط على [block] <color=#F2E6BD>لالتقاط طاولة الخيمياء</color>."
"entities.items.houseItems.craftingTables.alchemyTable.houseAlchemyTableData.assetUseHintRecordRef","Press [interact] to <color=#F2E6BD>use the alchemy table</color> or press [block] to <color=#F2E6BD>pick it up</color>.","اضغط على [interact] <color=#F2E6BD>لاستخدام طاولة الخيمياء</color> أو اضغط على [block] <color=#F2E6BD>لالتقاطها</color>."
"entities.items.houseItems.craftingTables.anvil.houseAnvilData.assetInteractionHintRecordRef","Press [block] to <color=#F2E6BD>to pick up the anvil</color>.","اضغط على [block] <color=#F2E6BD>لالتقاط السندان</color>."
"entities.items.houseItems.craftingTables.anvil.houseAnvilData.assetUseHintRecordRef","Press [interact] to <color=#F2E6BD>use the anvil</color> or press [block] to <color=#F2E6BD>pick it up</color>.","اضغط على [interact] <color=#F2E6BD>لاستخدام السندان</color> أو اضغط على [block] <color=#F2E6BD>لالتقاطه</color>."
"entities.items.houseItems.craftingTables.old.artificerTable.houseArtificerTableData.assetUseHintRecordRef","Press [interact] to <color=#F2E6BD>use the artificer table</color> or press [block] to <color=#F2E6BD>pick it up</color>.","اضغط على [interact] <color=#F2E6BD>لاستخدام طاولة الحرفي</color> أو اضغط على [block] <color=#F2E6BD>لالتقاطها</color>."
"entities.items.houseItems.craftingTables.old.scribeTable.houseScribeTableData.assetInteractionHintRecordRef","Press [block] to <color=#F2E6BD>to pick up the scribe table</color>.","اضغط على [block] <color=#F2E6BD>لالتقاط طاولة النَسّاخ</color>."
"entities.items.houseItems.craftingTables.old.scribeTable.houseScribeTableData.assetUseHintRecordRef","Press [interact] to <color=#F2E6BD>use the scribe table</color> or press [block] to <color=#F2E6BD>pick it up</color>.","اضغط على [interact] <color=#F2E6BD>لاستخدام طاولة النَسّاخ</color> أو اضغط على [block] <color=#F2E6BD>لالتقاطها</color>."
"entities.items.houseItems.craftingTables.sewingTable.houseSewingTableData.assetInteractionHintRecordRef","Press [block] to <color=#F2E6BD>to pick up the sewing table</color>.","اضغط على [block] <color=#F2E6BD>لالتقاط طاولة الخياطة</color>."
"entities.items.houseItems.craftingTables.sewingTable.houseSewingTableData.assetUseHintRecordRef","Press [interact] to <color=#F2E6BD>use the sewing table</color> or press [block] to <color=#F2E6BD>pick it up</color>.","اضغط على [interact] <color=#F2E6BD>لاستخدام طاولة الخياطة</color> أو اضغط على [block] <color=#F2E6BD>لالتقاطها</color>."
"entities.items.houseItems.craftingTables.stove.houseStoveData.assetInteractionHintRecordRef","Press [block] to <color=#F2E6BD>to pick up the stove</color>.","اضغط على [block] <color=#F2E6BD>لالتقاط الموقد</color>."
"entities.items.houseItems.craftingTables.stove.houseStoveData.assetUseHintRecordRef","Press [interact] to <color=#F2E6BD>use the stove</color> or press [block] to <color=#F2E6BD>pick it up</color>.","اضغط على [interact] <color=#F2E6BD>لاستخدام الموقد</color> أو اضغط على [block] <color=#F2E6BD>لالتقاطه</color>."
"entities.items.houseItems.craftingTables.workbench.houseWorkbenchData.assetInteractionHintRecordRef","Press [block] to <color=#F2E6BD>to pick up the workbench</color>.","اضغط على [block] <color=#F2E6BD>لالتقاط طاولة العمل</color>."
"entities.items.houseItems.craftingTables.workbench.houseWorkbenchData.assetUseHintRecordRef","Press [interact] to <color=#F2E6BD>use the workbench</color> or press [block] to <color=#F2E6BD>pick it up</color>.","اضغط على [interact] <color=#F2E6BD>لاستخدام طاولة العمل</color> أو اضغط على [block] <color=#F2E6BD>لالتقاطها</color>."
"entities.items.houseItems.decorativeItems.books.stackOfTomes.stackOfTomesData.assetInteractionHintRecordRef","Press [block] to pick up <color=#F2E6BD>Stack of Tomes</color>.","اضغط على [block] لالتقاط <color=#F2E6BD>كومة المجلدات</color>."
"entities.items.houseItems.decorativeItems.carpets.flimsyJuteCarpetData.assetInteractionHintRecordRef","Press [block] to pick up the <color=#F2E6BD>Flimsy Jute Carpet</color>.","اضغط على [block] لالتقاط <color=#F2E6BD>سجادة الخيش الرقيقة</color>."
"entities.items.houseItems.decorativeItems.carpets.redCottonCarpetData.assetInteractionHintRecordRef","Press [block] to pick up the <color=#F2E6BD>Red Cotton Carpet</color>.","اضغط على [block] لالتقاط <color=#F2E6BD>سجادة القطن الحمراء</color>."
"entities.items.houseItems.decorativeItems.chimneys.chimneyData.assetInteractionHintRecordRef","Press [block] to pick up the <color=#F2E6BD>Chimney</color>.","اضغط على [block] لالتقاط <color=#F2E6BD>المدخنة</color>."
"entities.items.houseItems.decorativeItems.instruments.lute.luteData.assetInteractionHintRecordRef","Press [block] to pick up <color=#F2E6BD>Minstrel's Timeless Lute</color>.","اضغط على [block] لالتقاط <color=#F2E6BD>عود المنشد الأبدي</color>."
"entities.items.houseItems.decorativeItems.lights.basicCandleHolder.basicCandleHolderData.assetInteractionHintRecordRef","Press [block] to pick up the <color=#F2E6BD>Basic Candle Holder</color>.","اضغط على [block] لالتقاط <color=#F2E6BD>حامل الشموع الأساسي</color>."
"entities.items.houseItems.decorativeItems.lights.ironBrazier.ironBrazierData.assetInteractionHintRecordRef","Press [block] to pick up the <color=#F2E6BD>Iron Brazier</color>.","اضغط على [block] لالتقاط <color=#F2E6BD>المجمرة الحديدية</color>."
"entities.items.houseItems.decorativeItems.lights.luchina.luchinaData.assetInteractionHintRecordRef","Press [block] to pick up the <color=#F2E6BD>Classic Homestead Luchina</color>.","اضغط على [block] لالتقاط <color=#F2E6BD>شعلة المنزل الكلاسيكية</color>."
"entities.items.houseItems.decorativeItems.lights.nobleCandleHolder.nobleCandleHolderData.assetInteractionHintRecordRef","Press [block] to pick up the <color=#F2E6BD>Noble Candle Holder</color>.","اضغط على [block] لالتقاط <color=#F2E6BD>حامل الشموع النبيل</color>."
"entities.items.houseItems.decorativeItems.lights.refinedCandleHolder.refinedCandleHolderData.assetInteractionHintRecordRef","Press [block] to pick up the <color=#F2E6BD>Refined Candle Holder</color>.","اضغط على [block] لالتقاط <color=#F2E6BD>حامل الشموع المصقول</color>."
"entities.items.houseItems.decorativeItems.lumber.lumberStack.lumberStackData.assetInteractionHintRecordRef","Press [interact] to <color=#F2E6BD>look inside the Lumber Stack</color> or press [block] to <color=#F2E6BD>pick it up</color>.","اضغط على [interact] <color=#F2E6BD>لتفحص كومة الخشب من الداخل</color> أو اضغط على [block] <color=#F2E6BD>لالتقاطها</color>."
"entities.items.houseItems.decorativeItems.vases.crimsonTulipVase.crimsonTulipVaseData.assetInteractionHintRecordRef","Press [block] to pick up the <color=#F2E6BD>Crimson Tulip Vase</color>.","اضغط على [block] لالتقاط <color=#F2E6BD>مزهرية الخزامى القرمزية</color>."
"entities.items.houseItems.decorativeItems.vases.grayClayVase.grayClayVaseData.assetInteractionHintRecordRef","Press [block] to pick up the <color=#F2E6BD>Gray Clay Vase</color>.","اضغط على [block] لالتقاط <color=#F2E6BD>مزهرية الطين الرمادي</color>."
"entities.items.houseItems.decorativeItems.vases.lavenderWhisperVase.lavenderWhisperVaseData.assetInteractionHintRecordRef","Press [block] to pick up the <color=#F2E6BD>Lavender Whisper Vase</color>.","اضغط على [block] لالتقاط <color=#F2E6BD>مزهرية همس اللافندر</color>."
"entities.items.houseItems.decorativeItems.vases.sunfireBlossomVase.sunfireBlossomVaseData.assetInteractionHintRecordRef","Press [block] to pick up the <color=#F2E6BD>Sunfire Blossom Vase</color>.","اضغط على [block] لالتقاط <color=#F2E6BD>مزهرية زهر شمس النار</color>."
"entities.items.houseItems.decorativeItems.vases.verdantBloomVase.verdantBloomVaseData.assetInteractionHintRecordRef","Press [block] to pick up the <color=#F2E6BD>Verdant Blossom Vase</color>.","اضغط على [block] لالتقاط <color=#F2E6BD>مزهرية الزهر الخضراء</color>."
"entities.items.houseItems.furniture.beds.simpleBed.adventurersRespiteBed.assetInteractionHintRecordRef","Press [interact] to <color=#F2E6BD>sleep</color> | Press [block] to pick up the <color=#F2E6BD>Adventurer's Respite Bed</color>.","اضغط على [interact] <color=#F2E6BD>للنوم</color> | اضغط على [block] لالتقاط <color=#F2E6BD>سرير راحة المغامر</color>."
"entities.items.houseItems.furniture.beds.simpleBed.simpleBedData.assetInteractingHintRecordRef","Logging out while sleeping will give you a rested bonus after {0} hours.","تسجيل الخروج أثناء النوم سيمنحك مكافأة راحة بعد {0} ساعات."
"entities.items.houseItems.furniture.beds.simpleBed.simpleBedData.assetInteractionSleepTavernHintRecordRef","Press [interact] to <color=#F2E6BD>sleep</color>","اضغط على [interact] <color=#F2E6BD>للنوم</color>"
"entities.items.houseItems.furniture.beds.simpleBed.voyagersRejuvenationBed.assetInteractionHintRecordRef","Press [interact] to <color=#F2E6BD>sleep</color> | Press [block] to pick up the <color=#F2E6BD>Voyager's Rejuvenation Bed</color>.","اضغط على [interact] <color=#F2E6BD>للنوم</color> | اضغط على [block] لالتقاط <color=#F2E6BD>سرير تجدد الرحالة</color>."
"entities.items.houseItems.furniture.beds.simpleBed.wayfarersRestBed.assetInteractionHintRecordRef","Press [interact] to <color=#F2E6BD>sleep</color> | Press [block] to pick up the <color=#F2E6BD>Wayfarer's Rest Bed</color>.","اضغط على [interact] <color=#F2E6BD>للنوم</color> | اضغط على [block] لالتقاط <color=#F2E6BD>سرير راحة السالك</color>."
"entities.items.houseItems.furniture.benches.naturalContourBench.naturalContourBenchData.assetInteractionHintRecordRef","Press [interact] to <color=#F2E6BD>sit</color> | Press [block] to pick up the <color=#F2E6BD>Natural Contour Bench</color>.","اضغط على [interact] <color=#F2E6BD>للجلوس</color> | اضغط على [block] لالتقاط <color=#F2E6BD>مقعد طويل بتعرج طبيعي</color>."
"entities.items.houseItems.furniture.benches.simplisticPlankBench.simplisticPlankBenchData.assetInteractionHintRecordRef","Press [interact] to <color=#F2E6BD>sit</color> | Press [block] to pick up the <color=#F2E6BD>Simplistic Plank Bench</color>.","اضغط على [interact] <color=#F2E6BD>للجلوس</color> | اضغط على [block] لالتقاط <color=#F2E6BD>مقعد ألواح بسيط</color>."
"entities.items.houseItems.furniture.benches.whittledShortBench.whittledShortBenchData.assetInteractionHintRecordRef","Press [interact] to <color=#F2E6BD>sit</color> | Press [block] to pick up the <color=#F2E6BD>Whittled Short  Bench</color>.","اضغط على [interact] <color=#F2E6BD>للجلوس</color> | اضغط على [block] لالتقاط <color=#F2E6BD>مقعد قصير منحوت</color>."
"entities.items.houseItems.furniture.cabinets.simpleWineCabinet.simpleWineCabinetData.assetInteractionHintRecordRef","Press [block] to pick up the <color=#F2E6BD>Simple Wine Cabinet</color>.","اضغط على [block] لالتقاط <color=#F2E6BD>خزانة النبيذ البسيطة</color>."
"entities.items.houseItems.furniture.chairs.charredSolitudeChair.charredSolitudeChairData.assetInteractionHintRecordRef","Press [interact] to <color=#F2E6BD>sit</color> | Press [block] to pick up the <color=#F2E6BD>Charred Solitude Chair</color>.","اضغط على [interact] <color=#F2E6BD>للجلوس</color> | اضغط على [block] لالتقاط <color=#F2E6BD>كرسي العزلة المتفحم</color>."
"entities.items.houseItems.furniture.chairs.engravedHearthguardChair.engravedHearthguardChairData.assetInteractionHintRecordRef","Press [interact] to <color=#F2E6BD>sit</color> | Press [block] to pick up the <color=#F2E6BD>Engraved Hearthgard Chair</color>.","اضغط على [interact] <color=#F2E6BD>للجلوس</color> | اضغط على [block] لالتقاط <color=#F2E6BD>كرسي هيرثغارد المنقوش</color>."
"entities.items.houseItems.furniture.chairs.sculptedEleganceChair.sculptedEleganceChairData.assetInteractionHintRecordRef","Press [interact] to <color=#F2E6BD>sit</color> | Press [block] to pick up the <color=#F2E6BD>Sculpted Elegance Chair</color>.","اضغط على [interact] <color=#F2E6BD>للجلوس</color> | اضغط على [block] لالتقاط <color=#F2E6BD>كرسي الأناقة المنحوت</color>."
"entities.items.houseItems.furniture.chairs.simpleChair.simpleChairData.assetInteractionHintRecordRef","Press [interact] to <color=#F2E6BD>sit</color> | Press [block] to pick up the <color=#F2E6BD>Simple Chair</color>.","اضغط على [interact] <color=#F2E6BD>للجلوس</color> | اضغط على [block] لالتقاط <color=#F2E6BD>كرسي بسيط</color>."
"entities.items.houseItems.furniture.chests.engravedHearthsideChest.engravedHearthsideChestData.assetInteractionHintRecordRef","Press [block] to <color=#F2E6BD>pick up the chest</color>.","اضغط على [block] <color=#F2E6BD>لالتقاط الصندوق</color>."
"entities.items.houseItems.furniture.chests.engravedHearthsideChest.engravedHearthsideChestData.assetUseHintRecordRef","Press [interact] to <color=#F2E6BD>look inside the chest</color> or press [block] to <color=#F2E6BD>pick it up</color>.","اضغط على [interact] <color=#F2E6BD>لتفحص الصندوق من الداخل</color> أو اضغط على [block] <color=#F2E6BD>لالتقاطه</color>."
"entities.items.houseItems.furniture.chests.mediumChest.mediumChestData.assetContainerNameRef","House Chest","صندوق المنزل"
"entities.items.houseItems.furniture.cupboards.largeCupboard.largeCupboardData.assetContainerNameRef","Birchwood Cupboard","خزانة خشب البتولا"
"entities.items.houseItems.furniture.cupboards.largeCupboard.largeCupboardData.assetInteractionHintRecordRef","Press [block] to <color=#F2E6BD>pick up decoration</color>.","اضغط على [block] <color=#F2E6BD>لالتقاط الزينة</color>."
"entities.items.houseItems.furniture.cupboards.largeCupboard.largeCupboardData.assetUseHintRecordRef","Press [interact] to place <color=#F2E6BD>potions</color> inside the cupboard or press [block] to <color=#F2E6BD>pick it up</color>.","اضغط على [interact] لوضع <color=#F2E6BD>الجرعات</color> داخل الخزانة أو اضغط على [block] <color=#F2E6BD>لالتقاطها</color>."
"entities.items.houseItems.furniture.cupboards.mediumCupboard.mediumCupboardData.assetContainerNameRef","Medium Cupboard","خزانة متوسطة"
"entities.items.houseItems.furniture.cupboards.mediumCupboard.mediumCupboardData.assetUseHintRecordRef","Press [interact] to <color=#F2E6BD>look inside the potion cupboard</color> or press [block] to <color=#F2E6BD>pick it up</color>.","اضغط على [interact] <color=#F2E6BD>لتفحص خزانة الجرعات من الداخل</color> أو اضغط على [block] <color=#F2E6BD>لالتقاطها</color>."
"entities.items.houseItems.furniture.cupboards.smallCupboard.smallCupboardData.assetContainerNameRef","Small Birchwood Cupboard","خزانة خشب البتولا الصغيرة"
"entities.items.houseItems.furniture.pedestals.carvedPedestal.acanthusCarvedPedestalData.assetInteractionHintRecordRef","Press [block] to pick up the <color=#F2E6BD>Acanthus Carved Pedestal</color>.","اضغط على [block] لالتقاط <color=#F2E6BD>قاعدة أكانثوس المنحوتة</color>."
"entities.items.houseItems.furniture.stands.carvedLecternStand.carvedLecternStandData.assetInteractionHintRecordRef","Press [block] to pick up the <color=#F2E6BD>Carved Lectern Stand</color>.","اضغط على [block] لالتقاط <color=#F2E6BD>منصة القراءة المنحوتة</color>."
"entities.items.houseItems.furniture.stools.carvedSentinelStool.carvedSentinelStoolData.assetInteractionHintRecordRef","Press [interact] to <color=#F2E6BD>sit</color> | Press [block] to pick up the <color=#F2E6BD>Carved Sentinel Stool</color>.","اضغط على [interact] <color=#F2E6BD>للجلوس</color> | اضغط على [block] لالتقاط <color=#F2E6BD>مقعد الخفير المنحوت</color>."
"entities.items.houseItems.furniture.stools.carvedThroneStool.carvedThroneStoolData.assetInteractionHintRecordRef","Press [interact] to <color=#F2E6BD>sit</color> | Press [block] to pick up the <color=#F2E6BD>Carved Throne Stool</color>.","اضغط على [interact] <color=#F2E6BD>للجلوس</color> | اضغط على [block] لالتقاط <color=#F2E6BD>مقعد العرش المنحوت</color>."
"entities.items.houseItems.furniture.stools.jadeWovenStool.jadeWovenStoolData.assetInteractionHintRecordRef","Press [interact] to <color=#F2E6BD>sit</color> | Press [block] to pick up the <color=#F2E6BD>Jade-Woven Stool</color>.","اضغط على [interact] <color=#F2E6BD>للجلوس</color> | اضغط على [block] لالتقاط <color=#F2E6BD>مقعد منسوج من اليشم</color>."
"entities.items.houseItems.furniture.stools.whittledNestStool.whittledNestStoolData.assetInteractionHintRecordRef","Press [interact] to <color=#F2E6BD>sit</color> | Press [block] to pick up the <color=#F2E6BD>Whittled Nest Stool</color>.","اضغط على [interact] <color=#F2E6BD>للجلوس</color> | اضغط على [block] لالتقاط <color=#F2E6BD>مقعد العش المنحوت</color>."
"entities.items.houseItems.furniture.tables.simpleDinnerTable.simpleDinnerTableData.assetInteractionHintRecordRef","Press [block] to pick up the <color=#F2E6BD>Simple Dinner Table</color>.","اضغط على [block] لالتقاط <color=#F2E6BD>طاولة الطعام البسيطة</color>."
"entities.items.houseItems.furniture.tables.simpleRoundTable.simpleRoundTableData.assetInteractionHintRecordRef","Press [block] to pick up the <color=#F2E6BD>Simple Round Table</color>.","اضغط على [block] لالتقاط <color=#F2E6BD>الطاولة المستديرة البسيطة</color>."
"entities.items.houseItems.furniture.tables.simpleTable.simpleTableData.assetInteractionHintRecordRef","Press [block] to pick up the <color=#F2E6BD>Simple Table</color>.","اضغط على [block] لالتقاط <color=#F2E6BD>طاولة بسيطة</color>."
"entities.items.houseItems.furniture.toys.whittledRockingHorse.whittledRockingHorseData.assetInteractionHintRecordRef","Press [block] to pick up the <color=#F2E6BD>Whittled Rocking Horse</color>.","اضغط على [block] لالتقاط <color=#F2E6BD>حصان هزاز خشبي منحوت</color>."
"entities.items.houseItems.refineries.furnace.tier1.tier1HouseFurnaceData.assetInteractionHintRecordRef","Press [block] to pick up the <color=#F2E6BD>Furnace</color>.","اضغط على [block] لالتقاط <color=#F2E6BD>الفرن</color>."
"entities.items.houseItems.refineries.furnace.tier1.tier1HouseFurnaceData.assetRefineryNameRecordRef","Furnace","الفرن"
"entities.items.houseItems.refineries.furnace.tier1.tier1HouseFurnaceData.assetUseHintRecordRef","Press [interact] to <color=#F2E6BD>use the Furnace</color> or press [block] to <color=#F2E6BD>pick it up</color>.","اضغط على [interact] <color=#F2E6BD>لاستخدام الفرن</color> أو اضغط على [block] <color=#F2E6BD>لالتقاطه</color>."
"entities.items.houseItems.refineries.sawmill.tier1.tier1HouseSawmillData.assetInteractionHintRecordRef","Press [block] to pick up the <color=#F2E6BD>Sawmill</color>.","اضغط على [block] لالتقاط <color=#F2E6BD>المَنشَرَة</color>."
"entities.items.houseItems.refineries.sawmill.tier1.tier1HouseSawmillData.assetRefineryNameRecordRef","Sawmill","المَنشَرَة"
"entities.items.houseItems.refineries.sawmill.tier1.tier1HouseSawmillData.assetUseHintRecordRef","Press [interact] to <color=#F2E6BD>use the Sawmill</color> or press [block] to <color=#F2E6BD>pick it up</color>.","اضغط على [interact] <color=#F2E6BD>لاستخدام المَنشَرَة</color> أو اضغط على [block] <color=#F2E6BD>لالتقاطها</color>."
"entities.items.houseItems.refineries.spinningWheel.tier1.tier1HouseSpinningWheelData.assetInteractionHintRecordRef","Press [block] to pick up the <color=#F2E6BD>Spinning Wheel</color>.","اضغط على [block] لالتقاط <color=#F2E6BD>عَجَلة الغَزْل</color>."
"entities.items.houseItems.refineries.spinningWheel.tier1.tier1HouseSpinningWheelData.assetRefineryNameRecordRef","Spinning Wheel","عَجَلة الغَزْل"
"entities.items.houseItems.refineries.spinningWheel.tier1.tier1HouseSpinningWheelData.assetUseHintRecordRef","Press [interact] to <color=#F2E6BD>use the Spinning Wheel</color> or press [block] to <color=#F2E6BD>pick it up</color>.","اضغط على [interact] <color=#F2E6BD>لاستخدام عَجَلة الغَزْل</color> أو اضغط على [block] <color=#F2E6BD>لالتقاطها</color>."
"entities.items.houseItems.refineries.tanningRack.tier1.tier1HouseTanningRackData.assetInteractionHintRecordRef","Press [block] to pick up the <color=#F2E6BD>Tanning Rack</color>.","اضغط على [block] لالتقاط <color=#F2E6BD>منشر الدباغة</color>."
"entities.items.houseItems.refineries.tanningRack.tier1.tier1HouseTanningRackData.assetRefineryNameRecordRef","Tanning Rack","منشر الدباغة"
"entities.items.houseItems.refineries.tanningRack.tier1.tier1HouseTanningRackData.assetUseHintRecordRef","Press [interact] to <color=#F2E6BD>use the Tanning Rack</color> or press [block] to <color=#F2E6BD>pick it up</color>.","اضغط على [interact] <color=#F2E6BD>لاستخدام منشر الدباغة</color> أو اضغط على [block] <color=#F2E6BD>لالتقاطه</color>."
"entities.items.houseItems.short.generalBlockPickupHintRecordRef","Pick up","التقاط"
"entities.items.houseItems.short.generalLookorPickupHintRecordRef","Look inside or [block] to pick it up","تفحص بالداخل أو [block] للالتقاط"
"entities.items.houseItems.short.generalPlaceorPickupHintRecordRef","Place inside or [block] to pick it up","ضع بالداخل أو [block] للالتقاط"
"entities.items.houseItems.short.generalSitorPickupHintRecordRef","Sit or [block] to pick it up","اجلس أو [block] للالتقاط"
"entities.items.houseItems.short.generalSleeporPickupHintRecordRef","Sleep or [block] to pick it up","نم أو [block] للالتقاط"
"entities.items.houseItems.short.generalUseorPickupHintRecordRef","Use or [block] to pick it up","استخدم أو [block] للالتقاط"
"entities.items.houseItems.whisper.houseWhisper.assetUseHintRecordRef","Press [interact] to <color=#F2E6BD>use the Whisper Stone</color> or press [block] to <color=#F2E6BD>pick it up</color>.","اضغط على [interact] <color=#F2E6BD>لاستخدام حجر الهمس</color> أو اضغط على [block] <color=#F2E6BD>لالتقاطه</color>."
"entities.npcs.enemies.balakTaw.arenaGuardian.Name","Arena Guardian","حارس الساحة"
"entities.npcs.enemies.balakTaw.boneHawk.Name","Bone Hawk","صقر العظام"
"entities.npcs.enemies.balakTaw.bruiser.heavyFeather.Name","Heavy Feather","الريشة الثقيلة"
"entities.npcs.enemies.balakTaw.bruiser.theUnbreakableEgg.Name","The Unbreakable Egg","البيضة المنيعة"
"entities.npcs.enemies.balakTaw.highTalon.Name","High Talon","المخلب العالي"
"entities.npcs.enemies.balakTaw.hiveSlinger.Name","Hive Slinger","قاذف الخلية"
"entities.npcs.enemies.balakTaw.madBrambler.Name","Mad Brambler","المتشابك المجنون"
"entities.npcs.enemies.balakTaw.stalkingJay.Name","Stalking Jay","قيق متربص"
"entities.npcs.enemies.balakTaw.wildFinch.Name","Wild Finch","حسون بري"
"entities.npcs.enemies.baneMoth.Name","Bane Moth","عثة الهلاك"
"entities.npcs.enemies.bossBounties.brutalCouplet.name","Brutal Couplet","الثنائي الوحشي"
"entities.npcs.enemies.bossBounties.goldenTitan.name","Golden Titan","العملاق الذهبي"
"entities.npcs.enemies.bossBounties.serratedMother.name","Serrated Mother","الأم المسننة"
"entities.npcs.enemies.bossBounties.tornCaptain.name","Torn Captain","قبطان ممزق"
"entities.npcs.enemies.bossBounties.tornWatchman.name","Torn Watchman","حارس ممزق"
"entities.npcs.enemies.bossBounties.wallowingHusk.name","Wallowing Husk","قشرة متقلبة"
"entities.npcs.enemies.bosses.bulwarkShield.name","Bulwark","المتراس"
"entities.npcs.enemies.bosses.chickenBat.name2","The Winged Brood","السلالة المجنحة"
"entities.npcs.enemies.bosses.darak.darakData.darakData.name","Darak","داراك"
"entities.npcs.enemies.bosses.darak.name","Falstead Darak","فالستيد داراك"
"entities.npcs.enemies.bosses.darak.name2","Falstead Darak","فالستيد داراك"
"entities.npcs.enemies.bosses.darakMutant.name","Falstead Darak","فالستيد داراك"
"entities.npcs.enemies.bosses.darakMutant.name2","The Torn Falstead","فالستيد الممزق"
"entities.npcs.enemies.bosses.darakMutantHead.name","Falstead Darak","فالستيد داراك"
"entities.npcs.enemies.bosses.darakOutskirts.name","Falstead Darak","فالستيد داراك"
"entities.npcs.enemies.bosses.echoKnight.name","Cyvion the Echo Knight","سيفيون، فارس الصدى"
"entities.npcs.enemies.bosses.executioner.name","Broken Vow","العهد المنقوض"
"entities.npcs.enemies.bosses.keeperOfTheEmbrace.name","Keeper of the Embrace","حارس العناق"
"entities.npcs.enemies.bosses.mutantSoldier.name","Warrick the Torn","واريك الممزق"
"entities.npcs.enemies.bosses.plagueBear.name","The Lost Huntress","الصيادة الضائعة"
"entities.npcs.enemies.bosses.plagueBear.name2","The Lost Huntress","الصيادة الضائعة"
"entities.npcs.enemies.bosses.spiderBat.name","The Winged Mother","الأم المجنحة"
"entities.npcs.enemies.bosses.spiderBat.name2","The Winged Mother","الأم المجنحة"
"entities.npcs.enemies.bosses.spiderHorseUnmounted.name","Cyvion the Echo Knight","سيفيون، فارس الصدى"
"entities.npcs.enemies.bosses.theCareTaker.name","The Caretaker","المعتني"
"entities.npcs.enemies.bosses.theWingedBrood.name","The Winged Brood","السلالة المجنحة"
"entities.npcs.enemies.bosses.theWingedBroodBerserker1.name","Bile Wretch","بائس الصفراء"
"entities.npcs.enemies.bosses.theWingedBroodBerserker2.name","Blood Wraith","شبح الدم"
"entities.npcs.enemies.bosses.tusk.name","Tusk","الناب"
"entities.npcs.enemies.bosses.warrickTheTorn.name","Warrick the Torn","واريك الممزق"
"entities.npcs.enemies.bounties.defenderOfKnellap.Name","Defender of Knellap","مدافع نيلاف"
"entities.npcs.enemies.bounties.huntsman.Name","Huntsman","الصياد"
"entities.npcs.enemies.bounties.plagueDoctor.Name","Plague Doctor","طبيب الطاعون"
"entities.npcs.enemies.bounties.reaper.Name","Reaper","الحاصد"
"entities.npcs.enemies.bounties.theRed.Name","The Red","الأحمر"
"entities.npcs.enemies.bruiser.name","Bruiser","الملاكم العنيف"
"entities.npcs.enemies.brute.name","Brute","الوحش الغليظ"
"entities.npcs.enemies.brutePrisoner.name","The Riven Twins","التوأمان ريفن"
"entities.npcs.enemies.critters.alpineGoat.Name","Alpine Goat","ماعز ألبي"
"entities.npcs.enemies.critters.barnSpider.Name","Barn Spider","عنكبوت الحظيرة"
"entities.npcs.enemies.critters.bigCrab.Name","Harvester Crab","سرطان حاصد"
"entities.npcs.enemies.critters.brineCrab.Name","Brine Crab","سرطان الماء المالح"
"entities.npcs.enemies.critters.brushRabbit.Name","Brush Rabbit","أرنب الأحراج"
"entities.npcs.enemies.critters.crab.Name","Crab","سرطان بحري"
"entities.npcs.enemies.critters.crestedStag.Name","Crested Stag","أيل ذو عرف"
"entities.npcs.enemies.critters.grimeRat.Name","Grime Rat","جرذ القذارة"
"entities.npcs.enemies.critters.mireLeech.Name","Mire Leech","علقة المستنقع"
"entities.npcs.enemies.critters.nobleChicken.Name","Noble Chicken","دجاجة نبيلة"
"entities.npcs.enemies.critters.shadeFox.Name","Shade Fox","ثعلب الظل"
"entities.npcs.enemies.critters.speckledDeer.Name","Speckled Deer","غزال أرقط"
"entities.npcs.enemies.falseOnes.falseGuardian.Name","False Guardian","الحارس الزائف"
"entities.npcs.enemies.falseOnes.falseHarbinger.Name","False Harbinger","النذير الزائف"
"entities.npcs.enemies.falseOnes.falseOathkeeper.Name","False Oathkeeper","حافظ العهد الزائف"
"entities.npcs.enemies.falseOnes.falseRemnant.Name","False Remnant","الأثر الزائف"
"entities.npcs.enemies.falseOnes.falseSentinel.Name","False Sentinel","الخفير الزائف"
"entities.npcs.enemies.falseOnes.falseTitan.Name","False Titan","العملاق الزائف"
"entities.npcs.enemies.gloam.duskChild.Name","Dusk Child","طفل الغسق"
"entities.npcs.enemies.gloam.gloamking.Name","Gloamking","ملك الغلس"
"entities.npcs.enemies.gloam.torchborne.Name","Torchborne","حامل المشعل"
"entities.npcs.enemies.harvesters.copseTreader.Name","Copse Treader","واطئ الأحراج"
"entities.npcs.enemies.harvesters.limseedArcher.Name","Limseed Archer","رامي بذور الليمسيد"
"entities.npcs.enemies.harvesters.rustReaver.Name","Rust Reaver","سالب الصدأ"
"entities.npcs.enemies.harvesters.timberWight.Name","Timber Wight","ميت الخشب السائر"
"entities.npcs.enemies.harvesters.wormwoodWretch.Name","Wormwood Wretch","بائس الشيح"
"entities.npcs.enemies.kamikazeRat.Name","Immolation Rat","جرذ محرقة"
"entities.npcs.enemies.mimic.tornCrawler.Name","Torn Crawler","زاحف ممزق"
"entities.npcs.enemies.nith.nithLeviathan.Name","Nith Leviathan","لوياثان النيث"
"entities.npcs.enemies.nith.nithMuckwraith.Name","Nith Muckwraith","شبح وحل النيث"
"entities.npcs.enemies.nith.nithScreamer.Name","Nith Screamer","صارخ النيث"
"entities.npcs.enemies.nith.nithWallower.Name","Nith Wallower","متقلب وحل النيث"
"entities.npcs.enemies.nonHumanoids.brutes.swampGiants.theRivenTwins.name","The Riven Twins","التوأمان ريفن"
"entities.npcs.enemies.nonHumanoids.tornBear.Name","Torn Bear","دب ممزق"
"entities.npcs.enemies.nonHumanoids.wolves.tornWolf.Name","Torn Wolf","ذئب ممزق"
"entities.npcs.enemies.paleWolf.Name","Pale Wolf","ذئب شاحب"
"entities.npcs.enemies.plaguedHeart.Name","Torn Retcher","متقيئ ممزق"
"entities.npcs.enemies.plaguedRaiders.tornColossus.Name","Torn Colossus","عملاق ممزق"
"entities.npcs.enemies.plaguedRaiders.tornGrub.Name","Torn Grub","يرقة ممزقة"
"entities.npcs.enemies.plaguedRaiders.tornGrubhost.Name","Torn Grubhost","حاضن يرقات ممزق"
"entities.npcs.enemies.plaguedRaiders.tornRover.Name","Torn Rover","طواف ممزق"
"entities.npcs.enemies.plaguesystembosses.boar.name","Marin's Might","بأس مارين"
"entities.npcs.enemies.plaguesystembosses.caretaker.name","Marin's Voice","صوت مارين"
"entities.npcs.enemies.plaguesystembosses.darak.name","Annora's Shadow","ظل أنورا"
"entities.npcs.enemies.plaguesystembosses.echoKnight.name","The Sayer's Echo","صدى القائل"
"entities.npcs.enemies.plaguesystembosses.mutantSoldier.name","Sigrid's Vow","نذر سيغريد"
"entities.npcs.enemies.plaguesystembosses.plagueBear.name","Daughter of the Vale","ابنة الوادي"
"entities.npcs.enemies.plaguesystembosses.rivenTwins.name","Bloodbound Torment ","عذاب مقيد بالدم"
"entities.npcs.enemies.plaguesystembosses.wingedBrood.name","Children of the Chosen","أبناء المختار"
"entities.npcs.enemies.plaguesystembosses.wingedBroodBerserker1.name","Caylen's Faithful","مخلصو كايلن"
"entities.npcs.enemies.plaguesystembosses.wingedBroodBerserker2.name","Caylen's Forgotten","منسيو كايلن"
"entities.npcs.enemies.prisoners.bondedWitch.Name","Bonded Witch","ساحرة مقيدة"
"entities.npcs.enemies.prisoners.cagedExile.Name","Caged Exile","منفي قابع في قفص"
"entities.npcs.enemies.prisoners.shackledBrute.Name","Shackled Brute","وحش مغلل"
"entities.npcs.enemies.prisoners.tornCanid.Name","Torn Canid","كلبي ممزق"
"entities.npcs.enemies.prisoners.tornCaptive.Name","Torn Captive","أسير ممزق"
"entities.npcs.enemies.rustBear.Name","Rust Bear","دب الصدأ"
"entities.npcs.enemies.siren.sirenBantling.Name","Siren Bantling","صغير السيرانة"
"entities.npcs.enemies.siren.sirenMother.Name","Siren Mother","أم السيرانة"
"entities.npcs.enemies.siren.sirenOffspring.Name","Siren Offspring","نسل السيرانة"
"entities.npcs.enemies.tanth.tanthCleaver.Name","Tanth Cleaver","ساطور تانث"
"entities.npcs.enemies.tanth.tanthHarvester.Name","Tanth Harvester","حاصد تانث"
"entities.npcs.enemies.tanth.tanthOutrider.Name","Tanth Outrider","طليعة تانث"
"entities.npcs.enemies.tanth.tanthScout.Name","Tanth Scout","كشاف تانث"
"entities.npcs.enemies.tanth.tanthVanguard.Name","Tanth Vanguard","مقدمة تانث"
"entities.npcs.enemies.tornCarapace.Name","Torn Carapace","درع ممزق"
"entities.npcs.enemies.tornFowl.Name","Torn Fowl","طائر ممزق"
"entities.npcs.enemies.tornRat.Name","Torn Rat","جرذ ممزق"
"entities.npcs.enemies.types.balakTaw","Balak Taw","بالاك تاو"
"entities.npcs.enemies.types.beast","Beasts","الوحوش"
"entities.npcs.enemies.types.boarskin","Boarskin","جلد الخنزير"
"entities.npcs.enemies.types.falseOnes","False Ones","الزائفون"
"entities.npcs.enemies.types.giant","Giant","العمالقة"
"entities.npcs.enemies.types.gloam","The Gloam","الغلس"
"entities.npcs.enemies.types.harvesters","Harvesters","الحاصدون"
"entities.npcs.enemies.types.nith","Nith","النيث"
"entities.npcs.enemies.types.plagued","Plagued","الموبوؤون"
"entities.npcs.enemies.types.prisoner","Prisoners","السجناء"
"entities.npcs.enemies.types.risen","The Risen","الناهضون"
"entities.npcs.enemies.types.tanth","Knights of Tanth","فرسان تانث"
"entities.npcs.enemies.types.tornBeast","Torn Beasts","وحوش ممزقة"
"entities.npcs.enemies.types.tornHuman","Torn Humans","بشر ممزقون"
"entities.npcs.enemies.wildBoar.Name","Wild Boar","خنزير بري"
"entities.npcs.enemies.wingedBroodling.Name","Winged Broodling","فرخ مجنح"
"entities.npcs.friendly.features.arenaMaster.interactionHint","Press [interact] to <color=#F2E6BD>talk to Boroth the Arena Master</color>.","اضغط على [interact] <color=#F2E6BD>للتحدث إلى بوروث، سيد الساحة</color>."
"entities.npcs.friendly.features.borothArenaMaster.name","Boroth the Arena Master","بوروث، سيد الساحة"
"entities.npcs.friendly.features.borothArenaMaster.name2","Boroth the Arena Master","بوروث، سيد الساحة"
"entities.npcs.friendly.features.captainRandolph.interactionHint","Press [interact] to <color=#F2E6BD>talk</color>.","اضغط على [interact] <color=#F2E6BD>للتحدث</color>."
"entities.npcs.friendly.features.captainRandolph.name","Captain Randolph","القبطان راندولف"
"entities.npcs.friendly.features.captainRandolph.name2","Captain Randolph","القبطان راندولف"
"entities.npcs.friendly.generic.name","Whittacker","ويتكر"
"entities.npcs.friendly.quest.aSmallMercy.maeve.name","Maeve","مايف"
"entities.npcs.friendly.quest.balakTaw.greatBeak.interactionHint","Press [interact] to <color=#F2E6BD>talk to The Great Beak</color>.","اضغط على [interact] <color=#F2E6BD>للتحدث إلى المنقار العظيم</color>."
"entities.npcs.friendly.quest.balakTaw.greatBeak.name","The Great Beak","المنقار العظيم"
"entities.npcs.friendly.quest.beggarsTrust.casperDog.name","Casper","كاسبر"
"entities.npcs.friendly.quest.beggarsTrust.mainBeggar.name","Beaten Beggar","الشحاذ المضروب"
"entities.npcs.friendly.quest.mainBeggarBeggarsTrust.name","Beaten Beggar","الشحاذ المضروب"
"entities.npcs.friendly.quest.missingBrother.husbandAndWifeGroup1.interactionHint","Press [interact] to <color=#F2E6BD>talk</color>.","اضغط على [interact] <color=#F2E6BD>للتحدث</color>."
"entities.npcs.friendly.quest.missingBrother.missingBrother.name","Chained Man","رجل مصفد"
"entities.npcs.friendly.quest.missingBrother.missingBrotherDead.name","Caged Man","رجل في قفص"
"entities.npcs.friendly.quest.rootsThatBindNPCs.marinVillagers.agathaView.Agatha","Agatha","أغاثا"
"entities.npcs.friendly.quest.rootsThatBindNPCs.marinVillagers.arvinView.Arvin","Arvin","أرفين"
"entities.npcs.friendly.quest.rootsThatBindNPCs.marinVillagers.benetaView.Beneta","Beneta","بينيتا"
"entities.npcs.friendly.quest.rootsThatBindNPCs.marinVillagers.cyrielView.Cyriel","Cyriel","سيريل"
"entities.npcs.friendly.quest.rootsThatBindNPCs.marinVillagers.dolan.name","Dolan","دولان"
"entities.npcs.friendly.quest.rootsThatBindNPCs.marinVillagers.finiView.Fini","Fini","فيني"
"entities.npcs.friendly.quest.rootsThatBindNPCs.marinVillagers.francisView.Francis","Francis","فرانسيس"
"entities.npcs.friendly.quest.rootsThatBindNPCs.marinVillagers.gesView.Ges","Ges","جيس"
"entities.npcs.friendly.quest.rootsThatBindNPCs.marinVillagers.gretaView.Greta","Greta","غريتا"
"entities.npcs.friendly.quest.rootsThatBindNPCs.marinVillagers.hestaView.Hesta","Hesta","هيستا"
"entities.npcs.friendly.quest.rootsThatBindNPCs.marinVillagers.igneyView.Igney","Igney","إغني"
"entities.npcs.friendly.quest.rootsThatBindNPCs.marinVillagers.inolaView.Inola","Inola","إينولا"
"entities.npcs.friendly.quest.rootsThatBindNPCs.marinVillagers.iverView.Iver","Iver","إيفر"
"entities.npcs.friendly.quest.rootsThatBindNPCs.marinVillagers.kovaView.Kova","Kova","كوفا"
"entities.npcs.friendly.quest.rootsThatBindNPCs.marinVillagers.minoView.Mino","Mino","مينو"
"entities.npcs.friendly.quest.rootsThatBindNPCs.marinVillagers.netoView.Neto","Neto","نيتو"
"entities.npcs.friendly.quest.rootsThatBindNPCs.marinVillagers.offemView.Offem","Offem","أوفيم"
"entities.npcs.friendly.quest.rootsThatBindNPCs.marinVillagers.renaeView.Renae","Renae","رينيه"
"entities.npcs.friendly.quest.rootsThatBindNPCs.marinVillagers.risaView.Risa","Risa","ريسا"
"entities.npcs.friendly.quest.rootsThatBindNPCs.marinVillagers.tallum.name","Tallum","تالوم"
"entities.npcs.friendly.quest.rootsThatBindNPCs.marinVillagers.trello.name","Trelo","تريلو"
"entities.npcs.friendly.quest.rootsThatBindNPCs.marinVillagers.vadelView.Vadel","Vadel","فاديل"
"entities.npcs.friendly.quest.rootsThatBindNPCs.marinVillagers.wallinView.Wallin","Wallin","والين"
"entities.npcs.friendly.quest.rootsThatBindNPCs.zombieVillager.name","Villager","قروي"
"entities.npcs.friendly.quest.royalSeal.boleinKnights.boleinKnightChoppingTree.name","Bolein Knight","فارس بولين"
"entities.npcs.friendly.quest.royalSeal.inquisitor.name","Inquisitor","محقق التفتيش"
"entities.npcs.friendly.quest.royalSeal.inquisitors.name","Inquisitors","محققو التفتيش"
"entities.npcs.friendly.quest.royalSeal.keeper.name","Keeper","الحافظ"
"entities.npcs.friendly.quest.royalSeal.orvyn.name","Orvyn","أورفين"
"entities.npcs.friendly.quest.royalSeal.primusBainbridge.name","Primus Bainbridge","القائد بينبريدج"
"entities.npcs.friendly.quest.royalSeal.quarryPrisoner.name","Malec","ماليك"
"entities.npcs.friendly.quest.royalSeal.speakerHess.name","Speaker Hess","المتحدث هيس"
"entities.npcs.friendly.quest.royalSeal.speakerLucian.name","Speaker Lucian","المتحدث لوسيان"
"entities.npcs.friendly.quest.royalSeal.speakerTermina.name","Speaker Termina","المتحدثة تيرمينا"
"entities.npcs.friendly.quest.royalSeal.warRoomBribableGuard.name","Guard Godwin","الحارس غودوين"
"entities.npcs.friendly.quest.sideBeggarMaleBeggarsTrust.name","Beggar","شحاذ"
"entities.npcs.friendly.quest.tipper.name","Tipper","تيبر"
"entities.npcs.friendly.quest.weepingSisters.ferrin.interactionHint","Press [interact] to <color=#F2E6BD>talk to Ferrin</color>.","اضغط على [interact] <color=#F2E6BD>للتحدث إلى فيرين</color>."
"entities.npcs.friendly.quest.weepingSisters.ferrin.name","Ferrin","فيرين"
"entities.npcs.friendly.quest.weepingSisters.hunters.hunterAdan.interactionHint","Press [interact] to <color=#F2E6BD>talk to Adan</color>.","اضغط على [interact] <color=#F2E6BD>للتحدث إلى أدان</color>."
"entities.npcs.friendly.quest.weepingSisters.hunters.hunterAdan.name","Adan","أدان"
"entities.npcs.friendly.quest.weepingSisters.hunters.hunterDel.interactionHint","Press [interact] to <color=#F2E6BD>talk to Del</color>.","اضغط على [interact] <color=#F2E6BD>للتحدث إلى ديل</color>."
"entities.npcs.friendly.quest.weepingSisters.hunters.hunterDel.name","Del","ديل"
"entities.npcs.friendly.quest.weepingSisters.hunters.hunterJocosa.interactionHint","Press [interact] to <color=#F2E6BD>talk to Jocosa</color>.","اضغط على [interact] <color=#F2E6BD>للتحدث إلى جوكوسا</color>."
"entities.npcs.friendly.quest.weepingSisters.hunters.hunterJocosa.name","Jocosa","جوكوسا"
"entities.npcs.friendly.quest.weepingSisters.hunters.hunterMalvo.interactionHint","Press [interact] to <color=#F2E6BD>talk to Malvo</color>.","اضغط على [interact] <color=#F2E6BD>للتحدث إلى مالفو</color>."
"entities.npcs.friendly.quest.weepingSisters.hunters.hunterMalvo.name","Malvo","مالفو"
"entities.npcs.friendly.quest.weepingSisters.hunters.hunterNomara.interactionHint","Press [interact] to <color=#F2E6BD>talk to Nomara</color>.","اضغط على [interact] <color=#F2E6BD>للتحدث إلى نومارا</color>."
"entities.npcs.friendly.quest.weepingSisters.hunters.hunterNomara.name","Nomara","نومارا"
"entities.npcs.friendly.quest.weepingSisters.hunters.hunterRussa.hunterRussaEntityData.name","Russa","روسا"
"entities.npcs.friendly.quest.weepingSisters.hunters.hunterRussa.interactionHint","Press [interact] to <color=#F2E6BD>talk to Russa</color>.","اضغط على [interact] <color=#F2E6BD>للتحدث إلى روسا</color>."
"entities.npcs.friendly.quest.weepingSisters.hunters.hunterSora.interactionHint","Press [interact] to <color=#F2E6BD>talk to Sora</color>.","اضغط على [interact] <color=#F2E6BD>للتحدث إلى سورا</color>."
"entities.npcs.friendly.quest.weepingSisters.hunters.hunterSora.name","Sora","سورا"
"entities.npcs.friendly.quest.weepingSisters.lara.interactionHint","Press [interact] to <color=#F2E6BD>talk to Lara</color>.","اضغط على [interact] <color=#F2E6BD>للتحدث إلى لارا</color>."
"entities.npcs.friendly.quest.weepingSisters.lara.name","Lara","لارا"
"entities.npcs.friendly.quest.weepingSisters.reed.interactionHint","Press [interact] to <color=#F2E6BD>talk to Reed</color>.","اضغط على [interact] <color=#F2E6BD>للتحدث إلى ريد</color>."
"entities.npcs.friendly.quest.weepingSisters.reed.name","Reed","ريد"
"entities.npcs.friendly.story.baurus.interactionHint","Press [interact] to <color=#F2E6BD>talk to Baurus</color>.","اضغط على [interact] <color=#F2E6BD>للتحدث إلى باوروس</color>."
"entities.npcs.friendly.story.baurus.name","Baurus","باوروس"
"entities.npcs.friendly.story.cagedBandits.cagedBanditA.name","Losanna","لوزانا"
"entities.npcs.friendly.story.cagedBandits.cagedBanditB.name","Ava","آفا"
"entities.npcs.friendly.story.cagedBandits.cagedBanditC.name","Haleric","هاليريك"
"entities.npcs.friendly.story.channing.interactionHint","Press [interact] to <color=#F2E6BD>talk to Rattigan</color>.","اضغط على [interact] <color=#F2E6BD>للتحدث إلى راتيغان</color>."
"entities.npcs.friendly.story.channing.name","Rattigan","راتيغان"
"entities.npcs.friendly.story.channingCrouched.name","Rattigan","راتيغان"
"entities.npcs.friendly.story.ellsworth.interactionHint","Press [interact] to <color=#F2E6BD>talk to Ellsworth</color>.","اضغط على [interact] <color=#F2E6BD>للتحدث إلى إلسورث</color>."
"entities.npcs.friendly.story.ellsworth.name","Ellsworth","إلسورث"
"entities.npcs.friendly.story.ellsworth.name2","Ellsworth","إلسورث"
"entities.npcs.friendly.story.elsa.name","Elsa","إلسا"
"entities.npcs.friendly.story.harol.interactionHint","Press [interact] to <color=#F2E6BD>talk to Harol</color>.","اضغط على [interact] <color=#F2E6BD>للتحدث إلى هارول</color>."
"entities.npcs.friendly.story.harol.name","Harol","هارول"
"entities.npcs.friendly.story.irmgard.interactionHint","Press [interact] to <color=#F2E6BD>talk to Irmgard</color>.","اضغط على [interact] <color=#F2E6BD>للتحدث إلى إرمغارد</color>."
"entities.npcs.friendly.story.irmgard.name","Irmgard","إرمغارد"
"entities.npcs.friendly.story.irmgard.name2","Irmgard","إرمغارد"
"entities.npcs.friendly.story.madrigalSeline.interactionHint","Press [interact] to <color=#F2E6BD>talk to Madrigal Seline</color>.","اضغط على [interact] <color=#F2E6BD>للتحدث إلى المادريغال سيلين</color>."
"entities.npcs.friendly.story.madrigalSeline.name","Madrigal Seline","المادريغال سيلين"
"entities.npcs.friendly.story.madrigalSeline.name2","Madrigal Seline","المادريغال سيلين"
"entities.npcs.friendly.story.magnus.interactionHint","Press [interact] to <color=#F2E6BD>talk to Magnus</color>.","اضغط على [interact] <color=#F2E6BD>للتحدث إلى ماغنوس</color>."
"entities.npcs.friendly.story.magnus.name","Magnus","ماغنوس"
"entities.npcs.friendly.story.odessa.interactionHint","Press [interact] to <color=#F2E6BD>talk to Odessa</color>.","اضغط على [interact] <color=#F2E6BD>للتحدث إلى أوديسا</color>."
"entities.npcs.friendly.story.odessa.name","Odessa","أوديسا"
"entities.npcs.friendly.story.odessa.name2","Odessa","أوديسا"
"entities.npcs.friendly.story.roan.interactionHint","Press [interact] to <color=#F2E6BD>talk to Roan</color>.","اضغط على [interact] <color=#F2E6BD>للتحدث إلى روان</color>."
"entities.npcs.friendly.story.roan.name","Roan","روان"
"entities.npcs.friendly.story.roan.roanView.TheWatcher","The Watcher","المراقب"
"entities.npcs.friendly.story.shipCrew.tutorialShipCook.Carpenter","Carpenter","النجار"
"entities.npcs.friendly.story.shipCrew.tutorialShipCook.Gunner","Gunner","المدفعي"
"entities.npcs.friendly.story.shipCrew.tutorialShipCrew.Bosun","Bosun","مساعد الربان"
"entities.npcs.friendly.story.shipCrew.tutorialShipCrew.Deckhand","Deckhand","البحار"
"entities.npcs.friendly.story.shipCrew.tutorialShipCrew.Navigator","Navigator","الملاح"
"entities.npcs.friendly.story.shipCrew.tutorialShipCrew.QuarterMaster","Quarter Master","مسؤول المؤن"
"entities.npcs.friendly.story.tipper.interactionHint","Press [interact] to <color=#F2E6BD>talk to Tipper</color>.","اضغط على [interact] <color=#F2E6BD>للتحدث إلى تيبر</color>."
"entities.npcs.friendly.story.tipper.name","Tipper","تيبر"
"entities.npcs.friendly.story.tirMerchants.tirMerchants.name","Tir Merchant","تاجر تير"
"entities.npcs.friendly.story.tutorialCrew.bosunDanner.name","Bosun Danner","مساعد الربان دانر"
"entities.npcs.friendly.story.tutorialCrew.cabinBoy.name","Cabin Boy Wort","خادم السفينة وورت"
"entities.npcs.friendly.story.tutorialCrew.cookSprag.name","Cook Sprag","الطاهي سبراغ"
"entities.npcs.friendly.story.tutorialCrew.cooperDelane.name","Cooper Delane","صانع البراميل ديلين"
"entities.npcs.friendly.story.tutorialCrew.cutterRalo.name","Cutter Ralo","القاطع رالو"
"entities.npcs.friendly.story.tutorialCrew.deckhandCoz.name","Deckhand Coz","البحار كوز"
"entities.npcs.friendly.story.tutorialCrew.firstMateBrogan.name","First Mate Brogan","المساعد الأول بروجان"
"entities.npcs.friendly.story.tutorialCrew.helmsmanDai.name","Helmsman Dai","الموجّه داي"
"entities.npcs.friendly.story.tutorialCrew.midshipmanRhet.name","Midshipman Rhet","الضابط البحري ريت"
"entities.npcs.friendly.story.tutorialCrew.quartermasterTemon.name","Quartermaster Temon","مسؤول المؤن تيمون"
"entities.npcs.friendly.story.tutorialCrew.riggerMers.name","Rigger Mers","فني الشراع ميرز"
"entities.npcs.friendly.story.tutorialCrew.secondMateGray.name","Second Mate Gray","المساعد الثاني غراي"
"entities.npcs.friendly.story.tutorialCrew.strikerRylan.name","Striker Rylan","المهاجم رايلان"
"entities.npcs.friendly.story.tutorialCrew.swabbieNayan.name","Swabbie Nayan","المجند نايان"
"entities.npcs.friendly.story.tutorialCrew.thirdMateErik.name","Pastor Erik","القس إريك"
"entities.npcs.friendly.story.tutorialCrew.watchmanBavel.name","Watchman Bavel","الحارس بافيل"
"entities.npcs.friendly.story.tutorialCrew.wayfinderLaird.name","Wayfinder Laird","مستكشف الطرق ليرد"
"entities.npcs.friendly.story.tutorialShipCaptain.dyingCaptain.name","Captain Talvic","القبطان تالفيك"
"entities.npcs.friendly.story.tutorialShipCaptain.gunnerBrom.name","Gunner Brom","المدفعي بروم"
"entities.npcs.friendly.story.watcher.interactionHint","Press [interact] to <color=#F2E6BD>talk to the Watcher</color>.","اضغط على [interact] <color=#F2E6BD>للتحدث إلى المراقب</color>."
"entities.npcs.friendly.story.watcher.name","Watcher","المراقب"
"entities.npcs.friendly.story.watcher.name2","Watcher","المراقب"
"entities.npcs.friendly.story.will.interactionHint","Press [interact] to <color=#F2E6BD>talk to Will</color>.","اضغط على [interact] <color=#F2E6BD>للتحدث إلى ويل</color>."
"entities.npcs.friendly.story.will.name","Will","ويل"
"entities.npcs.friendly.story.will.name2","Will","ويل"
"entities.npcs.friendly.story.winnick.interactionHint","Press [interact] to <color=#F2E6BD>talk to Winnick</color>.","اضغط على [interact] <color=#F2E6BD>للتحدث إلى وينيك</color>."
"entities.npcs.friendly.story.winnick.name","Winnick","وينيك"
"entities.npcs.friendly.story.winnick.name2","Winnick","وينيك"
"entities.npcs.friendly.story.winnickSoldiers.name","Havenport Soldier","جندي هافنبورت"
"entities.npcs.friendly.temp.invisibleInteractable.interactionHint","Press [interact] to <color=#F2E6BD>pick up pendant</color>.","اضغط على [interact] <color=#F2E6BD>لالتقاط القلادة</color>."
"entities.npcs.friendly.temp.refinery.interactionHint","Press [interact] to <color=#F2E6BD>use the forge</color>.","اضغط على [interact] <color=#F2E6BD>لاستخدام المصهر</color>."
"entities.npcs.friendly.temp.steveTest.interactionHint","Press [interact] to <color=#F2E6BD>talk </color>.","اضغط على [interact] <color=#F2E6BD>للتحدث</color>."
"entities.npcs.friendly.temp.steveTest.name","Steve Test NPC","شخصية تجريبية ستيف"
"entities.npcs.friendly.temp.steveTest.name2","Steve Test NPC","شخصية تجريبية ستيف"
"entities.npcs.friendly.temp.stubInQuestSetupNpc.npcStubInQuestSetup.interactionHint","Press [interact] to <color=#F2E6BD>talk</color>.","اضغط على [interact] <color=#F2E6BD>للتحدث</color>."
"entities.npcs.friendly.temp.stubInQuestSetupNpc.npcStubInQuestSetup.name","Tourguide Data Name Record","سجل اسم المرشد"
"entities.npcs.friendly.vendors.caroline.name","Caroline","كارولين"
"entities.npcs.friendly.vendors.crucibleVendor.name","The Seneschal","الوكيل"
"entities.npcs.friendly.vendors.crucibleVendor.projects.vendors.completeCurrentProjects.description","Complete all Sacrament projects currently in progress.","إكمال جميع مشاريع ساكرامنت الجارية حالياً."
"entities.npcs.friendly.vendors.crucibleVendor.projects.vendors.completeCurrentProjects.name","Aetheric Forge","المصهر الأثيري"
"entities.npcs.friendly.vendors.crucibleVendor.projects.vendors.echoHeal.description","Unlock the ancient power to <b><color=#F2E6BD>refill health through Traces</color></b> within the Crucible.","فتح القوة القديمة لـ <b><color=#F2E6BD>إعادة ملء الصحة عبر الآثار</color></b> داخل البوتقة."
"entities.npcs.friendly.vendors.crucibleVendor.projects.vendors.echoHeal.name","Echo Heal","شفاء الصدى"
"entities.npcs.friendly.vendors.crucibleVendor.projects.vendors.exaltItems.description","Grant the Seneschal the ability to <b><color=#F2E6BD>exalt equipment</color></b>, greatly enhancing its power and enchantments.","منح الوكيل القدرة على <b><color=#F2E6BD>تمجيد العتاد</color></b>، مما يعزز قوته وسحره بشكل كبير."
"entities.npcs.friendly.vendors.crucibleVendor.projects.vendors.exaltItems.name","Glorious Exaltation","التمجيد المهيب"
"entities.npcs.friendly.vendors.crucibleVendor.projects.vendors.respecStatue.description","Awaken a relic in the <color=#F2E6BD>Atrium</color> where worthy Cerim can be respoken and <b><color=#F2E6BD>re-allocate their attributes</color></b>.","إيقاظ أثر عتيق في <color=#F2E6BD>البهو</color> حيث يمكن للسيريم الجديرين إعادة التشكيل و<b><color=#F2E6BD>إعادة توزيع سماتهم</color></b>."
"entities.npcs.friendly.vendors.crucibleVendor.projects.vendors.sacredMending.description","Grant the Seneschal the ability to <b><color=#F2E6BD>repair equipment</color></b>.","منح الوكيل القدرة على <b><color=#F2E6BD>إصلاح العتاد</color></b>."
"entities.npcs.friendly.vendors.crucibleVendor.projects.vendors.sacredMending.name","Sacred Mending","الإصلاح المقدس"
"entities.npcs.friendly.vendors.crucibleVendor.projects.vendors.secondCrucibleStatue.description","Awaken a new Crucible trial in the <color=#F2E6BD>Atrium</color> where Cerim can face their mightiest adversaries from the past in succession.","إيقاظ تجربة بوتقة جديدة في <color=#F2E6BD>البهو</color> حيث يمكن للسيريم مواجهة أعتى خصومهم من الماضي على التوالي."
"entities.npcs.friendly.vendors.crucibleVendor.projects.vendors.seneschalsEmporium.description","Grant the Seneschal the ability to <b><color=#F2E6BD>sell items</color></b>.","منح الوكيل القدرة على <b><color=#F2E6BD>بيع الأغراض</color></b>."
"entities.npcs.friendly.vendors.crucibleVendor.projects.vendors.seneschalsEmporium.name","Scavenged Remains","بقايا منهوبة"
"entities.npcs.friendly.vendors.crucibleVendor.projects.vendors.thirdCrucibleStatue.description","Awaken a new Crucible trial in the <color=#F2E6BD>Atrium</color> where Cerim must defeat endless waves of enemies.","إيقاظ تجربة بوتقة جديدة في <color=#F2E6BD>البهو</color> حيث يجب على السيريم هزيمة موجات لا تنتهي من الأعداء."
"entities.npcs.friendly.vendors.crucibleVendor.projects.vendors.uniqueEchoes.description","Infuse the Crucible with <b><color=#F2E6BD>Unique Echoes</color></b>, granting Cerim powerful new effects and abilities.","شحن البوتقة بـ <b><color=#F2E6BD>أصداء فريدة</color></b>، مما يمنح السيريم تأثيرات وقدرات جديدة قوية."
"entities.npcs.friendly.vendors.crucibleVendor.projects.vendors.uniqueEchoes.name","Unique Echoes","أصداء فريدة"
"entities.npcs.friendly.vendors.crucibleVendor.projects.vendors.worldCleanse.description","Cleanse the Pestilence infection across <b><color=#F2E6BD>Isola Sacra</color></b>.","تطهير عدوى الوباء في جميع أنحاء <b><color=#F2E6BD>إيسولا ساكرا</color></b>."
"entities.npcs.friendly.vendors.crucibleVendor.projects.vendors.worldCleanse.name","World Cleanse","تطهير العالم"
"entities.npcs.friendly.vendors.danos.projects.structures.gallowsScaffolding.description","Danos will finish building a scaffolding and staircase which will <b><color=#F2E6BD>connect the gallows above the town square with the northern part of the city.</color></B>","سينهي دانوس بناء السقالات والدرج الذي <b><color=#F2E6BD>سيربط المشنقة فوق ساحة البلدة بالجزء الشمالي من المدينة.</color></B>"
"entities.npcs.friendly.vendors.danos.projects.structures.gallowsScaffolding.name","Gallows Scaffolding","سقالات المشنقة"
"entities.npcs.friendly.vendors.danos.projects.structures.lodgings.description","The lodgings staircase inside the rookery will be repaired, allowing for <b><color=#F2E6BD>easy access to Sacrament's marketplace. </color></b>","سيتم إصلاح درج المساكن داخل برج الغربان، مما يتيح <b><color=#F2E6BD>الوصول بسهولة إلى السوق في ساكرامنت. </color></b>"
"entities.npcs.friendly.vendors.danos.projects.structures.lodgings.name","Lodgings Staircase","درج المساكن"
"entities.npcs.friendly.vendors.danos.projects.structures.rookeryElevator.description","Danos will repair the old elevator which once carried passengers from near the town square all the way up to the Rookery.","سيصلح دانوس المصعد القديم الذي كان ينقل الركاب من جوار ساحة البلدة صعوداً إلى برج الغربان."
"entities.npcs.friendly.vendors.danos.projects.structures.rookeryElevator.name","Rookery Elevator","مصعد برج الغربان"
"entities.npcs.friendly.vendors.danos.projects.vendors.caroline.level2description","Upgrades Caroline's Inn to <b><color=#F2E6BD>Level 2.</color></b>

The Dusty Loom will once again be a gathering place for the community. Caroline will also be able to offer <b><color=#F2E6BD>various beds that restore one's health</color></b> when slept in overnight.","يرقي نزل كارولين إلى <b><color=#F2E6BD>المستوى 2.</color></b>

سيعود 'النول المغبر' مكاناً لتجمع أهل البلدة مجدداً. وستتمكن كارولين أيضاً من توفير <b><color=#F2E6BD>أسرّة متنوعة تستعيد صحة المرء</color></b> عند النوم فيها طوال الليل."
"entities.npcs.friendly.vendors.danos.projects.vendors.caroline.level3description","Upgrades Caroline's Inn to <b><color=#F2E6BD>Level 3.</color></b>

The Dusty Loom will grow further and draw in more of the community. ","يرقي نزل كارولين إلى <b><color=#F2E6BD>المستوى 3.</color></b>

سيتوسع 'النول المغبر' أكثر ويجذب المزيد من أهل البلدة. "
"entities.npcs.friendly.vendors.danos.projects.vendors.caroline.level4description","Upgrades Caroline's Inn to <b><color=#F2E6BD>Level 4.</color></b>

The Dusty Loom will continue to grow even further. ","يرقي نزل كارولين إلى <b><color=#F2E6BD>المستوى 4.</color></b>

سيستمر 'النول المغبر' في التوسع والنمو أكثر فأكثر. "
"entities.npcs.friendly.vendors.danos.projects.vendors.caroline.name","Caroline's Inn","نزل كارولين"
"entities.npcs.friendly.vendors.danos.projects.vendors.danos.level2description","Upgrades Danos' Architecture Study to <b><color=#F2E6BD>Level 2.</color></b>

Danos will be able to offer more advanced <b><color=#F2E6BD>crafting tables</color></b> and <b><color=#F2E6BD>refineries.</color></b> ","يرقي مكتب العمارة لدانوس إلى <b><color=#F2E6BD>المستوى 2.</color></b>

سيتمكن دانوس من تقديم <b><color=#F2E6BD>طاولات تصنيع</color></b> و<b><color=#F2E6BD>معامل تكرير</color></b> أكثر تقدماً. "
"entities.npcs.friendly.vendors.danos.projects.vendors.danos.level3description","Upgrades Danos' Architecture Study to <b><color=#F2E6BD>Level 3.</color></b>

Danos will upgrade the <b><color=#F2E6BD>Scribe Table</color></b> and sell more advanced crafting tables and refineries.","يرقي مكتب العمارة لدانوس إلى <b><color=#F2E6BD>المستوى 3.</color></b>

سيرقي دانوس <b><color=#F2E6BD>طاولة النَسّاخ</color></b> ويبيع طاولات تصنيع ومعامل تكرير أكثر تقدماً."
"entities.npcs.friendly.vendors.danos.projects.vendors.danos.level4description","Upgrades Danos' Architecture Study to <b><color=#F2E6BD>Level 4.</color></b>

Danos will upgrade the <b><color=#F2E6BD>Scribe Table</color></b> and sell more advanced crafting tables and refineries.","يرقي مكتب العمارة لدانوس إلى <b><color=#F2E6BD>المستوى 4.</color></b>

سيرقي دانوس <b><color=#F2E6BD>طاولة النَسّاخ</color></b> ويبيع طاولات تصنيع ومعامل تكرير أكثر تقدماً."
"entities.npcs.friendly.vendors.danos.projects.vendors.danos.name","Danos' Architecture Study","مكتب العمارة لدانوس"
"entities.npcs.friendly.vendors.danos.projects.vendors.danosWorkers.level1Description","Upgrades Danos' Workers to <b><color=#F2E6BD>Level 2.</color>
</b>

Danos' workers will be able to complete projects <b><color=#F2E6BD>25% faster.</color></b>","يرقي عمال دانوس إلى <b><color=#F2E6BD>المستوى 2.</color>
</b>

سيتمكن عمال دانوس من إنجاز المشاريع <b><color=#F2E6BD>أسرع بنسبة 25%.</color></b>"
"entities.npcs.friendly.vendors.danos.projects.vendors.danosWorkers.level2Description","Upgrades Danos' Workers to <b><color=#F2E6BD>Level 3.</color>
</b>

Danos' workers will be able to complete projects <b><color=#F2E6BD>50% faster.</color></b>","يرقي عمال دانوس إلى <b><color=#F2E6BD>المستوى 3.</color>
</b>

سيتمكن عمال دانوس من إنجاز المشاريع <b><color=#F2E6BD>أسرع بنسبة 50%.</color></b>"
"entities.npcs.friendly.vendors.danos.projects.vendors.danosWorkers.level3Description","Upgrades Danos' Workers to <b><color=#F2E6BD>Level 4.</color>
</b>

Danos' workers will be able to complete projects <b><color=#F2E6BD>75% faster.</color></b>","يرقي عمال دانوس إلى <b><color=#F2E6BD>المستوى 4.</color>
</b>

سيتمكن عمال دانوس من إنجاز المشاريع <b><color=#F2E6BD>أسرع بنسبة 75%.</color></b>"
"entities.npcs.friendly.vendors.danos.projects.vendors.danosWorkers.name","Danos' Workers","عمال دانوس"
"entities.npcs.friendly.vendors.danos.projects.vendors.eleanor.level2description","Upgrades Eleanor's Enchantment Shop to <b><color=#F2E6BD>Level 2.</color></b>

Eleanor will be able to offer a wider array of runes and weapons for sale.","يرقي متجر سحر إليانور إلى <b><color=#F2E6BD>المستوى 2.</color></b>

ستتمكن إليانور من تقديم تشكيلة أوسع من الرونات والأسلحة للبيع."
"entities.npcs.friendly.vendors.danos.projects.vendors.eleanor.level3description","Upgrades Eleanor's Enchantment Shop to <b><color=#F2E6BD>Level 3.</color></b>

Eleanor will be able to offer an even wider array of runes and weapons for sale.","يرقي متجر سحر إليانور إلى <b><color=#F2E6BD>المستوى 3.</color></b>

ستتمكن إليانور من تقديم تشكيلة أوسع بكثير من الرونات والأسلحة للبيع."
"entities.npcs.friendly.vendors.danos.projects.vendors.eleanor.level4description","Upgrades Eleanor's Enchantment Shop to <b><color=#F2E6BD>Level 4.</color></b> 

Eleanor will be able to offer an even wider array of runes and weapons for sale.","يرقي متجر سحر إليانور إلى <b><color=#F2E6BD>المستوى 4.</color></b> 

ستتمكن إليانور من تقديم تشكيلة أوسع بكثير من الرونات والأسلحة للبيع."
"entities.npcs.friendly.vendors.danos.projects.vendors.eleanor.name","Eleanor's Enchantment Shop","متجر سحر إليانور"
"entities.npcs.friendly.vendors.danos.projects.vendors.filmore.level2description","Upgrades Fillmore's Smithy to <b><color=#F2E6BD>Level 2.</color></b>

Unlocks the <b><color=#F2E6BD>Anvil</color></b> for crafting weapons and armors as well as the <b><color=#F2E6BD>Furnace</color></b> to refine ore into ingots. Fillmore will also be able to offer a wider variety of items to buy.","يرقي حدادة فيلمور إلى <b><color=#F2E6BD>المستوى 2.</color></b>

يفتح <b><color=#F2E6BD>السندان</color></b> لتصنيع الأسلحة والدروع بالإضافة إلى <b><color=#F2E6BD>الفرن</color></b> لتكرير الخام إلى سبائك. سيتمكن فيلمور أيضاً من تقديم تشكيلة أوسع من الأغراض للبيع."
"entities.npcs.friendly.vendors.danos.projects.vendors.filmore.level3description","Upgrades Fillmore's Smithy to <b><color=#F2E6BD>Level 3.</color></b>

A better <b><color=#F2E6BD>Anvil</color></b> will allow crafting more advanced weapons and armors. A larger <b><color=#F2E6BD>Furnace</color></b> will melt ore into ingots even faster than before. Fillmore will also be able to offer a wider variety of items to buy.","يرقي حدادة فيلمور إلى <b><color=#F2E6BD>المستوى 3.</color></b>

<b><color=#F2E6BD>سندان</color></b> أفضل سيتيح تصنيع أسلحة ودروع أكثر تقدماً. و<b><color=#F2E6BD>فرن</color></b> أكبر سيصهر الخام إلى سبائك أسرع من ذي قبل. سيتمكن فيلمور أيضاً من تقديم تشكيلة أوسع من الأغراض للبيع."
"entities.npcs.friendly.vendors.danos.projects.vendors.filmore.level4description","Upgrades Fillmore's Smithy to <b><color=#F2E6BD>Level 4.</color></b>

A better <b><color=#F2E6BD>Anvil</color></b> will allow crafting more advanced weapons and armors. A larger <b><color=#F2E6BD>Furnace</color></b> will melt ore into ingots even faster than before. Fillmore will also be able to offer a wider variety of items to buy.","يرقي حدادة فيلمور إلى <b><color=#F2E6BD>المستوى 4.</color></b>

<b><color=#F2E6BD>سندان</color></b> أفضل سيتيح تصنيع أسلحة ودروع أكثر تقدماً. و<b><color=#F2E6BD>فرن</color></b> أكبر سيصهر الخام إلى سبائك أسرع من ذي قبل. سيتمكن فيلمور أيضاً من تقديم تشكيلة أوسع من الأغراض للبيع."
"entities.npcs.friendly.vendors.danos.projects.vendors.filmore.name","Fillmore's Smithy","حدادة فيلمور"
"entities.npcs.friendly.vendors.danos.projects.vendors.gordon.level2description","Upgrades Gordon's Restaurant to <b><color=#F2E6BD>Level 2.</color></b>

Gordon will be able to offer a wider variety of <b><color=#F2E6BD>ingredients</color></b> and <b><color=#F2E6BD>cooked meals.</color></b> Also unlocks the <b><color=#F2E6BD>Stove</color></b> for cooking <b><color=#F2E6BD>more advanced meals.</color></b>","يرقي مطعم غوردون إلى <b><color=#F2E6BD>المستوى 2.</color></b>

سيتمكن غوردون من تقديم تشكيلة أوسع من <b><color=#F2E6BD>المكونات</color></b> و<b><color=#F2E6BD>الوجبات المطبوخة.</color></b> يفتح أيضاً <b><color=#F2E6BD>الموقد</color></b> لطهي <b><color=#F2E6BD>وجبات أكثر تقدماً.</color></b>"
"entities.npcs.friendly.vendors.danos.projects.vendors.gordon.level3description","Upgrades Gordon's Restaurant to <b><color=#F2E6BD>Level 3.</color></b>

Gordon will be able to offer a wider variety of <b><color=#F2E6BD>ingredients</color></b> and <b><color=#F2E6BD>cooked meals.</color></b> A more advanced <b><color=#F2E6BD>Stove</color></b> will allow for cooking even <b><color=#F2E6BD>more advanced meals.</color></b>","يرقي مطعم غوردون إلى <b><color=#F2E6BD>المستوى 3.</color></b>

سيتمكن غوردون من تقديم تشكيلة أوسع من <b><color=#F2E6BD>المكونات</color></b> و<b><color=#F2E6BD>الوجبات المطبوخة.</color></b> <b><color=#F2E6BD>موقد</color></b> أكثر تقدماً سيتيح طهي <b><color=#F2E6BD>وجبات أكثر تقدماً.</color></b>"
"entities.npcs.friendly.vendors.danos.projects.vendors.gordon.level4description","Upgrades Gordon's Restaurant to <b><color=#F2E6BD>Level 4.</color></b>

Gordon will be able to offer a wider variety of <b><color=#F2E6BD>ingredients</color></b> and <b><color=#F2E6BD>cooked meals.</color></b> A more advanced <b><color=#F2E6BD>Stove</color></b> will allow for cooking even <b><color=#F2E6BD>more advanced meals.</color>
</b>","يرقي مطعم غوردون إلى <b><color=#F2E6BD>المستوى 4.</color></b>

سيتمكن غوردون من تقديم تشكيلة أوسع من <b><color=#F2E6BD>المكونات</color></b> و<b><color=#F2E6BD>الوجبات المطبوخة.</color></b> <b><color=#F2E6BD>موقد</color></b> أكثر تقدماً سيتيح طهي <b><color=#F2E6BD>وجبات أكثر تقدماً.</color>
</b>"
"entities.npcs.friendly.vendors.danos.projects.vendors.gordon.name","Gordon's Pantry","مؤن غوردون"
"entities.npcs.friendly.vendors.danos.projects.vendors.grinnich.level2description","Upgrades Grinnich’s Market Stand to <b><color=#F2E6BD>Level 2.</color></b>

Grinnich will be able to offer a wider variety of <b><color=#F2E6BD>items</color></b> and <b><color=#F2E6BD>utilities.</color></b>","يرقي كشك سوق غرينيتش إلى <b><color=#F2E6BD>المستوى 2.</color></b>

سيتمكن غرينيتش من تقديم تشكيلة أوسع من <b><color=#F2E6BD>الأغراض</color></b> و<b><color=#F2E6BD>الأدوات النفعية.</color></b>"
"entities.npcs.friendly.vendors.danos.projects.vendors.grinnich.level3description","Upgrades Grinnich’s Market Stand to <b><color=#F2E6BD>Level 3.</color></b>

Grinnich will be able to offer a wider variety of <b><color=#F2E6BD>items</color></b> and <b><color=#F2E6BD>utilities.</color></b>","يرقي كشك سوق غرينيتش إلى <b><color=#F2E6BD>المستوى 3.</color></b>

سيتمكن غرينيتش من تقديم تشكيلة أوسع من <b><color=#F2E6BD>الأغراض</color></b> و<b><color=#F2E6BD>الأدوات النفعية.</color></b>"
"entities.npcs.friendly.vendors.danos.projects.vendors.grinnich.level4description","Upgrades Grinnich’s Market Stand to <b><color=#F2E6BD>Level 4.</color></b>

Grinnich will be able to offer a wider variety of <b><color=#F2E6BD>items</color></b> and <b><color=#F2E6BD>utilities.</color></b>","يرقي كشك سوق غرينيتش إلى <b><color=#F2E6BD>المستوى 4.</color></b>

سيتمكن غرينيتش من تقديم تشكيلة أوسع من <b><color=#F2E6BD>الأغراض</color></b> و<b><color=#F2E6BD>الأدوات النفعية.</color></b>"
"entities.npcs.friendly.vendors.danos.projects.vendors.grinnich.name","Grinnich's General Goods","بضائع غرينيتش العامة"
"entities.npcs.friendly.vendors.danos.projects.vendors.ilaria.level2Description","Upgrades Ilaria's Sanctum to <b><color=#F2E6BD>Level 2.</color>
</b>

Ilaria will be able to offer a wider array of <b><color=#F2E6BD>runes and weapons</color></b> for sale.","يرقي صومعة إيلاريا إلى <b><color=#F2E6BD>المستوى 2.</color>
</b>

ستتمكن إيلاريا من تقديم تشكيلة أوسع من <b><color=#F2E6BD>الرونات والأسلحة</color></b> للبيع."
"entities.npcs.friendly.vendors.danos.projects.vendors.ilaria.level3Description","Upgrades Ilaria's Sanctum to <b><color=#F2E6BD>Level 3.</color>
</b>

Ilaria will be able to offer an even wider array of <b><color=#F2E6BD>runes and weapons</color></b> for sale.","يرقي صومعة إيلاريا إلى <b><color=#F2E6BD>المستوى 3.</color>
</b>

ستتمكن إيلاريا من تقديم تشكيلة أوسع بكثير من <b><color=#F2E6BD>الرونات والأسلحة</color></b> للبيع."
"entities.npcs.friendly.vendors.danos.projects.vendors.ilaria.level4Description","Upgrades Ilaria's Sanctum to <b><color=#F2E6BD>Level 4.</color>
</b>

Ilaria will be able to offer an even wider array of <b><color=#F2E6BD>runes and weapons</color></b> for sale.","يرقي صومعة إيلاريا إلى <b><color=#F2E6BD>المستوى 4.</color>
</b>

ستتمكن إيلاريا من تقديم تشكيلة أوسع بكثير من <b><color=#F2E6BD>الرونات والأسلحة</color></b> للبيع."
"entities.npcs.friendly.vendors.danos.projects.vendors.ilaria.name","Ilaria's Sanctum","صومعة إيلاريا"
"entities.npcs.friendly.vendors.danos.projects.vendors.markos.level2description","Upgrades Markos’ Alchemy Stand to <b><color=#F2E6BD>Level 2.</color></b>

Unlocks the <b><color=#F2E6BD> Alchemy Table</color></b> for crafting various <b><color=#F2E6BD>Potions</color></b> and <b><color=#F2E6BD>Bombs.</color></b> Markos will also be able to offer a <b><color=#F2E6BD>wider variety of items</color></b> to buy.","يرقي كشك خيمياء ماركوس إلى <b><color=#F2E6BD>المستوى 2.</color></b>

يفتح <b><color=#F2E6BD> طاولة الخيمياء</color></b> لتصنيع مختلف <b><color=#F2E6BD>الجرعات</color></b> و<b><color=#F2E6BD>القنابل.</color></b> سيتمكن ماركوس أيضاً من تقديم <b><color=#F2E6BD>تشكيلة أوسع من الأغراض</color></b> للشراء."
"entities.npcs.friendly.vendors.danos.projects.vendors.markos.level3description","Upgrades Markos’ Alchemy Stand to <b><color=#F2E6BD>Level 3.</color></b>

An improved <b><color=#F2E6BD> Alchemy Table</color></b> allows for crafting even stronger <b><color=#F2E6BD>Potions</color></b> and <b><color=#F2E6BD>Bombs.</color></b> Markos will also be able to offer a <b><color=#F2E6BD>wider variety of items</color></b> to buy.","يرقي كشك خيمياء ماركوس إلى <b><color=#F2E6BD>المستوى 3.</color></b>

<b><color=#F2E6BD> طاولة خيمياء</color></b> محسنة تتيح تصنيع <b><color=#F2E6BD>جرعات</color></b> و<b><color=#F2E6BD>قنابل</color></b> أقوى. سيتمكن ماركوس أيضاً من تقديم <b><color=#F2E6BD>تشكيلة أوسع من الأغراض</color></b> للشراء."
"entities.npcs.friendly.vendors.danos.projects.vendors.markos.level4description","Upgrades Markos’ Alchemy Stand to <b><color=#F2E6BD>Level 4.</color></b>

An improved <b><color=#F2E6BD> Alchemy Table</color></b> allows for crafting even stronger <b><color=#F2E6BD>Potions</color></b> and <b><color=#F2E6BD>Bombs.</color></b> Markos will also be able to offer a <b><color=#F2E6BD>wider variety of items</color></b> to buy.","يرقي كشك خيمياء ماركوس إلى <b><color=#F2E6BD>المستوى 4.</color></b>

<b><color=#F2E6BD> طاولة خيمياء</color></b> محسنة تتيح تصنيع <b><color=#F2E6BD>جرعات</color></b> و<b><color=#F2E6BD>قنابل</color></b> أقوى. سيتمكن ماركوس أيضاً من تقديم <b><color=#F2E6BD>تشكيلة أوسع من الأغراض</color></b> للشراء."
"entities.npcs.friendly.vendors.danos.projects.vendors.markos.name","Markos' Alchemy Stand","كشك خيمياء ماركوس"
"entities.npcs.friendly.vendors.danos.projects.vendors.mirabelleAndMeriweather.level2description","Upgrades Mira & Meri's Tailor Shop to <b><color=#F2E6BD>Level 2.</color></b>

Unlocks the <b><color=#F2E6BD>Sewing Table</color></b> for crafting cloth and leather armors as well as a <b><color=#F2E6BD>Tanning Rack</color></b>, and a <b><color=#F2E6BD>Spinning Wheel</color></b> to refine materials into garments. Mira and Meri will also be able to offer a wider variety of items to buy.","يرقي متجر خياطة ميرا وميري إلى <b><color=#F2E6BD>المستوى 2.</color></b>

يفتح <b><color=#F2E6BD>طاولة الخياطة</color></b> لتصنيع الدروع القماشية والجلدية، بالإضافة إلى <b><color=#F2E6BD>منشر الدباغة</color></b> و<b><color=#F2E6BD>عجلة الغزل</color></b> لتكرير المواد إلى ملابس. ستتمكن ميرا وميري أيضاً من تقديم تشكيلة أوسع من الأغراض للشراء."
"entities.npcs.friendly.vendors.danos.projects.vendors.mirabelleAndMeriweather.level3description","Upgrades Mira & Meri's Tailor Shop to <b><color=#F2E6BD>Level 3.</color></b>

A more advanced <b><color=#F2E6BD>Sewing Table</color></b> allows for crafting even stronger cloth and leather armors. An improved <b><color=#F2E6BD>Tanning Rack</color></b> and <b><color=#F2E6BD>Spinning Wheel</color></b> will refine materials even faster than before. Mira and Meri will also be able to offer a wider variety of items to buy.","يرقي متجر خياطة ميرا وميري إلى <b><color=#F2E6BD>المستوى 3.</color></b>

<b><color=#F2E6BD>طاولة خياطة</color></b> أكثر تقدماً تتيح تصنيع دروع قماشية وجلدية أقوى. و<b><color=#F2E6BD>منشر دباغة</color></b> و<b><color=#F2E6BD>عجلة غزل</color></b> محسنان لتكرير المواد أسرع من قبل. ستتمكن ميرا وميري أيضاً من تقديم تشكيلة أوسع من الأغراض للشراء."
"entities.npcs.friendly.vendors.danos.projects.vendors.mirabelleAndMeriweather.level4description","Upgrades Mira & Meri's Tailor Shop to <b><color=#F2E6BD>Level 4.</color></b>

A more advanced <b><color=#F2E6BD>Sewing Table</color></b> allows for crafting even stronger cloth and leather armors. An improved <b><color=#F2E6BD>Tanning Rack</color></b> and <b><color=#F2E6BD>Spinning Wheel</color></b> will refine materials even faster than before. Mira and Meri will also be able to offer a wider variety of items to buy.","يرقي متجر خياطة ميرا وميري إلى <b><color=#F2E6BD>المستوى 4.</color></b>

<b><color=#F2E6BD>طاولة خياطة</color></b> أكثر تقدماً تتيح تصنيع دروع قماشية وجلدية أقوى. و<b><color=#F2E6BD>منشر دباغة</color></b> و<b><color=#F2E6BD>عجلة غزل</color></b> محسنان لتكرير المواد أسرع من قبل. ستتمكن ميرا وميري أيضاً من تقديم تشكيلة أوسع من الأغراض للشراء."
"entities.npcs.friendly.vendors.danos.projects.vendors.mirabelleAndMeriweather.name","Mira and Meri's Tailor Shop","متجر خياطة ميرا وميري"
"entities.npcs.friendly.vendors.danos.projects.vendors.whittacker.level2description","Upgrades Whittacker's Crafting Shack to <b><color=#F2E6BD>Level 2.</color></b>

Unlocks the <b><color=#F2E6BD>Workbench</color></b> for crafting furniture and utilities as well as the <b><color=#F2E6BD>Sawmill</color></b> to refine wood into planks. Whittacker will also be able to offer a wider variety of items to buy.","يرقي كوخ تصنيع ويتكر إلى <b><color=#F2E6BD>المستوى 2.</color></b>

يفتح <b><color=#F2E6BD>طاولة العمل</color></b> لتصنيع الأثاث والأدوات النفعية بالإضافة إلى <b><color=#F2E6BD>المنشرة</color></b> لتكرير الخشب إلى ألواح. سيتمكن ويتكر أيضاً من تقديم تشكيلة أوسع من الأغراض للشراء."
"entities.npcs.friendly.vendors.danos.projects.vendors.whittacker.level3description","Upgrades Whittacker's Crafting Shack to <b><color=#F2E6BD>Level 3.</color></b>

A superior <b><color=#F2E6BD>Workbench</color></b> allows for crafting even more advanced furniture and utilities. An improved <b><color=#F2E6BD>Sawmill</color></b> can refine wood into planks even faster than before. Whittacker will also be able to offer a wider variety of items to buy.","يرقي كوخ تصنيع ويتكر إلى <b><color=#F2E6BD>المستوى 3.</color></b>

<b><color=#F2E6BD>طاولة عمل</color></b> متفوقة تتيح تصنيع أثاث وأدوات نفعية أكثر تقدماً. و<b><color=#F2E6BD>منشرة</color></b> محسنة تكرر الخشب إلى ألواح أسرع من قبل. سيتمكن ويتكر أيضاً من تقديم تشكيلة أوسع من الأغراض للشراء."
"entities.npcs.friendly.vendors.danos.projects.vendors.whittacker.level4description","Upgrades Whittacker's Crafting Shack to <b><color=#F2E6BD>Level 4.</color></b>

A superior <b><color=#F2E6BD>Workbench</color></b> allows for crafting even more advanced furniture and utilities. An improved <b><color=#F2E6BD>Sawmill</color></b> can refine wood into planks even faster than before. Whittacker will also be able to offer a wider variety of items to buy.","يرقي كوخ تصنيع ويتكر إلى <b><color=#F2E6BD>المستوى 4.</color></b>

<b><color=#F2E6BD>طاولة عمل</color></b> متفوقة تتيح تصنيع أثاث وأدوات نفعية أكثر تقدماً. و<b><color=#F2E6BD>منشرة</color></b> محسنة تكرر الخشب إلى ألواح أسرع من قبل. سيتمكن ويتكر أيضاً من تقديم تشكيلة أوسع من الأغراض للشراء."
"entities.npcs.friendly.vendors.danos.projects.vendors.whittacker.name","Whittacker's Crafting Shack","كوخ تصنيع ويتكر"
"entities.npcs.friendly.vendors.danosRookery.name","Danos","دانوس"
"entities.npcs.friendly.vendors.eleanor.name","Eleanor","إليانور"
"entities.npcs.friendly.vendors.filmoreFortress.name","Fillmore","فيلمور"
"entities.npcs.friendly.vendors.finley.name","Finley","فينلي"
"entities.npcs.friendly.vendors.gordon.name","Gordon","غوردون"
"entities.npcs.friendly.vendors.grinnich.name","Grinnich","غرينيتش"
"entities.npcs.friendly.vendors.ilaria.name","Ilaria","إيلاريا"
"entities.npcs.friendly.vendors.markos.name","Markos","ماركوس"
"entities.npcs.friendly.vendors.sacramentVendors.caroline.name","Caroline","كارولين"
"entities.npcs.friendly.vendors.sacramentVendors.danos.name","Maker Danos","الصانع دانوس"
"entities.npcs.friendly.vendors.sacramentVendors.eleanor.interactionHint","Press [interact] to <color=#F2E6BD>talk to Eleanor</color>.","اضغط على [interact] <color=#F2E6BD>للتحدث إلى إليانور</color>."
"entities.npcs.friendly.vendors.sacramentVendors.eleanor.name","Eleanor","إليانور"
"entities.npcs.friendly.vendors.sacramentVendors.filmore.interactionHint","Press [interact] to <color=#F2E6BD>talk to Fillmore</color>.","اضغط على [interact] <color=#F2E6BD>للتحدث إلى فيلمور</color>."
"entities.npcs.friendly.vendors.sacramentVendors.filmore.name","Fillmore","فيلمور"
"entities.npcs.friendly.vendors.sacramentVendors.filmoreVendor.name","Vendor","بائع"
"entities.npcs.friendly.vendors.sacramentVendors.finley.name","Finley","فينلي"
"entities.npcs.friendly.vendors.sacramentVendors.gordon.name","Gordon","غوردون"
"entities.npcs.friendly.vendors.sacramentVendors.grinnich.name","Grinnich","غرينيتش"
"entities.npcs.friendly.vendors.sacramentVendors.markos.name","Markos","ماركوس"
"entities.npcs.friendly.vendors.sacramentVendors.miraAndMeri.name","Meri and Mira","ميري وميرا"
"entities.npcs.friendly.vendors.sacramentVendors.willem.name","Willem","فيليم"
"entities.npcs.friendly.vendors.santa.name","Santa","سانتا"
"entities.npcs.friendly.vendors.tailorSisters.name","Mira and Meri","ميرا وميري"
"entities.npcs.friendly.vendors.whittacker.name","Whittacker","ويتكر"
"entities.npcs.friendly.vendors.willem.sacramentFarmerHoe.name","Willem","فيليم"
"entities.npcs.friendly.windowDressing.sacrament.alsocTheCaretaker.name","Caretaker Alden","المعتني ألدين"
"entities.npcs.friendly.windowDressing.sacrament.altonTheFormerQuarryGuard.name","Alton","ألتون"
"entities.npcs.friendly.windowDressing.sacrament.arguingCouple.Man.name","Durgan","دورغان"
"entities.npcs.friendly.windowDressing.sacrament.arguingCouple.Woman.name","Mora","مورا"
"entities.npcs.friendly.windowDressing.sacrament.arthurTheTavernRegular.name","Arthur","آرثر"
"entities.npcs.friendly.windowDressing.sacrament.balwinTheRichDrunk.name","Baldwin","بالدوين"
"entities.npcs.friendly.windowDressing.sacrament.bavosTheSurlyFisherman.name","Bavos","بافوس"
"entities.npcs.friendly.windowDressing.sacrament.beggars.amaranthCommunityChestBeggar.name","Amaranth","أمارانث"
"entities.npcs.friendly.windowDressing.sacrament.beggars.drunkBeggarA.name","Beggar","شحاذ"
"entities.npcs.friendly.windowDressing.sacrament.beggars.jocSingingBeggar.name","Joc","جوك"
"entities.npcs.friendly.windowDressing.sacrament.beggars.juliaBlindBeggar.name","Julia","جوليا"
"entities.npcs.friendly.windowDressing.sacrament.beggars.philippeVeteranBeggar.name","Philippe","فيليب"
"entities.npcs.friendly.windowDressing.sacrament.beggars.reginaUnwellBeggar.name","Regina","ريجينا"
"entities.npcs.friendly.windowDressing.sacrament.beggars.tuvultBeggarWithDog.name","Tuvult","توفولت"
"entities.npcs.friendly.windowDressing.sacrament.beggars.uhriDrunkBeggar.name","Uhri","أوهري"
"entities.npcs.friendly.windowDressing.sacrament.beggars.willaReligiousBeggar.name","Willa","ويلا"
"entities.npcs.friendly.windowDressing.sacrament.benniganTheOpportunisticMiner.name","Bennigan","بينيغان"
"entities.npcs.friendly.windowDressing.sacrament.bjornTheGossipingMan.name","Bjorn","بيورن"
"entities.npcs.friendly.windowDressing.sacrament.bolaAdventurousWife.name","Bola","بولا"
"entities.npcs.friendly.windowDressing.sacrament.bresTheWhistler.name","Bres","بريس"
"entities.npcs.friendly.windowDressing.sacrament.bressianTirTrader.name","Bressian","بريسيان"
"entities.npcs.friendly.windowDressing.sacrament.cecilLookingForHisWife.name","Cecil","سيسيل"
"entities.npcs.friendly.windowDressing.sacrament.darbyTheUpsetHorticulturalist.name","Darby","داربي"
"entities.npcs.friendly.windowDressing.sacrament.davinosTirTrader.name","Davinos","دافينوس"
"entities.npcs.friendly.windowDressing.sacrament.delfiniTheSkipper.name","Delfini","ديلفيني"
"entities.npcs.friendly.windowDressing.sacrament.dossTheLandlord.name","Doss","دوس"
"entities.npcs.friendly.windowDressing.sacrament.dunsten.name","Dunsten","دونستن"
"entities.npcs.friendly.windowDressing.sacrament.ellisHatesMainland.name","Ellis","إيليس"
"entities.npcs.friendly.windowDressing.sacrament.elraTheAspiringPolitician.name","Elra P. Godfrey","إلرا ب. غودفري"
"entities.npcs.friendly.windowDressing.sacrament.evelynTheGossipingWoman.name","Evelyn","إيفلين"
"entities.npcs.friendly.windowDressing.sacrament.everwynMissingHerCat.name","Everwyn","إيفروين"
"entities.npcs.friendly.windowDressing.sacrament.ewaldTheCriminal.name","Ewald","إيفالد"
"entities.npcs.friendly.windowDressing.sacrament.fioraTheMourningWoman.name","Fiora","فيورا"
"entities.npcs.friendly.windowDressing.sacrament.gilesShyMan.name","Giles","جايلز"
"entities.npcs.friendly.windowDressing.sacrament.gregorTheRamblingFarmer.name","Gregor","غريغور"
"entities.npcs.friendly.windowDressing.sacrament.gustavTheGravedigger.name","Gustav","غوستاف"
"entities.npcs.friendly.windowDressing.sacrament.halaTheArchivist.name","Hala","هالة"
"entities.npcs.friendly.windowDressing.sacrament.helenaTheAstronomer.name","Helena","هيلينا"
"entities.npcs.friendly.windowDressing.sacrament.horanusTheHardcoreReligious.name","Horatio","هوراشيو"
"entities.npcs.friendly.windowDressing.sacrament.horusTheShitscraper.name","Horus","حورس"
"entities.npcs.friendly.windowDressing.sacrament.jeniaTheNihilist.name","Jenia","جينيا"
"entities.npcs.friendly.windowDressing.sacrament.jovisonCorinthTheCartographer.name","Jovison Corinth","جوفيسون كورينث"
"entities.npcs.friendly.windowDressing.sacrament.karinaTheSermonizingZealot.name","Karina","كارينا"
"entities.npcs.friendly.windowDressing.sacrament.lukaTheCombativeGuy.name","Luka","لوكا"
"entities.npcs.friendly.windowDressing.sacrament.mabelTheTavernRegular.name","Mabel","مابيل"
"entities.npcs.friendly.windowDressing.sacrament.malinaTheMarinVillager.name","Malina","مالينا"
"entities.npcs.friendly.windowDressing.sacrament.mercaTheBoleinDeserter.name","Merca","ميركا"
"entities.npcs.friendly.windowDressing.sacrament.moriettaTheFraudulentMystic.name","Morietta","موريتا"
"entities.npcs.friendly.windowDressing.sacrament.murgosTheFisher.name","Murgos","مورغوس"
"entities.npcs.friendly.windowDressing.sacrament.nellTheWorriedWell.name","Nell","نيل"
"entities.npcs.friendly.windowDressing.sacrament.nevilleTheGossipingMan.name","Neville","نيفيل"
"entities.npcs.friendly.windowDressing.sacrament.nulaTheTravelingDoctor.name","Nula","نولا"
"entities.npcs.friendly.windowDressing.sacrament.omsaTheLostFaithDasha.name","Omsa","أومسا"
"entities.npcs.friendly.windowDressing.sacrament.orisonHaley.name","Orison Haley","أوريسون هيلي"
"entities.npcs.friendly.windowDressing.sacrament.orum.name","Orum","أوروم"
"entities.npcs.friendly.windowDressing.sacrament.petraShyWoman.name","Petra","بيترا"
"entities.npcs.friendly.windowDressing.sacrament.philoniaTheRefugee.name","Philonia","فيلونيا"
"entities.npcs.friendly.windowDressing.sacrament.piersScaredOfCerim.name","Piers","بيرس"
"entities.npcs.friendly.windowDressing.sacrament.pioTheNaturePainter.name","Pio","بيو"
"entities.npcs.friendly.windowDressing.sacrament.randelCombatVeteran.name","Randel","راندل"
"entities.npcs.friendly.windowDressing.sacrament.ravenTheGhostHunter.name","Raven","ريفين"
"entities.npcs.friendly.windowDressing.sacrament.reese.name","Reese","ريس"
"entities.npcs.friendly.windowDressing.sacrament.riggisTheAngryScavenger.name","Riggis","ريغيس"
"entities.npcs.friendly.windowDressing.sacrament.rylisTheFrostbittenExplorer.name","Rylis","رايليس"
"entities.npcs.friendly.windowDressing.sacrament.sacramentCommoners.sacramentCommonerMaleA.name","Commoner","عامي"
"entities.npcs.friendly.windowDressing.sacrament.sacramentLooter.name","Looter","ناهب"
"entities.npcs.friendly.windowDressing.sacrament.sacramentSmuggler.name","Smuggler","مهرب"
"entities.npcs.friendly.windowDressing.sacrament.sashaTheWasherwoman.name","Sasha","ساشا"
"entities.npcs.friendly.windowDressing.sacrament.selecTheFormerlyEntrancedMerchant.name","Selec","سيليك"
"entities.npcs.friendly.windowDressing.sacrament.speakerTeyonTheInquisitorEvangelist.name","Speaker Teyon","المتحدث تيون"
"entities.npcs.friendly.windowDressing.sacrament.squawkTheFormerBalakTaw.name","Squawk","سكواك"
"entities.npcs.friendly.windowDressing.sacrament.steinTheRisenSewersSurvivor.name","Stein","شتاين"
"entities.npcs.friendly.windowDressing.sacrament.thomTheCowardlyMan.name","Thom","توم"
"entities.npcs.friendly.windowDressing.sacrament.thoren.name","Thoren","ثورين"
"entities.npcs.friendly.windowDressing.sacrament.thorstenCuriousAboutWorld.name","Thorsten","ثورستن"
"entities.npcs.friendly.windowDressing.sacrament.tomlinTheCaylenVisitor.name","Tomlin","توملين"
"entities.npcs.friendly.windowDressing.sacrament.uriaTheNewlyDasha.name","Uria","أوريا"
"entities.npcs.friendly.windowDressing.sacrament.valTheHavenportMerchant.name","Val","فال"
"entities.npcs.friendly.windowDressing.sacrament.victoriaNeedsAJob.name","Victoria","فيكتوريا"
"entities.npcs.friendly.windowDressing.sacrament.warrenTheShopper.name","Warren","وارن"
"entities.npcs.friendly.windowDressing.sacrament.wilkieTheAspiringSoldier.name","Wilkie","ويلكي"
"entities.npcs.friendly.windowDressing.sacrament.wilmotTheStreetSweeper.name","Wilmot","ويلموت"
"entities.npcs.friendly.windowDressing.sacrament.xavierTheBrokeRichMan.name","Xavier","كزافييه"
"entities.npcs.friendly.windowDressing.sacrament.yennisTheFisher.name","Yennis","ينيس"
"entities.npcs.friendly.windowDressing.sacrament.yupitaTheGossipingWoman.name","Yupita","يوبيتا"
"entities.npcs.friendly.windowDressing.sacramentSoldiers.sacramentSoldierPassedOutView.GuardGerard","Guard Gerard","الحارس جيرارد"
"entities.npcs.friendly.windowDressing.sacramentSoldiers.sacramentSoldierSittingView.GuardRend","Guard Rend","الحارس ريند"
"entities.npcs.friendly.windowDressing.sacramentSoldiers.sacramentSoldierSpearView.GuardAlaric","Guard Alaric","الحارس ألاريك"
"entities.npcs.friendly.windowDressing.sacramentSoldiers.sacramentSoldierSpearView.GuardAldous","Guard Aldous","الحارس ألدوس"
"entities.npcs.friendly.windowDressing.sacramentSoldiers.sacramentSoldierSpearView.GuardAnot","Guard Anot","الحارس أنوت"
"entities.npcs.friendly.windowDressing.sacramentSoldiers.sacramentSoldierSpearView.GuardArin","Guard Arin","الحارس أرين"
"entities.npcs.friendly.windowDressing.sacramentSoldiers.sacramentSoldierSpearView.GuardArne","Guard Arne","الحارس أرني"
"entities.npcs.friendly.windowDressing.sacramentSoldiers.sacramentSoldierSpearView.GuardBenedus","Guard Benedus","الحارس بينيدوس"
"entities.npcs.friendly.windowDressing.sacramentSoldiers.sacramentSoldierSpearView.GuardBertram","Guard Bertram","الحارس بيرترام"
"entities.npcs.friendly.windowDressing.sacramentSoldiers.sacramentSoldierSpearView.GuardBols","Guard Bols","الحارس بولز"
"entities.npcs.friendly.windowDressing.sacramentSoldiers.sacramentSoldierSpearView.GuardCaide","Guard Caide","الحارس كايد"
"entities.npcs.friendly.windowDressing.sacramentSoldiers.sacramentSoldierSpearView.GuardCallo","Guard Callo","الحارس كالو"
"entities.npcs.friendly.windowDressing.sacramentSoldiers.sacramentSoldierSpearView.GuardCyprian","Guard Cyprian","الحارس سيبريان"
"entities.npcs.friendly.windowDressing.sacramentSoldiers.sacramentSoldierSpearView.GuardDinge","Guard Dinge","الحارس دينج"
"entities.npcs.friendly.windowDressing.sacramentSoldiers.sacramentSoldierSpearView.GuardDruo","Guard Druo","الحارس دروو"
"entities.npcs.friendly.windowDressing.sacramentSoldiers.sacramentSoldierSpearView.GuardGerris","Guard Gerris","الحارس جيريس"
"entities.npcs.friendly.windowDressing.sacramentSoldiers.sacramentSoldierSpearView.GuardKuro","Guard Kuro","الحارس كورو"
"entities.npcs.friendly.windowDressing.sacramentSoldiers.sacramentSoldierSpearView.GuardLearl","Guard Learl","الحارس ليرل"
"entities.npcs.friendly.windowDressing.sacramentSoldiers.sacramentSoldierSpearView.GuardLedon","Guard Ledon","الحارس ليدون"
"entities.npcs.friendly.windowDressing.sacramentSoldiers.sacramentSoldierSpearView.GuardLoos","Guard Loos","الحارس لوس"
"entities.npcs.friendly.windowDressing.sacramentSoldiers.sacramentSoldierSpearView.GuardMarit","Guard Marit","الحارس ماريت"
"entities.npcs.friendly.windowDressing.sacramentSoldiers.sacramentSoldierSpearView.GuardMontain","Guard Montain","الحارس مونتين"
"entities.npcs.friendly.windowDressing.sacramentSoldiers.sacramentSoldierSpearView.GuardNiko","Guard Niko","الحارس نيكو"
"entities.npcs.friendly.windowDressing.sacramentSoldiers.sacramentSoldierSpearView.GuardPallos","Guard Pallos","الحارس بالوس"
"entities.npcs.friendly.windowDressing.sacramentSoldiers.sacramentSoldierSpearView.GuardSaba","Guard Saba","الحارس سابا"
"entities.npcs.friendly.windowDressing.sacramentSoldiers.sacramentSoldierSpearView.GuardSarin","Guard Sarin","الحارس سارين"
"entities.npcs.friendly.windowDressing.sacramentSoldiers.sacramentSoldierSpearView.GuardSeelon","Guard Seelon","الحارس سيلون"
"entities.npcs.friendly.windowDressing.sacramentSoldiers.sacramentSoldierSpearView.GuardSefan","Guard Sefan","الحارس سيفان"
"entities.npcs.friendly.windowDressing.sacramentSoldiers.sacramentSoldierSpearView.GuardSylven","Guard Sylven","الحارس سيلفين"
"entities.npcs.friendly.windowDressing.sacramentSoldiers.sacramentSoldierSpearView.GuardTristan","Guard Tristan","الحارس تريستان"
"entities.npcs.functionalNPCs.arenaMaster.arenaMasterArenaView.ArenaMaster","Arena Master","سيد الساحة"
"entities.npcs.humanoids.boarskin.boarskinBastard.Name","Boarskin Bastard","وغد جلد الخنزير"
"entities.npcs.humanoids.boarskin.boarskinBloodmother.Name","Boarskin Bloodmother","أم الدم من جلد الخنزير"
"entities.npcs.humanoids.boarskin.boarskinMangler.Name","Boarskin Mangler","مقطّع جلد الخنزير"
"entities.npcs.humanoids.boarskin.boarskinPreacher.Name","Boarskin Preacher","واعظ جلد الخنزير"
"entities.npcs.humanoids.boarskin.boarskinSplinter.Name","Boarskin Splinter","شظية جلد الخنزير"
"entities.npcs.humanoids.boarskin.humanoidBoarskinVariant.name","Boarskin","جلد الخنزير"
"entities.npcs.humanoids.bolein.boleinDeserter.Name","Bolein Deserter","فار من بولين"
"entities.npcs.humanoids.corCerim.humanoidFalseOneVariant.name","False One","الزائف"
"entities.npcs.humanoids.humanoidEnemy.name","Risen","الناهض"
"entities.npcs.humanoids.redMercs.humanoidRedMercsVariant.name","Knight of Tanth","فارس تانث"
"entities.npcs.humanoids.risen.risenBlackmouth.Name","Risen Blackmouth","ناهض ذو الفم الأسود"
"entities.npcs.humanoids.risen.risenBreaker.Name","Risen Breaker","ناهض محطِم"
"entities.npcs.humanoids.risen.risenBulwark.Name","Risen Bulwark","ناهض حامي"
"entities.npcs.humanoids.risen.risenFledgling.Name","Risen Fledgling","ناهض غر"
"entities.npcs.humanoids.risen.risenGoliath.Name","Risen Goliath","عملاق ناهض"
"entities.npcs.humanoids.risen.risenHedgeKnight.Name","Risen Hedge Knight","فارس متجول ناهض"
"entities.npcs.humanoids.risen.risenIronhand.Name","Risen Ironhand","ناهض ذو القبضة الحديدية"
"entities.npcs.humanoids.risen.risenKindler.Name","Risen Kindler","ناهض موقد"
"entities.npcs.humanoids.risen.risenKnave.Name","Risen Knave","خبيث ناهض"
"entities.npcs.humanoids.risen.risenMauler.Name","Risen Mauler","ضارب ناهض"
"entities.npcs.humanoids.risen.risenRaker.Name","Risen Raker","خادش ناهض"
"entities.npcs.humanoids.risen.risenStalker.Name","Risen Stalker","متعقب ناهض"
"entities.npcs.humanoids.risen.risenStormwall.Name","Risen Stormwall","جدار العاصفة الناهض"
"entities.npcs.humanoids.risen.risenTallbear.Name","Risen Tallbear","دب طويل ناهض"
"entities.npcs.humanoids.risen.risenWildling.Name","Risen Wildling","همجي ناهض"
"entities.npcs.vendors.tailorSisters.tailorSistersView.Meriweather","Meriweather","ميريويذر"
"entities.npcs.vendors.tailorSisters.tailorSistersView.Mirabelle","Mirabelle","ميرابيل"
"entities.pickups.firstComeFirstServeItemDrop.interactionHint","Press [interact] to <color=#F2E6BD>collect loot</color>.","اضغط على [interact] <color=#F2E6BD>لجمع الغنائم</color>."
