"key","source","target"
"items.categories.alloy","Alloys","السبائك"
"items.categories.ammo","Ammo","الذخيرة"
"items.categories.amulet","Amulets","التمائم"
"items.categories.arkaneWeapon","Arkane Weapons","الأسلحة الغامضة"
"items.categories.armor","Armors","الدروع"
"items.categories.armorWard","Armor Wards","حمايات الدروع"
"items.categories.arrow","Arrows","السهام"
"items.categories.attackItem","Attack Items","عناصر الهجوم"
"items.categories.axe","Axe","فأس"
"items.categories.body","Body","درع الصدر"
"items.categories.bolt","Bolts","سهام النشاب"
"items.categories.bomb","Bombs","القنابل"
"items.categories.bow","Bows","الأقواس"
"items.categories.club","Club","هراوة"
"items.categories.component","Components","المكونات"
"items.categories.craftingTable","Crafting Table","طاولة التصنيع"
"items.categories.crossbow","Crossbow","القوس والنشاب"
"items.categories.curvedGreatSword","Curved Great Sword","سيف عظيم منحنٍ"
"items.categories.curvedSword","Curved Sword","سيف منحنٍ"
"items.categories.doubleDagger","Double Dagger","خنجر مزدوج"
"items.categories.elegantPlatter","Elegant Platters","أطباق فاخرة"
"items.categories.ember","Ember","الجمر"
"items.categories.enchantmentResource","Enchantment Resources","موارد السحر والتعزيز"
"items.categories.food","Food","الطعام"
"items.categories.foodBagSlots","Food Bag Slots","خانات حقيبة الطعام"
"items.categories.foodRecipe","Food Recipes","وصفات الطعام"
"items.categories.furniture","Furniture","الأثاث"
"items.categories.gloves","Gloves","القفازات"
"items.categories.greatAxe","Great Axe","فأس عظيمة"
"items.categories.greatClub","Great Club","هراوة عظيمة"
"items.categories.greatHammer","Great Hammer","مطرقة عظيمة"
"items.categories.greatSword","Great Sword","سيف عظيم"
"items.categories.halberd","Halberd","فأس ساطورية (هالبيرد)"
"items.categories.hammer","Hammer","مطرقة"
"items.categories.healing","Healing","العلاج"
"items.categories.helmet","Helmets","الخوذات"
"items.categories.hoe","Hoe","معزقة"
"items.categories.ingredient","Ingredients","المكونات"
"items.categories.itemPlan","Item Plans","مخططات العناصر"
"items.categories.katana","Katana","كاتانا"
"items.categories.key","Keys","المفاتيح"
"items.categories.knife","Knife","سكين"
"items.categories.mace","Mace","صولجان"
"items.categories.melee","Melee","قتال قريب"
"items.categories.money","Money","المال"
"items.categories.offHand","Off-Hands","عتاد اليد الثانوية"
"items.categories.oneHandedWeapon","One-Handed Weapons","أسلحة اليد الواحدة"
"items.categories.orb","Orbs","كرات سحرية"
"items.categories.other","Other","أخرى"
"items.categories.pants","Pants","السراويل"
"items.categories.pickaxe","Pickaxe","معول"
"items.categories.potion","Potions","الجرعات"
"items.categories.questItem","Quest Items","عناصر المهمات"
"items.categories.rangedWeapon","Ranged Weapons","أسلحة القتال عن بعد"
"items.categories.rapier","Rapier","سيف المبارزة (رابير)"
"items.categories.refinery","Refinery","معمل التكرير"
"items.categories.resource","Resources","الموارد"
"items.categories.ring","Rings","الخواتم"
"items.categories.rune","Rune","رون"
"items.categories.scepter","Scepter","صولجان حكم"
"items.categories.scythe","Scythe","منجل"
"items.categories.seed","Seeds","البذور"
"items.categories.shield","Shields","التروس"
"items.categories.shovel","Shovel","مجرفة"
"items.categories.simpleMeal","Simple Meals","وجبات بسيطة"
"items.categories.spear","Spear","رمح"
"items.categories.specialResource","Special Resources","موارد خاصة"
"items.categories.staff","Staves","عصي سحرية"
"items.categories.straightSword","Straight Sword","سيف مستقيم"
"items.categories.succulentFeast","Succulent Feasts","ولائم شهية"
"items.categories.tool","Tools","الأدوات"
"items.categories.totem","Totems","رموز طوطمية"
"items.categories.trap","Traps","الفخاخ"
"items.categories.trinkets","Trinkets","حلي وزينة"
"items.categories.twoHandedWeapon","Two-Handed Weapons","أسلحة اليدين"
"items.categories.wand","Wand","عصا سحرية قصيرة"
"items.categories.wateringCan","Watering Can","مرشة ماء"
"items.categories.weaponOil","Weapon Oils","زيوت الأسلحة"
"items.consumables.beverages.herbalBrews.bilgewaterCure.Description","Sailors swear by it. Everyone else just swears.","يقسم به البحارة، بينما يلعن الجميع سواه."
"items.consumables.beverages.herbalBrews.bilgewaterCure.Name","Bilgewater Cure","علاج مياه القعر"
"items.consumables.beverages.herbalBrews.dragonbarkBrew.Description","Resinous and sharp; clears the sinuses.","راتنجي وحاد؛ يُصفي الجيوب الأنفية."
"items.consumables.beverages.herbalBrews.dragonbarkBrew.Name","Dragonbark Brew","نقيع لحاء التنين"
"items.consumables.beverages.herbalBrews.greenveinDraught.Description","Smells of deep forest and old rain.","تفوح منها رائحة الغابة العميقة ومطر قديم."
"items.consumables.beverages.herbalBrews.greenveinDraught.Name","Greenvein Draught","جرعة العِرق الأخضر"
"items.consumables.beverages.herbalBrews.stoneleafTonic.Description","Tastes like licking a cave wall, but works.","مذاقه أشبه بلعق جدار كهف، لكنه يجدي نفعًا."
"items.consumables.beverages.herbalBrews.stoneleafTonic.Name","Stoneleaf Tonic","مقوي ورق الحجر"
"items.consumables.beverages.herbalBrews.twilightSteep.Description","Best brewed after sundown; some say it dreams.","يُفضل تخميره بعد الغروب؛ يقول البعض إنه يرى أحلامًا."
"items.consumables.beverages.herbalBrews.twilightSteep.Name","Twilight Steep","منقوع الشفق"
"items.consumables.beverages.herbalBrews.wanderersTea.Description","Bitter enough to keep you awake on the road.","مر بما يكفي لإبقائك يقظًا على الطريق."
"items.consumables.beverages.herbalBrews.wanderersTea.Name","Wanderer's Tea","شاي الرحالة"
"items.consumables.beverages.winesAndCiders.appleCider.Description","Cheap, sweet, and gets the job done.","رخيص، وحلو المذاق، ويفي بالغرض."
"items.consumables.beverages.winesAndCiders.appleCider.Name","Apple Cider","عصير تفاح"
"items.consumables.beverages.winesAndCiders.cavernSweet.Description","Sticky-dark and cloying; an acquired taste.","لزج داكن وشديد الحلاوة؛ مذاق يحتاج إلى اعتياد."
"items.consumables.beverages.winesAndCiders.cavernSweet.Name","Cavern Sweet","حلوى الكهوف"
"items.consumables.beverages.winesAndCiders.emberDraught.Description","Warm going down; warmer coming back up.","دافئة عند ابتلاعها؛ وأشد دفئًا عند ارتدادها."
"items.consumables.beverages.winesAndCiders.emberDraught.Name","Ember Draught","جرعة الجمر"
"items.consumables.beverages.winesAndCiders.foragersBlue.Description","A woodland vintage passed between wanderers.","خمر غابي يتناقله الرحالة."
"items.consumables.beverages.winesAndCiders.foragersBlue.Name","Forager's Blue","زرقة الجامع"
"items.consumables.beverages.winesAndCiders.mudfootWine.Description","Cloudy but honest; tastes like the riverbank smells.","عكر لكنه أصيل؛ مذاقه يشبه رائحة ضفة النهر."
"items.consumables.beverages.winesAndCiders.mudfootWine.Name","Mudfoot Wine","نبيذ القدم الموحلة"
"items.consumables.beverages.winesAndCiders.rubyTonic.Description","Jewel-red and bittersweet; once reserved for lords.","أحمر كالجواهر وحلو بمرارة؛ كان حكرًا على اللوردات في الماضي."
"items.consumables.beverages.winesAndCiders.rubyTonic.Name","Ruby Tonic","المقوي الياقوتي"
"items.consumables.cookedMeals.elegantPlatter.anglersDelightChowder.Description","Instantly restores <color=#5B9968>{0}</color> Health and <color=#5B9968>{1}</color> Focus.","يستعيد على الفور <color=#5B9968>{0}</color> من الصحة و<color=#5B9968>{1}</color> من التركيز."
"items.consumables.cookedMeals.elegantPlatter.anglersDelightChowder.Name","Angler's Delight Chowder","حساء بهجة الصياد"
"items.consumables.cookedMeals.elegantPlatter.bilgeSkewer.Description","Instantly restores <color=#5B9968>{0}</color> Health.","يستعيد على الفور <color=#5B9968>{0}</color> من الصحة."
"items.consumables.cookedMeals.elegantPlatter.bilgeSkewer.Name","Bilge Skewer","سيخ مياه القعر"
"items.consumables.cookedMeals.elegantPlatter.dockhandStew.Description","Instantly restores <color=#5B9968>{0}</color> Health.","تستعيد على الفور <color=#5B9968>{0}</color> من الصحة."
"items.consumables.cookedMeals.elegantPlatter.dockhandStew.Name","Dockhand Stew","يخنة عمال الرصيف"
"items.consumables.cookedMeals.elegantPlatter.fishSalad.Description","Instantly restores <color=#5B9968>{0}</color> Health and <color=#5B9968>{1}</color> Focus.","تستعيد على الفور <color=#5B9968>{0}</color> من الصحة و<color=#5B9968>{1}</color> من التركيز."
"items.consumables.cookedMeals.elegantPlatter.fishSalad.Name","Fish Salad","سلطة سمك"
"items.consumables.cookedMeals.elegantPlatter.fishSkewer.Description","Instantly restores <color=#5B9968>{0}</color> Health and <color=#5B9968>{1}</color> Focus.","يستعيد على الفور <color=#5B9968>{0}</color> من الصحة و<color=#5B9968>{1}</color> من التركيز."
"items.consumables.cookedMeals.elegantPlatter.fishSkewer.Name","Fish Skewer","سيخ سمك"
"items.consumables.cookedMeals.elegantPlatter.goldenStew.Description","Instantly restores <color=#5B9968>{0}</color> Health. Increases Stamina by <color=#5B9968>{2}</color> for <color=#F2E6BD>{1} Seconds</color>.","تستعيد على الفور <color=#5B9968>{0}</color> من الصحة. تزيد قدرة التحمل بمقدار <color=#5B9968>{2}</color> لمدة <color=#F2E6BD>{1} ثانية</color>."
"items.consumables.cookedMeals.elegantPlatter.goldenStew.Name","Golden Stew","يخنة ذهبية"
"items.consumables.cookedMeals.elegantPlatter.heartyHarvestRagout.Description","Instantly restores <color=#5B9968>{0}</color> Health.
Increases Stamina by <color=#5B9968>{2}</color> for <color=#F2E6BD>{1} Seconds</color>.","تستعيد على الفور <color=#5B9968>{0}</color> من الصحة.
تزيد قدرة التحمل بمقدار <color=#5B9968>{2}</color> لمدة <color=#F2E6BD>{1} ثانية</color>."
"items.consumables.cookedMeals.elegantPlatter.heartyHarvestRagout.Name","Hearty Harvest Ragout","يخنة الحصاد الدسمة"
"items.consumables.cookedMeals.elegantPlatter.herdersHearthStew.Description","Instantly restores <color=#5B9968>{0}</color> Health.
Increases Stamina by <color=#5B9968>{2}</color> for <color=#F2E6BD>{1} Seconds</color>.","تستعيد على الفور <color=#5B9968>{0}</color> من الصحة.
تزيد قدرة التحمل بمقدار <color=#5B9968>{2}</color> لمدة <color=#F2E6BD>{1} ثانية</color>."
"items.consumables.cookedMeals.elegantPlatter.herdersHearthStew.Name","Herder's Hearth Stew","يخنة موقد الراعي"
"items.consumables.cookedMeals.elegantPlatter.loominOnion.Description","Instantly restores <color=#5B9968>{0}</color> Health.","يستعيد على الفور <color=#5B9968>{0}</color> من الصحة."
"items.consumables.cookedMeals.elegantPlatter.loominOnion.Name","Loomin Onion","بصل لومين"
"items.consumables.cookedMeals.elegantPlatter.minersChowder.Description","Instantly restores <color=#5B9968>{0}</color> Health. Increases Stamina by <color=#5B9968>{2}</color> for <color=#F2E6BD>{1} Seconds</color>.","يستعيد على الفور <color=#5B9968>{0}</color> من الصحة. يزيد قدرة التحمل بمقدار <color=#5B9968>{2}</color> لمدة <color=#F2E6BD>{1} ثانية</color>."
"items.consumables.cookedMeals.elegantPlatter.minersChowder.Name","Miner's Chowder","حساء المعدّنين"
"items.consumables.cookedMeals.elegantPlatter.mushroomAndMeatCurry.Description","Instantly restores <color=#5B9968>{0}</color> Health.
Increases Stamina by <color=#5B9968>{2}</color> for <color=#F2E6BD>{1} Seconds</color>.","يستعيد على الفور <color=#5B9968>{0}</color> من الصحة.
يزيد قدرة التحمل بمقدار <color=#5B9968>{2}</color> لمدة <color=#F2E6BD>{1} ثانية</color>."
"items.consumables.cookedMeals.elegantPlatter.mushroomAndMeatCurry.Name","Mushroom and Meat Curry","كاري الفطر واللحم"
"items.consumables.cookedMeals.elegantPlatter.paleBeautyChowder.Description","Instantly restores <color=#5B9968>{0}</color> Health and <color=#5B9968>{1}</color> Focus.","يستعيد على الفور <color=#5B9968>{0}</color> من الصحة و<color=#5B9968>{1}</color> من التركيز."
"items.consumables.cookedMeals.elegantPlatter.paleBeautyChowder.Name","Pale Beauty Chowder","حساء الجمال الشاحب"
"items.consumables.cookedMeals.elegantPlatter.pumpkinBowl.Description","Instantly restores <color=#5B9968>{0}</color> Health.","يستعيد على الفور <color=#5B9968>{0}</color> من الصحة."
"items.consumables.cookedMeals.elegantPlatter.pumpkinBowl.Name","Pumpkin Bowl","وعاء اليقطين"
"items.consumables.cookedMeals.elegantPlatter.rootBake.Description","Instantly restores <color=#5B9968>{0}</color> Health.","يستعيد على الفور <color=#5B9968>{0}</color> من الصحة."
"items.consumables.cookedMeals.elegantPlatter.rootBake.Name","Root Bake","مخبوز الجذور"
"items.consumables.cookedMeals.elegantPlatter.saltedEelMedley.Description","Instantly restores <color=#5B9968>{0}</color> Health. Increases Stamina by <color=#5B9968>{2}</color> for <color=#F2E6BD>{1} Seconds</color>.","يستعيد على الفور <color=#5B9968>{0}</color> من الصحة. يزيد قدرة التحمل بمقدار <color=#5B9968>{2}</color> لمدة <color=#F2E6BD>{1} ثانية</color>."
"items.consumables.cookedMeals.elegantPlatter.saltedEelMedley.Name","Salted Eel Medley","خليط الأنقليس المملح"
"items.consumables.cookedMeals.elegantPlatter.seafarersSkewer.Description","Instantly restores <color=#5B9968>{0}</color> Health and <color=#5B9968>{1}</color> Focus.","يستعيد على الفور <color=#5B9968>{0}</color> من الصحة و<color=#5B9968>{1}</color> من التركيز."
"items.consumables.cookedMeals.elegantPlatter.seafarersSkewer.Name","Seafarer's Skewer","سيخ البحار"
"items.consumables.cookedMeals.elegantPlatter.shepherdsPie.Description","Instantly restores <color=#5B9968>{0}</color> Health. Increases Damage Dealt by <color=#5B9968>{2}</color> for <color=#F2E6BD>{1} Seconds</color>.","تستعيد على الفور <color=#5B9968>{0}</color> من الصحة. تزيد الضرر المُلحق بمقدار <color=#5B9968>{2}</color> لمدة <color=#F2E6BD>{1} ثانية</color>."
"items.consumables.cookedMeals.elegantPlatter.shepherdsPie.Name","Shepherd's Pie","فطيرة الراعي"
"items.consumables.cookedMeals.elegantPlatter.smokedFishSkewer.Description","Instantly restores <color=#5B9968>{0}</color> Health and <color=#5B9968>{1}</color> Focus.","يستعيد على الفور <color=#5B9968>{0}</color> من الصحة و<color=#5B9968>{1}</color> من التركيز."
"items.consumables.cookedMeals.elegantPlatter.smokedFishSkewer.Name","Smoked Fish Skewer","سيخ سمك مدخن"
"items.consumables.cookedMeals.elegantPlatter.spicedCutlet.Description","Instantly restores <color=#5B9968>{0}</color> Health.","تستعيد على الفور <color=#5B9968>{0}</color> من الصحة."
"items.consumables.cookedMeals.elegantPlatter.spicedCutlet.Name","Spiced Cutlet","شريحة لحم متبلة"
"items.consumables.cookedMeals.elegantPlatter.tomatoBisque.Description","Instantly restores <color=#5B9968>{0}</color> Health.","يستعيد على الفور <color=#5B9968>{0}</color> من الصحة."
"items.consumables.cookedMeals.elegantPlatter.tomatoBisque.Name","Tomato Bisque","حساء الطماطم الغليظ"
"items.consumables.cookedMeals.simpleMeal.chewySteak.Description","Instantly restores <color=#5B9968>{0}</color> Health.","تستعيد على الفور <color=#5B9968>{0}</color> من الصحة."
"items.consumables.cookedMeals.simpleMeal.chewySteak.Name","Chewy Steak","شريحة لحم مطاطية"
"items.consumables.cookedMeals.simpleMeal.crabChowder.Description","Instantly restores <color=#5B9968>{0}</color> Health.","يستعيد على الفور <color=#5B9968>{0}</color> من الصحة."
"items.consumables.cookedMeals.simpleMeal.crabChowder.Name","Crab Chowder","حساء السلطعون"
"items.consumables.cookedMeals.simpleMeal.dracaenaDumpling.Description","Instantly restores <color=#5B9968>{0}</color> Health.","تستعيد على الفور <color=#5B9968>{0}</color> من الصحة."
"items.consumables.cookedMeals.simpleMeal.dracaenaDumpling.Name","Dracaena Dumpling","زلابية عشبة التنين"
"items.consumables.cookedMeals.simpleMeal.mushroomSoup.Description","Instantly restores <color=#5B9968>{0}</color> Health.","يستعيد على الفور <color=#5B9968>{0}</color> من الصحة."
"items.consumables.cookedMeals.simpleMeal.mushroomSoup.Name","Mushroom Soup","حساء الفطر"
"items.consumables.cookedMeals.succulentFeast.applePie.Description","Instantly restores <color=#5B9968>{0}</color> Health. Increases Focus by <color=#5B9968>{2}</color> for <color=#F2E6BD>{1} Seconds</color>.","تستعيد على الفور <color=#5B9968>{0}</color> من الصحة. تزيد التركيز بمقدار <color=#5B9968>{2}</color> لمدة <color=#F2E6BD>{1} ثانية</color>."
"items.consumables.cookedMeals.succulentFeast.applePie.Name","Apple Pie","فطيرة تفاح"
"items.consumables.cookedMeals.succulentFeast.braisedTenderloin.Description","Instantly restores <color=#5B9968>{0}</color> Health. Increases Damage Dealt by <color=#5B9968>{2}</color> for <color=#F2E6BD>{1} Seconds</color>.","يستعيد على الفور <color=#5B9968>{0}</color> من الصحة. يزيد الضرر المُلحق بمقدار <color=#5B9968>{2}</color> لمدة <color=#F2E6BD>{1} ثانية</color>."
"items.consumables.cookedMeals.succulentFeast.braisedTenderloin.Name","Braised Tenderloin","لحم متن مطهو ببطء"
"items.consumables.cookedMeals.succulentFeast.breadedEscalope.Description","Instantly restores <color=#5B9968>{0}</color> Health. Increases Damage Dealt by <color=#5B9968>{2}</color> for <color=#F2E6BD>{1} Seconds</color>.","يستعيد على الفور <color=#5B9968>{0}</color> من الصحة. يزيد الضرر المُلحق بمقدار <color=#5B9968>{2}</color> لمدة <color=#F2E6BD>{1} ثانية</color>."
"items.consumables.cookedMeals.succulentFeast.breadedEscalope.Name","Breaded Escalope","إسكالوب بالبقسماط"
"items.consumables.cookedMeals.succulentFeast.crabStuffedMushroom.Description","Instantly restores <color=#5B9968>{0}</color> Health. Increases Health by <color=#5B9968>{2}</color> for <color=#F2E6BD>{1} Seconds</color>.","يستعيد على الفور <color=#5B9968>{0}</color> من الصحة. يزيد الصحة بمقدار <color=#5B9968>{2}</color> لمدة <color=#F2E6BD>{1} ثانية</color>."
"items.consumables.cookedMeals.succulentFeast.crabStuffedMushroom.Name","Crab Stuffed Mushroom","فطر محشو بالسلطعون"
"items.consumables.cookedMeals.succulentFeast.fruitPie.Description","Instantly restores <color=#5B9968>{0}</color> Health. Increases Stamina by <color=#5B9968>{2}</color> for <color=#F2E6BD>{1} Seconds</color>.","تستعيد على الفور <color=#5B9968>{0}</color> من الصحة. تزيد قدرة التحمل بمقدار <color=#5B9968>{2}</color> لمدة <color=#F2E6BD>{1} ثانية</color>."
"items.consumables.cookedMeals.succulentFeast.fruitPie.Name","Fruit Pie","فطيرة فواكه"
"items.consumables.cookedMeals.succulentFeast.herbInfusedRiverfeast.Description","Instantly restores <color=#5B9968>{0}</color> Health. Increases Health by <color=#5B9968>{2}</color> for <color=#F2E6BD>{1} Seconds</color>.","تستعيد على الفور <color=#5B9968>{0}</color> من الصحة. تزيد الصحة بمقدار <color=#5B9968>{2}</color> لمدة <color=#F2E6BD>{1} ثانية</color>."
"items.consumables.cookedMeals.succulentFeast.herbInfusedRiverfeast.Name","Herb-Infused Riverfeast","وليمة نهرية بالأعشاب"
"items.consumables.cookedMeals.succulentFeast.koiExplosion.Description","Instantly restores <color=#5B9968>{0}</color> Health. Increases Damage Dealt by <color=#5B9968>{2}</color> for <color=#F2E6BD>{1} Seconds</color>.","يستعيد على الفور <color=#5B9968>{0}</color> من الصحة. يزيد الضرر المُلحق بمقدار <color=#5B9968>{2}</color> لمدة <color=#F2E6BD>{1} ثانية</color>."
"items.consumables.cookedMeals.succulentFeast.koiExplosion.Name","Koi Explosion","انفجار سمك الكوي"
"items.consumables.cookedMeals.succulentFeast.marbledStew.Description","Instantly restores <color=#5B9968>{0}</color> Health. Increases Damage Dealt by <color=#5B9968>{2}</color> for <color=#F2E6BD>{1} Seconds</color>.","تستعيد على الفور <color=#5B9968>{0}</color> من الصحة. تزيد الضرر المُلحق بمقدار <color=#5B9968>{2}</color> لمدة <color=#F2E6BD>{1} ثانية</color>."
"items.consumables.cookedMeals.succulentFeast.marbledStew.Name","Marbled Stew","يخنة معرقة بالدهن"
"items.consumables.cookedMeals.succulentFeast.pumpkinPearPie.Description","Instantly restores <color=#5B9968>{0}</color> Health. Increases Damage Dealt by <color=#5B9968>{2}</color> for <color=#F2E6BD>{1} Seconds</color>.","تستعيد على الفور <color=#5B9968>{0}</color> من الصحة. تزيد الضرر المُلحق بمقدار <color=#5B9968>{2}</color> لمدة <color=#F2E6BD>{1} ثانية</color>."
"items.consumables.cookedMeals.succulentFeast.pumpkinPearPie.Name","Pumpkin Pear Pie","فطيرة اليقطين والكمثرى"
"items.consumables.cookedMeals.succulentFeast.punchCake.Description","Instantly restores <color=#5B9968>{0}</color> Health. Increases Damage Dealt by <color=#5B9968>{2}</color> for <color=#F2E6BD>{1} Seconds</color>.","تستعيد على الفور <color=#5B9968>{0}</color> من الصحة. تزيد الضرر المُلحق بمقدار <color=#5B9968>{2}</color> لمدة <color=#F2E6BD>{1} ثانية</color>."
"items.consumables.cookedMeals.succulentFeast.punchCake.Name","Punch Cake","كعكة اللكمة"
"items.consumables.cookedMeals.succulentFeast.royalRagout.Description","Instantly restores <color=#5B9968>{0}</color> Health. Increases Damage Dealt by <color=#5B9968>{2}</color> for <color=#F2E6BD>{1} Seconds</color>.","تستعيد على الفور <color=#5B9968>{0}</color> من الصحة. تزيد الضرر المُلحق بمقدار <color=#5B9968>{2}</color> لمدة <color=#F2E6BD>{1} ثانية</color>."
"items.consumables.cookedMeals.succulentFeast.royalRagout.Name","Royal Ragout","يخنة ملكية"
"items.consumables.cookedMeals.succulentFeast.sirloinPlatter.Description","Instantly restores <color=#5B9968>{0}</color> Health. Increases Health by <color=#5B9968>{2}</color> for <color=#F2E6BD>{1} Seconds</color>.","يستعيد على الفور <color=#5B9968>{0}</color> من الصحة. يزيد الصحة بمقدار <color=#5B9968>{2}</color> لمدة <color=#F2E6BD>{1} ثانية</color>."
"items.consumables.cookedMeals.succulentFeast.sirloinPlatter.Name","Sirloin Platter","طبق شريحة لحم الخاصرة"
"items.consumables.cookedMeals.succulentFeast.smokedFishPlatter.Description","Instantly restores <color=#5B9968>{0}</color> Health. Increases Damage Dealt by <color=#5B9968>{2}</color> for <color=#F2E6BD>{1} Seconds</color>.","يستعيد على الفور <color=#5B9968>{0}</color> من الصحة. يزيد الضرر المُلحق بمقدار <color=#5B9968>{2}</color> لمدة <color=#F2E6BD>{1} ثانية</color>."
"items.consumables.cookedMeals.succulentFeast.smokedFishPlatter.Name","Smoked Fish Platter","طبق سمك مدخن"
"items.consumables.cookedMeals.succulentFeast.vegetableCake.Description","Instantly restores <color=#5B9968>{0}</color> Health. Increases Damage Dealt by <color=#5B9968>{2}</color> for <color=#F2E6BD>{1} Seconds</color>.","تستعيد على الفور <color=#5B9968>{0}</color> من الصحة. تزيد الضرر المُلحق بمقدار <color=#5B9968>{2}</color> لمدة <color=#F2E6BD>{1} ثانية</color>."
"items.consumables.cookedMeals.succulentFeast.vegetableCake.Name","Vegetable Cake","كعكة خضار"
"items.consumables.drugs.savor.Description","An illicit substance of unknown origin. Sought by many, reviled by more. Consume at your own risk.","مادة محظورة مجهولة المصدر. يسعى إليها الكثيرون، وينبذها الأكثر. استهلكها على مسؤوليتك الخاصة."
"items.consumables.drugs.savor.Name","Savor","لذة"
"items.consumables.potions.giantAntidotePotion.Description","A vial that can <color=#F2E6BD>cure</color> all but the most severe cases of <color=#F2E6BD>poison</color>.","قارورة يمكنها <color=#F2E6BD>علاج</color> كافة حالات <color=#F2E6BD>السم</color> تقريبًا باستثناء أشدها فتكًا."
"items.consumables.potions.giantAntidotePotion.Name","Giant Antidote Potion","جرعة ترياق عملاقة"
"items.consumables.potions.giantExperiencePotion.Description","Increases <color=#F2E6BD>Experience Gain</color> by <color=#5B9968>{1}</color> for <color=#F2E6BD>1 Hour</color>.","تزيد <color=#F2E6BD>اكتساب الخبرة</color> بمقدار <color=#5B9968>{1}</color> لمدة <color=#F2E6BD>ساعة واحدة</color>."
"items.consumables.potions.giantExperiencePotion.Name","Giant Experience Potion","جرعة خبرة عملاقة"
"items.consumables.potions.giantVialOfDefense.Description","Reduces <color=#F2E6BD>Damage Taken </color>by <color=#5B9968>{2}</color> and grants <color=#5B9968>{1}</color> additional <color=#F2E6BD>Poise Defense</color> for <color=#F2E6BD>{0} Seconds</color>.","تقلل <color=#F2E6BD>الضرر المُتلقى </color>بمقدار <color=#5B9968>{2}</color> وتمنح <color=#5B9968>{1}</color> إضافية من <color=#F2E6BD>دفاع الثبات</color> لمدة <color=#F2E6BD>{0} ثوانٍ</color>."
"items.consumables.potions.giantVialOfDefense.Name","Giant Vial of Defense","قارورة دفاع عملاقة"
"items.consumables.potions.giantVialOfFocus.Description","Increases <color=#F2E6BD>Focus Gain</color> by <color=#5B9968>{1}</color> for <color=#F2E6BD>{0} Seconds</color>.","تزيد <color=#F2E6BD>اكتساب التركيز</color> بمقدار <color=#5B9968>{1}</color> لمدة <color=#F2E6BD>{0} ثوانٍ</color>."
"items.consumables.potions.giantVialOfFocus.Name","Giant Vial of Focus","قارورة تركيز عملاقة"
"items.consumables.potions.giantVialOfRejuvenation.Description","Potion that <color=#F2E6BD>rejuvenates fallen allies</color>.","جرعة <color=#F2E6BD>تنعش الحلفاء الساقطين</color>."
"items.consumables.potions.giantVialOfRejuvenation.Name","Giant Vial of Rejuvenation","قارورة إنعاش عملاقة"
"items.consumables.potions.giantVialOfStamina.Description","Increases your Stamina by <color=#5B9968>{1}</color> for <color=#F2E6BD>{0} Seconds</color>.","تزيد قوة تحملك بمقدار <color=#5B9968>{1}</color> لمدة <color=#F2E6BD>{0} ثوانٍ</color>."
"items.consumables.potions.giantVialOfStamina.Name","Giant Vial of Stamina","قارورة قدرة تحمل عملاقة"
"items.consumables.potions.grandAntidotePotion.Description","A vial that can <color=#F2E6BD>cure</color> a large amount of <color=#F2E6BD>poison</color>.","قارورة يمكنها <color=#F2E6BD>علاج</color> كمية كبيرة جدًا من <color=#F2E6BD>السم</color>."
"items.consumables.potions.grandAntidotePotion.Name","Grand Antidote Potion","جرعة ترياق كبرى"
"items.consumables.potions.grandExperiencePotion.Description","Increases <color=#F2E6BD>Experience Gain</color> by <color=#5B9968>{1}</color> for <color=#F2E6BD>1 Hour</color>.","تزيد <color=#F2E6BD>اكتساب الخبرة</color> بمقدار <color=#5B9968>{1}</color> لمدة <color=#F2E6BD>ساعة واحدة</color>."
"items.consumables.potions.grandExperiencePotion.Name","Grand Experience Potion","جرعة خبرة كبرى"
"items.consumables.potions.grandVialOfDefense.Description","Reduces <color=#F2E6BD>Damage Taken </color>by <color=#5B9968>{2}</color> and grants <color=#5B9968>{1}</color> additional <color=#F2E6BD>Poise Defense</color> for <color=#F2E6BD>{0} Seconds</color>.","تقلل <color=#F2E6BD>الضرر المُتلقى </color>بمقدار <color=#5B9968>{2}</color> وتمنح <color=#5B9968>{1}</color> إضافية من <color=#F2E6BD>دفاع الثبات</color> لمدة <color=#F2E6BD>{0} ثوانٍ</color>."
"items.consumables.potions.grandVialOfDefense.Name","Grand Vial of Defense","قارورة دفاع كبرى"
"items.consumables.potions.grandVialOfFocus.Description","Increases <color=#F2E6BD>Focus Gain</color> by <color=#5B9968>{1}</color> for <color=#F2E6BD>{0} Seconds</color>.","تزيد <color=#F2E6BD>اكتساب التركيز</color> بمقدار <color=#5B9968>{1}</color> لمدة <color=#F2E6BD>{0} ثوانٍ</color>."
"items.consumables.potions.grandVialOfFocus.Name","Grand Vial of Focus","قارورة تركيز كبرى"
"items.consumables.potions.grandVialOfRejuvenation.Description","Potion that <color=#F2E6BD>rejuvenates fallen allies</color>.","جرعة <color=#F2E6BD>تنعش الحلفاء الساقطين</color>."
"items.consumables.potions.grandVialOfRejuvenation.Name","Grand Vial of Rejuvenation","قارورة إنعاش كبرى"
"items.consumables.potions.grandVialOfStamina.Description","Increases your Stamina by <color=#5B9968>{1}</color> for <color=#F2E6BD>{0} Seconds</color>.","تزيد قوة تحملك بمقدار <color=#5B9968>{1}</color> لمدة <color=#F2E6BD>{0} ثوانٍ</color>."
"items.consumables.potions.grandVialOfStamina.Name","Grand Vial of Stamina","قارورة قدرة تحمل كبرى"
"items.consumables.potions.greaterAntidotePotion.Description","A vial that can <color=#F2E6BD>cure</color> a substantial amount of <color=#F2E6BD>poison</color>.","قارورة يمكنها <color=#F2E6BD>علاج</color> كمية هائلة من <color=#F2E6BD>السم</color>."
"items.consumables.potions.greaterAntidotePotion.Name","Greater Antidote Potion","جرعة ترياق عظيمة"
"items.consumables.potions.greaterExperiencePotion.Description","Increases <color=#F2E6BD>Experience Gain</color> by <color=#5B9968>{1}</color> for <color=#F2E6BD>1 Hour</color>.","تزيد <color=#F2E6BD>اكتساب الخبرة</color> بمقدار <color=#5B9968>{1}</color> لمدة <color=#F2E6BD>ساعة واحدة</color>."
"items.consumables.potions.greaterExperiencePotion.Name","Greater Experience Potion","جرعة خبرة عظيمة"
"items.consumables.potions.greaterVialOfDefense.Description","Reduces <color=#F2E6BD>Damage Taken </color>by <color=#5B9968>{2}</color> and grants <color=#5B9968>{1}</color> additional <color=#F2E6BD>Poise Defense</color> for <color=#F2E6BD>{0} Seconds</color>.","تقلل <color=#F2E6BD>الضرر المُتلقى </color>بمقدار <color=#5B9968>{2}</color> وتمنح <color=#5B9968>{1}</color> إضافية من <color=#F2E6BD>دفاع الثبات</color> لمدة <color=#F2E6BD>{0} ثوانٍ</color>."
"items.consumables.potions.greaterVialOfDefense.Name","Greater Vial of Defense","قارورة دفاع عظيمة"
"items.consumables.potions.greaterVialOfFocus.Description","Increases <color=#F2E6BD>Focus Gain</color> by <color=#5B9968>{1}</color> for <color=#F2E6BD>{0} Seconds</color>.","تزيد <color=#F2E6BD>اكتساب التركيز</color> بمقدار <color=#5B9968>{1}</color> لمدة <color=#F2E6BD>{0} ثوانٍ</color>."
"items.consumables.potions.greaterVialOfFocus.Name","Greater Vial of Focus","قارورة تركيز عظيمة"
"items.consumables.potions.greaterVialOfRejuvenation.Description","Potion that <color=#F2E6BD>rejuvenates fallen allies</color>.","جرعة <color=#F2E6BD>تنعش الحلفاء الساقطين</color>."
"items.consumables.potions.greaterVialOfRejuvenation.Name","Greater Vial of Rejuvenation","قارورة إنعاش عظيمة"
"items.consumables.potions.greaterVialOfStamina.Description","Increases your Stamina by <color=#5B9968>{1}</color> for <color=#F2E6BD>{0} Seconds</color>.","تزيد قوة تحملك بمقدار <color=#5B9968>{1}</color> لمدة <color=#F2E6BD>{0} ثوانٍ</color>."
"items.consumables.potions.greaterVialOfStamina.Name","Greater Vial of Stamina","قارورة قدرة تحمل عظيمة"
"items.consumables.potions.largeAntidotePotion.Description","A vial that can <color=#F2E6BD>cure</color> a significant dose of <color=#F2E6BD>poison</color>.","قارورة يمكنها <color=#F2E6BD>علاج</color> جرعة ملحوظة من <color=#F2E6BD>السم</color>."
"items.consumables.potions.largeAntidotePotion.Name","Large Antidote Potion","جرعة ترياق كبيرة"
"items.consumables.potions.largeExperiencePotion.Description","Increases <color=#F2E6BD>Experience Gain</color> by <color=#5B9968>{1}</color> for <color=#F2E6BD>1 Hour</color>.","تزيد <color=#F2E6BD>اكتساب الخبرة</color> بمقدار <color=#5B9968>{1}</color> لمدة <color=#F2E6BD>ساعة واحدة</color>."
"items.consumables.potions.largeExperiencePotion.Name","Large Experience Potion","جرعة خبرة كبيرة"
"items.consumables.potions.largeVialOfDefense.Description","Reduces <color=#F2E6BD>Damage Taken </color>by <color=#5B9968>{2}</color> and grants <color=#5B9968>{1}</color> additional <color=#F2E6BD>Poise Defense</color> for <color=#F2E6BD>{0} Seconds</color>.","تقلل <color=#F2E6BD>الضرر المُتلقى </color>بمقدار <color=#5B9968>{2}</color> وتمنح <color=#5B9968>{1}</color> إضافية من <color=#F2E6BD>دفاع الثبات</color> لمدة <color=#F2E6BD>{0} ثوانٍ</color>."
"items.consumables.potions.largeVialOfDefense.Name","Large Vial of Defense","قارورة دفاع كبيرة"
"items.consumables.potions.largeVialOfFocus.Description","Increases <color=#F2E6BD>Focus Gain</color> by <color=#5B9968>{1}</color> for <color=#F2E6BD>{0} Seconds</color>.","تزيد <color=#F2E6BD>اكتساب التركيز</color> بمقدار <color=#5B9968>{1}</color> لمدة <color=#F2E6BD>{0} ثوانٍ</color>."
"items.consumables.potions.largeVialOfFocus.Name","Large Vial of Focus","قارورة تركيز كبيرة"
"items.consumables.potions.largeVialOfRejuvenation.Description","Potion that <color=#F2E6BD>rejuvenates fallen allies</color>.","جرعة <color=#F2E6BD>تنعش الحلفاء الساقطين</color>."
"items.consumables.potions.largeVialOfRejuvenation.Name","Large Vial of Rejuvenation","قارورة إنعاش كبيرة"
"items.consumables.potions.largeVialOfStamina.Description","Increases your Stamina by <color=#5B9968>{1}</color> for <color=#F2E6BD>{0} Seconds</color>.","تزيد قوة تحملك بمقدار <color=#5B9968>{1}</color> لمدة <color=#F2E6BD>{0} ثوانٍ</color>."
"items.consumables.potions.largeVialOfStamina.Name","Large Vial of Stamina","قارورة قدرة تحمل كبيرة"
"items.consumables.potions.mediumAntidotePotion.Description","A vial that can <color=#F2E6BD>cure</color> a mild dose of <color=#F2E6BD>poison</color>.","قارورة يمكنها <color=#F2E6BD>علاج</color> جرعة خفيفة من <color=#F2E6BD>السم</color>."
"items.consumables.potions.mediumAntidotePotion.Name","Medium Antidote Potion","جرعة ترياق متوسطة"
"items.consumables.potions.mediumExperiencePotion.Description","Increases <color=#F2E6BD>Experience Gain</color> by <color=#5B9968>{1}</color> for <color=#F2E6BD>1 Hour</color>.","تزيد <color=#F2E6BD>اكتساب الخبرة</color> بمقدار <color=#5B9968>{1}</color> لمدة <color=#F2E6BD>ساعة واحدة</color>."
"items.consumables.potions.mediumExperiencePotion.Name","Medium Experience Potion","جرعة خبرة متوسطة"
"items.consumables.potions.mediumVialOfDefense.Description","Reduces <color=#F2E6BD>Damage Taken </color>by <color=#5B9968>{2}</color> and grants <color=#5B9968>{1}</color> additional <color=#F2E6BD>Poise Defense</color> for <color=#F2E6BD>{0} Seconds</color>.","تقلل <color=#F2E6BD>الضرر المُتلقى </color>بمقدار <color=#5B9968>{2}</color> وتمنح <color=#5B9968>{1}</color> إضافية من <color=#F2E6BD>دفاع الثبات</color> لمدة <color=#F2E6BD>{0} ثوانٍ</color>."
"items.consumables.potions.mediumVialOfDefense.Name","Medium Vial of Defense","قارورة دفاع متوسطة"
"items.consumables.potions.mediumVialOfFocus.Description","Increases <color=#F2E6BD>Focus Gain</color> by <color=#5B9968>{1}</color> for <color=#F2E6BD>{0} Seconds</color>.","تزيد <color=#F2E6BD>اكتساب التركيز</color> بمقدار <color=#5B9968>{1}</color> لمدة <color=#F2E6BD>{0} ثوانٍ</color>."
"items.consumables.potions.mediumVialOfFocus.Name","Medium Vial of Focus","قارورة تركيز متوسطة"
"items.consumables.potions.mediumVialOfRejuvenation.Description","Potion that <color=#F2E6BD>rejuvenates fallen allies</color>.","جرعة <color=#F2E6BD>تنعش الحلفاء الساقطين</color>."
"items.consumables.potions.mediumVialOfRejuvenation.Name","Medium Vial of Rejuvenation","قارورة إنعاش متوسطة"
"items.consumables.potions.mediumVialOfStamina.Description","Increases your Stamina by <color=#5B9968>{1}</color> for <color=#F2E6BD>{0} Seconds</color>.","تزيد قوة تحملك بمقدار <color=#5B9968>{1}</color> لمدة <color=#F2E6BD>{0} ثوانٍ</color>."
"items.consumables.potions.mediumVialOfStamina.Name","Medium Vial of Stamina","قارورة قدرة تحمل متوسطة"
"items.consumables.potions.purifyingBrew.Description","A concoction that can <color=#F2E6BD>cure</color> an unnatural <color=#f08e1f>corruption</color>.","جرعة مركبة يمكنها <color=#F2E6BD>علاج</color> <color=#f08e1f>فساد</color> غير طبيعي."
"items.consumables.potions.purifyingBrew.Name","Purifying Brew","نقيع التطهير"
"items.consumables.potions.smallAntidotePotion.Description","A vial that can <color=#F2E6BD>cure</color> a small amount of <color=#F2E6BD>poison</color>.","قارورة يمكنها <color=#F2E6BD>علاج</color> كمية ضئيلة من <color=#F2E6BD>السم</color>."
"items.consumables.potions.smallAntidotePotion.Name","Small Antidote Potion","جرعة ترياق صغيرة"
"items.consumables.potions.smallExperiencePotion.Description","Increases <color=#F2E6BD>Experience Gain</color> by <color=#5B9968>{1}</color> for <color=#F2E6BD>1 Hour</color>.","تزيد <color=#F2E6BD>اكتساب الخبرة</color> بمقدار <color=#5B9968>{1}</color> لمدة <color=#F2E6BD>ساعة واحدة</color>."
"items.consumables.potions.smallExperiencePotion.Name","Small Experience Potion","جرعة خبرة صغيرة"
"items.consumables.potions.smallVialOfDefense.Description","Reduces <color=#F2E6BD>Damage Taken </color>by <color=#5B9968>{2}</color> and grants <color=#5B9968>{1}</color> additional <color=#F2E6BD>Poise Defense</color> for <color=#F2E6BD>{0} Seconds</color>.","تقلل <color=#F2E6BD>الضرر المُتلقى </color>بمقدار <color=#5B9968>{2}</color> وتمنح <color=#5B9968>{1}</color> إضافية من <color=#F2E6BD>دفاع الثبات</color> لمدة <color=#F2E6BD>{0} ثوانٍ</color>."
"items.consumables.potions.smallVialOfDefense.Name","Small Vial of Defense","قارورة دفاع صغيرة"
"items.consumables.potions.smallVialOfFocus.Description","Increases <color=#F2E6BD>Focus Gain</color> by <color=#5B9968>{1}</color> for <color=#F2E6BD>{0} Seconds</color>.","تزيد <color=#F2E6BD>اكتساب التركيز</color> بمقدار <color=#5B9968>{1}</color> لمدة <color=#F2E6BD>{0} ثوانٍ</color>."
"items.consumables.potions.smallVialOfFocus.Name","Small Vial of Focus","قارورة تركيز صغيرة"
"items.consumables.potions.smallVialOfRejuvenation.Description","Potion that <color=#F2E6BD>rejuvenates fallen allies</color>.","جرعة <color=#F2E6BD>تنعش الحلفاء الساقطين</color>."
"items.consumables.potions.smallVialOfRejuvenation.Name","Small Vial of Rejuvenation","قارورة إنعاش صغيرة"
"items.consumables.potions.smallVialOfStamina.Description","Increases your Stamina by <color=#5B9968>{1}</color> for <color=#F2E6BD>{0} Seconds</color>.","تزيد قوة تحملك بمقدار <color=#5B9968>{1}</color> لمدة <color=#F2E6BD>{0} ثوانٍ</color>."
"items.consumables.potions.smallVialOfStamina.Name","Small Vial of Stamina","قارورة قدرة تحمل صغيرة"
"items.consumables.powders.largeRepairPowder.Description","Restores <color=#5B9968>{0}</color> Durability to <color=#F2E6BD>all equipped items</color>.","يستعيد <color=#5B9968>{0}</color> من المتانة لـ <color=#F2E6BD>كافة العناصر المجهزة</color>."
"items.consumables.powders.largeRepairPowder.Name","Large Repair Powder","مسحوق إصلاح كبير"
"items.consumables.powders.mediumRepairPowder.Description","Restores <color=#5B9968>{0}</color> Durability to <color=#F2E6BD>all equipped items</color>.","يستعيد <color=#5B9968>{0}</color> من المتانة لـ <color=#F2E6BD>كافة العناصر المجهزة</color>."
"items.consumables.powders.mediumRepairPowder.Name","Medium Repair Powder","مسحوق إصلاح متوسط"
"items.consumables.powders.smallRepairPowder.Description","Restores <color=#5B9968>{0}</color> Durability to <color=#F2E6BD>all equipped items</color>.","يستعيد <color=#5B9968>{0}</color> من المتانة لـ <color=#F2E6BD>كافة العناصر المجهزة</color>."
"items.consumables.powders.smallRepairPowder.Name","Small Repair Powder","مسحوق إصلاح صغير"
"items.consumables.rations.rancidMeatJerky.Description","Restores <color=#5B9968>{1}</color> Health over <color=#F2E6BD>{0} Seconds</color>.","يستعيد <color=#5B9968>{1}</color> من الصحة على مدار <color=#F2E6BD>{0} ثوانٍ</color>."
"items.consumables.rations.rancidMeatJerky.Name","Rancid Meat Jerky","لحم مقدد فاسد"
"items.consumables.rations.staleShortbread.Description","Restores <color=#5B9968>{1}</color> Health over <color=#F2E6BD>{0} Seconds</color>.","يستعيد <color=#5B9968>{1}</color> من الصحة على مدار <color=#F2E6BD>{0} ثوانٍ</color>."
"items.consumables.rations.staleShortbread.Name","Stale Shortbread","كعك جاف"
"items.consumables.weaponOils.bladeOil.Description","Applies [!sPhysical]Bleed[/s] Infusion to your weapon and increases [!sPhysical]Physical Damage[/s] dealt by {0} for <color=#F2E6BD>{1} Seconds</color>.","يطبق شحن [!sPhysical]النزيف[/s] على سلاحك ويزيد [!sPhysical]الضرر الجسدي[/s] المُلحق بمقدار {0} لمدة <color=#F2E6BD>{1} ثانية</color>."
"items.consumables.weaponOils.bladeOil.Name","Blade Oil","زيت الشفرة"
"items.consumables.weaponOils.flamescaleOil.Description","Applies [!sFire]Fire[/s] Infusion to your weapon and increases [!sFire]Fire Damage[/s] dealt by {0} for <color=#F2E6BD>{1} Seconds</color>.","يطبق شحن [!sFire]النار[/s] على سلاحك ويزيد [!sFire]ضرر النار[/s] المُلحق بمقدار {0} لمدة <color=#F2E6BD>{1} ثانية</color>."
"items.consumables.weaponOils.flamescaleOil.Name","Flamescale Oil","زيت قشور اللهب"
"items.consumables.weaponOils.frostscaleOil.Description","Applies [!sIce]Ice[/s] Infusion to your weapon and increases [!sIce]Ice Damage[/s] dealt by {0} for <color=#F2E6BD>{1} Seconds</color>.","يطبق شحن [!sIce]الجليد[/s] على سلاحك ويزيد [!sIce]ضرر الجليد[/s] المُلحق بمقدار {0} لمدة <color=#F2E6BD>{1} ثانية</color>."
"items.consumables.weaponOils.frostscaleOil.Name","Frostscale Oil","زيت قشور الصقيع"
"items.consumables.weaponOils.plaguescaleOil.Description","Applies [!sPlague]Plague[/s] Infusion to your weapon and increases [!sPlague]Plague Damage[/s] dealt by {0} for <color=#F2E6BD>{1} Seconds</color>.","يطبق شحن [!sPlague]الوباء[/s] على سلاحك ويزيد [!sPlague]ضرر الوباء[/s] المُلحق بمقدار {0} لمدة <color=#F2E6BD>{1} ثانية</color>."
"items.consumables.weaponOils.plaguescaleOil.Name","Plaguescale Oil","زيت قشور الوباء"
"items.consumables.weaponOils.sparkscaleOil.Description","Applies [!sLightning]Lightning[/s] Infusion to your weapon and increases [!sLightning]Lightning Damage[/s] dealt by {0} for <color=#F2E6BD>{1} Seconds</color>.","يطبق شحن [!sLightning]البرق[/s] على سلاحك ويزيد [!sLightning]ضرر البرق[/s] المُلحق بمقدار {0} لمدة <color=#F2E6BD>{1} ثانية</color>."
"items.consumables.weaponOils.sparkscaleOil.Name","Sparkscale Oil","زيت قشور الشرر"
"items.cookingIngredients.eggs.capercaillieEgg.Description","A large, speckled egg from the elusive forest bird. It can be used as an ingredient in many <color=#F2E6BD>food recipes</color>.","بيضة كبيرة مرقطة من طائر الغابة المراوغ. يمكن استخدامها كمكون في العديد من <color=#F2E6BD>وصفات الطعام</color>."
"items.cookingIngredients.eggs.capercaillieEgg.Name","Capercaillie Egg","بيضة طائر الغاب"
"items.cookingIngredients.eggs.chickenEgg.Description","A staple of any kitchen, reliable and versatile. It can be used as an ingredient in many <color=#F2E6BD>food recipes</color>.","عنصر أساسي في أي مطبخ، يعتمد عليه ومتعدد الاستخدامات. يمكن استخدامه كمكون في العديد من <color=#F2E6BD>وصفات الطعام</color>."
"items.cookingIngredients.eggs.chickenEgg.Name","Chicken Egg","بيضة دجاج"
"items.cookingIngredients.eggs.turkeyEgg.Description","Larger than a chicken egg with a richer taste. It can be used as an ingredient in many <color=#F2E6BD>food recipes</color>.","أكبر من بيضة الدجاج وذات مذاق أغنى. يمكن استخدامها كمكون في العديد من <color=#F2E6BD>وصفات الطعام</color>."
"items.cookingIngredients.eggs.turkeyEgg.Name","Turkey Egg","بيضة ديك رومي"
"items.cookingIngredients.fish.ashenKoi.Description","Hardy koi surviving in flooded courtyards and ash-silted canals.","سمك كوي قوي يتحمل العيش في الأفنية المغمورة بالمياه والقنوات المغطاة بالطمي الرمادي."
"items.cookingIngredients.fish.ashenKoi.Name","Ashen Koi","سمك كوي رمادي"
"items.cookingIngredients.fish.gangrenousEel.Description","A dead eel with pustulent deformities. Can be crafted into <color=#F2E6BD>Consumables</color> when used at an <color=#F2E6BD>Alchemy Table</color>.","أنقليس ميت يحمل تشوهات متقيحة. يمكن تصنيعه إلى <color=#F2E6BD>مواد قابلة للاستهلاك</color> عند استخدامه عند <color=#F2E6BD>طاولة الخيمياء</color>."
"items.cookingIngredients.fish.gangrenousEel.Name","Gangrenous Eel","أنقليس الغنغرينا"
"items.cookingIngredients.fish.paleCavefish.Description","Blind, flesh-translucent fish from lightless pools.","سمكة عمياء شفافة اللحم تعيش في البرك المظلمة الخالية من الضوء."
"items.cookingIngredients.fish.paleCavefish.Name","Pale Cavefish","سمكة الكهوف الشاحبة"
"items.cookingIngredients.fish.rawBass.Description","A common fish used in many <color=#F2E6BD>food recipes</color>.","سمكة شائعة تُستخدم في العديد من <color=#F2E6BD>وصفات الطعام</color>."
"items.cookingIngredients.fish.rawBass.Name","Raw Bass","قاروص نيء"
"items.cookingIngredients.fish.rawCarp.Description","A slippery sea animal that can be used in many <color=#F2E6BD>food recipes</color>.","مخلوق بحري زلق يمكن استخدامه في العديد من <color=#F2E6BD>وصفات الطعام</color>."
"items.cookingIngredients.fish.rawCarp.Name","Raw Carp","شبوط نيء"
"items.cookingIngredients.fish.rawTrout.Desription","A large fish that can be used as an ingredient in many <color=#F2E6BD>food recipes</color>.","سمكة كبيرة يمكن استخدامها كمكون في العديد من <color=#F2E6BD>وصفات الطعام</color>."
"items.cookingIngredients.fish.rawTrout.Name","Raw Trout","سلمون مرقط نيء"
"items.cookingIngredients.fish.shockingJellyfish.Description","An exotic creature, treacherous to touch. Can be crafted into <color=#F2E6BD>Consumables</color> when used at an <color=#F2E6BD>Alchemy Table</color>.","مخلوق غريب محفوف بالمخاطر عند لمسه. يمكن تصنيعه إلى <color=#F2E6BD>مواد قابلة للاستهلاك</color> عند استخدامه عند <color=#F2E6BD>طاولة الخيمياء</color>."
"items.cookingIngredients.fish.shockingJellyfish.Name","Shocking Jellyfish","قنديل بحر صاعق"
"items.cookingIngredients.fruits.apple.Description","A common fruit that restores <color=#5B9968>{1}</color> health over <color=#F2E6BD>{0} Seconds</color>.

Can be eaten in a pinch, but is more effective when used as an <color=#F2E6BD>ingredient</color> in cooking.","فاكهة شائعة تستعيد <color=#5B9968>{1}</color> من الصحة على مدار <color=#F2E6BD>{0} ثوانٍ</color>.

يمكن تناولها عند الحاجة، لكنها أكثر فاعلية عند استخدامها كـ <color=#F2E6BD>مكون</color> في الطهي."
"items.cookingIngredients.fruits.apple.Name","Apple","تفاحة"
"items.cookingIngredients.fruits.blueberries.Description","Tasty but meager, they restore <color=#5B9968>{1}</color> health over <color=#F2E6BD>{0} Seconds</color>.

Can be eaten in a pinch, but is more effective when used as an <color=#F2E6BD>ingredient</color> in cooking.","لذيذ لكنه قليل، يستعيد <color=#5B9968>{1}</color> من الصحة على مدار <color=#F2E6BD>{0} ثوانٍ</color>.

يمكن تناوله عند الحاجة، لكنه أكثر فاعلية عند استخدامه كـ <color=#F2E6BD>مكون</color> في الطهي."
"items.cookingIngredients.fruits.blueberries.Name","Blueberries","توت أزرق"
"items.cookingIngredients.fruits.firebrandBerries.Description","An invigorating snack that restores <color=#5B9968>{1}</color> health over <color=#F2E6BD>{0} Seconds</color>.

Can be eaten in a pinch, but is more effective when used as an <color=#F2E6BD>ingredient</color> in cooking.","وجبة خفيفة منشطة تستعيد <color=#5B9968>{1}</color> من الصحة على مدار <color=#F2E6BD>{0} ثوانٍ</color>.

يمكن تناولها عند الحاجة، لكنها أكثر فاعلية عند استخدامها كـ <color=#F2E6BD>مكون</color> في الطهي."
"items.cookingIngredients.fruits.firebrandBerries.Name","Firebrand Berries","توت الشعلة"
"items.cookingIngredients.fruits.grottoFig.Description","Broad-leafed figs that root in limestone pockets; dense, sweet pulp.","تين عريض الأوراق يضرب بجذوره في جيوب الحجر الجيري؛ لبه كثيف وحلو المذاق."
"items.cookingIngredients.fruits.grottoFig.Name","Grotto Fig","تين المغارة"
"items.cookingIngredients.fruits.pomegranate.Description","Heirloom trees in collapsed terraces; tart seeds, high tonic value.","أشجار متوارثة في شرفات منهارة؛ بذور حامضة ذات قيمة علاجية عالية."
"items.cookingIngredients.fruits.pomegranate.Name","Pomegranate","رمان"
"items.cookingIngredients.fruits.siltPear.Description","Gritty skin; trees cling to silted riverbanks and culvert mouths.","قشرة خشنة الحبيبات؛ تتشبث أشجاره بضفاف الأنهار الطميية ومصبات القنوات."
"items.cookingIngredients.fruits.siltPear.Name","Silt Pear","كمثرى الطمي"
"items.cookingIngredients.herbs.artemisiaHerb.Description","Can be cooked with other ingredients to create <color=#F2E6BD>health restoring food</color>.","يمكن طهيها مع مكونات أخرى لصنع <color=#F2E6BD>طعام يستعيد الصحة</color>."
"items.cookingIngredients.herbs.artemisiaHerb.Name","Artemisia Herb","عشبة الشيح"
"items.cookingIngredients.herbs.bilgewortHerb.Description","Can be cooked with other ingredients to create <color=#F2E6BD>health restoring food</color>.","يمكن طهيها مع مكونات أخرى لصنع <color=#F2E6BD>طعام يستعيد الصحة</color>."
"items.cookingIngredients.herbs.bilgewortHerb.Name","Bilgewort Herb","عشبة البيلجورت"
"items.cookingIngredients.herbs.dracaenaHerb.Description","Can be cooked with other ingredients to create <color=#F2E6BD>health restoring food</color>.","يمكن طهيها مع مكونات أخرى لصنع <color=#F2E6BD>طعام يستعيد الصحة</color>."
"items.cookingIngredients.herbs.dracaenaHerb.Name","Dracaena Herb","عشبة التنين"
"items.cookingIngredients.herbs.dusklaceHerb.Description","Can be cooked with other ingredients to create <color=#F2E6BD>health restoring food</color>.","يمكن طهيها مع مكونات أخرى لصنع <color=#F2E6BD>طعام يستعيد الصحة</color>."
"items.cookingIngredients.herbs.dusklaceHerb.Name","Dusklace Herb","عشبة نسيج الغسق"
"items.cookingIngredients.herbs.lithopsHerb.Description","Can be cooked with other ingredients to create <color=#F2E6BD>health restoring food</color>.","يمكن طهيها مع مكونات أخرى لصنع <color=#F2E6BD>طعام يستعيد الصحة</color>."
"items.cookingIngredients.herbs.lithopsHerb.Name","Lithops Herb","عشبة الليثوبس"
"items.cookingIngredients.herbs.mossvineHerb.Description","Can be cooked with other ingredients to create <color=#F2E6BD>health restoring food</color>.","يمكن طهيها مع مكونات أخرى لصنع <color=#F2E6BD>طعام يستعيد الصحة</color>."
"items.cookingIngredients.herbs.mossvineHerb.Name","Mossvine Herb","عشبة كرمة الطحلب"
"items.cookingIngredients.leaves.nightshadeLeaves.Description","Can be cooked with other ingredients to create <color=#F2E6BD>health restoring food</color>.","يمكن طهيها مع مكونات أخرى لصنع <color=#F2E6BD>طعام يستعيد الصحة</color>."
"items.cookingIngredients.leaves.nightshadeLeaves.Name","Nightshade Leaves","أوراق عنب الذئب"
"items.cookingIngredients.meat.butterflyFillet.Description","A minnow of a meal, best suited for <color=#F2E6BD>food recipes</color> heavy on flavor and light on sustenance.","لقمة صغيرة كسمكة البلم، تلائم أكثر <color=#F2E6BD>وصفات الطعام</color> الغنية بالنكهة والخفيفة في القيمة الغذائية."
"items.cookingIngredients.meat.butterflyFillet.Name","Butterfly Fillet","فيليه الفراشة"
"items.cookingIngredients.meat.fletchFillet.Description","A thick slab of fish that could feed a table, or prop one up. Used in only the most robust and succulent of <color=#F2E6BD>food recipes</color>.","شريحة سميكة من السمك تكفي لإطعام مائدة كاملة أو تثبيتها. تُستخدم فقط في أكثر <color=#F2E6BD>وصفات الطعام</color> دسامة وطراوة."
"items.cookingIngredients.meat.fletchFillet.Name","Fletch Fillet","فيليه غليظ"
"items.cookingIngredients.meat.horseshoeCrab.Description","A scuttling creature that can be used as an ingredient in many <color=#F2E6BD>food recipes</color>.","مخلوق يزحف بخفة يمكن استخدامه كمكون في العديد من <color=#F2E6BD>وصفات الطعام</color>."
"items.cookingIngredients.meat.horseshoeCrab.Name","Horseshoe Crab","سرطان حدوة الحصان"
"items.cookingIngredients.meat.loinFillet.Description","A generous cut used in <color=#F2E6BD>food recipes</color>, its surface flecked with the black salt of the Ashen Sea.","قطعة لحم سخية تُستخدم في <color=#F2E6BD>وصفات الطعام</color>، وسطحها منقط بالملح الأسود لبحر الرماد."
"items.cookingIngredients.meat.loinFillet.Name","Loin Fillet","فيليه الخاصرة"
"items.cookingIngredients.meat.qualityMeatSection.Description","A prime piece that promises to enrich any <color=#F2E6BD>food recipes</color> with its robust taste.","قطعة منتقاة تعد بإثراء أي <color=#F2E6BD>وصفات طعام</color> بنكهتها القوية."
"items.cookingIngredients.meat.qualityMeatSection.Name","Quality Meat Section","قطعة لحم فاخرة"
"items.cookingIngredients.meat.roughcutMeat.Description","Basic and unrefined, this meat is nonetheless a staple ingredient for numerous <color=#F2E6BD>food recipes</color>.","لحم أساسي وغير منقى، لكنه مع ذلك مكون رئيسي للعديد من <color=#F2E6BD>وصفات الطعام</color>."
"items.cookingIngredients.meat.roughcutMeat.Name","Roughcut Meat","لحم مقطع خشن"
"items.cookingIngredients.meat.standardMeatChunk.Description","A reliable cut that offers sustenance and modest flavor to various <color=#F2E6BD>food recipes</color>.","قطعة مضمونة تمنح القوت ونكهة متواضعة لمختلف <color=#F2E6BD>وصفات الطعام</color>."
"items.cookingIngredients.meat.standardMeatChunk.Name","Standard Meat Chunk","قطعة لحم عادية"
"items.cookingIngredients.roots.artemisiaRoot.Description","Root of the Artemisia herb. Used to craft <color=#F2E6BD>potions, oils,</color> and <color=#F2E6BD>elixirs</color>.","جذر عشبة الشيح. يُستخدم لصنع <color=#F2E6BD>الجرعات، والزيوت،</color> و<color=#F2E6BD>الإكسيرات</color>."
"items.cookingIngredients.roots.artemisiaRoot.Name","Artemisia Root","جذر الشيح"
"items.cookingIngredients.roots.dracaenaRoot.Description","Root of the Dracaena herb. Used to craft <color=#F2E6BD>potions, oils,</color> and <color=#F2E6BD>elixirs</color>.","جذر عشبة التنين. يُستخدم لصنع <color=#F2E6BD>الجرعات، والزيوت،</color> و<color=#F2E6BD>الإكسيرات</color>."
"items.cookingIngredients.roots.dracaenaRoot.Name","Dracaena Root","جذر عشبة التنين"
"items.cookingIngredients.roots.grimradishRoot.Description","Root of the Grimradish plant. Used to craft <color=#F2E6BD>potions, oils,</color> and <color=#F2E6BD>elixirs</color>.","جذر نبات الفجل الكئيب. يُستخدم لصنع <color=#F2E6BD>الجرعات، والزيوت،</color> و<color=#F2E6BD>الإكسيرات</color>."
"items.cookingIngredients.roots.grimradishRoot.Name","Grimradish Root","جذر الفجل الكئيب"
"items.cookingIngredients.roots.lithopsRoot.Description","Root of the Lithops herb. Used to craft <color=#F2E6BD>potions, oils,</color> and <color=#F2E6BD>elixirs</color>.","جذر عشبة الليثوبس. يُستخدم لصنع <color=#F2E6BD>الجرعات، والزيوت،</color> و<color=#F2E6BD>الإكسيرات</color>."
"items.cookingIngredients.roots.lithopsRoot.Name","Lithops Root","جذر الليثوبس"
"items.cookingIngredients.spices.dragonbloodSpice.Description","A rare cooking powder. Extremely flavorful; and extremely dangerous to obtain.","مسحوق طهي نادر. شديد النكهة ومحفوف بالمخاطر الشديدة للحصول عليه."
"items.cookingIngredients.spices.dragonbloodSpice.Name","Dragonblood Spice","بهار دم التنين"
"items.cookingIngredients.spices.shadowbiteSpice.Description","A mysterious cooking powder that is said to draw its rich flavor from fear itself.","مسحوق طهي غامض يقال إنه يستمد نكهته الغنية من الخوف نفسه."
"items.cookingIngredients.spices.shadowbiteSpice.Name","Shadowbite Spice","بهار عضّة الظل"
"items.cookingIngredients.spices.stasiaSpice.Description","A refined cooking powder that can only be harvested from a single forest in the steppes of Myrfall.","مسحوق طهي مكرر لا يمكن جنيه إلا من غابة واحدة في سهوب ميرفال."
"items.cookingIngredients.spices.stasiaSpice.Name","Stasia Spice","بهار ستاسيا"
"items.cookingIngredients.spices.viridisSpice.Description","A much-coveted cooking powder of unknown provenance.","مسحوق طهي مرغوب بشدة ومجهول المصدر."
"items.cookingIngredients.spices.viridisSpice.Name","Viridis Spice","بهار فيريديس"
"items.cookingIngredients.vegetables.corn.Description","Restores <color=#5B9968>25</color> health over <color=#F2E6BD>{0} Seconds</color>.

Can be eaten in a pinch, but is more effective when used as an <color=#F2E6BD>ingredient</color> in cooking.","تستعيد <color=#5B9968>25</color> من الصحة على مدار <color=#F2E6BD>{0} ثوانٍ</color>.

يمكن تناولها عند الحاجة، لكنها أكثر فاعلية عند استخدامها كـ <color=#F2E6BD>مكون</color> في الطهي."
"items.cookingIngredients.vegetables.corn.Name","Corn","ذرة"
"items.cookingIngredients.vegetables.mushroom.Description","Restores <color=#5B9968>{1}</color> health over <color=#F2E6BD>{0} Seconds</color>.

Can be eaten in a pinch, but is more effective when used as an <color=#F2E6BD>ingredient</color> in cooking.","يستعيد <color=#5B9968>{1}</color> من الصحة على مدار <color=#F2E6BD>{0} ثوانٍ</color>.

يمكن تناوله عند الحاجة، لكنه أكثر فاعلية عند استخدامه كـ <color=#F2E6BD>مكون</color> في الطهي."
"items.cookingIngredients.vegetables.mushroom.Name","Mushroom","فطر"
"items.cookingIngredients.vegetables.onion.Description","Restores <color=#5B9968>30</color> health over <color=#F2E6BD>{0} Seconds</color>.

Can be eaten in a pinch, but is more effective when used as an <color=#F2E6BD>ingredient</color> in cooking.","يستعيد <color=#5B9968>30</color> من الصحة على مدار <color=#F2E6BD>{0} ثوانٍ</color>.

يمكن تناوله عند الحاجة، لكنه أكثر فاعلية عند استخدامه كـ <color=#F2E6BD>مكون</color> في الطهي."
"items.cookingIngredients.vegetables.onion.Name","Onion","بصل"
"items.cookingIngredients.vegetables.potato.Description","Restores <color=#5B9968>{1}</color> health over <color=#F2E6BD>{0} Seconds</color>.

Can be eaten in a pinch, but is more effective when used as an <color=#F2E6BD>ingredient</color> in cooking.","تستعيد <color=#5B9968>{1}</color> من الصحة على مدار <color=#F2E6BD>{0} ثوانٍ</color>.

يمكن تناولها عند الحاجة، لكنها أكثر فاعلية عند استخدامها كـ <color=#F2E6BD>مكون</color> في الطهي."
"items.cookingIngredients.vegetables.potato.Name","Potato","بطاطس"
"items.cookingIngredients.vegetables.pumpkin.Description","Restores <color=#5B9968>30</color> health over <color=#F2E6BD>{0} Seconds</color>.

Can be eaten in a pinch, but is more effective when used as an <color=#F2E6BD>ingredient</color> in cooking.","يستعيد <color=#5B9968>30</color> من الصحة على مدار <color=#F2E6BD>{0} ثوانٍ</color>.

يمكن تناوله عند الحاجة، لكنه أكثر فاعلية عند استخدامه كـ <color=#F2E6BD>مكون</color> في الطهي."
"items.cookingIngredients.vegetables.pumpkin.Name","Pumpkin","يقطين"
"items.cookingIngredients.vegetables.tomato.Description","Restores <color=#5B9968>{1}</color> health over <color=#F2E6BD>{0} Seconds</color>.

Can be eaten in a pinch, but is more effective when used as an <color=#F2E6BD>ingredient</color> in cooking.","تستعيد <color=#5B9968>{1}</color> من الصحة على مدار <color=#F2E6BD>{0} ثوانٍ</color>.

يمكن تناولها عند الحاجة، لكنها أكثر فاعلية عند استخدامها كـ <color=#F2E6BD>مكون</color> في الطهي."
"items.cookingIngredients.vegetables.tomato.Name","Tomato","طماطم"
"items.craftingMaterials.alloys.bronzeAlloy.Description","A sturdy component used in crafting <color=#F2E6BD>weapons and armor</color>.","مكون متين يُستخدم في تصنيع <color=#F2E6BD>الأسلحة والدروع</color>."
"items.craftingMaterials.alloys.bronzeAlloy.Name","Bronze Alloy","سبيكة برونزية"
"items.craftingMaterials.alloys.cobaltAlloy.Description","A robust component used in crafting <color=#F2E6BD>weapons and armor</color>.","مكون قوي يُستخدم في تصنيع <color=#F2E6BD>الأسلحة والدروع</color>."
"items.craftingMaterials.alloys.cobaltAlloy.Name","Cobalt Alloy","سبيكة كوبالت"
"items.craftingMaterials.alloys.steelAlloy.Description","A powerful component used in crafting <color=#F2E6BD>weapons and armor</color>.","مكون فائق القوة يُستخدم في تصنيع <color=#F2E6BD>الأسلحة والدروع</color>."
"items.craftingMaterials.alloys.steelAlloy.Name","Steel Alloy","سبيكة فولاذية"
"items.craftingMaterials.bricks.mudClayBrick.Description","Can be used to <color=#F2E6BD>build and repair structures</color>.","يمكن استخدامه لـ <color=#F2E6BD>بناء الهياكل وإصلاحها</color>."
"items.craftingMaterials.bricks.mudClayBrick.Name","Mud Clay Brick","طوب من الطين والوحل"
"items.craftingMaterials.bricks.sandLimeBrick.Description","Can be used to <color=#F2E6BD>build and repair structures</color>.","يمكن استخدامه لـ <color=#F2E6BD>بناء الهياكل وإصلاحها</color>."
"items.craftingMaterials.bricks.sandLimeBrick.Name","Sand Lime Brick","طوب جيري رملي"
"items.craftingMaterials.garments.cottonGarment.Description","Used for upgrading or crafting <color=#F2E6BD>cloth armor</color>.","يُستخدم لترقية أو تصنيع <color=#F2E6BD>الدروع القماشية</color>."
"items.craftingMaterials.garments.cottonGarment.Name","Cotton Garment","ملابس قطنية"
"items.craftingMaterials.garments.ironweaveGarment.Description","Used for upgrading or crafting <color=#F2E6BD>cloth armor</color>.","يُستخدم لترقية أو تصنيع <color=#F2E6BD>الدروع القماشية</color>."
"items.craftingMaterials.garments.ironweaveGarment.Name","Ironweave Garment","ملابس منسوجة بالحديد"
"items.craftingMaterials.garments.juteGarment.Description","Used for upgrading or crafting <color=#F2E6BD>cloth armor</color>.","يُستخدم لترقية أو تصنيع <color=#F2E6BD>الدروع القماشية</color>."
"items.craftingMaterials.garments.juteGarment.Name","Jute Garment","ملابس من الخيش"
"items.craftingMaterials.garments.linenGarment.Description","Used for upgrading or crafting <color=#F2E6BD>cloth armor</color>.","يُستخدم لترقية أو تصنيع <color=#F2E6BD>الدروع القماشية</color>."
"items.craftingMaterials.garments.linenGarment.Name","Linen Garment","ملابس كتانية"
"items.craftingMaterials.garments.silkGarment.Description","Used for upgrading or crafting <color=#F2E6BD>cloth armor</color>.","يُستخدم لترقية أو تصنيع <color=#F2E6BD>الدروع القماشية</color>."
"items.craftingMaterials.garments.silkGarment.Name","Silk Garment","ملابس حريرية"
"items.craftingMaterials.garments.woolGarment.Description","Used for upgrading or crafting <color=#F2E6BD>cloth armor</color>.","يُستخدم لترقية أو تصنيع <color=#F2E6BD>الدروع القماشية</color>."
"items.craftingMaterials.garments.woolGarment.Name","Wool Garment","ملابس صوفية"
"items.craftingMaterials.hides.basicHide.Description","Can be refined into <color=#F2E6BD>Craft Leather</color> using a <color=#F2E6BD>Tanning Rack</color>.","يمكن تكريره إلى <color=#F2E6BD>جلد صناعة</color> باستخدام <color=#F2E6BD>منشر الدباغة</color>."
"items.craftingMaterials.hides.basicHide.Name","Basic Hide","جلد أساسي"
"items.craftingMaterials.hides.fineHide.Description","Can be refined into <color=#F2E6BD>Top-Grain Leather</color> using a <color=#F2E6BD>Tanning Rack</color>.","يمكن تكريره إلى <color=#F2E6BD>جلد عالي الجودة</color> باستخدام <color=#F2E6BD>منشر الدباغة</color>."
"items.craftingMaterials.hides.fineHide.Name","Fine Hide","جلد ناعم رفيع"
"items.craftingMaterials.hides.pristineHide.Description","Can be refined into <color=#F2E6BD>Luxury Leather</color> using a <color=#F2E6BD>Tanning Rack</color>.","يمكن تكريره إلى <color=#F2E6BD>جلد فاخر</color> باستخدام <color=#F2E6BD>منشر الدباغة</color>."
"items.craftingMaterials.hides.pristineHide.Name","Pristine Hide","جلد أصيل"
"items.craftingMaterials.hides.sturdyHide.Description","Can be refined into <color=#F2E6BD>Durable Leather</color> using a <color=#F2E6BD>Tanning Rack</color>.","يمكن تكريره إلى <color=#F2E6BD>جلد متين</color> باستخدام <color=#F2E6BD>منشر الدباغة</color>."
"items.craftingMaterials.hides.sturdyHide.Name","Sturdy Hide","جلد قوي"
"items.craftingMaterials.hides.superiorHide.Description","Can be refined into <color=#F2E6BD>Full-Grain Leather</color> using a <color=#F2E6BD>Tanning Rack</color>.","يمكن تكريره إلى <color=#F2E6BD>جلد كامل الحبيبات</color> باستخدام <color=#F2E6BD>منشر الدباغة</color>."
"items.craftingMaterials.hides.superiorHide.Name","Superior Hide","جلد ممتاز"
"items.craftingMaterials.hides.suppleHide.Description","Can be refined into <color=#F2E6BD>Soft Leather</color> using a <color=#F2E6BD>Tanning Rack</color>.","يمكن تكريره إلى <color=#F2E6BD>جلد ناعم</color> باستخدام <color=#F2E6BD>منشر الدباغة</color>."
"items.craftingMaterials.hides.suppleHide.Name","Supple Hide","جلد مرن"
"items.craftingMaterials.ingots.copperIngot.Description","Used for upgrading or crafting <color=#F2E6BD>weapons</color> and <color=#F2E6BD>armor</color>.","يُستخدم لترقية أو تصنيع <color=#F2E6BD>الأسلحة</color> و<color=#F2E6BD>الدروع</color>."
"items.craftingMaterials.ingots.copperIngot.Name","Copper Ingot","سبيكة نحاس"
"items.craftingMaterials.ingots.goldIngot.Description","Used for upgrading or crafting <color=#F2E6BD>weapons</color> and <color=#F2E6BD>armor</color>.","يُستخدم لترقية أو تصنيع <color=#F2E6BD>الأسلحة</color> و<color=#F2E6BD>الدروع</color>."
"items.craftingMaterials.ingots.goldIngot.Name","Gold Ingot","سبيكة ذهب"
"items.craftingMaterials.ingots.ironIngot.Description","Used for upgrading or crafting <color=#F2E6BD>weapons</color> and <color=#F2E6BD>armor</color>.","يُستخدم لترقية أو تصنيع <color=#F2E6BD>الأسلحة</color> و<color=#F2E6BD>الدروع</color>."
"items.craftingMaterials.ingots.ironIngot.Name","Iron Ingot","سبيكة حديد"
"items.craftingMaterials.ingots.obsidianIngot.Description","Used for upgrading or crafting <color=#F2E6BD>weapons</color> and <color=#F2E6BD>armor</color>.","تُستخدم لترقية أو تصنيع <color=#F2E6BD>الأسلحة</color> و<color=#F2E6BD>الدروع</color>."
"items.craftingMaterials.ingots.obsidianIngot.Name","Obsidian Ingot","سبيكة السبج"
"items.craftingMaterials.ingots.silverIngot.Description","Used for upgrading or crafting <color=#F2E6BD>weapons</color> and <color=#F2E6BD>armor</color>.","يُستخدم لترقية أو تصنيع <color=#F2E6BD>الأسلحة</color> و<color=#F2E6BD>الدروع</color>."
"items.craftingMaterials.ingots.silverIngot.Name","Silver Ingot","سبيكة فضة"
"items.craftingMaterials.ingots.titaniteIngot.Description","Used for upgrading or crafting <color=#F2E6BD>weapons</color> and <color=#F2E6BD>armor</color>.","يُستخدم لترقية أو تصنيع <color=#F2E6BD>الأسلحة</color> و<color=#F2E6BD>الدروع</color>."
"items.craftingMaterials.ingots.titaniteIngot.Name","Titanite Ingot","سبيكة تيتانيت"
"items.craftingMaterials.ingots.veridiumIngot.Description","Used for upgrading or crafting <color=#F2E6BD>weapons</color> and <color=#F2E6BD>armor</color>.","يُستخدم لترقية أو تصنيع <color=#F2E6BD>الأسلحة</color> و<color=#F2E6BD>الدروع</color>."
"items.craftingMaterials.ingots.veridiumIngot.Name","Veridium Ingot","سبيكة فيريديوم"
"items.craftingMaterials.leathers.craftLeather.Description","Used to upgrade or craft <color=#F2E6BD>leather armor</color>.","يُستخدم لترقية أو تصنيع <color=#F2E6BD>الدروع الجلدية</color>."
"items.craftingMaterials.leathers.craftLeather.Name","Craft Leather","جلد صناعة"
"items.craftingMaterials.leathers.durableLeather.Description","Used to upgrade or craft <color=#F2E6BD>leather armor</color>.","يُستخدم لترقية أو تصنيع <color=#F2E6BD>الدروع الجلدية</color>."
"items.craftingMaterials.leathers.durableLeather.Name","Durable Leather","جلد متين"
"items.craftingMaterials.leathers.fullGrainLeather.Description","Used to upgrade or craft <color=#F2E6BD>leather armor</color>.","يُستخدم لترقية أو تصنيع <color=#F2E6BD>الدروع الجلدية</color>."
"items.craftingMaterials.leathers.fullGrainLeather.Name","Full-Grain Leather","جلد كامل الحبيبات"
"items.craftingMaterials.leathers.luxuryLeather.Description","Used to upgrade or craft <color=#F2E6BD>leather armor</color>.","يُستخدم لترقية أو تصنيع <color=#F2E6BD>الدروع الجلدية</color>."
"items.craftingMaterials.leathers.luxuryLeather.Name","Luxury Leather","جلد فاخر"
"items.craftingMaterials.leathers.softLeather.Description","Used to upgrade or craft <color=#F2E6BD>leather armor</color>.","يُستخدم لترقية أو تصنيع <color=#F2E6BD>الدروع الجلدية</color>."
"items.craftingMaterials.leathers.softLeather.Name","Soft Leather","جلد ناعم"
"items.craftingMaterials.leathers.topGrainLeather.Description","Used to upgrade or craft <color=#F2E6BD>leather armor</color>.","يُستخدم لترقية أو تصنيع <color=#F2E6BD>الدروع الجلدية</color>."
"items.craftingMaterials.leathers.topGrainLeather.Name","Top-Grain Leather","جلد عالي الجودة"
"items.craftingMaterials.loam.clayLoam.Description","Used to <color=#F2E6BD>accelerate the growth of crops</color>.","يُستخدم لـ <color=#F2E6BD>تسريع نمو المحاصيل</color>."
"items.craftingMaterials.loam.clayLoam.Name","Clay Loam","طمي صلصالي"
"items.craftingMaterials.loam.sandLoam.Description","Used to <color=#F2E6BD>accelerate the growth of crops</color>.","يُستخدم لـ <color=#F2E6BD>تسريع نمو المحاصيل</color>."
"items.craftingMaterials.loam.sandLoam.Name","Sand Loam","طمي رملي"
"items.craftingMaterials.loam.siltLoam.Description","Used to <color=#F2E6BD>accelerate the growth of crops</color>.","يُستخدم لـ <color=#F2E6BD>تسريع نمو المحاصيل</color>."
"items.craftingMaterials.loam.siltLoam.Name","Silt Loam","طمي نهري"
"items.craftingMaterials.ore.copperOre.Description","Can be refined into a <color=#F2E6BD>Copper Ingot</color> using a <color=#F2E6BD>Furnace</color>.","يمكن تكريره إلى <color=#F2E6BD>سبيكة نحاس</color> باستخدام <color=#F2E6BD>الفرن</color>."
"items.craftingMaterials.ore.copperOre.Name","Copper Ore","خام نحاس"
"items.craftingMaterials.ore.goldOre.Description","Can be refined into a <color=#F2E6BD>Gold Ingot</color> using a <color=#F2E6BD>Furnace</color>.","يمكن تكريره إلى <color=#F2E6BD>سبيكة ذهب</color> باستخدام <color=#F2E6BD>الفرن</color>."
"items.craftingMaterials.ore.goldOre.Name","Gold Ore","خام ذهب"
"items.craftingMaterials.ore.ironOre.Description","Can be refined into an <color=#F2E6BD>Iron Ingot</color> using a <color=#F2E6BD>Furnace</color>.","يمكن تكريره إلى <color=#F2E6BD>سبيكة حديد</color> باستخدام <color=#F2E6BD>الفرن</color>."
"items.craftingMaterials.ore.ironOre.Name","Iron Ore","خام حديد"
"items.craftingMaterials.ore.obsidianOre.Description","Can be refined into an <color=#F2E6BD>Obsidian Ingot</color> using a <color=#F2E6BD>Furnace</color>.","يمكن تكريره إلى <color=#F2E6BD>سبيكة السبج</color> باستخدام <color=#F2E6BD>الفرن</color>."
"items.craftingMaterials.ore.obsidianOre.Name","Obsidian Ore","خام السبج"
"items.craftingMaterials.ore.silverOre.Description","Can be refined into a <color=#F2E6BD>Silver Ingot</color> using a <color=#F2E6BD>Furnace</color>.","يمكن تكريره إلى <color=#F2E6BD>سبيكة فضة</color> باستخدام <color=#F2E6BD>الفرن</color>."
"items.craftingMaterials.ore.silverOre.Name","Silver Ore","خام فضة"
"items.craftingMaterials.ore.titaniteOre.Description","Can be refined into a <color=#F2E6BD>Titanite Ingot</color> using a <color=#F2E6BD>Furnace</color>.","يمكن تكريره إلى <color=#F2E6BD>سبيكة تيتانيت</color> باستخدام <color=#F2E6BD>الفرن</color>."
"items.craftingMaterials.ore.titaniteOre.Name","Titanite Ore","خام تيتانيت"
"items.craftingMaterials.ore.veridiumOre.Description","Can be refined into a <color=#F2E6BD>Veridium Ingot</color> using a <color=#F2E6BD>Furnace</color>.","يمكن تكريره إلى <color=#F2E6BD>سبيكة فيريديوم</color> باستخدام <color=#F2E6BD>الفرن</color>."
"items.craftingMaterials.ore.veridiumOre.Name","Veridium Ore","خام فيريديوم"
"items.craftingMaterials.paper.finePaper.Description","Used to <color=#F2E6BD>craft scrolls</color>.","يُستخدم لـ <color=#F2E6BD>صناعة المخطوطات</color>."
"items.craftingMaterials.paper.finePaper.Name","Fine Paper","ورق ناعم"
"items.craftingMaterials.paper.mottledPaper.Description","Used to <color=#F2E6BD>craft scrolls</color>.","يُستخدم لـ <color=#F2E6BD>صناعة المخطوطات</color>."
"items.craftingMaterials.paper.mottledPaper.Name","Mottled Paper","ورق أرقط"
"items.craftingMaterials.paper.thickPaper.Description","Used to <color=#F2E6BD>craft scrolls</color>.","يُستخدم لـ <color=#F2E6BD>صناعة المخطوطات</color>."
"items.craftingMaterials.paper.thickPaper.Name","Thick Paper","ورق سميك"
"items.craftingMaterials.planks.birchPlanks.Description","Can be used for <color=#F2E6BD>crafting</color> or to <color=#F2E6BD>build and repair structures</color>.","يمكن استخدامه لـ <color=#F2E6BD>التصنيع</color> أو لـ <color=#F2E6BD>بناء الهياكل وإصلاحها</color>."
"items.craftingMaterials.planks.birchPlanks.Name","Birch Planks","ألواح خشب البتولا"
"items.craftingMaterials.planks.darkOakPlanks.Description","Can be used for <color=#F2E6BD>crafting</color> or to <color=#F2E6BD>build and repair structures</color>.","يمكن استخدامه لـ <color=#F2E6BD>التصنيع</color> أو لـ <color=#F2E6BD>بناء الهياكل وإصلاحها</color>."
"items.craftingMaterials.planks.darkOakPlanks.Name","Dark Oak Planks","ألواح البلوط الداكن"
"items.craftingMaterials.planks.maplePlanks.Description","Can be used for <color=#F2E6BD>crafting</color> or to <color=#F2E6BD>build and repair structures</color>.","يمكن استخدامه لـ <color=#F2E6BD>التصنيع</color> أو لـ <color=#F2E6BD>بناء الهياكل وإصلاحها</color>."
"items.craftingMaterials.planks.maplePlanks.Name","Maple Planks","ألواح خشب القيقب"
"items.craftingMaterials.planks.oakPlanks.Description","Can be used for <color=#F2E6BD>crafting</color> or to <color=#F2E6BD>build and repair structures</color>.","يمكن استخدامه لـ <color=#F2E6BD>التصنيع</color> أو لـ <color=#F2E6BD>بناء الهياكل وإصلاحها</color>."
"items.craftingMaterials.planks.oakPlanks.Name","Oak Planks","ألواح خشب البلوط"
"items.craftingMaterials.planks.pinePlanks.Description","Can be used for <color=#F2E6BD>crafting</color> or to <color=#F2E6BD>build and repair structures</color>.","يمكن استخدامه لـ <color=#F2E6BD>التصنيع</color> أو لـ <color=#F2E6BD>بناء الهياكل وإصلاحها</color>."
"items.craftingMaterials.planks.pinePlanks.Name","Pine Planks","ألواح خشب الصنوبر"
"items.craftingMaterials.planks.sprucePlanks.Description","Can be used for <color=#F2E6BD>crafting</color> or to <color=#F2E6BD>build and repair structures</color>.","يمكن استخدامه لـ <color=#F2E6BD>التصنيع</color> أو لـ <color=#F2E6BD>بناء الهياكل وإصلاحها</color>."
"items.craftingMaterials.planks.sprucePlanks.Name","Spruce Planks","ألواح خشب التنوب"
"items.craftingMaterials.research.researchPaper.Description","Used to <color=#F2E6BD>research items</color> at a <color=#F2E6BD>Scribe Table</color>.","يُستخدم لـ <color=#F2E6BD>بحث العناصر</color> عند <color=#F2E6BD>طاولة النَسّاخ</color>."
"items.craftingMaterials.research.researchPaper.Name","Research Paper","ورق أبحاث"
"items.craftingMaterials.rocks.alabaster.Description","Can be used for <color=#F2E6BD>crafting</color> or to <color=#F2E6BD>repair structures and buildings</color>.","يمكن استخدامه لـ <color=#F2E6BD>التصنيع</color> أو لـ <color=#F2E6BD>إصلاح الهياكل والمباني</color>."
"items.craftingMaterials.rocks.alabaster.Name","Alabaster","مرمر"
"items.craftingMaterials.rocks.blackrock.Description","Can be used for <color=#F2E6BD>crafting</color> or to <color=#F2E6BD>repair structures and buildings</color>.","يمكن استخدامه لـ <color=#F2E6BD>التصنيع</color> أو لـ <color=#F2E6BD>إصلاح الهياكل والمباني</color>."
"items.craftingMaterials.rocks.blackrock.Name","Blackrock","الصخر الأسود"
"items.craftingMaterials.rocks.chippedCoal.Description","Can be used as <color=#F2E6BD>fuel</color> to speed up the refining process of Furnaces. Can also be used to craft <color=#F2E6BD>utilities</color>.","يمكن استخدامه كـ <color=#F2E6BD>وقود</color> لتسريع عملية التكرير في الأفران. يمكن استخدامه أيضاً لتصنيع <color=#F2E6BD>الأدوات النفعية</color>."
"items.craftingMaterials.rocks.chippedCoal.Name","Chipped Coal","فحم مجزأ"
"items.craftingMaterials.rocks.clay.Description","Can be used for <color=#F2E6BD>crafting</color> or to <color=#F2E6BD>repair structures and buildings</color>.","يمكن استخدامه لـ <color=#F2E6BD>التصنيع</color> أو لـ <color=#F2E6BD>إصلاح الهياكل والمباني</color>."
"items.craftingMaterials.rocks.clay.Name","Clay","طين"
"items.craftingMaterials.rocks.granite.Description","Can be used for <color=#F2E6BD>crafting</color> or to <color=#F2E6BD>repair structures and buildings</color>.","يمكن استخدامه لـ <color=#F2E6BD>التصنيع</color> أو لـ <color=#F2E6BD>إصلاح الهياكل والمباني</color>."
"items.craftingMaterials.rocks.granite.Name","Granite","جرانيت"
"items.craftingMaterials.rocks.highDensityCoal.Description","Can be used as <color=#F2E6BD>fuel</color> to speed up the refining process of Furnaces. Can also be used to craft <color=#F2E6BD>utilities</color>.","يمكن استخدامه كـ <color=#F2E6BD>وقود</color> لتسريع عملية التكرير في الأفران. يمكن استخدامه أيضاً لتصنيع <color=#F2E6BD>الأدوات النفعية</color>."
"items.craftingMaterials.rocks.highDensityCoal.Name","High-Density Coal","فحم عالي الكثافة"
"items.craftingMaterials.rocks.limestone.Description","Can be used for <color=#F2E6BD>crafting</color> or to <color=#F2E6BD>repair structures and buildings</color>.","يمكن استخدامه لـ <color=#F2E6BD>التصنيع</color> أو لـ <color=#F2E6BD>إصلاح الهياكل والمباني</color>."
"items.craftingMaterials.rocks.limestone.Name","Limestone","حجر جيري"
"items.craftingMaterials.rocks.marble.Description","Can be used for <color=#F2E6BD>crafting</color> or to <color=#F2E6BD>repair structures and buildings</color>.","يمكن استخدامه لـ <color=#F2E6BD>التصنيع</color> أو لـ <color=#F2E6BD>إصلاح الهياكل والمباني</color>."
"items.craftingMaterials.rocks.marble.Name","Marble","رخام"
"items.craftingMaterials.rocks.saltstone.Description","Can be used for <color=#F2E6BD>crafting</color> or to <color=#F2E6BD>repair structures and buildings</color>.","يمكن استخدامه لـ <color=#F2E6BD>التصنيع</color> أو لـ <color=#F2E6BD>إصلاح الهياكل والمباني</color>."
"items.craftingMaterials.rocks.saltstone.Name","Saltstone","حجر الملح"
"items.craftingMaterials.saps.birchSap.Description","A sticky substance that can be used as <color=#F2E6BD>fuel</color> to speed up the refining process of Spinning Wheels, Tanning Racks and Sawmills.","مادة لزجة يمكن استخدامها كـ <color=#F2E6BD>وقود</color> لتسريع عملية التكرير في عجلات الغزل ومناشر الدباغة والمناشر."
"items.craftingMaterials.saps.birchSap.Name","Birch Sap","نسغ خشب البتولا"
"items.craftingMaterials.saps.darkOakSap.Description","A sticky substance that can be used as <color=#F2E6BD>fuel</color> to speed up the refining process of Spinning Wheels, Tanning Racks and Sawmills.","مادة لزجة يمكن استخدامها كـ <color=#F2E6BD>وقود</color> لتسريع عملية التكرير في عجلات الغزل ومناشر الدباغة والمناشر."
"items.craftingMaterials.saps.darkOakSap.Name","Dark Oak Sap","نسغ البلوط الداكن"
"items.craftingMaterials.saps.mapleSap.Description","A sticky substance that can be used as <color=#F2E6BD>fuel</color> to speed up the refining process of Spinning Wheels, Tanning Racks and Sawmills.","مادة لزجة يمكن استخدامها كـ <color=#F2E6BD>وقود</color> لتسريع عملية التكرير في عجلات الغزل ومناشر الدباغة والمناشر."
"items.craftingMaterials.saps.mapleSap.Name","Maple Sap","نسغ خشب القيقب"
"items.craftingMaterials.saps.oakSap.Description","A sticky substance that can be used as <color=#F2E6BD>fuel</color> to speed up the refining process of Spinning Wheels, Tanning Racks and Sawmills.","مادة لزجة يمكن استخدامها كـ <color=#F2E6BD>وقود</color> لتسريع عملية التكرير في عجلات الغزل ومناشر الدباغة والمناشر."
"items.craftingMaterials.saps.oakSap.Name","Oak Sap","نسغ خشب البلوط"
"items.craftingMaterials.saps.pineSap.Description","A sticky substance that can be used as <color=#F2E6BD>fuel</color> to speed up the refining process of Spinning Wheels, Tanning Racks and Sawmills.","مادة لزجة يمكن استخدامها كـ <color=#F2E6BD>وقود</color> لتسريع عملية التكرير في عجلات الغزل ومناشر الدباغة والمناشر."
"items.craftingMaterials.saps.pineSap.Name","Pine Sap","نسغ خشب الصنوبر"
"items.craftingMaterials.saps.spruceSap.Description","A sticky substance that can be used as <color=#F2E6BD>fuel</color> to speed up the refining process of Spinning Wheels, Tanning Racks and Sawmills.","مادة لزجة يمكن استخدامها كـ <color=#F2E6BD>وقود</color> لتسريع عملية التكرير في عجلات الغزل ومناشر الدباغة والمناشر."
"items.craftingMaterials.saps.spruceSap.Name","Spruce Sap","نسغ خشب التنوب"
"items.craftingMaterials.threads.cottonThreads.Description","Can be refined into <color=#F2E6BD>Cotton Garments</color> using a <color=#F2E6BD>Spinning Wheel</color>.","يمكن تكريره إلى <color=#F2E6BD>ملابس قطنية</color> باستخدام <color=#F2E6BD>عَجَلة الغَزْل</color>."
"items.craftingMaterials.threads.cottonThreads.Name","Cotton Threads","خيوط قطنية"
"items.craftingMaterials.threads.flaxThreads.Description","Can be refined into <color=#F2E6BD>Linen Garments</color> using a <color=#F2E6BD>Spinning Wheel</color>.","يمكن تكريره إلى <color=#F2E6BD>ملابس كتانية</color> باستخدام <color=#F2E6BD>عَجَلة الغَزْل</color>."
"items.craftingMaterials.threads.flaxThreads.Name","Flax Threads","خيوط الكتان"
"items.craftingMaterials.threads.ironweaveThreads.Description","Can be refined into <color=#F2E6BD>Ironweave Garments</color> using a <color=#F2E6BD>Spinning Wheel</color>.","يمكن تكريره إلى <color=#F2E6BD>ملابس منسوجة بالحديد</color> باستخدام <color=#F2E6BD>عَجَلة الغَزْل</color>."
"items.craftingMaterials.threads.ironweaveThreads.Name","Ironweave Threads","خيوط منسوجة بالحديد"
"items.craftingMaterials.threads.juteThreads.Description","Can be refined into <color=#F2E6BD>Jute Garments</color> using a <color=#F2E6BD>Spinning Wheel</color>.","يمكن تكريره إلى <color=#F2E6BD>ملابس من الخيش</color> باستخدام <color=#F2E6BD>عَجَلة الغَزْل</color>."
"items.craftingMaterials.threads.juteThreads.Name","Jute Threads","خيوط الخيش"
"items.craftingMaterials.threads.silkThreads.Description","Can be refined into <color=#F2E6BD>Silk Garments</color> using a <color=#F2E6BD>Spinning Wheel</color>.","يمكن تكريره إلى <color=#F2E6BD>ملابس حريرية</color> باستخدام <color=#F2E6BD>عَجَلة الغَزْل</color>."
"items.craftingMaterials.threads.silkThreads.Name","Silk Threads","خيوط حريرية"
"items.craftingMaterials.threads.woolThreads.Description","Can be refined into <color=#F2E6BD>Wool Garments</color> using a <color=#F2E6BD>Spinning Wheel</color>.","يمكن تكريره إلى <color=#F2E6BD>ملابس صوفية</color> باستخدام <color=#F2E6BD>عَجَلة الغَزْل</color>."
"items.craftingMaterials.threads.woolThreads.Name","Wool Threads","خيوط صوفية"
"items.craftingMaterials.wood.birchWood.Description","Can be refined into <color=#F2E6BD>Birch Planks</color> using a <color=#F2E6BD>Sawmill</color>.","يمكن تكريره إلى <color=#F2E6BD>ألواح خشب البتولا</color> باستخدام <color=#F2E6BD>المَنشَرَة</color>."
"items.craftingMaterials.wood.birchWood.Name","Birch Wood","خشب البتولا"
"items.craftingMaterials.wood.darkOakWood.Description","Can be refined into <color=#F2E6BD>Dark-Oak Planks</color> using a <color=#F2E6BD>Sawmill</color>.","يمكن تكريره إلى <color=#F2E6BD>ألواح البلوط الداكن</color> باستخدام <color=#F2E6BD>المَنشَرَة</color>."
"items.craftingMaterials.wood.darkOakWood.Name","Dark Oak Wood","خشب البلوط الداكن"
"items.craftingMaterials.wood.mapleWood.Description","Can be refined into <color=#F2E6BD>Maple Planks</color> using a <color=#F2E6BD>Sawmill</color>.","يمكن تكريره إلى <color=#F2E6BD>ألواح خشب القيقب</color> باستخدام <color=#F2E6BD>المَنشَرَة</color>."
"items.craftingMaterials.wood.mapleWood.Name","Maple Wood","خشب القيقب"
"items.craftingMaterials.wood.oakWood.Description","Can be refined into <color=#F2E6BD>Oak Planks</color> using a <color=#F2E6BD>Sawmill</color>.","يمكن تكريره إلى <color=#F2E6BD>ألواح خشب البلوط</color> باستخدام <color=#F2E6BD>المَنشَرَة</color>."
"items.craftingMaterials.wood.oakWood.Name","Oak Wood","خشب البلوط"
"items.craftingMaterials.wood.pineWood.Description","Can be refined into <color=#F2E6BD>Pine Planks</color> using a <color=#F2E6BD>Sawmill</color>.","يمكن تكريره إلى <color=#F2E6BD>ألواح خشب الصنوبر</color> باستخدام <color=#F2E6BD>المَنشَرَة</color>."
"items.craftingMaterials.wood.pineWood.Name","Pine Wood","خشب الصنوبر"
"items.craftingMaterials.wood.spruceWood.Description","Can be refined into <color=#F2E6BD>Spruce Planks</color> using a <color=#F2E6BD>Sawmill</color>.","يمكن تكريره إلى <color=#F2E6BD>ألواح خشب التنوب</color> باستخدام <color=#F2E6BD>المَنشَرَة</color>."
"items.craftingMaterials.wood.spruceWood.Name","Spruce Wood","خشب التنوب"
"items.currency.awakeningEmber.Description","Awaken the dormant potential within a <color=#F2E6BD>common item</color>, transforming it into <color=#F2E6BD>Magical</color> rarity with new enchantments.","إيقاظ الإمكانات الكامنة داخل <color=#F2E6BD>عنصر شائع</color>، وتحويله إلى ندرة <color=#F2E6BD>سحرية</color> مع تعزيزات سحرية جديدة."
"items.currency.awakeningEmber.Name","Awakening Ember","جمرة الإيقاظ"
"items.currency.chargedEssenceEmber.Description","A glowing fragment that can be used to <color=#F2E6BD>transfer a stored enchantment</color> onto a compatible item.","شظية متوهجة يمكن استخدامها لـ <color=#F2E6BD>نقل تعزيز سحري مخزن</color> إلى عنصر متوافق."
"items.currency.chargedEssenceEmber.Name","Charged Essence Ember","جمرة الجوهر المشحونة"
"items.currency.corruptingEmber.Description","Corrupt a <color=#F2E6BD>common item</color> with dark essence, elevating it to <color=#F2E6BD>Plagued</color> rarity and unlocking powerful enchantments.","إفساد <color=#F2E6BD>عنصر شائع</color> بجوهر مظلم، لترقيته إلى ندرة <color=#F2E6BD>موبوءة</color> وفتح تعزيزات سحرية قوية."
"items.currency.corruptingEmber.Name","Corrupting Ember","جمرة الإفساد"
"items.currency.essenceEmber.Description","A glowing fragment that can <color=#F2E6BD>absorb an enchantment</color> from one item and bestow it upon another.

The source item is consumed in the process.","شظية متوهجة يمكنها <color=#F2E6BD>امتصاص تعزيز سحري</color> من عنصر ومنحه لآخر.

يُستهلك العنصر المصدر خلال هذه العملية."
"items.currency.essenceEmber.Name","Essence Ember","جمرة الجوهر"
"items.currency.fallenEmber.Description","A mysterious, smoldering fragment that can be used to <color=#F2E6BD>add enchantments</color> to items or <color=#F2E6BD>alter existing enchantments</color>. 

Rumors say these rare stones were also used in ancient Cerim rituals of rebirth.","شظية غامضة مشتعلة يمكن استخدامها لـ <color=#F2E6BD>إضافة تعزيزات سحرية</color> إلى العناصر أو <color=#F2E6BD>تعديل التعزيزات السحرية الحالية</color>.

تقول الشائعات إن هذه الأحجار النادرة كانت تُستخدم أيضاً في طقوس السيريم القديمة للولادة من جديد."
"items.currency.fallenEmber.Name","Fallen Ember","جمرة الساقطين"
"items.currency.gloamseed.Name","Gloamseed","بذرة الغلس"
"items.currency.gold.Name","Copper","نحاس"
"items.currency.radiantEmber.Description","A shimmering fragment radiating with latent power. It can be used to <color=#F2E6BD>strengthen an enchantment's effect</color>, drawing it closer to its full potential.","شظية متلألئة تشع بقوة كامنة. يمكن استخدامها لـ <color=#F2E6BD>تقوية تأثير التعزيز السحري</color>، لتقريبه من أقصى إمكاناته."
"items.currency.radiantEmber.Name","Radiant Ember","جمرة متألقة"
"items.currency.sublimeEmber.Description","Awakens hidden power within an enchantment. Use on a <color=#F2E6BD>fully enchanted item</color> to amplify one of its effects. Limited to <color=#F2E6BD>four uses</color> per item.

Once a Sublime Ember is used on an item, it can no longer have its enchantments replaced.","توقظ القوة الخفية داخل التعزيز السحري. تُستخدم على <color=#F2E6BD>عنصر مكتمل السحر</color> لتضخيم أحد تأثيراته. تقتصر على <color=#F2E6BD>أربعة استخدامات</color> لكل عنصر.

بمجرد استخدام جمرة سامية على عنصر، لا يمكن استبدال تعزيزاته السحرية بعد ذلك."
"items.currency.sublimeEmber.Name","Sublime Ember","جمرة سامية"
"items.currency.voidEmber.Description","A blackened fragment that can be used to <color=#F2E6BD>disenchant items</color>, returning them to common rarity.","شظية مسودة يمكن استخدامها لـ <color=#F2E6BD>إزالة السحر من العناصر</color>، وإعادتها إلى ندرة شائعة."
"items.currency.voidEmber.Name","Void Ember","جمرة الفراغ"
"items.farming.fertilizers.peatFertilizer.Description","Peat fertilizer, can be used to <color=#F2E6BD>accelerate crop growth</color>.","سماد الخث، يمكن استخدامه لـ <color=#F2E6BD>تسريع نمو المحاصيل</color>."
"items.farming.fertilizers.peatFertilizer.Name","Peat Fertilizer","سماد الخث"
"items.farming.seeds.appleTreeSeeds.Description","Plant these seeds on your farm to <color=#F2E6BD>grow an Apple Tree</color>.","ازرع هذه البذور في مزرعتك لـ <color=#F2E6BD>إنماء شجرة تفاح</color>."
"items.farming.seeds.appleTreeSeeds.Name","Apple Tree Seeds","بذور شجرة التفاح"
"items.farming.seeds.artemisiaHerbSeeds.Description","Plant these seeds on your farm to <color=#F2E6BD>grow Artemisa Herbs</color>.","ازرع هذه البذور في مزرعتك لـ <color=#F2E6BD>إنماء أعشاب الشيح</color>."
"items.farming.seeds.artemisiaHerbSeeds.Name","Artemisia Herb Seeds","بذور أعشاب الشيح"
"items.farming.seeds.blueberriesSeeds.Description","Plant these seeds on your farm to <color=#F2E6BD>grow Blueberries</color>.","ازرع هذه البذور في مزرعتك لـ <color=#F2E6BD>إنماء التوت الأزرق</color>."
"items.farming.seeds.blueberriesSeeds.Name","Blueberries Seeds","بذور التوت الأزرق"
"items.farming.seeds.cornSeeds.Description","Plant these seeds on your farm to <color=#F2E6BD>grow Corn</color>.","ازرع هذه البذور في مزرعتك لـ <color=#F2E6BD>إنماء الذرة</color>."
"items.farming.seeds.cornSeeds.Name","Corn Seeds","بذور الذرة"
"items.farming.seeds.dracaenaHerbSeeds.Description","Plant these seeds on your farm to <color=#F2E6BD>grow Dracaena Herbs</color>.","ازرع هذه البذور في مزرعتك لـ <color=#F2E6BD>إنماء أعشاب الدراسينا</color>."
"items.farming.seeds.dracaenaHerbSeeds.Name","Dracaena Herb Seeds","بذور أعشاب الدراسينا"
"items.farming.seeds.firebrandBerriesSeeds.Description","Plant these seeds on your farm to <color=#F2E6BD>grow Firebrand Berries</color>.","ازرع هذه البذور في مزرعتك لـ <color=#F2E6BD>إنماء توت شعلة النار</color>."
"items.farming.seeds.firebrandBerriesSeeds.Name","Firebrand Berries Seeds","بذور توت شعلة النار"
"items.farming.seeds.lithopsHerbSeeds.Description","Plant these seeds on your farm to <color=#F2E6BD>grow Lithops Herbs</color>.","ازرع هذه البذور في مزرعتك لـ <color=#F2E6BD>إنماء أعشاب الليثوبس</color>."
"items.farming.seeds.lithopsHerbSeeds.Name","Lithops Herb Seeds","بذور أعشاب الليثوبس"
"items.farming.seeds.mushroomSpores.Description","Plant these spores on your farm to <color=#F2E6BD>grow Mushrooms</color>.","ازرع هذه الأبواغ في مزرعتك لـ <color=#F2E6BD>إنماء الفطر</color>."
"items.farming.seeds.mushroomSpores.Name","Mushroom Spores","أبواغ الفطر"
"items.farming.seeds.potatoSeeds.Description","Plant these seeds on your farm to <color=#F2E6BD>grow Potatoes</color>.","ازرع هذه البذور في مزرعتك لـ <color=#F2E6BD>إنماء البطاطس</color>."
"items.farming.seeds.potatoSeeds.Name","Potato Seeds","بذور البطاطس"
"items.farming.seeds.pumpkinSeeds.Description","Plant these seeds on your farm to <color=#F2E6BD>grow Pumpkins</color>.","ازرع هذه البذور في مزرعتك لـ <color=#F2E6BD>إنماء اليقطين</color>."
"items.farming.seeds.pumpkinSeeds.Name","Pumpkin Seeds","بذور اليقطين"
"items.farming.seeds.tomatoSeeds.Description","Plant these seeds on your farm to <color=#F2E6BD>grow Tomatos</color>.","ازرع هذه البذور في مزرعتك لـ <color=#F2E6BD>إنماء الطماطم</color>."
"items.farming.seeds.tomatoSeeds.Name","Tomato Seeds","بذور الطماطم"
"items.gear.armor.tier0.cerimTattersA.heroCerimTattersABodyArmor.Description","The tattered remnants of a Cerim cloak.","البقايا الرثة لعباءة سيريم."
"items.gear.armor.tier0.cerimTattersA.heroCerimTattersABodyArmor.Name","Tattered Cerim Cloak","عباءة السيريم الرثة"
"items.gear.armor.tier0.cerimTattersA.heroCerimTattersAPants.Description","The frayed scraps of what was once a powerful Cerim garment.","القصاصات المهترئة لما كان في السابق رداء سيريم مهيبًا."
"items.gear.armor.tier0.cerimTattersA.heroCerimTattersAPants.Name","Tattered Cerim Leggings","لفافات السيريم الرثة"
"items.gear.armor.tier0.cerimTattersB.heroCerimTattersBBodyArmor.Description","The tattered remnants of a Cerim cloak.","البقايا الرثة لعباءة سيريم."
"items.gear.armor.tier0.cerimTattersB.heroCerimTattersBPants.Description","The frayed scraps of what was once a powerful Cerim garment.","القصاصات المهترئة لما كان في السابق رداء سيريم مهيبًا."
"items.gear.armor.tier0.cerimTattersC.heroCerimTattersCBodyArmor.Description","The tattered remnants of a Cerim cloak.","البقايا الرثة لعباءة سيريم."
"items.gear.armor.tier0.cerimTattersC.heroCerimTattersCPants.Description","The frayed scraps of what was once a powerful Cerim garment.","القصاصات المهترئة لما كان في السابق رداء سيريم مهيبًا."
"items.gear.armor.tier0.cerimTattersD.heroCerimTattersDBodyArmor.Description","The tattered remnants of a Cerim cloak.","البقايا الرثة لعباءة سيريم."
"items.gear.armor.tier0.cerimTattersD.heroCerimTattersDPants.Description","The frayed scraps of what was once a powerful Cerim garment.","القصاصات المهترئة لما كان في السابق رداء سيريم مهيبًا."
"items.gear.armor.tier0.prologueCerimArmor.heroPrologueCerimBodyArmor.Description","A traditional cloak made by the Cerim, imbued with the words of the Sayer.","عباءة تقليدية نسجها السيريم، مشبعة بكلمات الناطق."
"items.gear.armor.tier0.prologueCerimArmor.heroPrologueCerimBodyArmor.Name","Cerim Cloak","عباءة السيريم"
"items.gear.armor.tier0.prologueCerimArmor.heroPrologueCerimGloves.Description","A pair of gloves crafted by the Cerim, imbued with the words of the Sayer.","زوج من القفازات صنعه السيريم، مشبع بكلمات الناطق."
"items.gear.armor.tier0.prologueCerimArmor.heroPrologueCerimGloves.Name","Cerim Gloves","قفازات السيريم"
"items.gear.armor.tier0.prologueCerimArmor.heroPrologueCerimHelmet.Description","A protective hood stitched by the Cerim, imbued with the words of the Sayer.","قلنسوة واقية خاطها السيريم، مشبعة بكلمات الناطق."
"items.gear.armor.tier0.prologueCerimArmor.heroPrologueCerimHelmet.Name","Cerim Hood","قلنسوة السيريم"
"items.gear.armor.tier0.prologueCerimArmor.heroPrologueCerimPants.Description","A pair of leg guards favored by the Cerim, imbued with the words of the Sayer.","واقيات ساقين يفضلها السيريم، مشبعة بكلمات الناطق."
"items.gear.armor.tier0.prologueCerimArmor.heroPrologueCerimPants.Name","Cerim Leggings","لفافات ساقي السيريم"
"items.gear.armor.tier1.beggar.tatteredJuteTrousers.Description","The pants of one accustomed to sleeping on hard stone.","سروال امرئ اعتاد النوم على الحجر الصلد."
"items.gear.armor.tier1.beggar.tatteredJuteTrousers.Name","Tattered Jute Trousers","سروال خيش ممزق"
"items.gear.armor.tier1.beggar.tatteredJuteTunic.Description","The pitiful rags of one who has given up hope.","الأسمال البائسة لشخص قطع حبال الأمل."
"items.gear.armor.tier1.beggar.tatteredJuteTunic.Name","Tattered Jute Tunic","سترة خيش ممزقة"
"items.gear.armor.tier1.cleric.heroClericBodyArmor.Description","The stark white robes of a Cleric from the north.","أردية بيضاء ناصعة لرجل دين قادم من الشمال."
"items.gear.armor.tier1.cleric.heroClericBodyArmor.Name","Cleric Vestments","أردية رجل الدين"
"items.gear.armor.tier1.cleric.heroClericGloves.Description","These red leather gloves are a hallmark of the feared Clerics of Coventon.","هذه القفازات الجلدية الحمراء هي العلامة الفارقة لرجال دين كوفنتون المرهوبين."
"items.gear.armor.tier1.cleric.heroClericGloves.Name","Cleric Gloves","قفازات رجل الدين"
"items.gear.armor.tier1.cleric.heroClericHelmet.Description","This prestigious red bonnet is said to protect the Clerics of Coventon from impure thoughts.","يُقال إن هذه القلنسوة الحمراء الرفيعة تحمي رجال دين كوفنتون من الأفكار الدنسة."
"items.gear.armor.tier1.cleric.heroClericHelmet.Name","Cleric Bonnet","قلنسوة رجل الدين"
"items.gear.armor.tier1.cleric.heroClericPants.Description","These crimson leather trousers weren't woven by mystics; but when you feel them you'll think they were.","لم ينسج المتصوفة هذا السروال الجلدي القرمزي؛ لكن حين تلمسه ستظن أنهم فعلوا."
"items.gear.armor.tier1.cleric.heroClericPants.Name","Cleric Leggings","لفافات ساقي رجل الدين"
"items.gear.armor.tier1.duelist.heroDuelistBodyArmor.Description","A tarnished robe, ideal for quick movement and treachery.","رداء باهت، مثالي للحركة السريعة والغدر بالخصوم."
"items.gear.armor.tier1.duelist.heroDuelistBodyArmor.Name","Duelist Tunic","سترة المبارز"
"items.gear.armor.tier1.duelist.heroDuelistGloves.Description","Leather gloves lined with metal studs, for light protection.","قفازات جلدية مبطنة بمسامير معدنية، لتوفير حماية خفيفة."
"items.gear.armor.tier1.duelist.heroDuelistGloves.Name","Duelist Palms","كفوف المبارز"
"items.gear.armor.tier1.duelist.heroDuelistHelmet.Description","Each blow against this curved helm reverberates through the body, and echoes out through the lash of a weapon.","تتردد أصداء كل ضربة تتلقاها هذه الخوذة المقوسة في أنحاء الجسد، وتنطلق مجددًا مع ضربة السلاح العنيفة."
"items.gear.armor.tier1.duelist.heroDuelistHelmet.Name","Duelist Helmet","خوذة المبارز"
"items.gear.armor.tier1.duelist.heroDuelistPants.Description","Shabby leather pants, better for deception and guile than comfort.","سروال جلدي رث، يصلح للخداع والمكر أكثر مما يصلح للراحة."
"items.gear.armor.tier1.duelist.heroDuelistPants.Name","Duelist Trousers","سروال المبارز"
"items.gear.armor.tier1.duelistVariationB.gladesmansGloves.Description","A worn pair of leather mitts that never seem to fit quite right.","زوج بالٍ من القفازات الجلدية التي يبدو أنها لا تناسب اليدين تمامًا قط."
"items.gear.armor.tier1.duelistVariationB.gladesmansGloves.Name","Gladesman's Gloves ","قفازات ابن الأحراش"
"items.gear.armor.tier1.duelistVariationB.gladesmansTrousers.Description","A good pair of trousers offers protection against enemies, the elements, and knee-high critters.","السروال الجيد يوفر حماية من الأعداء، والعوامل الجوية، والمخلوقات الزاحفة بمحاذاة الركبة."
"items.gear.armor.tier1.duelistVariationB.gladesmansTrousers.Name","Gladesman's Trousers","سروال ابن الأحراش"
"items.gear.armor.tier1.duelistVariationB.gladesmansTunic.Description","An old duelist's robe, saturated with the vague stench of moss and blood.","رداء مبارز قديم، مشبع برائحة الطحالب والدماء العفنة."
"items.gear.armor.tier1.duelistVariationB.gladesmansTunic.Name","Gladesman's Tunic","سترة ابن الأحراش"
"items.gear.armor.tier1.fallenPhoenix.fallenPhoenixBodyArmor.Description","An unassuming cloak worn by wanderers who prefer not to be remembered.","عباءة متواضعة يرتديها المتجولون الذين يفضلون ألا يتذكرهم أحد."
"items.gear.armor.tier1.fallenPhoenix.fallenPhoenixBodyArmor.Name","Cloak of Rags","عباءة الخرق"
"items.gear.armor.tier1.fallenPhoenix.fallenPhoenixGloves.Description","Armored gloves sharp enough to break the silence, should silence fail you.","قفازات مدرعة حادة بما يكفي لكسر الصمت، إن خذلك الصمت."
"items.gear.armor.tier1.fallenPhoenix.fallenPhoenixGloves.Name","Ragged Gauntlets","قفازات حديدية رثة"
"items.gear.armor.tier1.fallenPhoenix.fallenPhoenixHelmet.Description","A ragged mantle made of elk hide, worn by those who prefer the company of shadows.","وشاح رث مصنوع من جلد الأيل، يرتديه أولئك الذين يؤثرون صحبة الظلال."
"items.gear.armor.tier1.fallenPhoenix.fallenPhoenixHelmet.Name","Cowl of Rags","قناع الخرق"
"items.gear.armor.tier1.fallenPhoenix.fallenPhoenixPants.Description","A set of worn armor legs dyed the color of dusk — ideal for walking where one shouldn’t be seen.","طقم دروع ساقين بالية صُبغت بلون الغسق — مثالية للمسير حيث لا ينبغي لأحد أن يراك."
"items.gear.armor.tier1.fallenPhoenix.fallenPhoenixPants.Name","Ragged Greaves","دروع ساقين رثة"
"items.gear.armor.tier1.farmer.heroFarmerBodyArmor.Description","The simple tunic of one who tills the earth.","السترة البسيطة لمن يحرث الأرض بكدّه."
"items.gear.armor.tier1.farmer.heroFarmerBodyArmor.Name","Farmer's Rags","أسمال المزارع"
"items.gear.armor.tier1.farmer.heroFarmerGloves.Description","A pair of well-worn gloves, familiar with the dirt.","زوج من القفازات المنهكة التي أَلِفت التراب."
"items.gear.armor.tier1.farmer.heroFarmerGloves.Name","Farmer's Thumb","إبهام المزارع"
"items.gear.armor.tier1.farmer.heroFarmerHelmet.Description","A humble head covering, ideal for blocking the sun while gardening.","غطاء رأس متواضع، مثالي لحجب الشمس أثناء رعاية الحقول."
"items.gear.armor.tier1.farmer.heroFarmerHelmet.Name","Farmer's Cap","قبعة المزارع"
"items.gear.armor.tier1.farmer.heroFarmerPants.Description","A pair of shabby trousers with mud stains on the knees.","سروال رث ملطخ بالوحل عند الركبتين."
"items.gear.armor.tier1.farmer.heroFarmerPants.Name","Farmer's Cords","حبال المزارع"
"items.gear.armor.tier1.herbalist.herbalistBodyArmor.Description","A tunic of twigs that rustles incessantly, even without wind.","سترة من الأغصان والترائب تصدر حفيفًا متواصلاً، حتى في غياب الرياح."
"items.gear.armor.tier1.herbalist.herbalistBodyArmor.Name","Rootspeaker Vestments","أردية متحدث الجذور"
"items.gear.armor.tier1.herbalist.herbalistGloves.Description","A pair of gloves woven from creeping roots that never stop growing.","زوج من القفازات منسوج من جذور زاحفة لا تتوقف عن النمو قط."
"items.gear.armor.tier1.herbalist.herbalistGloves.Name","Rootspeaker Tendrils","محاليق متحدث الجذور"
"items.gear.armor.tier1.herbalist.herbalistHelmet.Description","Why gaze in admiration at the tree, when you can become the tree?","لماذا تتأمل الشجرة بإعجاب، بينما يمكنك أن تصبح أنت الشجرة؟"
"items.gear.armor.tier1.herbalist.herbalistHelmet.Name","Rootspeaker Mantle","وشاح متحدث الجذور"
"items.gear.armor.tier1.herbalist.herbalistPants.Description","Let your feet be as roots; firm and grounded. And let your trousers also be as roots; foul-smelling and brittle.","لتكن قدماك كالجذور؛ راسختين وثابتتين. وليكن سروالك كالجذور أيضاً؛ كريه الرائحة وسريع العطب."
"items.gear.armor.tier1.herbalist.herbalistPants.Name","Rootspeaker Stalks","سوق متحدث الجذور"
"items.gear.armor.tier1.heroRogueVariationB.mudstalkersGloves.Description","A pair of simple, tidy leather gloves. Their cleanliness belies a long history of treachery.","زوج من القفازات الجلدية البسيطة والمرتبة. نظافتها تكذب تاريخًا طويلاً من الخيانة والغدر."
"items.gear.armor.tier1.heroRogueVariationB.mudstalkersGloves.Name","Mudstalker's Gloves","قفازات مترصد الطين"
"items.gear.armor.tier1.heroRogueVariationB.mudstalkersHood.Description","A crimson cowl, perhaps woven by a thief who abandoned the isle of Tanth but retained the island's cunning.","قلنسوة قرمزية، نسجها لص فرّ من جزيرة تانث محتفظًا بمكر أهلها."
"items.gear.armor.tier1.heroRogueVariationB.mudstalkersHood.Name","Mudstalker's Hood","قلنسوة مترصد الطين"
"items.gear.armor.tier1.heroRogueVariationB.mudstalkersJerkin.Description","The tunic of a wretch, a desperate soul, one who was grateful to be released into God's Embrace.","سترة بائس يائس، كان ممتنًا لخلاصه بين أحضان الإله."
"items.gear.armor.tier1.heroRogueVariationB.mudstalkersJerkin.Name","Mudstalker's Jerkin","سترة مترصد الطين"
"items.gear.armor.tier1.heroRogueVariationB.mudstalkersPants.Description","Worn leather leggings, stained by the marshes of Tanth. They bear the marks of one who crept through filth and shadow, unseen yet never unscathed.","لفافات ساقين جلدية بالية، لطختها مستنقعات تانث. تحمل آثار شخص تسلل عبر القذارة والظلال خفيًا لكن ليس بمنأى عن الأذى."
"items.gear.armor.tier1.heroRogueVariationB.mudstalkersPants.Name","Mudstalker's Pants","سروال مترصد الطين"
"items.gear.armor.tier1.knight.twineKingBodyArmor.Description","“The world is woven by the wise; only a fool would tug at its seams.” -the Twine King","«الحكماء ينسجون العالم؛ والأحمق وحده من يجذب خيوطه.» - ملك الخيوط"
"items.gear.armor.tier1.knight.twineKingBodyArmor.Name","Twine King's Armor","درع ملك الخيوط"
"items.gear.armor.tier1.knight.twineKingGloves.Description","“Cut the thread early, or watch it strangle you later.” -the Twine King","«اقطع الخيط مبكرًا، وإلا رأيته يخنقك لاحقًا.» - ملك الخيوط"
"items.gear.armor.tier1.knight.twineKingGloves.Name","Twine King's Fingers","أصابع ملك الخيوط"
"items.gear.armor.tier1.knight.twineKingHelmet.Description","“Every knot curses the hand that tied it.” -the Twine King","«كل عقدة تلعن اليد التي ربطتها.» - ملك الخيوط"
"items.gear.armor.tier1.knight.twineKingHelmet.Name","Twine King's Crown","تاج ملك الخيوط"
"items.gear.armor.tier1.knight.twineKingPants.Description","“No tapestry is finished while the weaver still breathes.”-the Twine King","«لا تكتمل أي نسيجة ما دام الحائك لا يزال يتنفس.» - ملك الخيوط"
"items.gear.armor.tier1.knight.twineKingPants.Name","Twine King's Stance","وقفة ملك الخيوط"
"items.gear.armor.tier1.ranger.heroRangerBodyArmor.Description","The leather coat of a woodland ranger, ideal for hunting.","السترة الجلدية لجوال الغابات، مثالية للصيد والمطاردة."
"items.gear.armor.tier1.ranger.heroRangerBodyArmor.Name","Ranger Tunic","سترة الجوال"
"items.gear.armor.tier1.ranger.heroRangerGloves.Description","A pair of hardy gloves belonging to a woodland hunter.","زوج من القفازات المتينة يخص صياد أحراش متمرسًا."
"items.gear.armor.tier1.ranger.heroRangerGloves.Name","Ranger Gloves","قفازات الجوال"
"items.gear.armor.tier1.ranger.heroRangerHelmet.Description","A lightweight morion helm, favored by forest stalkers and trackers.","خوذة موريون خفيفة، يفضلها متتبعو الآثار ومتسللو الغابات."
"items.gear.armor.tier1.ranger.heroRangerHelmet.Name","Ranger Helmet","خوذة الجوال"
"items.gear.armor.tier1.ranger.heroRangerPants.Description","Dark leather trousers that resemble the murk of an inland forest.","سروال جلدي داكن يشبه عتمة الغابات الداخلية."
"items.gear.armor.tier1.ranger.heroRangerPants.Name","Ranger Breeches","سروال الجوال"
"items.gear.armor.tier1.risenCaptain.heroRisenCaptainBodyArmor.Description","A sturdy tunic, stitched by hand and stained with blood.","سترة متينة، خيطت يدويًا ولطختها الدماء."
"items.gear.armor.tier1.risenCaptain.heroRisenCaptainBodyArmor.Name","Wildling Coat","معطف الهمجي"
"items.gear.armor.tier1.risenCaptain.heroRisenCaptainGloves.Description","Tough but ragged, much like their former owner.","صلبة ورثة في آن واحد، تمامًا كصاحبها السابق."
"items.gear.armor.tier1.risenCaptain.heroRisenCaptainGloves.Name","Wildling Fingers","أصابع الهمجي"
"items.gear.armor.tier1.risenCaptain.heroRisenCaptainHelmet.Description","The mottled steel helmet of an outlaw. Sure to have seen its share of blows.","خوذة فولاذية متبقعة تخص أحد الخارجين عن القانون. من المؤكد أنها تلقت نصيبها الوافر من الضربات."
"items.gear.armor.tier1.risenCaptain.heroRisenCaptainHelmet.Name","Wildling Helmet","خوذة الهمجي"
"items.gear.armor.tier1.risenCaptain.heroRisenCaptainPants.Description","A pair of drab trousers stitched in Lion's Mound. Coarse and unwashed.","سروال باهت خيط في تل الأسد. خشن وغير مغسول."
"items.gear.armor.tier1.risenCaptain.heroRisenCaptainPants.Name","Wildling Pants","سروال الهمجي"
"items.gear.armor.tier1.risenCrawler.heroRisenCrawlerBodyArmor.Description","A garment often worn by the lowliest Risen, held together with rage and hubris.","رداء يرتديه في الغالب أحقر جنود الناهضين، يتماسك فقط بفعل الغضب والغطرسة."
"items.gear.armor.tier1.risenCrawler.heroRisenCrawlerBodyArmor.Name","Knave's Tunic","سترة النذل"
"items.gear.armor.tier1.risenCrawler.heroRisenCrawlerGloves.Description","The lowliest thieves are lucky to even have their hands covered.","اللصوص الحقراء محظوظون حتى بمجرد تغطية أيديهم."
"items.gear.armor.tier1.risenCrawler.heroRisenCrawlerGloves.Name","Knave's Gloves","قفازات النذل"
"items.gear.armor.tier1.risenCrawler.heroRisenCrawlerPants.Description","A pair of ratty trousers, often worn by the Risen's most humble soldiers.","سروال مهترئ يرتديه في العادة أكثر جنود الناهضين وضاعة."
"items.gear.armor.tier1.risenCrawler.heroRisenCrawlerPants.Name","Knave's Breeches","سروال النذل"
"items.gear.armor.tier1.risenScoundrel.heroRisenScoundrelBodyArmor.Description","A cloak imbued with treachery, bloodshed in its past.","عباءة مشبعة بالغدر وإراقة الدماء في ماضيها."
"items.gear.armor.tier1.risenScoundrel.heroRisenScoundrelBodyArmor.Name","Thieving Drifter Garb","زي المتشرد اللص"
"items.gear.armor.tier1.risenScoundrel.heroRisenScoundrelGloves.Description","Gloves that would sooner close around a man's neck than till a field.","قفازات تطبق حول رقبة امرئ أسرع بكثير مما تحرث حقلاً."
"items.gear.armor.tier1.risenScoundrel.heroRisenScoundrelGloves.Name","Thieving Drifter Mitts","كفوف المتشرد اللص"
"items.gear.armor.tier1.risenScoundrel.heroRisenScoundrelHelmet.Description","The faded hood of a Risen soldier, with poor visibility for attacks from behind.","قلنسوة باهتة لأحد جنود الناهضين، تعيق الرؤية وتترك صاحبها عرضة للهجمات من الخلف."
"items.gear.armor.tier1.risenScoundrel.heroRisenScoundrelHelmet.Name","Thieving Drifter Hood","قلنسوة المتشرد اللص"
"items.gear.armor.tier1.risenScoundrel.heroRisenScoundrelPants.Description","These trousers did not believe in their former owner's cause.","هذا السروال لم يكن يومًا مؤمنًا بقضية صاحبه السابق."
"items.gear.armor.tier1.risenScoundrel.heroRisenScoundrelPants.Name","Thieving Drifter Trousers","سروال المتشرد اللص"
"items.gear.armor.tier1.rogue.heroRogueBodyArmor.Description","A cloak said to be woven out of nothing but stealth and shadow. (Made by a liar.)","عباءة يقال إنها حيكت من التخفي والظلال فحسب. (صنعها كاذب)."
"items.gear.armor.tier1.rogue.heroRogueBodyArmor.Name","Dark Leather Jerkin","سترة الجلد الداكن"
"items.gear.armor.tier1.rogue.heroRogueGloves.Description","Coarse brown gloves that slide on without a sound.","قفازات بنية خشنة تنزلق على اليد دون أن تصدر أدنى صوت."
"items.gear.armor.tier1.rogue.heroRogueGloves.Name","Dark Leather Gloves","قفازات الجلد الداكن"
"items.gear.armor.tier1.rogue.heroRogueHelmet.Description","The hood of one who is about to commit foul deeds.","قلنسوة من هو على وشك ارتكاب أفعال شنيعة."
"items.gear.armor.tier1.rogue.heroRogueHelmet.Name","Dark Leather Hood","قلنسوة الجلد الداكن"
"items.gear.armor.tier1.rogue.heroRoguePants.Description","A pair of simple trousers, yes. But trousers with a sinister air about them.","سروال بسيط، نعم، لكنه يفيض بهالة من الشر والريبة."
"items.gear.armor.tier1.rogue.heroRoguePants.Name","Dark Leather Breeches","سروال الجلد الداكن"
"items.gear.armor.tier1.sailorA.heroSailorABodyArmor.Description","The shirt of a lawless sea dog, caked with salt and adventure.","قميص بحار خارج عن القانون، تكسوه طبقات الملح والمغامرة."
"items.gear.armor.tier1.sailorA.heroSailorABodyArmor.Name","Mariner's Rig","زي الملاح"
"items.gear.armor.tier1.sailorA.heroSailorAHelmet.Description","A simple rag to keep the sea spray out of one's hair. (Ineffective.)","خرقة بسيطة لمنع رذاذ البحر من الوصول إلى الشعر. (غير مجدية)."
"items.gear.armor.tier1.sailorA.heroSailorAHelmet.Name","Mariner's Salt Wick","عصابة ملح الملاح"
"items.gear.armor.tier1.sailorA.heroSailorAPants.Description","A pair of wide-legged trousers, to let the wind in and keep the smells out.","سروال واسع الساقين، يدخل الرياح ويطرد الروائح الكريهة."
"items.gear.armor.tier1.sailorA.heroSailorAPants.Name","Mariner's Sea Legs","سروال بحر الملاح"
"items.gear.armor.tier1.sailorAVariation.heroSailorAVariationPants.Description","A pair of trousers dyed teal by design, and parched white by the ocean's spray.","سروال صُبغ بلون البط البري عمدًا، وجففته ملوحة رذاذ المحيط حتى بَهَتَ بياضه."
"items.gear.armor.tier1.sailorAVariation.heroSailorAVariationPants.Name","Mariner's Land Legs","سروال بر الملاح"
"items.gear.armor.tier1.sailorB.heroSailorBBodyArmor.Description","The faded coat of a middle ranking seaman - likely stolen and traded by pirates.","سترة باهتة لبحار متوسط الرتبة - يُرجح أنها سُرقت وجرى تداولها بين القراصنة."
"items.gear.armor.tier1.sailorB.heroSailorBBodyArmor.Name","Helmsman's Jacket","سترة الربان"
"items.gear.armor.tier1.sailorB.heroSailorBPants.Description","Trousers made of soft linen. They have seen many harsh days at sea.","سروال من الكتان الناعم. شهد العديد من الأيام القاسية في عرض البحر."
"items.gear.armor.tier1.sailorB.heroSailorBPants.Name","Helmsman's Pantaloons","بنطال الربان"
"items.gear.armor.tier1.sailorC.heroSailorCBodyArmor.Description","A simple cotton shirt, favored by traders from the mainland.","قميص قطني بسيط، يفضله التجار القادمون من القارة."
"items.gear.armor.tier1.sailorC.heroSailorCBodyArmor.Name","Sailor's Slops","فضفاض البحار"
"items.gear.armor.tier1.sailorC.heroSailorCHelmet.Description","Take any cloth, fold it three ways, and you have this.","خذ أي قطعة قماش، واطوِها ثلاث طيات، وستحصل على هذا."
"items.gear.armor.tier1.sailorC.heroSailorCHelmet.Name","Sailor's Bandana","عصابة البحار"
"items.gear.armor.tier1.sailorC.heroSailorCPants.Description","More stylish than most rags, but rags nonetheless.","أكثر أناقة من معظم الخرق، لكنها تظل خرقًا في نهاية المطاف."
"items.gear.armor.tier1.sailorC.heroSailorCPants.Name","Striped Sailor's Braies","سروال البحار المخطط"
"items.gear.armor.tier1.scholar.heroScholarBodyArmor.Description","This holy cloak has been patched and repaired many times since the Mountain Gate fell shut.","تم ترقيع وإصلاح هذه العباءة المقدسة مرات عديدة منذ أن أُغلقت بوابة الجبل بإحكام."
"items.gear.armor.tier1.scholar.heroScholarBodyArmor.Name","Caylen Scholar Robes","أردية باحث كايلن"
"items.gear.armor.tier1.scholar.heroScholarGloves.Description","Gloves made from ironweave, once worn by a scholar of the Holy City.","قفازات مصنوعة من نسيج الحديد، ارتداها ذات يوم باحث في المدينة المقدسة."
"items.gear.armor.tier1.scholar.heroScholarGloves.Name","Caylen Scholar Manchettes","أكمام باحث كايلن"
"items.gear.armor.tier1.scholar.heroScholarHelmet.Description","The hood of a learned scholar, likely employed in the archives of the Great Cathedral.","قلنسوة باحث عليم، من المحتمل أنه كان يعمل في أرشيف الكاتدرائية العظمى."
"items.gear.armor.tier1.scholar.heroScholarHelmet.Name","Caylen Scholar Hood","قلنسوة باحث كايلن"
"items.gear.armor.tier1.scholar.heroScholarPants.Description","Durable and well-made, no doubt stitched by artisans of the Holy City.","متين ومتقن الصنع، لا شك أنه خيط بأيدي حِرفيي المدينة المقدسة."
"items.gear.armor.tier1.scholar.heroScholarPants.Name","Caylen Scholar Britches","سروال باحث كايلن"
"items.gear.armor.tier1.skybornPaladin.skybornPaladinBodyArmor.Description","An armor of quilted cloth and tempered steel; warm as a sunrise, cold as its shadow.","درع من القماش المبطن والفولاذ المقسى؛ دافئ كشروق الشمس، وبارد كظلها."
"items.gear.armor.tier1.skybornPaladin.skybornPaladinBodyArmor.Name","Hearthguard Coat","معطف حرس الموقد"
"items.gear.armor.tier1.skybornPaladin.skybornPaladinGloves.Description","A pair of hammered gauntlets that will keep their warmth long after the wearer’s hands have gone cold.","زوج من القفازات المطروقة التي ستحتفظ بدفئها طويلاً بعد أن تبرد يدا مرتديها."
"items.gear.armor.tier1.skybornPaladin.skybornPaladinGloves.Name","Hearthguard Gauntlets","قفازات حرس الموقد"
"items.gear.armor.tier1.skybornPaladin.skybornPaladinHelmet.Description","A hood the color of dying coals, just before the night swallows the day.","قلنسوة بلون الجمر الخابي، قبيل أن يبتلع الليلُ النهار."
"items.gear.armor.tier1.skybornPaladin.skybornPaladinHelmet.Name","Hearthguard Cowl","قناع حرس الموقد"
"items.gear.armor.tier1.skybornPaladin.skybornPaladinPants.Description","Forged on the mainland, in a smithy just outside of Elgarth which burned to the ground in the year 826.","صُنعت في القارة، في ورشة حدادة تقع خارج إلغارث احترقت وسويت بالأرض في عام 826."
"items.gear.armor.tier1.skybornPaladin.skybornPaladinPants.Name","Hearthguard Greaves","دروع ساقي حرس الموقد"
"items.gear.armor.tier1.soddenKnight.dredgeKnightBodyArmor.Description","Heavy chainmail wrapped around a cloak as iridescent as the sea… The origins of this armor are mysterious.","درع زردي ثقيل يلتف حول عباءة متقزحة كأمواج البحر… أصول هذا الدرع يكتنفها الغموض."
"items.gear.armor.tier1.soddenKnight.dredgeKnightBodyArmor.Name","Dredge Knight Armor","درع فارس التجريف"
"items.gear.armor.tier1.soddenKnight.dredgeKnightGloves.Description","Gloves belonging to an unknown warrior, possibly from the Strait of Oroth.","قفازات تعود لمحارب مجهول، يُحتمل أنه من مضيق أوروث."
"items.gear.armor.tier1.soddenKnight.dredgeKnightGloves.Name","Dredge Knight Gauntlets","قفازات فارس التجريف"
"items.gear.armor.tier1.soddenKnight.dredgeKnightHelmet.Description","A drape of cloth that shimmers with ill intent. Little is known about its origins.","نسيج قماشي ينسدل ببريق يضمر نية خبيثة. لا يُعرف الكثير عن أصوله."
"items.gear.armor.tier1.soddenKnight.dredgeKnightHelmet.Name","Dredge Knight Hood","قلنسوة فارس التجريف"
"items.gear.armor.tier1.soddenKnight.dredgeKnightPants.Description","Dark leather pants, draped in chain mail for extra protection.","سروال جلدي داكن، مكسو بحلقات الزرد لتوفير حماية إضافية."
"items.gear.armor.tier1.soddenKnight.dredgeKnightPants.Name","Dredge Knight Bottoms","سروال فارس التجريف"
"items.gear.armor.tier1.squire.heroSquireBodyArmor.Description","The humble armor of a knight in training. Simple but effective protection.","الدرع المتواضع لفارس قيد التدريب. يوفر حماية بسيطة وفعالة."
"items.gear.armor.tier1.squire.heroSquireBodyArmor.Name","Squire's Attire","حُلة التابع"
"items.gear.armor.tier1.squire.heroSquireHelmet.Description","An ornately encrusted helmet, forged by Sacrament's longtime smithy Fillmore.","خوذة مرصعة بزخارف بديعة، طرقتها يد فيلمور حداد ساكرامنت القديم."
"items.gear.armor.tier1.squire.heroSquireHelmet.Name","Squire's Helm","خوذة التابع"
"items.gear.armor.tier1.squire.heroSquirePants.Description","Simple leather trousers, of the type given to novice warriors.","سروال جلدي بسيط من النوع الذي يُمنح للمحاربين المبتدئين."
"items.gear.armor.tier1.squire.heroSquirePants.Name","Squire's Breeches","سروال التابع"
"items.gear.armor.tier1.squire.heroSquiresHands.Description","Light and nimble, these gloves protect the hand from slashing attacks.","خفيفة ورشيقة، تحمي هذه القفازات اليد من الضربات القاطعة."
"items.gear.armor.tier1.squire.heroSquiresHands.Name","Squire's Hands","قفازات التابع"
"items.gear.armor.tier2.banditLeader.heroBanditLeaderBodyArmor.Description","What the Risen lack in discipline, they make up for with bravado.","ما يفتقر إليه الناهضين من انضباط، يعوضونه بالتبجح والجسارة."
"items.gear.armor.tier2.banditLeader.heroBanditLeaderBodyArmor.Name","Reckless Tallbear Garb","زي الدب الفارع المتهور"
"items.gear.armor.tier2.banditLeader.heroBanditLeaderGloves.Description","A pair of loud, clanging gloves, built as much for show as for protection.","زوج من القفازات ذات الرنين الصاخب، صُنعت للاستعراض بقدر ما صُنعت للحماية."
"items.gear.armor.tier2.banditLeader.heroBanditLeaderGloves.Name","Reckless Tallbear Gloves","قفازات الدب الفارع المتهور"
"items.gear.armor.tier2.banditLeader.heroBanditLeaderHelmet.Description","A heavy helm capable of thwarting both mutinies and betrayals - tactics long favored by the Risen.","خوذة ثقيلة قادرة على إحباط التمردات والغدر - وهي تكتيكات طالما فضلها الناهضين."
"items.gear.armor.tier2.banditLeader.heroBanditLeaderHelmet.Name","Reckless Tallbear Helmet","خوذة الدب الفارع المتهور"
"items.gear.armor.tier2.banditLeader.heroBanditLeaderPants.Description","May these pants bear their new wearer to better fortune than their former owners.","عسى أن يحمل هذا السروال صاحبه الجديد إلى حظ أوفر من أصحابه السابقين."
"items.gear.armor.tier2.banditLeader.heroBanditLeaderPants.Name","Reckless Tallbear Pants","سروال الدب الفارع المتهور"
"items.gear.armor.tier2.banditLeaderVariation.fellhornsFist.Description","""When shaking hands with the Risen, always watch the one that isn't."" - overheard in Havenport","«عند مصافحة أحد الناهضين، راقب دائمًا اليد الأخرى التي لا تصافحك.» - قيلت همسًا في هافنبورت"
"items.gear.armor.tier2.banditLeaderVariation.fellhornsFist.Name","Fellhorn's Fist","قبضة القرن الشؤم"
"items.gear.armor.tier2.banditLeaderVariation.fellhornsHollow.Description","A formidable barricade of steel and cloth, as heavy as it is impractical.","متراس مهيب من الفولاذ والقماش، ثقيل بقدر ما هو عديم الجدوى."
"items.gear.armor.tier2.banditLeaderVariation.fellhornsHollow.Name","Fellhorn's Hollow","قناع القرن الشؤم الأجوف"
"items.gear.armor.tier2.banditLeaderVariation.fellhornsStride.Description","On its way to being armor, but not quite armor.","في طريقها لتكون درعًا، لكنها لم ترتقِ لتكون درعًا بعد."
"items.gear.armor.tier2.banditLeaderVariation.fellhornsStride.Name","Fellhorn's Stride","خطوة القرن الشؤم"
"items.gear.armor.tier2.banditLeaderVariation.fellhornsTunic.Description","The battered but ornate armor of a Risen Fellhorn. All fall, only some rise!","درع متهالك لكنه مزخرف يخص أحد مقاتلي القرن الشؤم من الناهضين. الكل يسقط، وفقط القلة تنهض!"
"items.gear.armor.tier2.banditLeaderVariation.fellhornsTunic.Name","Fellhorn's Tunic","سترة القرن الشؤم"
"items.gear.armor.tier2.blacksmith.heroBlacksmithBodyArmor.Description","A thick leather apron suited for hot, hard work around the forge.","مئزر جلدي سميك ملائم للعمل الشاق والساخن حول الكير."
"items.gear.armor.tier2.blacksmith.heroBlacksmithBodyArmor.Name","Smithy's Smock","مئزر الحداد"
"items.gear.armor.tier2.blacksmith.heroBlacksmithGloves.Description","Thick working gloves, able to withstand high temperatures.","قفازات عمل سميكة قادرة على تحمل درجات الحرارة العالية."
"items.gear.armor.tier2.blacksmith.heroBlacksmithGloves.Name","Smithy's Mitts","قفازات الحداد"
"items.gear.armor.tier2.blacksmith.heroBlacksmithPants.Description","They say the trousers are the least important part of a smithy's uniform… But try forging in a skirt.","يقولون إن السروال هو الجزء الأقل أهمية في زي الحداد… لكن جرّب أن تطرق الحديد بتنورة."
"items.gear.armor.tier2.blacksmith.heroBlacksmithPants.Name","Smithy's Bottoms","سروال الحداد"
"items.gear.armor.tier2.boarskinBastard.boarskinBastardBodyArmor.Description","It's said the Boarskin believe themselves descendents of Kafron Bilsgard. Attempts at further questioning on the subject have gone poorly.","يقال إن عشيرة جلود الخنازير تعتقد أنها تنحدر من سلالة كافرون بيلسغارد. وقد باءت محاولات التقصي عن هذا الأمر بالفشل الذريع."
"items.gear.armor.tier2.boarskinBastard.boarskinBastardBodyArmor.Name","Bastard's Cuirass","صدرية اللقيط"
"items.gear.armor.tier2.boarskinBastard.boarskinBastardGloves.Description","""Every foe a feast."" - Boarskin battle cry, meaning uncertain","«كل عدو وليمة.» - صيحة معركة لدى جلود الخنازير، مغزاها غامض وغير مؤكد"
"items.gear.armor.tier2.boarskinBastard.boarskinBastardGloves.Name","Bastard's Grip","قبضة اللقيط"
"items.gear.armor.tier2.boarskinBastard.boarskinBastardHelmet.Description","Those who fear the dogs of war have never seen the pigs.","أولئك الذين يخشون كلاب الحرب لم يشهدوا خنازيرها قط."
"items.gear.armor.tier2.boarskinBastard.boarskinBastardHelmet.Name","Bastard's Boar Helm","خوذة خنزير اللقيط"
"items.gear.armor.tier2.boarskinBastard.boarskinBastardPants.Description","Many travelers have hidden in the tall grass, watching in fear as these leggings stalk past.","اختبأ العديد من المسافرين في العشب الطويل، يراقبون في رعب بينما تتهادى هذه اللفافات من أمامهم."
"items.gear.armor.tier2.boarskinBastard.boarskinBastardPants.Name","Bastard's Legs","ساقا اللقيط"
"items.gear.armor.tier2.boarskinMangler.boarskinManglerBodyArmor.Description","One hopes it's woven from the clothes of Boarskin victims, as opposed to from their hides.","يأمل المرء أن تكون محبوكة من ملابس ضحايا جلود الخنازير، لا من جلودهم أنفسهم."
"items.gear.armor.tier2.boarskinMangler.boarskinManglerBodyArmor.Name","Mangler's Harness","حزام المشوه"
"items.gear.armor.tier2.boarskinMangler.boarskinManglerGloves.Description","Caked with dried blood, worn and stained and coarse. Make no mistake: these are butcher's gloves.","ملطخة بالدماء الجافة، بالية ومبقعة وخشنة. لا تخطئ الظن: هذه قفازات جزار."
"items.gear.armor.tier2.boarskinMangler.boarskinManglerGloves.Name","Mangler's Grasp","قبضة المشوه"
"items.gear.armor.tier2.boarskinMangler.boarskinManglerHelmet.Description","Perhaps the Boarskin wear such headdresses out of fondness for their porcine brothers. Perhaps they just ran out of human skulls.","ربما يرتدي أفراد جلود الخنازير أغطية الرأس هذه مودةً لإخوتهم الخنازير. وربما نفدت منهم الجماجم البشرية فحسب."
"items.gear.armor.tier2.boarskinMangler.boarskinManglerHelmet.Name","Mangler's Tusk Helm","خوذة ناب المشوه"
"items.gear.armor.tier2.boarskinMangler.boarskinManglerPants.Description","These leggings resemble the Boarskin family tree - very few branches and some alarming gaps.","تشبه هذه اللفافات شجرة عائلة جلود الخنازير - فروع قليلة جدًا وفجوات مروعة ومثيرة للقلق."
"items.gear.armor.tier2.boarskinMangler.boarskinManglerPants.Name","Mangler's Leggings","لفافات ساقي المشوه"
"items.gear.armor.tier2.boarskinPreacher.boarskinPreacherBodyArmor.Description","The Boarskin Preacher's tunic is sewn from the hides of those who didn't survive their ""sermon.""","سترة واعظ جلود الخنازير مخيطة من جلود أولئك الذين لم ينجوا من «موعظته»."
"items.gear.armor.tier2.boarskinPreacher.boarskinPreacherBodyArmor.Name","Preacher's Rags","أسمال الواعظ"
"items.gear.armor.tier2.boarskinPreacher.boarskinPreacherGloves.Description","A litany of brutalities stitched down the length of each finger.","سجل من الفظائع والوحشية مخيط على طول كل إصبع."
"items.gear.armor.tier2.boarskinPreacher.boarskinPreacherGloves.Name","Preacher's Gloves","قفازات الواعظ"
"items.gear.armor.tier2.boarskinPreacher.boarskinPreacherHelmet.Description","The Boarskin don't remove the arrows of those who almost brought them down. Perhaps a sign of respect, perhaps a taunt.","لا ينزع أفراد جلود الخنازير سهام أولئك الذين كادوا يصرعونهم. ربما علامة على الاحترام، وربما سخرية واستهزاء."
"items.gear.armor.tier2.boarskinPreacher.boarskinPreacherHelmet.Name","Preacher's Helm","خوذة الواعظ"
"items.gear.armor.tier2.boarskinPreacher.boarskinPreacherPants.Description","If you were an inbred tribe of half-feral marauders, your pants would likely smell this way too.","لو كنت من قبيلة متزاوجة داخليًا من المغيرين شبه المتوحشين، لكانت رائحة سروالك شبيهة بهذا غالبًا."
"items.gear.armor.tier2.boarskinPreacher.boarskinPreacherPants.Name","Preacher's Walk","خطو الواعظ"
"items.gear.armor.tier2.carpenter.heroCarpenterBodyArmor.Description","A linen shirt traditionally worn by members of Sacrament's Guild of Carpenters.","قميص كتاني يرتديه عادةً أعضاء نقابة النجارين في ساكرامنت."
"items.gear.armor.tier2.carpenter.heroCarpenterBodyArmor.Name","Carpenter's Tunic","سترة النجار"
"items.gear.armor.tier2.carpenter.heroCarpenterPants.Description","Linen pants traditionally worn by members of Sacrament's Guild of Carpenters.","سروال كتاني يرتديه عادةً أعضاء نقابة النجارين في ساكرامنت."
"items.gear.armor.tier2.carpenter.heroCarpenterPants.Name","Carpenter Pants","سروال النجار"
"items.gear.armor.tier2.darak.heroDarakBodyArmor.Description","The body armor of the Risen Falstead. They say he forged the steel with his own teeth.","درع جسد فالستيد من الناهضين. يقولون إنه طوّع الفولاذ بأسنانه."
"items.gear.armor.tier2.darak.heroDarakBodyArmor.Name","Falstead's Wrath","غضب فالستيد"
"items.gear.armor.tier2.darak.heroDarakGloves.Description","Heavy gauntlets worn by the Risen Falstead, though his palms were as coarse as any metal.","قفازات ثقيلة ارتداها فالستيد من الناهضين، مع أن راحتيه كانتا بصلابة أي معدن."
"items.gear.armor.tier2.darak.heroDarakGloves.Name","Falstead's Reach","مدى فالستيد"
"items.gear.armor.tier2.darak.heroDarakHelmet.Description","The helm of the great Falstead Darak, the warlord who would either unite the Risen - or destroy them.","خوذة فالستيد داراك العظيم، أمير الحرب الذي إما سيوحد الناهضين - أو يبيدهم."
"items.gear.armor.tier2.darak.heroDarakHelmet.Name","Falstead's Burden","عبء فالستيد"
"items.gear.armor.tier2.darak.heroDarakPants.Description","The rough, durable leggings of the Falstead. Said to be woven with strands of his own leg hair.","لفافات ساقي فالستيد الخشنة والمتينة. يقال إنها حيكت بخصلات من شعر ساقيه شخصيًا."
"items.gear.armor.tier2.darak.heroDarakPants.Name","Falstead's Relief","سلوان فالستيد"
"items.gear.armor.tier2.druid.heroDruidBodyArmor.Description","A robe made of dappled light, likely woven by the timber druids of Myrfall.","رداء محاك من ضوء الشمس المتكسر، نسجه على الأرجح كهنة أخشاب مايرفول."
"items.gear.armor.tier2.druid.heroDruidBodyArmor.Name","Druid's Cloak","عباءة الكاهن"
"items.gear.armor.tier2.druid.heroDruidGloves.Description","Gloves made of wood and earth, molded by an ancient forest cult.","قفازات مصنوعة من الخشب والتراب، شكلتها طائفة غابية عتيقة."
"items.gear.armor.tier2.druid.heroDruidGloves.Name","Druid's Touch","لمسة الكاهن"
"items.gear.armor.tier2.druid.heroDruidHelmet.Description","Who wears this helmet shall see beyond the now, into the age of trees.","من يرتدي هذه الخوذة سيرى ما وراء الحاضر، في عصر الأشجار السحيق."
"items.gear.armor.tier2.druid.heroDruidHelmet.Name","Druid's Eye","عين الكاهن"
"items.gear.armor.tier2.druid.heroDruidPants.Description","Leggings of unknown origin. Probably from the wooded isles beyond the Shattered Hand.","لفافات ساقين مجهولة المصدر. غالبًا ما أتت من الجزر المشجرة وراء اليد المحطمة."
"items.gear.armor.tier2.druid.heroDruidPants.Name","Druid's Roots","جذور الكاهن"
"items.gear.armor.tier2.firebombBandit.heroFirebombBanditBodyArmor.Description","Leaving so much of the skin exposed while wielding fire might seem odd. But then not all Risen are great forward planners.","قد يبدو ترك هذا القدر من الجلد مكشوفًا أثناء التعامل مع النيران أمرًا غريبًا. لكن ليس كل الناهضين يملكون بعد نظر وتخطيطًا سليمًا."
"items.gear.armor.tier2.firebombBandit.heroFirebombBanditBodyArmor.Name","Kindler's Mantle","وشاح موقد الشعلة"
"items.gear.armor.tier2.firebombBandit.heroFirebombBanditHelmet.Description","The incandescent helm of a Risen Kindler, one of the outfit's most volatile warriors.","الخوذة المتوهجة لأحد موقدي الشعلة من الناهضين، وهم من أكثر محاربي الجماعة تقلبًا وجنونًا."
"items.gear.armor.tier2.firebombBandit.heroFirebombBanditHelmet.Name","Kindler's Broadcap","قبعة موقد الشعلة العريضة"
"items.gear.armor.tier2.firebombBandit.heroFirebombBanditPants.Description","Heavy, coarse trousers soaked in soot and flame oil.","سروال ثقيل وخشن مشبع بالسخام وزيت النيران."
"items.gear.armor.tier2.firebombBandit.heroFirebombBanditPants.Name","Kindler's Braes","سروال موقد الشعلة"
"items.gear.armor.tier2.fisherman.heroFishermanBodyArmor.Description","Mottled and soggy, this tunic once belonged to a Scuttler from the ragged coasts east of Sacrament.","سترة متبقعة ورطبة كانت تخص أحد المتسللين البحريين من السواحل الوعرة شرق ساكرامنت."
"items.gear.armor.tier2.fisherman.heroFishermanBodyArmor.Name","Scuttler's Scales","حراشف المتسلل البحري"
"items.gear.armor.tier2.fisherman.heroFishermanGloves.Description","Sure to leave your wrinkled fingers with a stench of seaweed.","من المؤكد أنها ستترك أصابعك المجعدة برائحة أعشاب البحر النفاذة."
"items.gear.armor.tier2.fisherman.heroFishermanGloves.Name","Scuttler's Claws","مخالب المتسلل البحري"
"items.gear.armor.tier2.fisherman.heroFishermanHelmet.Description","A hood made of coarse, waterlogged threads plundered from Sacra's shores.","قلنسوة مصنوعة من خيوط خشنة مغمورة بالمياه نُهبت من شواطئ ساكرا."
"items.gear.armor.tier2.fisherman.heroFishermanHelmet.Name","Scuttler's Breath","أنفاس المتسلل البحري"
"items.gear.armor.tier2.fisherman.heroFishermanPants.Description","Wear them for too long and one may find barnacles in unexpected places.","ارتداؤها لفترة طويلة جدًا قد يجعل المرء يجد برنقيل البحر في أماكن غير متوقعة."
"items.gear.armor.tier2.fisherman.heroFishermanPants.Name","Scuttler's Treaders","خطوات المتسلل البحري"
"items.gear.armor.tier2.gordon.pantlersApron.Description","Never a war was won on an empty stomach!","ما انتصرت حرب قط ببطون خاوية!"
"items.gear.armor.tier2.gordon.pantlersApron.Name","Pantler's Apron","مئزر مسؤول المؤن"
"items.gear.armor.tier2.gordon.pantlersCap.Description","Most noblemen presume such caps are strictly decorative; but a good chef knows they're ideal for pastry storage.","يفترض معظم النبلاء أن هذه القبعات للزينة فقط؛ لكن الطاهي الماهر يعلم أنها مثالية لتخزين المعجنات."
"items.gear.armor.tier2.gordon.pantlersCap.Name","Pantler's Cap","قبعة مسؤول المؤن"
"items.gear.armor.tier2.gordon.pantlersTrousers.Description","Every taste that went into the soup, and many that didn't, can be found smeared on these trousers.","كل نكهة أضيفت إلى الحساء، والعديد من النكهات التي لم تُضف، تجد لها أثرًا ملطخًا على هذا السروال."
"items.gear.armor.tier2.gordon.pantlersTrousers.Name","Pantler's Trousers","سروال مسؤول المؤن"
"items.gear.armor.tier2.heavyBruiserBandit.banesCoarseLegs.Description","Tough leather trousers, stitched together with thick strands of Alpine Goat hair.","سروال جلدي متين، مخيط بخصلات سميكة من شعر ماعز جبال الألب."
"items.gear.armor.tier2.heavyBruiserBandit.banesCoarseLegs.Name","Bane's Coarse Legs","ساقا الهلاك الخشنتان"
"items.gear.armor.tier2.heavyBruiserBandit.banesCrestedArmor.Description","Regal, tufted, and impenetrable. The body armor of a Risen Breaker who claimed the highest body count of anyone short of Darak himself.","مهيب، ومزين بالريش، ومنيع. درع جسد كاسر من الناهضين حصد أكبر عدد من الضحايا بعد داراك نفسه."
"items.gear.armor.tier2.heavyBruiserBandit.banesCrestedArmor.Name","Bane's Crested Armor","درع الهلاك المتوج"
"items.gear.armor.tier2.heavyBruiserBandit.banesSkullHelm.Description","In the end, revolution often gives way to terror.","في النهاية، كثيرًا ما تفسح الثورة الطريق للإرهاب والبطش."
"items.gear.armor.tier2.heavyBruiserBandit.banesSkullHelm.Name","Bane's Skull Helm","خوذة جمجمة الهلاك"
"items.gear.armor.tier2.heavyBruiserBandit.banesSpikedGloves.Description","It's said that only two kinds of people ever shake hands with the Risen - living traitors and dead fools.","يقال إن صنفين فقط من الناس يصافحون الناهضين - الخونة الأحياء والمغفلون الأموات."
"items.gear.armor.tier2.heavyBruiserBandit.banesSpikedGloves.Name","Bane's Spiked Gloves","قفازات الهلاك المسننة"
"items.gear.armor.tier2.heavyBruiserBandit.bastionsBulwark.Description","The former war plate of one of the Risen's most reviled champions. Said to weigh as much as normal suit of armor, with a man inside.","الدرع الحربي السابق لأحد أبطال الناهضين الأكثر مقتًا. يُقال إنه يزن بمقدار درع كامل وبداخله رجل."
"items.gear.armor.tier2.heavyBruiserBandit.bastionsBulwark.Name","Bastion's Bulwark","متراس المعقل"
"items.gear.armor.tier2.heavyBruiserBandit.bastionsGlare.Description","The demented helmet of a Risen warlord who has forgotten everything in life but the scent of battle.","خوذة مجنونة لأمير حرب من الناهضين نسي كل شيء في الحياة باستثناء رائحة المعركة."
"items.gear.armor.tier2.heavyBruiserBandit.bastionsGlare.Name","Bastion's Glare","نظرة المعقل"
"items.gear.armor.tier2.heavyBruiserBandit.bastionsStance.Description","Heavy trousers, soaked with so much sweat and blood that they bend and creak like tree limbs.","سروال ثقيل، مشبع بالعرق والدماء لدرجة أنه ينثني ويصرخ كأغصان الأشجار."
"items.gear.armor.tier2.heavyBruiserBandit.bastionsStance.Name","Bastion's Stance","وقفة المعقل"
"items.gear.armor.tier2.heavyBruiserBandit.bastionsVise.Description","Coarse gloves for gripping heavy weapons, or the crumpled skulls of enemies.","قفازات خشنة للإمساك بالأسلحة الثقيلة، أو لتحطيم جماجم الأعداء."
"items.gear.armor.tier2.heavyBruiserBandit.bastionsVise.Name","Bastion's Vise","ملزمة المعقل"
"items.gear.armor.tier2.heavyBruiserBandit.heavyBruiserBanditBodyArmor.Description","The Risen have been known to cobble together formidable suits of armor from their broken enemies.","عُرف عن الناهضين جمع وترقيع بدلات دروع هائلة من حطام أعدائهم المهزومين."
"items.gear.armor.tier2.heavyBruiserBandit.heavyBruiserBanditBodyArmor.Name","Risen Breaker Warplate","درع كاسر الناهضين الحربي"
"items.gear.armor.tier2.heavyBruiserBandit.heavyBruiserBanditGloves.Description","They fit no pair of hands as neatly as they fit around an enemy's throat.","لا تناسب أي يدين بدقة مثلما تطبق بإحكام حول عنق العدو."
"items.gear.armor.tier2.heavyBruiserBandit.heavyBruiserBanditGloves.Name","Risen Breaker Gauntlets","قفازات كاسر الناهضين"
"items.gear.armor.tier2.heavyBruiserBandit.heavyBruiserBanditHelmet.Description","A helmet crested with dark feathers, for a Breaker's axe swoops down upon their prey as swiftly as any eagle.","خوذة متوجة بريش داكن، ففأس الكاسر ينقض على فريسته بسرعة تضاهي سرعة أي نسر."
"items.gear.armor.tier2.heavyBruiserBandit.heavyBruiserBanditHelmet.Name","Risen Breaker Crest","قمة كاسر الناهضين"
"items.gear.armor.tier2.heavyBruiserBandit.heavyBruiserBanditPants.Description","Stained with the mud of the fields, the blood of their enemies, and the occasional shit-smear of a mistimed respite.","ملطخ بوحل الحقول، ودماء الأعداء، وتلطيخ الغائط العارض جراء استراحة غير محسوبة التوقيت."
"items.gear.armor.tier2.heavyBruiserBandit.heavyBruiserBanditPants.Name","Risen Breaker Legs","ساقا كاسر الناهضين"
"items.gear.armor.tier2.ilaria.theEmptyFist.Description","Let your enemy feel only the wind before your hand, and then nothing.","دع عدوك لا يشعر إلا بالرياح التي تسبق يدك، ثم لا شيء بعدها."
"items.gear.armor.tier2.ilaria.theEmptyFist.Name","The Empty Fist","القبضة الخاوية"
"items.gear.armor.tier2.ilaria.theEmptyMind.Description","Let your enemy believe that your plans are his thoughts.","دع عدوك يظن أن خططك هي أفكاره الخاصة."
"items.gear.armor.tier2.ilaria.theEmptyMind.Name","The Empty Mind","العقل الخاوي"
"items.gear.armor.tier2.ilaria.theEmptyStep.Description","Let your enemy see only where you have been.","دع عدوك لا يرى إلا المكان الذي كنت فيه قبلاً."
"items.gear.armor.tier2.ilaria.theEmptyStep.Name","The Empty Step","الخطوة الخاوية"
"items.gear.armor.tier2.odessa.heroOdessaBodyArmor.Description","A simple tunic, hand-stitched in Marin Village.","سترة بسيطة خيطت يدويًا في قرية مارين."
"items.gear.armor.tier2.odessa.heroOdessaBodyArmor.Name","Rebel's Voice","صوت الثائرة"
"items.gear.armor.tier2.odessa.heroOdessaGloves.Description","A pair of simple leather gloves, no different from any others.","زوج من القفازات الجلدية البسيطة، لا تختلف عن أي قفازات أخرى."
"items.gear.armor.tier2.odessa.heroOdessaGloves.Name","Rebel's Grip","قبضة الثائرة"
"items.gear.armor.tier2.odessa.heroOdessaPants.Description","""If your purpose is true, you will always find the wind at your back."" - Dasha proverb","«إذا كان مسعاك حقًا، فستجد الرياح دومًا في ظهرك تدفعك.» - مثل من داشا"
"items.gear.armor.tier2.odessa.heroOdessaPants.Name","Rebel's Run","ركض الثائرة"
"items.gear.armor.tier2.orlandA.heroOrlandABodyArmor.Description","The strongest threads, the sharpest steel. Nothing is too fine for the Knights of Tanth.","أمتن الخيوط، وأحدّ المعادن. لا شيء يفوق الفخامة بالنسبة لفرسان تانث."
"items.gear.armor.tier2.orlandA.heroOrlandABodyArmor.Name","Tanth Harvester Armor","درع حاصد تانث"
"items.gear.armor.tier2.orlandA.heroOrlandAGloves.Description","A stern, powerful set of gauntlets forged on the island of Tanth.","طقم قفازات صارم وقوي طُرق في جزيرة تانث."
"items.gear.armor.tier2.orlandA.heroOrlandAGloves.Name","Tanth Harvester Gloves","قفازات حاصد تانث"
"items.gear.armor.tier2.orlandA.heroOrlandAHelmet.Description","The crimson helm of a Tanth Harvester, the most feared of the island's many assassins.","الخوذة القرمزية لحاصد تانث، أكثر قتلة الجزيرة رعبًا وهيبة."
"items.gear.armor.tier2.orlandA.heroOrlandAHelmet.Name","Tanth Harvester Helmet","خوذة حاصد تانث"
"items.gear.armor.tier2.orlandA.heroOrlandAPants.Description","It's said that the Knights of Tanth wear crimson so they always have somewhere to wipe their blades.","يقال إن فرسان تانث يرتدون القرمزي ليكون لديهم دائمًا موضع يمسحون به نصالهم."
"items.gear.armor.tier2.orlandA.heroOrlandAPants.Name","Tanth Harvester Greaves","دروع ساقي حاصد تانث"
"items.gear.armor.tier2.orlandC.heroOrlandCBodyArmor.Description","An impeccable garment from Tanth, possibly woven from the rich fur of a Kylesh seal.","رداء لا تشوبه شائبة من تانث، يُرجح أنه نُسج من فراء فقمة كايلش الفاخر."
"items.gear.armor.tier2.orlandC.heroOrlandCBodyArmor.Name","Tanth Scout Armor","درع كشاف تانث"
"items.gear.armor.tier2.orlandC.heroOrlandCGloves.Description","Sleek leather gloves worn by a Tanth marauder, for those who like to murder in style.","قفازات جلدية أنيقة يرتديها مغيرو تانث، لأولئك الذين يفضلون القتل بأسلوب رفيع."
"items.gear.armor.tier2.orlandC.heroOrlandCGloves.Name","Tanth Scout Fingers","أصابع كشاف تانث"
"items.gear.armor.tier2.orlandC.heroOrlandCHelmet.Description","Lightweight helmet that once belonged to a loathsome tracker from the island of Tanth.","خوذة خفيفة كانت تخص متتبع آثار بغيضًا من جزيرة تانث."
"items.gear.armor.tier2.orlandC.heroOrlandCHelmet.Name","Tanth Scout Helmet","خوذة كشاف تانث"
"items.gear.armor.tier2.orlandC.heroOrlandCPants.Description","A set of crimson leg armor with jagged steel knee guards. Beware the jab from Tanth that strikes below the waist.","طقم دروع ساقين قرمزي مزود بواقيات ركبة فولاذية مسننة. احذر طعنات أهل تانث التي تسدد تحت الخصر."
"items.gear.armor.tier2.orlandC.heroOrlandCPants.Name","Tanth Scout Legs","ساقا كشاف تانث"
"items.gear.armor.tier2.pigHeadBandit.pigCaptain.snoutMastersCloak.Description","Pride of the Boarskin. Enemy of the nostrils.","فخر جلود الخنازير. وعدو لدود للأنوف."
"items.gear.armor.tier2.pigHeadBandit.pigCaptain.snoutMastersCloak.Name","Snout Master's Cloak","عباءة سيد الخطم"
"items.gear.armor.tier2.pigHeadBandit.pigCaptain.snoutMastersFeet.Description","Thick trousers made of hide, or flesh; it makes no difference to the Boarskin.","سروال سميك مصنوع من الجلد، أو اللحم؛ لا فرق بينهما عند جلود الخنازير."
"items.gear.armor.tier2.pigHeadBandit.pigCaptain.snoutMastersFeet.Name","Snout Master's Feet","أقدام سيد الخطم"
"items.gear.armor.tier2.pigHeadBandit.pigCaptain.snoutMastersGloves.Description","A pair of warrior's gloves, coarse and tough on the outside, filled with soft grease on the inside.","زوج من قفازات المحاربين، خشن وقاسٍ من الخارج، وممتلئ بالشحم اللزج من الداخل."
"items.gear.armor.tier2.pigHeadBandit.pigCaptain.snoutMastersGloves.Name","Snout Master's Gloves","قفازات سيد الخطم"
"items.gear.armor.tier2.pigHeadBandit.pigCaptain.snoutMastersHood.Description","The eldest leaders of the Boarskin are said to see, and speak, entirely through the beasts on their bellies.","يقال إن أقدم قادة جلود الخنازير يرون ويتحدثون كليًا من خلال الوحوش المرسومة على بطونهم."
"items.gear.armor.tier2.pigHeadBandit.pigCaptain.snoutMastersHood.Name","Snout Master's Hood","قلنسوة سيد الخطم"
"items.gear.armor.tier2.risenIronhand.risenIronhandBodyArmor.Description","The Ironhand eschew protection for mobility - the best defense is a quick axe buried in an enemy's skull.","يتخلى أصحاب اليد الحديدية عن الحماية مقابل حرية الحركة - فأفضل دفاع هو فأس سريع يُغرس في جمجمة العدو."
"items.gear.armor.tier2.risenIronhand.risenIronhandBodyArmor.Name","Ironhand Tunic","سترة اليد الحديدية"
"items.gear.armor.tier2.risenIronhand.risenIronhandGloves.Description","""Where my axe goes, my arm follows. Where my hand points, my axe goes."" - Ironhand mantra","«حيث يذهب فأسي، يتبعه ذراعي. وحيث تشير يدي، ينطلق فأسي.» - شعار اليد الحديدية"
"items.gear.armor.tier2.risenIronhand.risenIronhandGloves.Name","Ironhand Grips","قبضات اليد الحديدية"
"items.gear.armor.tier2.risenIronhand.risenIronhandHelmet.Description","Nick a foe's artery and you'll understand why the Risen like to keep their hoods up.","اجرح شريان أحد الخصوم وستدرك على الفور لماذا يفضل الناهضين إبقاء قلانسهم مرفوعة دائمًا."
"items.gear.armor.tier2.risenIronhand.risenIronhandHelmet.Name","Ironhand Hood","قلنسوة اليد الحديدية"
"items.gear.armor.tier2.risenIronhand.risenIronhandPants.Description","The more the mainland strips away Sacra's dignity, the more its residents clothe themselves in the Risen's colors.","كلما سلبت القارة كرامة ساكرا، ارتدى سكانها ألوان الناهضين بمزيد من الفخر والتمرد."
"items.gear.armor.tier2.risenIronhand.risenIronhandPants.Name","Ironhand Leggings","لفافات ساقي اليد الحديدية"
"items.gear.armor.tier2.risenStormwall.risenStormwallBodyArmor.Description","""Isn't a group of rebels supposed to be dressed in rags and tatters?"" - Randolph, Captain of the Sacrament Guard","«أليس من المفترض أن يرتدي المتمردون أسمالاً وخرقًا بالية؟» - راندولف، قائد حرس ساكرامنت"
"items.gear.armor.tier2.risenStormwall.risenStormwallBodyArmor.Name","Stormwall Breastplate","صدرية جدار العواصف"
"items.gear.armor.tier2.risenStormwall.risenStormwallGloves.Description","The Stormwall take their name from Phalen's great sea barrier. It holds back the ocean, the Stormwall hold back Phalen.","يستمد حراس جدار العواصف اسمهم من حاجز فالن البحري العظيم. هو يصد المحيط، وهم يصدون فالن."
"items.gear.armor.tier2.risenStormwall.risenStormwallGloves.Name","Stormwall Gauntlets","قفازات جدار العواصف"
"items.gear.armor.tier2.risenStormwall.risenStormwallHelmet.Description","A helmet doesn't just protect a head, it hides a soul. Drenched in darkness, any deed is made possible.","الخوذة لا تحمي الرأس فحسب، بل تحجب الروح أيضًا. وحينما يغشاك الظلام، يصبح ارتكاب أي فعل ممكنًا."
"items.gear.armor.tier2.risenStormwall.risenStormwallHelmet.Name","Stormwall Casque","خوذة جدار العواصف"
"items.gear.armor.tier2.risenStormwall.risenStormwallPants.Description","Leggings meant to turn a man into a wall.","دروع ساقين صُممت لتحويل الرجل إلى جدار منيع."
"items.gear.armor.tier2.risenStormwall.risenStormwallPants.Name","Stormwall Chausses","دروع ساقي جدار العواصف"
"items.gear.armor.tier2.risenVagabond.heroRisenVagabondBodyArmor.Description","A richly woven and finely dyed leather tunic. Indicative of high standing and low morals.","سترة جلدية غنية النسيج ومصبوغة بدقة متناهية. تشير إلى رفعة المكانة وانحطاط الأخلاق."
"items.gear.armor.tier2.risenVagabond.heroRisenVagabondBodyArmor.Name","Vagabond Coat","معطف المتشرد"
"items.gear.armor.tier2.risenVagabond.heroRisenVagabondGloves.Description","A pair of leather gloves that have been scrubbed coarse in a futile effort to remove bloodstains.","زوج من القفازات الجلدية التي فُركت بخشونة في محاولة عقيمة لمحو بقع الدماء عنها."
"items.gear.armor.tier2.risenVagabond.heroRisenVagabondGloves.Name","Vagabond Gloves","قفازات المتشرد"
"items.gear.armor.tier2.risenVagabond.heroRisenVagabondHelmet.Description","The dashing cap of a bandit who looked good and had an empty soul.","قبعة أنيقة لقاطع طريق وسيم المظهر وخاوي الروح."
"items.gear.armor.tier2.risenVagabond.heroRisenVagabondHelmet.Name","Vagabond Skullcap","قلنسوة المتشرد"
"items.gear.armor.tier2.risenVagabond.heroRisenVagabondPants.Description","When the bloodshed and battle lulls, one must find other ways to entertain.","عندما تخبو نيران سفك الدماء وتهدأ وطأة المعارك، لا بد للمرء أن يجد سبلاً أخرى للترفيه."
"items.gear.armor.tier2.risenVagabond.heroRisenVagabondPants.Name","Vagabond Leg Guards","واقيات ساقي المتشرد"
"items.gear.armor.tier2.sacramentSoldier.heroSacramentSoldierBodyArmor.Description","Sacrament endures.","ساكرامنت تصمد."
"items.gear.armor.tier2.sacramentSoldier.heroSacramentSoldierBodyArmor.Name","Sacrament Guardian Armor","درع حامي ساكرامنت"
"items.gear.armor.tier2.sacramentSoldier.heroSacramentSoldierGloves.Description","Sacrament endures.","ساكرامنت تصمد."
"items.gear.armor.tier2.sacramentSoldier.heroSacramentSoldierGloves.Name","Sacrament Guardian Gloves","قفازات حامي ساكرامنت"
"items.gear.armor.tier2.sacramentSoldier.heroSacramentSoldierHelmet.Description","Sacrament endures.","ساكرامنت تصمد."
"items.gear.armor.tier2.sacramentSoldier.heroSacramentSoldierHelmet.Name","Sacrament Guardian Helm","خوذة حامي ساكرامنت"
"items.gear.armor.tier2.sacramentSoldier.heroSacramentSoldierPants.Description","Sacrament endures.","ساكرامنت تصمد."
"items.gear.armor.tier2.sacramentSoldier.heroSacramentSoldierPants.Name","Sacrament Guardian Pants","سروال حامي ساكرامنت"
"items.gear.armor.tier2.spearman.heroSpearmanBodyArmor.Description","Sturdy, robust armor hammered in the forges of Eversol's greatest smiths.","درع متين وصلب طُرق في كور أعتى حدادي إيفرسول."
"items.gear.armor.tier2.spearman.heroSpearmanBodyArmor.Name","Spearman's Brace","دعامة حامل الرمح"
"items.gear.armor.tier2.spearman.heroSpearmanGloves.Description","A pair of thick iron gloves, good for preventing injury and callouses.","زوج من القفازات الحديدية السميكة، ممتاز لمنع الإصابات وتصلب راحة اليد."
"items.gear.armor.tier2.spearman.heroSpearmanGloves.Name","Spearman's Gauntlets","قفازات حامل الرمح"
"items.gear.armor.tier2.spearman.heroSpearmanHelmet.Description","What it lacks in sight it makes up in raw strength. Forged from heavy iron.","ما تفتقر إليه في وضوح الرؤية تعوضه بالقوة الخالصة. صُنعت من الحديد الثقيل."
"items.gear.armor.tier2.spearman.heroSpearmanHelmet.Name","Spearman's Helmet","خوذة حامل الرمح"
"items.gear.armor.tier2.spearman.heroSpearmanPants.Description","Your enemy may hear your steps a mile away, but they will be powerless to stop your coming.","قد يسمع عدوك وقع خطاك من على بُعد ميل، لكنه سيقف عاجزًا عن ردع قدومك."
"items.gear.armor.tier2.spearman.heroSpearmanPants.Name","Spearman's Leg Guards","واقيات ساقي حامل الرمح"
"items.gear.armor.tier2.spearmanVariationB.gildedSpearmansBrace.Description","Always tend to your armor, that the glint of the sun may blind your enemies. - Boroth, Arena Master","«اعتنِ بدرعك دومًا، حتى يعمي بريقُ الشمس أعينَ أعدائك.» - بوروث، سيد الحلبة"
"items.gear.armor.tier2.spearmanVariationB.gildedSpearmansBrace.Name","Gilded Spearman's Brace","دعامة حامل الرمح المذهبة"
"items.gear.armor.tier2.spearmanVariationB.gildedSpearmansGauntlets.Description","A pair of hammered battle gloves, luxurious and impenetrable.","زوج من قفازات المعارك المطروقة بدقة، فاخرة ومنيعة."
"items.gear.armor.tier2.spearmanVariationB.gildedSpearmansGauntlets.Name","Gilded Spearman's Gauntlets","قفازات حامل الرمح المذهبة"
"items.gear.armor.tier2.spearmanVariationB.gildedSpearmansGreaves.Description","Intimidating in battle, cumbersome for travel.","ترهب الخصوم في ساحة الوغى، لكنها ثقيلة ومرهقة في السفر والترحال."
"items.gear.armor.tier2.spearmanVariationB.gildedSpearmansGreaves.Name","Gilded Spearman's Greaves","دروع ساقي حامل الرمح المذهبة"
"items.gear.armor.tier2.spearmanVariationB.gildedSpearmansHelm.Description","A powerful golden helmet that still reeks faintly of its former owner's breath.","خوذة ذهبية مهيبة لا تزال تفوح منها رائحة أنفاس صاحبها السابق."
"items.gear.armor.tier2.spearmanVariationB.gildedSpearmansHelm.Name","Gilded Spearman's Helm","خوذة حامل الرمح المذهبة"
"items.gear.armor.tier2.swampEnemy.ceremonialNithLegguards.Description","A scrap of aged leather, still dripping wet from the bogs of the Orban Glades.","قصاصة من الجلد العتيق، لا تزال تقطر بللاً من مستنقعات غابات أوربان."
"items.gear.armor.tier2.swampEnemy.ceremonialNithLegguards.Name","Ceremonial Nith Leg Guards","واقيات ساقي نيث الشعائرية"
"items.gear.armor.tier2.swampEnemy.ceremonialNithMask.Description","Crafted by the shamans of the swamp. Designed to intimidate more than protect.","صنعها كهنة المستنقعات. صُممت لبث الرعب والترهيب أكثر من الحماية."
"items.gear.armor.tier2.swampEnemy.ceremonialNithMask.Name","Ceremonial Nith Mask","قناع نيث الشعائري"
"items.gear.armor.tier2.swampEnemy.ceremonialNithTunic.Description","A fetid collection of rags used by the Nith for their notorious ""quagmire"" rituals.","مجموعة خرق كريهة الرائحة يستخدمها النيث في طقوس «المستنقع الموحل» سيئة السمعة."
"items.gear.armor.tier2.swampEnemy.ceremonialNithTunic.Name","Ceremonial Nith Tunic","سترة نيث الشعائرية"
"items.gear.armor.tier2.swampEnemy.heroSwampEnemyBodyArmor.Description","Does some corner of their minds remember civil society, a reflex to wrap their bodies in these putrid rags?","هل تتذكر زاوية ما في عقولهم المجتمع المتحضر، كرد فعل يدفعهم لتغطية أجسادهم بهذه الخرق العفنة؟"
"items.gear.armor.tier2.swampEnemy.heroSwampEnemyBodyArmor.Name","Screamer's Tatters","أسمال الصارخ"
"items.gear.armor.tier2.swampEnemy.heroSwampEnemyGloves.Description","For some, illness and rot is a slow creep. For the Screamer, it's a blistering frenzy, a madness of decay.","بالنسبة للبعض، المرض والعفن زحف بطيء. أما بالنسبة للصارخ، فهو جنون محموم وهياج من التحلل."
"items.gear.armor.tier2.swampEnemy.heroSwampEnemyGloves.Name","Screamer's Gloves","قفازات الصارخ"
"items.gear.armor.tier2.swampEnemy.heroSwampEnemyHelmet.Description","Late at night the Orban Glades echo with the Nith's guttural screams, reverberating within their masks of bone.","في أواخر الليل تتردد في غابات أوربان صرخات النيث الحلقية، مرتدة الأصداء داخل أقنعتهم العظمية."
"items.gear.armor.tier2.swampEnemy.heroSwampEnemyHelmet.Name","Screamer's Bone Helm","خوذة عظم الصارخ"
"items.gear.armor.tier2.swampEnemy.heroSwampEnemyPants.Description","The acidic swamps rot away the Nith's legs, leaving only bone, splints of wood, and these shredded leggings.","تُبلي مستنقعات الحمض أرجل النيث، فلا تترك سوى العظام، وشظايا الخشب، وهذه اللفافات الممزقة."
"items.gear.armor.tier2.swampEnemy.heroSwampEnemyPants.Name","Screamer's Stalks","سوق الصارخ"
"items.gear.armor.tier2.swampEnemy.traditionalNithGarbs.Description","""Spores give strength!"" -rumored Nith mantra","«الأبواغ تمنح القوة!» - شعار يُشاع ترديده بين النيث"
"items.gear.armor.tier2.swampEnemy.traditionalNithGarbs.Name","Molding Nith Cloak","عباءة نيث المتعفنة"
"items.gear.armor.tier2.swampEnemy.traditionalNithGloves.Description","The more colorful the fungus, the more it strengthens the leather.","كلما زادت ألوان الفطريات بهجةً، زادت من متانة الجلد وصلابته."
"items.gear.armor.tier2.swampEnemy.traditionalNithGloves.Name","Molding Nith Gloves","قفازات نيث المتعفنة"
"items.gear.armor.tier2.swampEnemy.traditionalNithLegguards.Description","Blurring the line between fabric and flesh.","تمحو الخط الفاصل بين النسيج ولحم الجسد."
"items.gear.armor.tier2.swampEnemy.traditionalNithLegguards.Name","Molding Nith Trousers","سروال نيث المتعفن"
"items.gear.armor.tier2.swampEnemy.traditionalNithSkullcap.Description","It is said that the Nith do not keep trophies from their enemies. Instead, they become them.","يقال إن النيث لا يحتفظون بغنائم من أعدائهم. بل يتحولون هم أنفسهم إليهم."
"items.gear.armor.tier2.swampEnemy.traditionalNithSkullcap.Name","Molding Nith Skullcap","قلنسوة نيث المتعفنة"
"items.gear.armor.tier2.tanth.tanthCaptainArmor.Description","The thick body armor of a ruthless mercenary from beyond Sacra's shores.","الدرع الجسدي السميك لمرتزق عديم الرحمة أتى من وراء شواطئ ساكرا."
"items.gear.armor.tier2.tanth.tanthCaptainArmor.Name","Tanth Captain Armor","درع قائد تانث"
"items.gear.armor.tier2.tanth.tanthCaptainCask.Description","The helm of an elite marauder from Tanth, a madman from a mad land.","خوذة مغير نخبوي من تانث، مجنون قادم من بلاد الجنون."
"items.gear.armor.tier2.tanth.tanthCaptainCask.Name","Tanth Captain Cask","خوذة قائد تانث"
"items.gear.armor.tier2.tanth.tanthCaptainGloves.Description","A pair of vivid gloves dyed with crushed madder root, probably plundered from the coasts of Waithe.","زوج من القفازات الزاهية المصبوغة بجذور الفوة المسحوقة، نُهبت على الأرجح من سواحل ويث."
"items.gear.armor.tier2.tanth.tanthCaptainGloves.Name","Tanth Captain Gloves","قفازات قائد تانث"
"items.gear.armor.tier2.tanth.tanthCaptainStalkers.Description","Crimson for walking, crimson for stalking, crimson for killing.","قرمزية للمسير، قرمزية للمطاردة، قرمزية للقتل وسفك الدماء."
"items.gear.armor.tier2.tanth.tanthCaptainStalkers.Name","Tanth Captain Stalkers","مترصدو قائد تانث"
"items.gear.armor.tier2.theRed.redsGrasp.Description","To join The Red, a woman must cut ties with all lovers and paramours. And the word cut is often taken quite literally.","للانضمام إلى جماعة الحُمر، يجب على المرأة قطع صلاتها بكل العشاق والخلان. وغالبًا ما تؤخذ كلمة القطع بمعناها الحرفي تمامًا."
"items.gear.armor.tier2.theRed.redsGrasp.Name","Scarlet Grasp","قبضة الحُمر القرمزية"
"items.gear.armor.tier2.theRed.scaletWarplate.Description","The chestpiece of The Red, a female gang of brutal, unscrupulous marauders. They take what they want and leave the rest for the crows.","الصدرية الحربية للحُمر، عصابة نسائية من المغيرات الوحشيات عديمات الضمير. يأخذن ما يردن ويتركن البقية للغربان."
"items.gear.armor.tier2.theRed.scaletWarplate.Name","Scarlet Warplate","درع الحُمر القرمزي الحربي"
"items.gear.armor.tier2.theRed.vermillionLegguards.Description","The Red fear no god nor government, and so they rob the living, mock the dead, and live only for the moment.","لا تخشى الحُمر إلهًا ولا حكومة، لذا فهن ينهبن الأحياء، ويهزأن بالأموات، ويعشن فقط للحظة الراهنة."
"items.gear.armor.tier2.theRed.vermillionLegguards.Name","Scarlet Breeches","سروال الحُمر القرمزي"
"items.gear.armor.tier3.archer.heroArcherBodyArmor.Description","A lightweight outfit crafted in the forests of Myrfall. The further the shot, the safer the kill.","حُلة خفيفة صُنعت في غابات مايرفول. كلما كانت الرمية أبعد، كان الصيد أكثر أمانًا."
"items.gear.armor.tier3.archer.heroArcherBodyArmor.Name","Wretched Archer Tunic","سترة الرامي البائس"
"items.gear.armor.tier3.archer.heroArcherGloves.Description","Sparse leather hand coverings designed to favor dexterity and stealth.","أغطية يد جلدية خفيفة مصممة لتعزيز البراعة والتخفي."
"items.gear.armor.tier3.archer.heroArcherGloves.Name","Wretched Archer Gloves","قفازات الرامي البائس"
"items.gear.armor.tier3.archer.heroArcherHelmet.Description","The plumed helm of an archer, likely from Rog or Kafir.","خوذة رامي مزينة بالريش، يُرجح أنها من روغ أو كافير."
"items.gear.armor.tier3.archer.heroArcherHelmet.Name","Wretched Archer Cap","قبعة الرامي البائس"
"items.gear.armor.tier3.archer.heroArcherPants.Description","Smartly wrapped leather pants that favor movement and minimize noise.","سروال جلدي محكم اللف يعزز خفة الحركة ويقلل الضوضاء إلى أدنى حد."
"items.gear.armor.tier3.archer.heroArcherPants.Name","Wretched Archer Pants","سروال الرامي البائس"
"items.gear.armor.tier3.archer.heroCrestfallenArcherBodyArmor.Description","Swift, cunning, and black-hearted was the former owner of this garment.","كان المالك السابق لهذا الرداء سريعًا وماكرًا وقاسي القلب."
"items.gear.armor.tier3.archer.heroCrestfallenArcherBodyArmor.Name","Crestfallen Archer Tunic","سترة الرامي منكسر الفؤاد"
"items.gear.armor.tier3.archer.heroCrestfallenArcherGloves.Description","For those who have yet to develop sufficient callouses on their draw fingers.","لأولئك الذين لم تتصلب أصابع سحب الوتر لديهم بما فيه الكفاية بعد."
"items.gear.armor.tier3.archer.heroCrestfallenArcherGloves.Name","Crestfallen Archer Gloves","قفازات الرامي منكسر الفؤاد"
"items.gear.armor.tier3.archer.heroCrestfallenArcherHelmet.Description","It matters less what lies inside an archer's skull than what lies inside her quiver.","ما في داخل جمجمة الرامية أقل أهمية بكثير مما في داخل جعبة سهامها."
"items.gear.armor.tier3.archer.heroCrestfallenArcherHelmet.Name","Crestfallen Archer Cap","قبعة الرامي منكسر الفؤاد"
"items.gear.armor.tier3.archer.heroCrestfallenArcherPants.Description","Made of deer hide, stitched tightly to be waterproof and silent.","مصنوع من جلد الأيل، ومخيط بإحكام ليكون صامتًا ومقاومًا للماء."
"items.gear.armor.tier3.archer.heroCrestfallenArcherPants.Name","Crestfallen Archer Pants","سروال الرامي منكسر الفؤاد"
"items.gear.armor.tier3.birdLeader.clawsOftheBeak.Description","A hand may grasp, but a talon enfolds.","قد تمسك اليد، لكن المخلب يطبق ويطوّق بالكامل."
"items.gear.armor.tier3.birdLeader.clawsOftheBeak.Name","Claws of the Beak","مخالب المنقار"
"items.gear.armor.tier3.birdLeader.crestOftheBeak.Description","When worn as a gift, it bestows great honor. When worn in plunder, it promises doom.","حين يُرتدى كهبة فإنه يمنح شرفًا عظيمًا. وحين يُرتدى كغنيمة منهوبة فإنه يَعِدُ بالهلاك."
"items.gear.armor.tier3.birdLeader.crestOftheBeak.Name","Crest of the Beak","قمة المنقار"
"items.gear.armor.tier3.birdLeader.plumeOftheBeak.Description","Is it said that the cloak of the Great Beak contains one feather from every creature that flies in all the realms of Atlan.","يقال إن عباءة المنقار العظيم تحتوي على ريشة من كل كائن يطير في سائر عوالم أتلان."
"items.gear.armor.tier3.birdLeader.plumeOftheBeak.Name","Plume of the Beak","ريشة المنقار"
"items.gear.armor.tier3.birdLeader.tailOftheBeak.Description","""Beware the tree that moves when the wind is still."" -only known words spoken by the Great Beak to have been translated in the common tongue","«احذر الشجرة التي تتحرك بينما الرياح ساكنة.» - الكلمات الوحيدة المعروفة للمنقار العظيم التي تُرجمت إلى اللسان المشترك"
"items.gear.armor.tier3.birdLeader.tailOftheBeak.Name","Tail of the Beak","ذيل المنقار"
"items.gear.armor.tier3.birdWarriorA.madBramblerClaws.Description","It is said that the feathered gloves of the Balak Taw let them loose arrows as silently as a bird flies.","يقال إن قفازات محاربي بالاك تاو الريشية تجعلهم يطلقون السهام بصمت يضاهي طيران الطير."
"items.gear.armor.tier3.birdWarriorA.madBramblerClaws.Name","Mad Brambler Claws","مخالب العليق المجنون"
"items.gear.armor.tier3.birdWarriorA.madBramblerDrapings.Description","A coarse set of feathers earned when a young Balak Taw kills his first Alpine Goat. ","طقم خشن من الريش يكتسبه فتى بالاك تاو حين يصرع أول ماعز جبلي في حياته."
"items.gear.armor.tier3.birdWarriorA.madBramblerDrapings.Name","Mad Brambler Drapings","أردية العليق المجنون"
"items.gear.armor.tier3.birdWarriorA.madBramblersLegs.Description","Travelers often remark that a Balak Taw warrior is as quiet and stealthy as a bird - and yet somehow as gratingly loud as one too.","كثيرًا ما يلاحظ المسافرون أن محارب بالاك تاو هادئ ومتسلل كالطائر - ومع ذلك يصدر ضجيجًا حادًا كأصوات الطيور تمامًا."
"items.gear.armor.tier3.birdWarriorA.madBramblersLegs.Name","Mad Brambler's Legs","ساقا العليق المجنون"
"items.gear.armor.tier3.birdWarriorA.madBramblersTuft.Description","Where once was the head of a man, now shall be only plumage.","حيث كان رأس امرئ ذات يوم، لن يكون الآن سوى الريش."
"items.gear.armor.tier3.birdWarriorA.madBramblersTuft.Name","Mad Brambler's Tuft","خصلة العليق المجنون"
"items.gear.armor.tier3.birdWarriorB.stalkingJaysCoat.Description","The feathers of this cloak are said to come from the Kestrels of Waithe - exceedingly rare on Sacra.","يقال إن ريش هذه العباءة مأخوذ من عواسق ويث - وهي نادرة للغاية في ساكرا."
"items.gear.armor.tier3.birdWarriorB.stalkingJaysCoat.Name","Stalking Jay's Coat","معطف القيق المترصد"
"items.gear.armor.tier3.birdWarriorB.stalkingJaysCrest.Description","The crown is rumored to be dyed red from the Great Beak herself placing a bloody hand upon the Jay's head during its rite of initiation.","يُشاع أن التاج صُبغ بالأحمر إثر وضع المنقار العظيم يدها الملطخة بالدماء على رأس القيق أثناء طقس بدئه."
"items.gear.armor.tier3.birdWarriorB.stalkingJaysCrest.Name","Stalking Jay's Crest","عرف القيق المترصد"
"items.gear.armor.tier3.birdWarriorB.stalkingJaysHands.Description","""Feather before flesh!"" - Balak Taw chant","«الريش قبل الجسد!» - هتاف بالاك تاو"
"items.gear.armor.tier3.birdWarriorB.stalkingJaysHands.Name","Stalking Jay's Hands","يدا القيق المترصد"
"items.gear.armor.tier3.birdWarriorB.stalkingJaysStride.Description","Coarse leggings belonging to one of the Balak Taw's most dangerous assassins.","لفافات ساقين خشنة تخص أحد أخطر قتلة بالاك تاو."
"items.gear.armor.tier3.birdWarriorB.stalkingJaysStride.Name","Stalking Jay's Stride","خطوة القيق المترصد"
"items.gear.armor.tier3.birdWarriorC.wildFinchCrown.Description","The elegant crest of one of the Balak Taw's elite breed of warriors.","العرف الأنيق لسلالة نخب من محاربي بالاك تاو."
"items.gear.armor.tier3.birdWarriorC.wildFinchCrown.Name","Wild Finch Crown","تاج الحسون البري"
"items.gear.armor.tier3.birdWarriorC.wildFinchGreaves.Description","Leg guards woven out of coarse leather... which is said to come from the flayed flesh of fallen Boarskin.","واقيات ساقين منسوجة من جلد خشن… يُقال إنه مأخوذ من لحم مسلوخ لأفراد جلود الخنازير الساقطين."
"items.gear.armor.tier3.birdWarriorC.wildFinchGreaves.Name","Wild Finch Greaves","دروع ساقي الحسون البري"
"items.gear.armor.tier3.birdWarriorC.wildFinchPlumage.Description","It is not only the people of Sacra who fear the Balak Taw. For the wild birds of Marin now live under constant threat of being ""harvested.""","ليس أهل ساكرا وحدهم من يخشون بالاك تاو. فطير مارين البري يعيش الآن تحت تهديد دائم بـ «الحصاد»."
"items.gear.armor.tier3.birdWarriorC.wildFinchPlumage.Name","Wild Finch Plumage","ريش الحسون البري"
"items.gear.armor.tier3.birdWarriorC.wildFinchTalons.Description","The Balak Taw have not always been on Sacra. But few people alive can recall a time when the Marin Woods were safe.","لم تكن جماعة بالاك تاو موجودة دائمًا في ساكرا. لكن القليل من الأحياء اليوم يذكرون وقتًا كانت فيه غابات مارين آمنة."
"items.gear.armor.tier3.birdWarriorC.wildFinchTalons.Name","Wild Finch Talons","مخالب الحسون البري"
"items.gear.armor.tier3.birdWarriorD.heavyFeatherArmor.Description","This majestic coat is given to only a handful of Balak Taw warriors. It must first be blessed by the Great Beak himself.","لا يُمنح هذا المعطف المهيب إلا لقلة مختارة من محاربي بالاك تاو. ويجب أولاً أن يباركه المنقار العظيم بنفسه."
"items.gear.armor.tier3.birdWarriorD.heavyFeatherArmor.Name","Heavy Feather Armor","درع الريش الثقيل"
"items.gear.armor.tier3.birdWarriorD.heavyFeatherLegGuards.Description","A pair of trousers molded to be as thick and coarse as the bark of an oak.","سروال صُنع ليكون سميكًا وخشنًا كلحاء شجرة البلوط المعمرة."
"items.gear.armor.tier3.birdWarriorD.heavyFeatherLegGuards.Name","Heavy Feather Leg Guards","واقيات ساقي الريش الثقيل"
"items.gear.armor.tier3.birdWarriorD.heavyFeatherMitts.Description","Leather gauntlets thick enough to pound your enemy into the mud, until their flesh rejoins the earth.","قفازات جلدية سميكة بما يكفي لدق عدوك في الوحل حتى يمتزج لحمه بالأرض."
"items.gear.armor.tier3.birdWarriorD.heavyFeatherMitts.Name","Heavy Feather Mitts","كفوف الريش الثقيل"
"items.gear.armor.tier3.birdWarriorD.heavyFeathersNest.Description","So swift to strike and so firm of stance is the Heavy Feather that it is said the eggs shall never break.","مقاتلو الريش الثقيل سريعو الضربات وثابتو الوقفة لدرجة يُقال معها إن البيض لن ينكسر أبدًا تحت أقدامهم."
"items.gear.armor.tier3.birdWarriorD.heavyFeathersNest.Name","Heavy Feather's Nest","عش الريش الثقيل"
"items.gear.armor.tier3.birdWarriorE.hiveSlingerLegs.Description","No one knows exactly how the Balak Taw are able to stitch their garments to be so lush and dense with feathers, yet soundless as a bird of prey.","لا أحد يعلم على وجه الدقة كيف يتمكن بالاك تاو من حياكة أرديتهم لتكون كثيفة ومليئة بالريش، ومع ذلك صامتة تمامًا كطائر جارح."
"items.gear.armor.tier3.birdWarriorE.hiveSlingerLegs.Name","Hive Slinger Legs","ساقا رامي الخلية"
"items.gear.armor.tier3.birdWarriorE.hiveSlingerMitts.Description","A pair of feathered gloves, so swift and light they'll leave your enemies wondering if you ever touched them.","زوج من القفازات المغطاة بالريش، خفيفة وسريعة لدرجة تترك أعداءك يتساءلون إن كنت قد لمستهم أصلاً."
"items.gear.armor.tier3.birdWarriorE.hiveSlingerMitts.Name","Hive Slinger Mitts","كفوف رامي الخلية"
"items.gear.armor.tier3.birdWarriorE.hiveSlingerPlume.Description","A crest imbued with the pride of the Balak Taw. Wear it, and feel their eyes upon you.","عرف مشبع بكبرياء بالاك تاو. ارتدِه واشعر بأنظارهم ترقبك في كل مكان."
"items.gear.armor.tier3.birdWarriorE.hiveSlingerPlume.Name","Hive Slinger Plume","ريشة رامي الخلية"
"items.gear.armor.tier3.birdWarriorE.hiveSlingerTunic.Description","A heavy leather coat draped in iridescent feathers. Let others wear the camouflage, while you draw the enemy's eye.","معطف جلدي ثقيل مكسو بالريش المتقزح. دع الآخرين يرتدون التمويه، بينما تجذب أنت أنظار الأعداء نحوك."
"items.gear.armor.tier3.birdWarriorE.hiveSlingerTunic.Name","Hive Slinger Tunic","سترة رامي الخلية"
"items.gear.armor.tier3.birdWarriorF.boneHawkCrest.Description","Primarily a ceremonial dressing, this feathered crown can also be a powerful distraction in combat.","رغم أنه زي شعائري في المقام الأول، إلا أن هذا التاج الريشي قد يشكل عنصر تشتيت قويًا في القتال."
"items.gear.armor.tier3.birdWarriorF.boneHawkCrest.Name","Bone Hawk Crest","عرف صقر العظام"
"items.gear.armor.tier3.birdWarriorF.boneHawkFeathers.Description","A tunic born in the trees, woven from the wind, and blessed by the air herself. Or so the Balak Taw claim.","سترة وُلدت في أعالي الأشجار، نُسجت من الرياح وباركتها نداءات الهواء. أو هكذا يزعم بالاك تاو."
"items.gear.armor.tier3.birdWarriorF.boneHawkFeathers.Name","Bone Hawk Feathers","ريش صقر العظام"
"items.gear.armor.tier3.birdWarriorF.boneHawkGloves.Description","Crafted from hides, feathers, and resin, these gloves have a …distinct... odor to them.","صُنعت هذه القفازات من الجلود والريش والراتنج، وتفوح منها رائحة …مميزة وغريبة."
"items.gear.armor.tier3.birdWarriorF.boneHawkGloves.Name","Bone Hawk Gloves","قفازات صقر العظام"
"items.gear.armor.tier3.birdWarriorF.boneHawkPants.Description","""There's only so much land, but there's always more air."" --rumored Balak Taw proverb","«الأرض محدودة، لكن الهواء لا ينفد أبدًا.» - مثل يُشاع ترديده في بالاك تاو"
"items.gear.armor.tier3.birdWarriorF.boneHawkPants.Name","Bone Hawk Pants","سروال صقر العظام"
"items.gear.armor.tier3.birdWarriorG.championOfTheEgg.Description","The prized plumage of the Unbreakable Egg, elusive champion of the treetops.","الريش الثمين للبيضة المنيعة التي لا تُكسر، البطل المراوغ لأعالي الأشجار."
"items.gear.armor.tier3.birdWarriorG.championOfTheEgg.Name","Champion of the Egg","بطل البيضة"
"items.gear.armor.tier3.birdWarriorG.clutchOfTheEgg.Description","A pair of powerful mitts coated with feathers plucked from the toughest raptor on Sacra.","زوج من الكفوف القوية المغطاة بريش نُتف من أعتى طيور الجوارح في ساكرا."
"items.gear.armor.tier3.birdWarriorG.clutchOfTheEgg.Name","Clutch of the Egg","قبضة البيضة"
"items.gear.armor.tier3.birdWarriorG.crownOfTheEgg.Description","Who carries this crown shall find honor and reward in the presence of the Great Beak.","من يحمل هذا التاج سينال الشرف والمكافأة في حضرة المنقار العظيم."
"items.gear.armor.tier3.birdWarriorG.crownOfTheEgg.Name","Crown of the Egg","تاج البيضة"
"items.gear.armor.tier3.birdWarriorG.legsOfTheEgg.Description","Let your legs be as strong as a tree, and let your feet be as unmoving as its roots.","لتكن ساقاك قويتين كالشجرة، ولتكن قدماك راسختين كجذورها الضاربة في العمق."
"items.gear.armor.tier3.birdWarriorG.legsOfTheEgg.Name","Legs of the Egg","ساقا البيضة"
"items.gear.armor.tier3.captainRandolph.heroCaptainRandolphBodyArmor.Description","A suit of armor should be like a soldier's backbone - rigid, stern, and unassailable.","ينبغي للدرع أن يكون كالعمود الفقري للجندي - صلبًا وصارمًا ولا يتزعزع."
"items.gear.armor.tier3.captainRandolph.heroCaptainRandolphBodyArmor.Name","Captain's Sigil","شعار القائد"
"items.gear.armor.tier3.captainRandolph.heroCaptainRandolphGloves.Description","A soldier's gauntlets are an extension of his hands. They are built for grasping and guiding the world to order. ","قفازات الجندي امتداد ليديه. صُنعت للإمساك بزمام الأمور وإرساء النظام في العالم."
"items.gear.armor.tier3.captainRandolph.heroCaptainRandolphGloves.Name","Captain's Fists","قبضتا القائد"
"items.gear.armor.tier3.captainRandolph.heroCaptainRandolphHelmet.Description","The strength of a soldier's helm is the difference between carrying out God's work and meeting God in person.","قوة خوذة الجندي هي الفارق بين إتمام عمل الإله وملاقاة الإله وجهًا لوجه."
"items.gear.armor.tier3.captainRandolph.heroCaptainRandolphHelmet.Name","Captain's Helm","خوذة القائد"
"items.gear.armor.tier3.captainRandolph.heroCaptainRandolphPants.Description","A soldier should always keep his boots firmly planted on the ground that he protects.","يجب على الجندي أن يبقي حذاءه مغروسًا بثبات في الأرض التي يحميها."
"items.gear.armor.tier3.captainRandolph.heroCaptainRandolphPants.Name","Captain's Stride","خطوة القائد"
"items.gear.armor.tier3.captainRandolph.heroCaptainRandolphVariationBHelmet.Description","Those who wear the armor of Sacrament must pledge themselves to shore up her walls like iron, and fall upon her enemies like rain.","على من يرتدي دروع ساكرامنت أن يتعهد بتدعيم أسوارها كالحديد، والانقضاض على أعدائها كالمطر المنهمر."
"items.gear.armor.tier3.captainRandolph.heroCaptainRandolphVariationBHelmet.Name","Lieutenant's Helm","خوذة الملازم"
"items.gear.armor.tier3.cartographer.cartographerBodyArmor.Description","A fair cloak stitched with many hidden pockets; for inks, compasses, and collected secrets.","عباءة أنيقة محاكة بجيوب مخفية عديدة؛ للأحبار والبوصلات والأسرار المجموعة."
"items.gear.armor.tier3.cartographer.cartographerBodyArmor.Name","Wayfinder's Shawl","شال مستكشف الآفاق"
"items.gear.armor.tier3.cartographer.cartographerGloves.Description","Half-fingered gloves stained with dust from every corner of Sacra.","قفازات بنصف أصابع ملطخة بغبار كل زاوية من زوايا ساكرا."
"items.gear.armor.tier3.cartographer.cartographerGloves.Name","Wayfinder's Touch","لمسة مستكشف الآفاق"
"items.gear.armor.tier3.cartographer.cartographerHelmet.Description","An angular shroud stitched of heavy, pale cloth - to block out the sun during long survey missions.","غطاء رأس مائل محاك من قماش ثقيل وشاحب - لحجب الشمس أثناء مهمات المسح الطويلة."
"items.gear.armor.tier3.cartographer.cartographerHelmet.Name","Wayfinder's Cap","قبعة مستكشف الآفاق"
"items.gear.armor.tier3.cartographer.cartographerPants.Description","""A map shows the way; a foot decides the truth."" --Eron Plinthy, Cartographer of House Orland","«الخريطة تدل على الطريق؛ والقدم تحدد الحقيقة.» - إيرون بلينثي، رسام خرائط بيت أورلاند"
"items.gear.armor.tier3.cartographer.cartographerPants.Name","Wayfinder's Path","مسار مستكشف الآفاق"
"items.gear.armor.tier3.caylenPrisonerGarbs.heroCaylenPrisonerGarbsBodyArmor.Description","A filthy, ragged cape belonging to one who formerly lived and worked in the Nameless Pass.","وشاح قذر ورث كان يخص سجينًا عاش وعمل في الممر المجهول."
"items.gear.armor.tier3.caylenPrisonerGarbs.heroCaylenPrisonerGarbsBodyArmor.Name","Holy Prisoner Rags","أسمال السجين المقدس"
"items.gear.armor.tier3.caylenPrisonerGarbs.heroCaylenPrisonerGarbsHelmet.Description","The quarry in the Nameless Pass was manned by prisoners from Fort Reach. Until the Pestilence arrived.","كان المحجر في الممر المجهول يُدار بسجناء من حصن ريتش. إلى أن حل الوباء."
"items.gear.armor.tier3.caylenPrisonerGarbs.heroCaylenPrisonerGarbsHelmet.Name","Holy Prisoner Pillory","مقطرة السجين المقدس"
"items.gear.armor.tier3.caylenPrisonerGarbs.heroCaylenPrisonerGarbsPants.Description","A pathetic pair of trousers belonging to a former prisoner.","سروال بائس يخص سجينًا سابقًا."
"items.gear.armor.tier3.caylenPrisonerGarbs.heroCaylenPrisonerGarbsPants.Name","Holy Prisoner Leggings","لفافات ساقي السجين المقدس"
"items.gear.armor.tier3.darkKnight.covenantKnightArmor.Description","Worn by one who served both steel and Speaker. The oaths may be broken, but the armor endures.","ارتداه من خدم كلاً من النصال والناطق. قد تنقض العهود، لكن الدرع يبقى صامدًا."
"items.gear.armor.tier3.darkKnight.covenantKnightArmor.Name","Covenant Knight Armor","درع فارس العهد"
"items.gear.armor.tier3.darkKnight.covenantKnightGloves.Description","Each finger etched with a vow. Break one, and the metal will remember.","نُقش نذر على كل إصبع. اخلف واحدًا، وسيتذكر المعدن ذلك."
"items.gear.armor.tier3.darkKnight.covenantKnightGloves.Name","Covenant Knight Gloves","قفازات فارس العهد"
"items.gear.armor.tier3.darkKnight.covenantKnightGreaves.Description","A pair of heavy leg guards polished to a ceremonial shine, dented by many forgotten wars.","زوج من واقيات الساقين الثقيلة تم صقلها لبريق شعائري، وشوهتها حروب منسية عديدة."
"items.gear.armor.tier3.darkKnight.covenantKnightGreaves.Name","Covenant Knight Greaves","دروع ساقي فارس العهد"
"items.gear.armor.tier3.darkKnight.covenantKnightSallet.Description","Narrow of vision, heavy with tradition. The helm of one who followed, not questioned.","ضيقة الرؤية، ثقيلة بالتقاليد. خوذة من اتبع الأوامر دون أن يسأل قط."
"items.gear.armor.tier3.darkKnight.covenantKnightSallet.Name","Covenant Knight Sallet","خوذة ساليه فارس العهد"
"items.gear.armor.tier3.dummy.groveguardArmor.Description","""Why put a target on my back, when I can wear one on my front?""  - Groveguard of Havenport","«لماذا أضع هدفًا على ظهري، بينما يمكنني ارتداء واحد على صدري؟» - حارس أيكة هافنبورت"
"items.gear.armor.tier3.dummy.groveguardArmor.Name","Groveguard Armor","درع حارس الأيكة"
"items.gear.armor.tier3.dummy.groveguardGauntlets.Description","Leather gloves thick enough to prick with a thorn, or stick with a dagger. ","قفازات جلدية سميكة بما يكفي لتتحمل وخزة شوكة، أو طعنة خنجر."
"items.gear.armor.tier3.dummy.groveguardGauntlets.Name","Groveguard Gauntlets","قفازات حارس الأيكة"
"items.gear.armor.tier3.dummy.groveguardHelm.Description","Every weapon forged needs to be tested at some point. ","كل سلاح يُطرق يحتاج إلى أن يُختبر في مرحلة ما."
"items.gear.armor.tier3.dummy.groveguardHelm.Name","Groveguard Helm","خوذة حارس الأيكة"
"items.gear.armor.tier3.dummy.groveguardTrousers.Description","Pray that your enemies aim for the shins.","ادعُ أن يصوب أعداؤك نحو قصبات ساقيك."
"items.gear.armor.tier3.dummy.groveguardTrousers.Name","Groveguard Trousers","سروال حارس الأيكة"
"items.gear.armor.tier3.duoKnight.heroDuoKnightBodyArmor.Description","A storm speaks once. Everything else is just echo.","العاصفة تتحدث مرة واحدة. وكل ما بعدها ليس سوى صدى خافت."
"items.gear.armor.tier3.duoKnight.heroDuoKnightBodyArmor.Name","Shriek of the Talon","صرخة المخلب"
"items.gear.armor.tier3.duoKnight.heroDuoKnightGloves.Description","""Electricity crawls, lightning leaps, loyalty burns."" -Wrath","«الكهرباء تزحف، والبرق يقفز، والولاء يحترق.» - الساخط"
"items.gear.armor.tier3.duoKnight.heroDuoKnightGloves.Name","Grip of the Talon","قبضة المخلب"
"items.gear.armor.tier3.duoKnight.heroDuoKnightHelmet.Description","When the air tastes like metal, look for lightning. When the air tastes like blood, look for Talon & Wrath.","حين تشتم طعم المعدن في الهواء، ترقب البرق. وحين تشتم طعم الدم، ترقب المخلب والساخط."
"items.gear.armor.tier3.duoKnight.heroDuoKnightHelmet.Name","Stare of the Talon","نظرة المخلب"
"items.gear.armor.tier3.duoKnight.heroDuoKnightPants.Description","“Fealty ends only when the body does.” -Wrath","«لا ينتهي الولاء إلا حين يبلى الجسد وينقضي أمره.» - الساخط"
"items.gear.armor.tier3.duoKnight.heroDuoKnightPants.Name","Leap of the Talon","وثبة المخلب"
"items.gear.armor.tier3.ellsworth.heroEllsworthBodyArmor.Description","A cloak which has seen far more of the world than its refined threadwork might suggest.","عباءة شهدت من العالم أكثر بكثير مما قد يوحي به نسيجها وخيوطها الرفيعة."
"items.gear.armor.tier3.ellsworth.heroEllsworthBodyArmor.Name","Noble Leather Cloak","عباءة النبيل الجلدية"
"items.gear.armor.tier3.ellsworth.heroEllsworthGloves.Description","A pair of heavy gloves suited for shaking hands as much as clutching weapons.","زوج من القفازات الثقيلة يلائم المصافحة بقدر ما يلائم القبض على الأسلحة."
"items.gear.armor.tier3.ellsworth.heroEllsworthGloves.Name","Noble Iron Gloves","قفازات النبيل الحديدية"
"items.gear.armor.tier3.ellsworth.heroEllsworthPants.Description","Leather breeches that were hand-made in Marin Village, though not many people know this.","سروال جلدي خيط يدويًا في قرية مارين، مع أن القليل من الناس يعلمون ذلك."
"items.gear.armor.tier3.ellsworth.heroEllsworthPants.Name","Noble Leather Breeches","سروال النبيل الجلدي"
"items.gear.armor.tier3.falseGuardian.falseGuardianBodyArmor.Description","Those foolish or greedy enough to steal ancient Cerim armor find themselves trapped within their own tomb.","أولئك الذين غلبهم الطمع أو الغباء لسرقة دروع السيريم القديمة يجدون أنفسهم محبوسين داخل قبورهم الخاصة."
"items.gear.armor.tier3.falseGuardian.falseGuardianBodyArmor.Name","False Guardian's Robe","رداء الحامي الزائف"
"items.gear.armor.tier3.falseGuardian.falseGuardianGloves.Description","Gauntlets such as these litter Sacra - relics of an ancient war - daring only the most desperate to slip them on.","تنتشر مثل هذه القفازات في أنحاء ساكرا - بقايا حرب قديمة - تتحدى أكثر البائسين يأسًا لارتدائها."
"items.gear.armor.tier3.falseGuardian.falseGuardianGloves.Name","False Guardian's Palms","كفوف الحامي الزائف"
"items.gear.armor.tier3.falseGuardian.falseGuardianHelmet.Description","It's unknown if the poor souls trapped beneath the ancient helm are still alive, dead, or some horror in between.","لا أحد يدري ما إذا كانت الأرواح البائسة المحبوسة تحت هذه الخوذة العتيقة لا تزال حية، أم ميتة، أم في منزلة مروعة بينهما."
"items.gear.armor.tier3.falseGuardian.falseGuardianHelmet.Name","False Guardian's Helm","خوذة الحامي الزائف"
"items.gear.armor.tier3.falseGuardian.falseGuardianPants.Description","Some say that, late at night in Sacrament's cemetery, you can hear the sound of thudding steps far below.","يقول البعض إنه في أواخر الليل بمقبرة ساكرامنت، يمكنك سماع صوت وقع خطوات ثقيلة في الأعماق السحيقة."
"items.gear.armor.tier3.falseGuardian.falseGuardianPants.Name","False Guardian's Greaves","دروع ساقي الحامي الزائف"
"items.gear.armor.tier3.falseHarbinger.falseHarbingerBodyArmor.Description","The armor may be ancient Cerim, but the body found within it is somehow both far younger and long dead.","قد يكون الدرع سيريميًا قديمًا، لكن الجسد الموجود بداخله أصغر سنًا بكثير وميت منذ زمن بعيد."
"items.gear.armor.tier3.falseHarbinger.falseHarbingerBodyArmor.Name","False Harbinger's Raiment","كسوة النذير الزائف"
"items.gear.armor.tier3.falseHarbinger.falseHarbingerGloves.Description","They shiver with the energy of the ancient, the Sayer's words long since twisted into lies.","ترتجف بطاقة القدماء، بعد أن حُرفت كلمات الناطق منذ زمن وتحولت إلى أكاذيب."
"items.gear.armor.tier3.falseHarbinger.falseHarbingerGloves.Name","False Harbinger's Gauntlets","قفازات النذير الزائف"
"items.gear.armor.tier3.falseHarbinger.falseHarbingerHelmet.Description","Empty eyes stare out from its sockets, a silent scream captured forever in its teeth.","أعين خاوية تحدق من محاجرها، وصرخة صامتة حُبست إلى الأبد بين أسنانها."
"items.gear.armor.tier3.falseHarbinger.falseHarbingerHelmet.Name","False Harbinger's Visage","محيا النذير الزائف"
"items.gear.armor.tier3.falseHarbinger.falseHarbingerPants.Description","The heavy footfalls of graverobbers turned into guardians, scavengers hollowed out into shambling shells.","الخطوات الثقيلة لنباشي القبور الذين تحولوا إلى حراس، ولصوص تفرغت دواخلهم ليصبحوا مجرد هياكل متثاقلة."
"items.gear.armor.tier3.falseHarbinger.falseHarbingerPants.Name","False Harbinger's Greaves","دروع ساقي النذير الزائف"
"items.gear.armor.tier3.falseNoble.falseNobleCloak.Description","From the proudest king to the lowest grave robber, everyone lies to themselves.","من أعتى الملوك تكبرًا إلى أحقر نباشي القبور، الجميع يكذبون على أنفسهم."
"items.gear.armor.tier3.falseNoble.falseNobleCloak.Name","False Noble Cloak","عباءة النبيل الزائف"
"items.gear.armor.tier3.falseNoble.falseNobleGauntlets.Description","A pair of powerful, hammered-steel gloves that can reach toward the might of the Cerim, but never grasp it.","زوج من القفازات الفولاذية المطروقة بقوة، تستطيع التطلع نحو بأس السيريم، لكنها تعجز عن إدراكه."
"items.gear.armor.tier3.falseNoble.falseNobleGauntlets.Name","False Noble Gauntlets","قفازات النبيل الزائف"
"items.gear.armor.tier3.falseOathkeeper.falseOathkeeperHelmet.Description","One can only imagine what ancient battlefields and plagued monstrosities these eyes have gazed upon.","لا يسع المرء إلا أن يتخيل ساحات المعارك القديمة والمسوخ الموبوءة التي حدقت فيها هذه الأعين."
"items.gear.armor.tier3.falseOathkeeper.falseOathkeeperHelmet.Name","False Oathkeeper's Visage","محيا حافظ العهد الزائف"
"items.gear.armor.tier3.falseRemnant.falseRemnantHelmet.Description","The False Ones do not eat nor drink, sleep nor rest. Their penance is ceaseless and eternal.","الزائفون لا يأكلون ولا يشربون، ولا ينامون ولا يرتاحون. فتوبتهم أبدية لا تنقطع."
"items.gear.armor.tier3.falseRemnant.falseRemnantHelmet.Name","False Remnant's Helmet","خوذة الأثر الزائف"
"items.gear.armor.tier3.falseShrinebreaker.falseShrinebreakerCloak.Description","This cloak may have been stitched by ancient hands and imbued with the power of the Sayer - but its most recent owner was a sad, desperate thief.","قد تكون هذه العباءة خيطت بأيدٍ عتيقة وأُشبعت بقوة الناطق - لكن أحدث مالك لها كان لصًا يائسًا وحزينًا."
"items.gear.armor.tier3.falseShrinebreaker.falseShrinebreakerCloak.Name","False Shrinebreaker Cloak","عباءة كاسر المزارات الزائف"
"items.gear.armor.tier3.falseShrinebreaker.falseShrinebreakerHands.Description","A pair of finely woven gloves that seem to glimmer with the ageless suffering of the False Ones.","زوج من القفازات المتقنة النسيج يبدو أنه يلمع بعذاب الزائفين السرمدي."
"items.gear.armor.tier3.falseShrinebreaker.falseShrinebreakerHands.Name","False Shrinebreaker Hands","يدا كاسر المزارات الزائف"
"items.gear.armor.tier3.irmgard.heroIrmgardBodyArmor.Description","A humble cloak woven by Dasha artisans. Countless pockets give way to countless secrets.","عباءة متواضعة نسجها حِرفيو داشا. جيوبها التي لا تحصى تخفي أسرارًا لا تنتهي."
"items.gear.armor.tier3.irmgard.heroIrmgardBodyArmor.Name","Dasha Mender Cloak","عباءة مداوي داشا"
"items.gear.armor.tier3.irmgard.heroIrmgardPants.Description","The Maker disdains flashy adornments. A pair of simple leather pants can suit lords and farmers alike.","الصانع يأنف من الزخارف المبهرجة. وسروال جلدي بسيط يمكن أن يناسب السادة والفلاحين على حد سواء."
"items.gear.armor.tier3.irmgard.heroIrmgardPants.Name","Dasha Mender Leggings","لفافات ساقي مداوي داشا"
"items.gear.armor.tier3.knight.heroKnightBodyArmor.Description","The armor of the capital - forged from ore in the mines of Bayscathe, and sculpted in Phalen herself.","درع العاصمة - صُهر من ركاز مناجم بيسكيث، ونُحت في فالن نفسها."
"items.gear.armor.tier3.knight.heroKnightBodyArmor.Name","Eversol Knight Armor","درع فارس إيفرسول"
"items.gear.armor.tier3.knight.heroKnightGloves.Description","A powerful pair of gauntlets. Sculpted from metal so pure they often glint in the sunlight.","زوج قوي من القفازات المدرعة. طُرق من معدن نقي لدرجة أنه يتلألأ في ضوء الشمس."
"items.gear.armor.tier3.knight.heroKnightGloves.Name","Eversol Knight Gauntlets","قفازات فارس إيفرسول"
"items.gear.armor.tier3.knight.heroKnightHelmet.Description","The crest of Eversol, the seat of power and nobility.","قمة إيفرسول، مقر السلطة والنبلاء."
"items.gear.armor.tier3.knight.heroKnightHelmet.Name","Eversol Knight Helmet","خوذة فارس إيفرسول"
"items.gear.armor.tier3.knight.heroKnightPants.Description","An immaculate pair of leg guards. Should only be worn by allies and defenders of Phalen.","زوج لا تشوبه شائبة من واقيات الساقين. لا ينبغي أن يرتديه إلا حلفاء فالن وحماتها."
"items.gear.armor.tier3.knight.heroKnightPants.Name","Eversol Knight Greaves","دروع ساقي فارس إيفرسول"
"items.gear.armor.tier3.knight.umbralKnightBodyArmor.Description","The armor of a monk, long dead, who claimed he could hear the earth breathe.","درع راهب ميت منذ زمن طويل، زعم أنه يستطيع سماع أنفاس الأرض."
"items.gear.armor.tier3.knight.umbralKnightBodyArmor.Name","Umbral Knight's Cloak","عباءة فارس الظلال"
"items.gear.armor.tier3.knight.umbralKnightGloves.Description","Clawed metal gauntlets with lethal hooks forged into the palm.","قفازات معدنية ذات مخالب مع خطافات قاتلة مطروقة في راحة اليد."
"items.gear.armor.tier3.knight.umbralKnightGloves.Name","Umbral Knight's Clutch","قبضة فارس الظلال"
"items.gear.armor.tier3.knight.umbralKnightHelmet.Description","It is said that inside this helm, you can hear the voices of those you've slain, whispering incessantly.","يقال إنك تستطيع داخل هذه الخوذة سماع أصوات أولئك الذين صرعتهم وهم يتهامسون بلا انقطاع."
"items.gear.armor.tier3.knight.umbralKnightHelmet.Name","Umbral Knight's Hollow","تجويف فارس الظلال"
"items.gear.armor.tier3.knight.umbralKnightPants.Description","A pair of finely-woven leggings that rustle like parchment pages when the wearer moves.","زوج من اللفافات المحاكة بإتقان تصدر حفيفًا يشبه صفحات الرق عندما يتحرك مرتديها."
"items.gear.armor.tier3.knight.umbralKnightPants.Name","Umbral Knight's Poise","وقار فارس الظلال"
"items.gear.armor.tier3.lanark.heroLanarkBodyArmor.Description","The stylish leather coat of a traveling seer, likely of dubious integrity. No doubt it has had many owners.","معطف جلدي أنيق لعرّاف متجول ذي نزاهة مشكوك فيها. لا شك أنه تنقل بين أيدي العديد من المالكين."
"items.gear.armor.tier3.lanark.heroLanarkBodyArmor.Name","Conjurer's Tunic","سترة المشعوذ"
"items.gear.armor.tier3.lanark.heroLanarkGloves.Description","Simple yet elegant leather gloves, of a type favored by mystics and soothsayers from the mainland.","قفازات جلدية بسيطة وأنيقة، يفضلها المتصوفة والمتنبئون القادمون من القارة."
"items.gear.armor.tier3.lanark.heroLanarkGloves.Name","Conjurer's Leather Gloves","قفازات المشعوذ الجلدية"
"items.gear.armor.tier3.lanark.heroLanarkHelmet.Description","When wrapped around the head it provides little protection but is excellent at wicking sweat.","عند لفها حول الرأس فإنها توفر حماية ضئيلة لكنها ممتازة في امتصاص العرق."
"items.gear.armor.tier3.lanark.heroLanarkHelmet.Name","Conjurer's Head Wrap","عصابة رأس المشعوذ"
"items.gear.armor.tier3.lanark.heroLanarkPants.Description","Slim leather trousers, suitable for those more interested in posture and appearance than protection.","سروال جلدي نحيف، مناسب لأولئك الذين يهتمون بالمظهر والهيئة أكثر من الحماية."
"items.gear.armor.tier3.lanark.heroLanarkPants.Name","Conjurer's Trousers","سروال المشعوذ"
"items.gear.armor.tier3.lanark.heroLanarkVariationBBodyArmor.Description","The coat of a traveling seer, who delved too far into the fell arts of the clerics from Giranoth.","معطف عرّاف متجول، تعمق كثيرًا في فنون رجال الدين المشؤومة من غيرانوث."
"items.gear.armor.tier3.lanark.heroLanarkVariationBBodyArmor.Name","Vile Conjurer's Tunic","سترة المشعوذ الخبيث"
"items.gear.armor.tier3.magetrainer.heroMagetrainerBodyArmor.Description","The drapings of a cleric from Blackhewn, on the eastern edge of The Seethe.","أردية رجل دين من بلاك-هيون، على الحافة الشرقية من الغليان."
"items.gear.armor.tier3.magetrainer.heroMagetrainerBodyArmor.Name","Blackhewn Mage's Robes","أردية ساحر بلاك-هيون"
"items.gear.armor.tier3.magetrainer.heroMagetrainerGloves.Description","Sewn from a sinister black cloth designed to amplify mystical powers.","خيطت من قماش أسود خبيث صُمم لتضخيم القوى السحرية والغامضة."
"items.gear.armor.tier3.magetrainer.heroMagetrainerGloves.Name","Blackhewn Mage's Gloves","قفازات ساحر بلاك-هيون"
"items.gear.armor.tier3.magetrainer.heroMagetrainerPants.Description","Although they wear shoes, it is said that the clerics from Blackhewn never touch the ground.","رغم أنهم يرتدون أحذية، إلا أنه يُقال إن رجال الدين من بلاك-هيون لا يلمسون الأرض أبدًا."
"items.gear.armor.tier3.magetrainer.heroMagetrainerPants.Name","Blackhewn Mage's Breeches","سروال ساحر بلاك-هيون"
"items.gear.armor.tier3.mindcontroller.heroMindcontrollerBodyArmor.Description","The diseased rags of a former Dasha cleric.","الأسمال الموبوءة لرجل دين سابق من داشا."
"items.gear.armor.tier3.mindcontroller.heroMindcontrollerBodyArmor.Name","The Caretaker's Habit","كسوة الراعي"
"items.gear.armor.tier3.mindcontroller.heroMindcontrollerPants.Description","The religious wrappings of the Dasha faithful, now malign and corrupted.","اللفافات الدينية لمؤمني داشا، أصبحت الآن خبيثة وفاسدة."
"items.gear.armor.tier3.mindcontroller.heroMindcontrollerPants.Name","The Caretaker's Tatters","أسمال الراعي"
"items.gear.armor.tier3.orlandB.heroOrlandBBodyArmor.Description","The most favored armor of the Knights of Tanth. A vibrant, formidable outfit.","أكثر دروع فرسان تانث تفضيلاً. حُلة نابضة بالحياة ومهيبة في آن واحد."
"items.gear.armor.tier3.orlandB.heroOrlandBBodyArmor.Name","Tanth Outrider Armor","درع طليعة تانث"
"items.gear.armor.tier3.orlandB.heroOrlandBGloves.Description","Gauntlets rumored to have been blessed by the King of Tanth himself.","قفازات يُشاع أن ملك تانث باركها بنفسه."
"items.gear.armor.tier3.orlandB.heroOrlandBGloves.Name","Tanth Outrider Gloves","قفازات طليعة تانث"
"items.gear.armor.tier3.orlandB.heroOrlandBHelmet.Description","Rumor has it the helms of Tanth are dyed with a mixture of saffron and blood.","تفيد الشائعات بأن خوذات تانث تُصبغ بمزيج من الزعفران والدماء."
"items.gear.armor.tier3.orlandB.heroOrlandBHelmet.Name","Tanth Outrider Cap","قبعة طليعة تانث"
"items.gear.armor.tier3.orlandB.heroOrlandBPants.Description","A pair of greaves forged in the finest (and only) armory on Tanth.","دروع ساقين صُنعت في أرقى (والوحيدة) ترسانة أسلحة في تانث."
"items.gear.armor.tier3.orlandB.heroOrlandBPants.Name","Tanth Outrider Leg Guards","واقيات ساقي طليعة تانث"
"items.gear.armor.tier3.orlandD.heroOrlandDHelmet.Description","A crimson helmet forged curiously in the shape of the known world.","خوذة قرمزية صُممت بشكل غريب على هيئة العالم المعروف."
"items.gear.armor.tier3.orlandD.heroOrlandDHelmet.Name","Tanth Vanguard Cap","قبعة مقدمة تانث"
"items.gear.armor.tier3.orlandE.heroOrlandEHelmet.Description","Its shape may prevent the wearer from hiding in the bushes; but the Knights of Tanth have no need for stealth.","قد يمنع شكلها صاحبها من الاختباء في الشجيرات؛ لكن فرسان تانث ليسوا بحاجة إلى التخفي قط."
"items.gear.armor.tier3.orlandE.heroOrlandEHelmet.Name","Tanth Cleaver Helmet","خوذة ساطور تانث"
"items.gear.armor.tier3.pigHeadBandit.heroPigHeadBanditBodyArmor.Description","The sweltering, stinking hide of the Boarskin clan. Best worn by those who have lost their sense of smell.","الجلد الخانق والكريه الرائحة لعشيرة جلود الخنازير. الأفضل ارتداؤه لمن فقد حاسة الشم."
"items.gear.armor.tier3.pigHeadBandit.heroPigHeadBanditBodyArmor.Name","Boarskin Leather Tunic","سترة جلد الخنزير"
"items.gear.armor.tier3.pigHeadBandit.heroPigHeadBanditGloves.Description","A filthy jumble of coarse leather in the vague shape of a pair of gloves.","فوضى قذرة من الجلد الخشن على هيئة غير واضحة لزوج من القفازات."
"items.gear.armor.tier3.pigHeadBandit.heroPigHeadBanditGloves.Name","Boarskin Leather Gloves","قفازات جلد الخنزير"
"items.gear.armor.tier3.pigHeadBandit.heroPigHeadBanditHelmet.Description","Any coward can forge a helmet out of metal. For the Boarskin, true glory comes from the wearing of flesh.","يمكن لأي جبان صهر المعادن لصنع خوذة. أما بالنسبة لجلود الخنازير، فالمجد الحقيقي ينبع من ارتداء اللحم النيء."
"items.gear.armor.tier3.pigHeadBandit.heroPigHeadBanditHelmet.Name","Boarskin Leather Hat","قبعة جلد الخنزير"
"items.gear.armor.tier3.pigHeadBandit.heroPigHeadBanditPants.Description","Best not to ask whence the leather which made these trousers was sourced.","من الأفضل ألا تسأل من أين جُلب الجلد الذي صُنع منه هذا السروال."
"items.gear.armor.tier3.pigHeadBandit.heroPigHeadBanditPants.Name","Boarskin Leather Pants","سروال جلد الخنزير"
"items.gear.armor.tier3.risenBrightburn.risenBrightburnBodyArmor.Description","A small sect of Risen scholars, now mostly dead, once attempted to harvest the luminous putrescence of the Gloam.","طائفة صغيرة من علماء الناهضين، معظمهم أموات الآن، حاولت ذات مرة استخراج العفن المضيء من الغسق القاتم."
"items.gear.armor.tier3.risenBrightburn.risenBrightburnBodyArmor.Name","Risen Brightburn Vest","صدرية الناهضين المتقدة"
"items.gear.armor.tier3.risenBrightburn.risenBrightburnGloves.Description","You can tell the hands of a Brightburn by the faintly glowing stains that cover their fingers.","يمكنك تمييز أيدي أفراد الفرقة المتقدة من البقع المتوهجة الخافتة التي تغطي أصابعهم."
"items.gear.armor.tier3.risenBrightburn.risenBrightburnGloves.Name","Risen Brightburn Gloves","قفازات الناهضين المتقدة"
"items.gear.armor.tier3.risenBrightburn.risenBrightburnHelmet.Description","Painted with a glowing rune, evocative and intimidating, but signifying nothing.","طُليت برمز متوهج يبث الرهبة، لكنه لا يحمل أي معنى حقيقي."
"items.gear.armor.tier3.risenBrightburn.risenBrightburnHelmet.Name","Risen Brightburn Helmet","خوذة الناهضين المتقدة"
"items.gear.armor.tier3.risenBrightburn.risenBrightburnPants.Description","The faint glowing light never wavers, even as the fabric rots around it.","الضوء المتوهج الخافت لا يخبو أبدًا، حتى وإن تعفن القماش من حوله."
"items.gear.armor.tier3.risenBrightburn.risenBrightburnPants.Name","Risen Brightburn Bones","عظام الناهضين المتقدة"
"items.gear.armor.tier3.saladKnight.heroSaladKnightBodyArmor.Description","The vibrant body armor of a mysterious outfit known only as the Order of the Moss.","الدرع الجسدي النابض بالحياة لتنظيم غامض لا يُعرف إلا باسم أخوية الطحالب."
"items.gear.armor.tier3.saladKnight.heroSaladKnightBodyArmor.Name","Verdant Warrior Armor","درع المحارب النضر"
"items.gear.armor.tier3.saladKnight.heroSaladKnightGloves.Description","Bronze, hammered metal, of unknown provenance.","معدن برونزي مطروق مجهول المصدر."
"items.gear.armor.tier3.saladKnight.heroSaladKnightGloves.Name","Verdant Warrior Gauntlets","قفازات المحارب النضر"
"items.gear.armor.tier3.saladKnight.heroSaladKnightHelmet.Description","And my enemies shall tremble before me, and my legend shall grow upon the earth.","وسيرتعد أعدائي أمامي فرقًا، وستعلو أسطورتي في أرجاء الأرض."
"items.gear.armor.tier3.saladKnight.heroSaladKnightHelmet.Name","Verdant Warrior Helm","خوذة المحارب النضر"
"items.gear.armor.tier3.saladKnight.heroSaladKnightPants.Description","Trousers belonging to one of the elusive, erudite members of the Order of the Moss.","سروال يخص أحد الأعضاء المراوغين والمتبحرين في أخوية الطحالب."
"items.gear.armor.tier3.saladKnight.heroSaladKnightPants.Name","Verdant Warrior Greaves","دروع ساقي المحارب النضر"
"items.gear.armor.tier3.swampGiant.heroSwampGiantBodyArmor.Description","A massive cloak cobbled together from damp hides and fetid rags.","عباءة ضخمة جُمعت ورُقعت من جلود رطبة وخرق بالية نتنة."
"items.gear.armor.tier3.swampGiant.heroSwampGiantBodyArmor.Name","Nith Leviathan Cloak","عباءة نيث الطاغية"
"items.gear.armor.tier3.swampGiant.heroSwampGiantHelmet.Description","The most prized adornment of the Nith. A headpiece made of nothing but bone and death.","أثمن حلي النيث على الإطلاق. غطاء رأس لم يُصنع إلا من العظام والموت."
"items.gear.armor.tier3.swampGiant.heroSwampGiantHelmet.Name","Nith Leviathan Skull","جمجمة نيث الطاغية"
"items.gear.armor.tier3.swampGiant.heroSwampGiantPants.Description","If they fit you, you are too tall.","إن كانت تناسب مقاسك، فأنت فارع الطول أكثر مما ينبغي."
"items.gear.armor.tier3.swampGiant.heroSwampGiantPants.Name","Nith Leviathan Leggings","لفافات ساقي نيث الطاغية"
"items.gear.armor.tier3.theGloam.blackSparkHelmet.Description","When they first appeared, The Gloam's iridescent growths caused some to think they had emerged from the sea. But only the blackened earth could dream up something so foul.","حين ظهرت لأول مرة، جعلت زوائد الغسق القاتم المتقزحة البعض يظنون أنها انبثقت من البحر. لكن الأرض المسودة وحدها قادرة على تخيل شيء بالغ البشاعة والنتانة."
"items.gear.armor.tier3.theGloam.blackSparkHelmet.Name","Black Spark Helmet","خوذة الشرارة السوداء"
"items.gear.armor.tier3.theGloam.blackSparkMitts.Description","""Hands fumbling in darkness will find only fell deeds.""  - saying often heard in Havenport","«الأيدي التي تتخبط في الظلام لن تجد سوى الأعمال المشؤومة.» - حكمة شائعة في هافنبورت"
"items.gear.armor.tier3.theGloam.blackSparkMitts.Name","Black Spark Mitts","كفوف الشرارة السوداء"
"items.gear.armor.tier3.theGloam.blackSparkRunners.Description","Dancing lights behind you, run fast and never rest. Dancing lights before you, lie down and wait for death.","أضواء راقصة خلفك، فاركض سريعًا ولا تسترح أبدًا. أضواء راقصة أمامك، فارقد أرضًا وانتظر الموت."
"items.gear.armor.tier3.theGloam.blackSparkRunners.Name","Black Spark Runners","أحذية الشرارة السوداء"
"items.gear.armor.tier3.theGloam.blackSparkTunic.Description","A strand of shimmering mold and fungus, twisted into the vague shape of armor.","خصلات من العفن والفطريات اللامعة، لُوِيَت لتتخذ شكلاً تقريبيًا لدرع."
"items.gear.armor.tier3.theGloam.blackSparkTunic.Name","Black Spark Tunic","سترة الشرارة السوداء"
"items.gear.armor.tier3.theGloam.brightWalkersBarrier.Description","You are moving through a darkened cavern, touching the wall for guidance. Then your hand lands upon a wall… that moves.","تتحرك داخل كهف مظلم، متلمسًا الجدار للاهتداء في طريقك. ثم تستقر يدك على جدار… يتحرك!"
"items.gear.armor.tier3.theGloam.brightWalkersBarrier.Name","Bright Walker's Barrier","متراس السائر الوضاء"
"items.gear.armor.tier3.theGloam.brightWalkersFist.Description","A heavy gauntlet that can squeeze the life out of darkness itself.","قفاز حربي ثقيل قادر على اعتصار الحياة من قلب الظلام نفسه."
"items.gear.armor.tier3.theGloam.brightWalkersFist.Name","Bright Walker's Fist","قبضة السائر الوضاء"
"items.gear.armor.tier3.theGloam.brightWalkersGreaves.Description","Some say footfalls in the night add twice the height.","يقول البعض إن وقع الخطى في عتمة الليل يضاعف طول القامة مرتين."
"items.gear.armor.tier3.theGloam.brightWalkersGreaves.Name","Bright Walker's Greaves","دروع ساقي السائر الوضاء"
"items.gear.armor.tier3.theGloam.cavernWretchGloves.Description","With The Gloam, it can sometimes be difficult to tell fabric apart from pulsing flesh.","مع الغسق القاتم، قد يصعب أحيانًا التمييز بين النسيج واللحم النابض بالحياة."
"items.gear.armor.tier3.theGloam.cavernWretchGloves.Name","Cavern Wretch Gloves","قفازات بائس الكهوف"
"items.gear.armor.tier3.theGloam.cavernWretchLegs.Description","Wet, festering trousers that have not seen the sun for many seasons.","سروال رطب ومتقرح لم يشهد ضوء الشمس منذ فصول عديدة."
"items.gear.armor.tier3.theGloam.cavernWretchLegs.Name","Cavern Wretch Legs","ساقا بائس الكهوف"
"items.gear.armor.tier3.theGloam.duskChildsCloak.Description","The cloak of the forgotten Gloam - this is what becomes of the plague in the dark, wet places beneath our feet.","عباءة الغسق القاتم المنسية - هذا ما يؤول إليه الوباء في الأماكن الرطبة والمظلمة تحت أقدامنا."
"items.gear.armor.tier3.theGloam.duskChildsCloak.Name","Dusk Child's Cloak","عباءة وليد الغسق"
"items.gear.armor.tier3.theGloam.duskChildsFlight.Description","Close your eyes and be quick of step, and you may yet escape the darkness; unlike the former owner of these trousers.","أغمض عينيك وكن سريع الخطى، وقد تنجو من الظلام؛ بخلاف المالك السابق لهذا السروال."
"items.gear.armor.tier3.theGloam.duskChildsFlight.Name","Dusk Child's Flight","فرار وليد الغسق"
"items.gear.armor.tier3.theGloam.duskChildsTrick.Description","Gloves once made of leather, now grown thick with the glinting sinew of The Gloam.","قفازات كانت مصنوعة من الجلد ذات يوم، ونمت الآن وأثقلتها أوتار الغسق القاتم اللامعة."
"items.gear.armor.tier3.theGloam.duskChildsTrick.Name","Dusk Child's Trick","حيلة وليد الغسق"
"items.gear.armor.tier3.theGloam.glintfiendArmor.Description","A noble warrior's tunic, unbroken by battle, now coated in shimmering filth.","سترة محارب نبيل، لم تحطمها المعارك، وتكسوها الآن قذارة لامعة متوهجة."
"items.gear.armor.tier3.theGloam.glintfiendArmor.Name","Glintfiend Armor","درع وحش البريق"
"items.gear.armor.tier3.theGloam.glintfiendRags.Description","No one imagined what demented shape the Pestilence could be twisted into by the darkness beneath our feet.","لم يتخيل أحد أي هيئة مجنونة يمكن أن يتشوه إليها الوباء بفعل الظلام الدامس تحت أقدامنا."
"items.gear.armor.tier3.theGloam.glintfiendRags.Name","Glintfiend Rags","أسمال وحش البريق"
"items.gear.armor.tier3.theGloam.gloamkingArmor.Description","There is more to fear beneath the ground than merely death and darkness.","هناك في الأعماق تحت الأرض ما يدعو للخوف أكثر من مجرد الموت والظلام."
"items.gear.armor.tier3.theGloam.gloamkingArmor.Name","Gloamking Armor","درع ملك الغسق"
"items.gear.armor.tier3.theGloam.gloamkingGauntlets.Description","The glistening armor of a warrior for whom dying to the Pestilence was only the beginning.","الدرع اللامع لمحارب لم يكن الموت بالوباء بالنسبة له سوى مجرد بداية."
"items.gear.armor.tier3.theGloam.gloamkingGauntlets.Name","Gloamking Gauntlets","قفازات ملك الغسق"
"items.gear.armor.tier3.theGloam.gloamkingGreaves.Description","If your eyes fail you, but your ears behold the clank of heavy iron footfalls in the dark… Run.","إذا خانك بصرك، لكن أذنيك التقطتا قعقعة وقع أقدام حديدية ثقيلة في الظلام… فاركض."
"items.gear.armor.tier3.theGloam.gloamkingGreaves.Name","Gloamking Greaves","دروع ساقي ملك الغسق"
"items.gear.armor.tier3.theGloam.torchborneBreeches.Description","Dank, fetid trousers that still bear a trace of their former owner's sickly luminescence.","سروال رطب وكريه الرائحة لا يزال يحمل أثرًا من الضياء السقيم والوهج الباهت لصاحبه السابق."
"items.gear.armor.tier3.theGloam.torchborneBreeches.Name","Torchborne Breeches","سروال حامل المشعل"
"items.gear.armor.tier3.theGloam.torchborneCrest.Description","There are few who venture into the deep places beneath Sacra anymore. Of those who do, the sight they most fear is a beautiful, dancing light in the darkness.","قلة قليلة هم من يجرؤون على النزول إلى الأغوار السحيقة تحت ساكرا اليوم. ومن بين هؤلاء، فإن أكثر مشهد يثير رعبهم هو ضوء جميل وراقص في عتمة الظلام."
"items.gear.armor.tier3.theGloam.torchborneCrest.Name","Torchborne Crest","عرف حامل المشعل"
"items.gear.armor.tier3.theGloam.torchborneGrip.Description","Heavy leather gloves, once belonging to a man, but now taken from a cave-dwelling wraith.","قفازات جلدية ثقيلة، كانت تخص إنسانًا ذات يوم، لكنها أُخذت الآن من طيف يسكن الكهوف."
"items.gear.armor.tier3.theGloam.torchborneGrip.Name","Torchborne Grip","قبضة حامل المشعل"
"items.gear.armor.tier3.theGloam.torchborneTunic.Description","Certain scholars have attempted to examine the luminous growths that afflict The Gloam. Certain scholars are rarely seen again","حاول بعض العلماء فحص الزوائد المضيئة التي تصيب كائنات الغسق القاتم. ونادرًا ما يُرى هؤلاء العلماء مجددًا."
"items.gear.armor.tier3.theGloam.torchborneTunic.Name","Torchborne Tunic","سترة حامل المشعل"
"items.gear.armor.tier4.arenaMaster.conquerorOfTheArena.Description","Only a champion deserves to wear such finery! A warrior of peerless skill, a legend without equal! Are you such a warrior? ","البطل الأوحد هو من يستحق ارتداء هذه الحُلة الفاخرة! محارب ذو مهارة لا تضاهى، وأسطورة لا نظير لها! فهل أنت ذلك المحارب؟"
"items.gear.armor.tier4.arenaMaster.conquerorOfTheArena.Name","Conqueror of the Arena","فاتح الحلبة"
"items.gear.armor.tier4.arenaMaster.conquerorsTrousers.Description","The pants of one who has heard the hush of the crowd, felt the dust of the arena, and tasted the blood of victory.","سروال من سمع صمت الحشود المترقبة، وشعر بغبار الحلبة، وذاق طعم دماء النصر المؤزر."
"items.gear.armor.tier4.arenaMaster.conquerorsTrousers.Name","Conqueror's Trousers","سروال الفاتح"
"items.gear.armor.tier4.banditArmored.heroBanditArmoredBodyArmor.Description","As rigid and unflinching as its former owner's will.","صلب ولا يتزحزح، تمامًا كإرادة صاحبه السابق."
"items.gear.armor.tier4.banditArmored.heroBanditArmoredBodyArmor.Name","Crestfallen Knight Body Armor","درع جسد الفارس منكسر الفؤاد"
"items.gear.armor.tier4.banditArmored.heroBanditArmoredGloves.Description","A pair of hammered gauntlets, bleached bright from years of battle.","زوج من القفازات المدرعة المطروقة، ابيضّ لونها جراء خوض المعارك لسنوات طوال."
"items.gear.armor.tier4.banditArmored.heroBanditArmoredGloves.Name","Crestfallen Knight Gloves","قفازات الفارس منكسر الفؤاد"
"items.gear.armor.tier4.banditArmored.heroBanditArmoredHelmet.Description","A formidable helmet that will block out most attacks, as well as sunlight and clean air.","خوذة مهيبة تصد معظم الهجمات، وتحجب كذلك ضوء الشمس والهواء النقي."
"items.gear.armor.tier4.banditArmored.heroBanditArmoredHelmet.Name","Crestfallen Knight Helm","خوذة الفارس منكسر الفؤاد"
"items.gear.armor.tier4.banditArmored.heroBanditArmoredPants.Description","Thick and loud, these are not the leg guards of a subtle warrior.","سميكة وذات جلبة صاخبة، هذه ليست دروع ساقي محارب متخفٍ أو حذر."
"items.gear.armor.tier4.banditArmored.heroBanditArmoredPants.Name","Crestfallen Knight Greaves","دروع ساقي الفارس منكسر الفؤاد"
"items.gear.armor.tier4.bear.heroBearBodyArmor.Description","Winter in the Frozen Peaks can be brutal. A thick hide is essential for survival.","الشتاء في القمم المتجمدة قارس ولا يرحم. والجلد السميك ضروري للبقاء على قيد الحياة."
"items.gear.armor.tier4.bear.heroBearBodyArmor.Name","Ironfur Hide","جلد الفراء الحديدي"
"items.gear.armor.tier4.bear.heroBearGloves.Description","Thick gloves that once belonged to a hermit of the eastern mountains. ","قفازات سميكة كانت تخص ذات يوم ناسكًا من الجبال الشرقية."
"items.gear.armor.tier4.bear.heroBearGloves.Name","Ironfur Claws","مخالب الفراء الحديدي"
"items.gear.armor.tier4.bear.heroBearHelmet.Description","The fearsome crown of a champion hunter. To best the beast, one must become the beast.","التاج المخيف لصياد مظفر. للتغلب على الوحش، يجب أن تصبح أنت الوحش."
"items.gear.armor.tier4.bear.heroBearHelmet.Name","Ironfur Mantle","وشاح الفراء الحديدي"
"items.gear.armor.tier4.bear.heroBearPants.Description","When snow falls thickly, so the leather of one's breeches must thicken as well.","حين تتساقط الثلوج بكثافة، يجب أن تزداد سماكة جلد السروال بالمثل."
"items.gear.armor.tier4.bear.heroBearPants.Name","Ironfur Steps","خطوات الفراء الحديدي"
"items.gear.armor.tier4.goatman.grifkinsCoat.Description","A thick, warm coat belonging to one of the deranged ""goat men"" of northern Sacra. (Sworn enemies of the Balak Taw.)","معطف سميك ودافئ يخص أحد «رجال الماعز» المعتوهين في شمال ساكرا. (الأعداء الألدّاء لبالاك تاو)."
"items.gear.armor.tier4.goatman.grifkinsCoat.Name","Grifkin's Coat","معطف غريفكين"
"items.gear.armor.tier4.goatman.grifkinsHorns.Description","It is rumored that to come of age, members of the Grifkin must kill a goat with their bare hands, and then live inside it for a week.","يُشاع أنه لبلوغ سن الرشد، يجب على أفراد غريفكين قتل ماعز بأيديهم العارية، ثم العيش داخل جثته لمدة أسبوع."
"items.gear.armor.tier4.goatman.grifkinsHorns.Name","Grifkin's Horns","قرون غريفكين"
"items.gear.armor.tier4.goatman.grifkinsLegs.Description","A rough-hewn pair of leggings designed to blur the line between animal and man.","سروال خشن الصنع صُمم لمحو الخط الفاصل بين الإنسان والحيوان."
"items.gear.armor.tier4.goatman.grifkinsLegs.Name","Grifkin's Legs","ساقا غريفكين"
"items.gear.armor.tier4.goatman.grifkinsMitts.Description","For keeping the flesh warm in high mountain regions, nothing beats the fur of an Alpine Goat.","لتدفئة الجسد في المناطق الجبلية الشاهقة، لا شيء يضاهي فراء ماعز جبال الألب."
"items.gear.armor.tier4.goatman.grifkinsMitts.Name","Grifkin's Mitts","كفوف غريفكين"
"items.gear.armor.tier4.kingHarol.royalBoleinCloak.Description","A coat of fine threads and lustrous feathers, fit for the House that rules the empire.","معطف من الخيوط الفاخرة والريش اللامع، يليق بالبيت الذي يحكم الإمبراطورية."
"items.gear.armor.tier4.kingHarol.royalBoleinCloak.Name","Bolein Cloak","عباءة بولين"
"items.gear.armor.tier4.kingHarol.royalBoleinTrousers.Description","No royal is born so high that he is above the need for pants.","ما من أمير أو ملك وُلد في رفعة تجعله مستغنيًا عن الحاجة لسروال يرتديه."
"items.gear.armor.tier4.kingHarol.royalBoleinTrousers.Name","Bolein Trousers","سروال بولين"
"items.gear.armor.tier4.seer.heroSeerBodyArmor.Description","Drapings that may appear simple and ragged; but they are infused with dark purpose.","أردية قد تبدو بسيطة ورثة؛ لكنها مفعمة بغاية مظلمة وشريرة."
"items.gear.armor.tier4.seer.heroSeerBodyArmor.Name","Seer's Robes","أردية العرّاف"
"items.gear.armor.tier4.seer.heroSeerGloves.Description","Soft gloves that have been dipped in mold and bathed in the blackness of the night sky.","قفازات ناعمة غُمست في العفن وغُسلت بسواد سماء الليل البهيم."
"items.gear.armor.tier4.seer.heroSeerGloves.Name","Seer's Hands","يدا العرّاف"
"items.gear.armor.tier4.seer.heroSeerHelmet.Description","A wide-brimmed hat of unknown provenance, steeped in fell magic.","قبعة عريضة الحواف مجهولة المصدر، مشبعة بسحر مشؤوم خبيث."
"items.gear.armor.tier4.seer.heroSeerHelmet.Name","Seer's Cap","قبعة العرّاف"
"items.gear.armor.tier4.seer.heroSeerPants.Description","Lightweight pants that smell faintly of thick, wet earth.","سروال خفيف تفوح منه رائحة تراب رطب وثقيل."
"items.gear.armor.tier4.seer.heroSeerPants.Name","Seer's Breeches","سروال العرّاف"
"items.gear.armor.tier4.winnick.heroWinnickBodyArmor.Description","The uniform of a high-born noble of Tir; but it has been stripped of its crest, and worn tired with time.","زي نبيل رفيع النسب من تير؛ لكنه جُرّد من شعاره، وأنهكه تقادم الزمان."
"items.gear.armor.tier4.winnick.heroWinnickBodyArmor.Name","Taleweaver's Cape","وشاح حائك الحكايات"
"items.gear.armor.tier4.winnick.heroWinnickGloves.Description","A refined pair of leather gloves, hand-made by one of the elite artisans of Upper Tir.","زوج أنيق من القفازات الجلدية، صُنع يدويًا بيد أمهر حِرفيي تير العليا."
"items.gear.armor.tier4.winnick.heroWinnickGloves.Name","Taleweaver's Gloves","قفازات حائك الحكايات"
"items.gear.armor.tier4.winnick.heroWinnickPants.Description","Trousers made for a nobleman in the valley beyond the Frozen Peaks.","سروال صُنع لنبيل في الوادي القابع وراء القمم المتجمدة."
"items.gear.armor.tier4.winnick.heroWinnickPants.Name","Taleweaver's Legs","ساقا حائك الحكايات"
"items.gear.armor.tier5.boleinKnight.heroBoleinKnightBodyArmor.Description","The uniform of the ruling House in Phalen, until recently led by King Harol.","زي البيت الحاكم في فالن، الذي كان يقوده الملك هارول حتى وقت قريب."
"items.gear.armor.tier5.boleinKnight.heroBoleinKnightBodyArmor.Name","Bolein Knight Armor","درع فارس بولين"
"items.gear.armor.tier5.boleinKnight.heroBoleinKnightGloves.Description","As the knight keeps a firm grip on his spear, so House Bolein maintains a firm grip on the throne.","كما يقبض الفارس بإحكام على رمحه، كذلك يقبض بيت بولين بإحكام على مقاليد العرش."
"items.gear.armor.tier5.boleinKnight.heroBoleinKnightGloves.Name","Bolein Knight Gauntlets","قفازات فارس بولين"
"items.gear.armor.tier5.boleinKnight.heroBoleinKnightHelmet.Description","It is said that no matter where you are, one can always see the dawn sun glinting off the helm of a Bolein Knight.","يُقال إنه أينما كنت، يمكنك دائمًا رؤية شمس الفجر تتلألأ منعكسة على خوذة فارس بولين."
"items.gear.armor.tier5.boleinKnight.heroBoleinKnightHelmet.Name","Bolein Knight Helmet","خوذة فارس بولين"
"items.gear.armor.tier5.boleinKnight.heroBoleinKnightPants.Description","They march through the streets of Phalen, for order, for victory, for God.","يزحفون عبر شوارع فالن، من أجل النظام، ومن أجل النصر، ومن أجل الإله."
"items.gear.armor.tier5.boleinKnight.heroBoleinKnightPants.Name","Bolein Knight Greaves","دروع ساقي فارس بولين"
"items.gear.armor.tier5.channing.heroChanningBodyArmor.Description","A magnificent suit of armor, acquired strictly by honorable means.","بدلة دروع مهيبة وفخمة، اكتُسبت بوسائل شريفة تمامًا (بلا أدنى شك)."
"items.gear.armor.tier5.channing.heroChanningBodyArmor.Name","Prince of Lies","أمير الأكاذيب"
"items.gear.armor.tier5.channing.heroChanningGloves.Description","Always watch the hand you aren't shaking.","راقب دائمًا اليد الأخرى التي لا تصافحك."
"items.gear.armor.tier5.channing.heroChanningGloves.Name","Liar's Gauntlets","قفازات الكاذب"
"items.gear.armor.tier5.channing.heroChanningPants.Description","They're worth more than you paid for them, honest.","إنها تساوي أكثر بكثير مما دفعته لشرائها، بصدق وأمانة."
"items.gear.armor.tier5.channing.heroChanningPants.Name","Liar's Trousers","سروال الكاذب"
"items.gear.armor.tier5.chicken.heroChickenBodyArmor.Description","None seem able to find Knellap on any map or scroll, but don't tell that to its defenders.","يبدو أنه لا أحد قادر على العثور على نيبلاب في أي خريطة أو مخطوطة، لكن إياك أن تصارح حماتها بذلك."
"items.gear.armor.tier5.chicken.heroChickenBodyArmor.Name","Knellap's Puffery","زهو نيبلاب"
"items.gear.armor.tier5.chicken.heroChickenGloves.Description","These gloves fight for justice, however misguided and deranged that justice might be.","هذه القفازات تقاتل من أجل العدالة، مهما كانت تلك العدالة ضالة ومجنونة."
"items.gear.armor.tier5.chicken.heroChickenGloves.Name","Knellap's Talons","مخالب نيبلاب"
"items.gear.armor.tier5.chicken.heroChickenHelmet.Description","Defenders of Knellap fight with the pride of the cock, the patience of the hen, the fury of the flock.","يقاتل حماة نيبلاب بكبرياء الديك، وصبر الدجاجة، وجنون السرب بأكمله."
"items.gear.armor.tier5.chicken.heroChickenHelmet.Name","Knellap's Comb","عرف نيبلاب"
"items.gear.armor.tier5.chicken.heroChickenPants.Description","Leggings meant for straddling a spit of land, planting a flag, and declaring it liberated.","لفافات ساقين صُممت للوقوف بثبات فوق لسان من الأرض، وغرس راية، وإعلان تحريرها."
"items.gear.armor.tier5.chicken.heroChickenPants.Name","Knellap's March","مسيرة نيبلاب"
"items.gear.armor.tier5.hicks.heroHicksBodyArmor.Description","A cloak that wields sadness as armor, and despair as a weapon.","عباءة تتخذ من الحزن درعًا لها، ومن اليأس سلاحًا فتاكًا."
"items.gear.armor.tier5.hicks.heroHicksBodyArmor.Name","Ashen Tunic","سترة رمادية"
"items.gear.armor.tier5.hicks.heroHicksHelmet.Description","When a true warrior looks inward, she sees only blackness. And when she looks outward, she sees only fear.","حين تتطلع المحاربة الحقة إلى داخلها، لا ترى سوى السواد. وحين تتطلع إلى الخارج، لا ترى سوى الرعب."
"items.gear.armor.tier5.hicks.heroHicksHelmet.Name","Ashen Hood","قلنسوة رمادية"
"items.gear.armor.tier5.hicks.heroHicksPants.Description","Quick leather pants, woven in secret. Worn in haste.","سروال جلدي خفيف ورشيق، حيك في الخفاء. ولُبس في عجل."
"items.gear.armor.tier5.hicks.heroHicksPants.Name","Ashen Trousers","سروال رمادي"
"items.gear.armor.tier5.inquisitor.heroInquisitorBodyArmor.Description","This holy cloak is placed upon one's shoulders by God's many hands, and enfolds the wearer as if it were the Embrace itself.","توضع هذه العباءة المقدسة على كتفي المرء بأيدي الإله الكثيرة، وتطوق مرتديها كما لو كانت الاحتضان الإلهي عينه."
"items.gear.armor.tier5.inquisitor.heroInquisitorBodyArmor.Name","Inquisitor's Robes","أردية المحقق"
"items.gear.armor.tier5.inquisitor.heroInquisitorGloves.Description","May the many hands move through yours, and may your grasp be everywhere at once.","عسى أن تتحرك الأيدي الكثيرة من خلال يديك، وعسى أن تكون قبضتك في كل مكان في آن واحد."
"items.gear.armor.tier5.inquisitor.heroInquisitorGloves.Name","Inquisitor's Grip","قبضة المحقق"
"items.gear.armor.tier5.inquisitor.heroInquisitorHelmet.Description","We do not need the eyes that were born into our skull. For the many eyes of the all-knowing will show us who we truly are.","لسنا بحاجة إلى الأعين التي وُلدت في جماجمنا. فالأعين الكثيرة للعليم بكل شيء سترينا حقيقة من نكون."
"items.gear.armor.tier5.inquisitor.heroInquisitorHelmet.Name","Inquisitor's Cowl","قلنسوة المحقق"
"items.gear.armor.tier5.inquisitor.heroInquisitorPants.Description","Hammered out of pure white gold in the holy smith of Phalen; only the embraced may wear these greaves.","طُرقت من الذهب الأبيض النقي في ورشة الحدادة المقدسة بفالن؛ وحدهم المشمولون بالاحتضان يجوز لهم ارتداء هذه الدروع."
"items.gear.armor.tier5.inquisitor.heroInquisitorPants.Name","Inquisitor's Stance","وقفة المحقق"
"items.gear.armor.tier5.inquisitor.speakersEyes.Description","It is said that the Inquisition's elite sometimes abandon the use of their eyes altogether; for the hands of God will show them all they need to see.","يُقال إن نخبة محاكم التفتيش يتخلون أحيانًا عن استخدام أعينهم كليًا؛ فأيدي الإله ستريهم كل ما يحتاجون إلى رؤيته."
"items.gear.armor.tier5.inquisitor.speakersEyes.Name","Speaker's Eyes","أعين الناطق"
"items.gear.armor.tier5.magnus.heroMagnusBodyArmor.Description","None may wear this cape save the Lords of House Bolein. Anyone else who should dare must be a fool or a traitor.","لا يجوز لأحد ارتداء هذا الوشاح باستثناء لوردات بيت بولين. وكل من يجرؤ على غير ذلك فهو إما أحمق أو خائن."
"items.gear.armor.tier5.magnus.heroMagnusBodyArmor.Name","Royal Cloak","العباءة الملكية"
"items.gear.armor.tier5.magnus.heroMagnusGloves.Description","White gloves woven of silk so fine that it surpasses the comfort of one's own skin.","قفازات بيضاء نسجت من حرير فائق النعومة يتجاوز ملمس جلد المرء نفسه."
"items.gear.armor.tier5.magnus.heroMagnusGloves.Name","Royal Gloves","القفازات الملكية"
"items.gear.armor.tier5.magnus.heroMagnusPants.Description","The finest breeches made by the finest tailor in the finest city in the realm.","أرقى السراويل صُنعت على يد أمهر خياط في أبهى مدينة في المملكة."
"items.gear.armor.tier5.magnus.heroMagnusPants.Name","Royal Leggings","اللفافات الملكية"
"items.gear.armor.tier5.odessaBattle.heroOdessaBattleBodyArmor.Description","Sometimes on the battlefield you meet your enemy. And sometimes you meet your destiny.","في بعض الأحيان في ساحة المعركة تقابل عدوك. وفي أحيان أخرى تقابل قدرك المحتوم."
"items.gear.armor.tier5.odessaBattle.heroOdessaBattleBodyArmor.Name","Bolein Rebel's Armor","درع ثائر بولين"
"items.gear.armor.tier5.odessaBattle.heroOdessaBattleGloves.Description","We cannot conquer the past. But we can wield it to serve the future.","لا يمكننا قهر الماضي. لكن يمكننا تسخيره لخدمة المستقبل."
"items.gear.armor.tier5.odessaBattle.heroOdessaBattleGloves.Name","Bolein Rebel's Fists","قبضتا ثائر بولين"
"items.gear.armor.tier5.odessaBattle.heroOdessaBattlePants.Description","The mark of a true leader is knowing when to stride into battle, and when to sit down and think.","علامة القائد الحقيقي هي معرفة متى يتقدم إلى المعركة، ومتى يجلس للتفكير والتدبر."
"items.gear.armor.tier5.odessaBattle.heroOdessaBattlePants.Name","Bolein Rebel's Stance","وقفة ثائر بولين"
"items.gear.armor.tier5.plagueDoctor.heroPlagueDoctorBodyArmor.Description","The last pure robes left on Sacra. Stained with the blackened tears of those who have been cured.","آخر الأردية النقية الباقية في ساكرا. ملطخة بدموع مسودة لأولئك الذين نالوا الشفاء."
"items.gear.armor.tier5.plagueDoctor.heroPlagueDoctorBodyArmor.Name","Armor of the Cleanse","درع التطهير"
"items.gear.armor.tier5.plagueDoctor.heroPlagueDoctorGloves.Description","A pair of gloves stitched with a single purpose - to rid the world of sickness.","زوج من القفازات حيك لغاية واحدة - تخليص العالم من الأسقام والأمراض."
"items.gear.armor.tier5.plagueDoctor.heroPlagueDoctorGloves.Name","Hands of the Cleanse","أيادي التطهير"
"items.gear.armor.tier5.plagueDoctor.heroPlagueDoctorHelmet.Description","True rot lies in the eye of the beholder.","العفن الحقيقي يكمن في عين الناظر إليه."
"items.gear.armor.tier5.plagueDoctor.heroPlagueDoctorHelmet.Name","Eyes of the Cleanse","أعين التطهير"
"items.gear.armor.tier5.plagueDoctor.heroPlagueDoctorPants.Description","The healer's work is never done. There is always a next town waiting to be cured.","عمل المعالج لا ينتهي أبدًا. فهناك دائمًا بلدة تالية تنتظر الخلاص والشفاء."
"items.gear.armor.tier5.plagueDoctor.heroPlagueDoctorPants.Name","Path of the Cleanse","مسار التطهير"
"items.gear.armor.tier5.roan.heroRoanBodyArmor.Description","An academic's ensemble which primarily supports the carrying of as many books as possible.","حُلة أكاديمية تدعم في المقام الأول حمل أكبر عدد ممكن من الكتب والمخطوطات."
"items.gear.armor.tier5.roan.heroRoanBodyArmor.Name","Apprentice's Coat","معطف المبتدئ"
"items.gear.armor.tier5.roan.heroRoanGloves.Description","Soft gloves with some of the tips worn thin, from being licked to turn pages.","قفازات ناعمة بليت بعض أطرافها، جراء لعق الأصابع لتقليب صفحات الكتب."
"items.gear.armor.tier5.roan.heroRoanGloves.Name","Apprentice's Gloves","قفازات المبتدئ"
"items.gear.armor.tier5.roan.heroRoanHelmet.Description","""The flame of inspiration must be constantly tended."" - Tir proverb","«شعلة الإلهام يجب تعهدها بالرعاية دومًا.» - مثل من تير"
"items.gear.armor.tier5.roan.heroRoanHelmet.Name","Apprentice's Hat","قبعة المبتدئ"
"items.gear.armor.tier5.roan.heroRoanPants.Description","Leather trousers, washed infrequently. The pursuit of knowledge must not be interrupted.","سروال جلدي نادرًا ما يُغسل. فالسعي وراء المعرفة لا ينبغي أن يقطعه شيء."
"items.gear.armor.tier5.roan.heroRoanPants.Name","Apprentice's Trousers","سروال المبتدئ"
"items.gear.armor.tier6.aedra.ashenKnightArmor.Description","Whether a crusader's purpose be foul or noble, there will always be black deeds that must be done in the name of victory.","سواء كانت غاية الصليبي خبيثة أم نبيلة، ستكون هناك دائمًا أفعال سوداء لا بد من ارتكابها باسم النصر."
"items.gear.armor.tier6.aedra.ashenKnightArmor.Name","Ashen Knight Armor","درع الفارس الرمادي"
"items.gear.armor.tier6.aedra.ashenKnightClaws.Description","Armored fingers made of toughest iron; it's no coincidence they resemble the crooked hand of a skeleton.","أصابع مدرعة صُنعت من أصلب أنواع الحديد؛ وليس من قبيل الصدفة أنها تشبه اليد الملتوية لهيكل عظمي."
"items.gear.armor.tier6.aedra.ashenKnightClaws.Name","Ashen Knight Claws","مخالب الفارس الرمادي"
"items.gear.armor.tier6.aedra.ashenKnightGreaves.Description","An elite pair of leg guards, forged black as night and outfitted with lethal toe talons.","دروع ساقين نخبوبة، طُرقت بسواد الليل وزُودت بمخالب أصابع قاتلة."
"items.gear.armor.tier6.aedra.ashenKnightGreaves.Name","Ashen Knight Greaves","دروع ساقي الفارس الرمادي"
"items.gear.armor.tier6.aedra.ashenKnightMask.Description","""And the reach of God's many hands will be like a great golden flame, billowing up into the darkness.""  - Madrigal Erinth","«وامتداد أيدي الإله الكثيرة سيكون كلهب ذهبي عظيم، يتصاعد في غياهب الظلام.» - مادريغال إيرينث"
"items.gear.armor.tier6.aedra.ashenKnightMask.Name","Ashen Knight Mask","قناع الفارس الرمادي"
"items.gear.armor.tier6.baurus.masterOfTrades.Description","""Good business is knowing the business of others."" -overheard in Havenport","«التجارة الناجحة هي معرفة أسرار وتجارة الآخرين.» - قيلت همسًا في هافنبورت"
"items.gear.armor.tier6.baurus.masterOfTrades.Name","Master of Trades","سيد الصفقات"
"items.gear.armor.tier6.baurus.mastersCuffs.Description","When the Lords of Eversol shake hands, it is said that the truth passes between their palms, even as their lips speak lies.","حين يتصافح لوردات إيفرسول، يُقال إن الحقيقة تمر بين أكفهم، حتى وإن نطقت شفاههم بالأكاذيب."
"items.gear.armor.tier6.baurus.mastersCuffs.Name","Master's Cuffs","أكمام السيد"
"items.gear.armor.tier6.baurus.mastersGreaves.Description","Leg guards belonging to a Lord of House Orland. Woe betide the thief who is caught wearing them.","دروع ساقين تخص لوردًا من بيت أورلاند. فالويل كل الويل للص الذي يُضبط مرتديًا إياها."
"items.gear.armor.tier6.baurus.mastersGreaves.Name","Master's Greaves","دروع ساقي السيد"
"items.gear.armor.tier6.executioner.heroExecutionerBodyArmor.Description","Adorned with blackened skulls, it seems that the judgment of its mysterious owner is always death.","مرصعة بجماجم مسودة، ويبدو أن حكم مالكها الغامض هو الموت دائمًا وأبدًا."
"items.gear.armor.tier6.executioner.heroExecutionerBodyArmor.Name","Broken Vow's Mantle","وشاح العهد المنقوض"
"items.gear.armor.tier6.executioner.heroExecutionerGloves.Description","Caked with soot and salt, did its former owner step from the sea or climb out of the bowels of the earth?","ملطخة بالسخام والملح، فهل خرج مالكها السابق من البحر أم تسلق من جوف الأرض السحيق؟"
"items.gear.armor.tier6.executioner.heroExecutionerGloves.Name","Broken Vow's Grasp","قبضة العهد المنقوض"
"items.gear.armor.tier6.executioner.heroExecutionerHelmet.Description","These glowing eyes are a false moon, a deadly beckoning. What the candle says to the moth.","هاتان العينان المتوهجتان قمر زائف ونداء مهلك. تمامًا كما تنادي الشمعة الفراشة إلى حتفها."
"items.gear.armor.tier6.executioner.heroExecutionerHelmet.Name","Broken Vow's Helm","خوذة العهد المنقوض"
"items.gear.armor.tier6.executioner.heroExecutionerPants.Description","These greaves match the bootprints left in the caved-in chests of Risen and Sacrament Guards alike.","تطابق هذه الدروع آثار الأقدام المتبقية في الصدور المهشمة للناهضين وحرس ساكرامنت على حد سواء."
"items.gear.armor.tier6.executioner.heroExecutionerPants.Name","Broken Vow's Greaves","دروع ساقي العهد المنقوض"
"items.gear.armor.tier6.finley.planeswalkerBreeches.Description","A luxurious pair of trousers ""retrieved"" from some distant corner of the Far Lands.","سروال فاخر «استُرد» من زاوية نائية في الأراضي البعيدة."
"items.gear.armor.tier6.finley.planeswalkerBreeches.Name","Planeswalker Breeches","سروال سالك العوالم"
"items.gear.armor.tier6.finley.planeswalkerCrown.Description","Yes, the bird comes with it. ","نعم، الطائر يأتي معها."
"items.gear.armor.tier6.finley.planeswalkerCrown.Name","Planeswalker Crown","تاج سالك العوالم"
"items.gear.armor.tier6.finley.planeswalkerKnuckles.Description","An oddly-hewn set of gauntlets that seem to offer little physical protection - but their strength may not be visible to the naked eye.","طقم قفازات غريب الصنع يبدو أنه يوفر حماية جسدية ضئيلة - لكن قوته قد لا تكون مرئية للعين المجردة."
"items.gear.armor.tier6.finley.planeswalkerKnuckles.Name","Planeswalker Knuckles","مفاصل سالك العوالم"
"items.gear.armor.tier6.finley.planeswalkerRobes.Description","A garment that some claim was stitched together out of threads from beyond the known realms of existence.","رداء يزعم البعض أنه نُسج من خيوط أتت من عوالم تقع وراء آفاق الوجود المعروف."
"items.gear.armor.tier6.finley.planeswalkerRobes.Name","Planeswalker Robes","أردية سالك العوالم"
"items.gear.armor.tier6.grimReaper.heroGrimReaperBodyArmor.Description","The black cloth of this death cult seems to swallow all light, even in the midst of the day.","القماش الأسود لطائفة الموت هذه يبدو وكأنه يبتلع كل ضوء، حتى في وضح النهار."
"items.gear.armor.tier6.grimReaper.heroGrimReaperBodyArmor.Name","Reaper's Shroud","كفن الحاصد"
"items.gear.armor.tier6.grimReaper.heroGrimReaperGloves.Description","How many bodies have gone cold beneath the pitiless squeeze of these gloves?","كم من الأجساد بردت وهلكت تحت وطأة الاعتصار القاسي لهذه القفازات؟"
"items.gear.armor.tier6.grimReaper.heroGrimReaperGloves.Name","Reaper's Clutch","قبضة الحاصد"
"items.gear.armor.tier6.grimReaper.heroGrimReaperHelmet.Description","The Reapers wear a mask of death - their god, their purpose, their gift to the world.","يرتدي الحصادون قناع الموت - إلههم، وغايتهم، وهديتهم الوحيدة للعالم."
"items.gear.armor.tier6.grimReaper.heroGrimReaperHelmet.Name","Reaper's Grimace","تكشيرة الحاصد"
"items.gear.armor.tier6.grimReaper.heroGrimReaperPants.Description","The Reapers move quiet as the grave, which is the one true home they seek to deliver us all to.","يتحرك الحصادون بهدوء يشبه صمت القبور، وهو المأوى الحقيقي الأوحد الذي يسعون لإيصالنا جميعًا إليه."
"items.gear.armor.tier6.grimReaper.heroGrimReaperPants.Name","Reaper's Footfalls","وقع خطى الحاصد"
"items.gear.armor.tier6.inquisitorBlack.heroInquisitorBlackBodyArmor.Description","Inquisitors, Seraphs, and Keepers all share one thing in common - they serve the Madrigal.","المحققون والسرافيم والحراس يشتركون جميعًا في شيء واحد - كلهم يخدمون المادريغال."
"items.gear.armor.tier6.inquisitorBlack.heroInquisitorBlackBodyArmor.Name","Seraph's Robes","أردية الساروف"
"items.gear.armor.tier6.inquisitorBlack.heroInquisitorBlackGloves.Description","Let the hands of God enfold your mind. And you will realize that you have always been Embraced.","دع أيدي الإله تطوق عقلك وفؤادك. وستدرك حينها أنك كنت مشمولاً بالاحتضان على الدوام."
"items.gear.armor.tier6.inquisitorBlack.heroInquisitorBlackGloves.Name","Seraph's Reach","مدى الساروف"
"items.gear.armor.tier6.inquisitorBlack.heroInquisitorBlackHelmet.Description","There are some churches sprinkled around the realm whose doors mysteriously never open. No one but the Inquisition knows their true purpose.","هناك بعض الكنائس المتناثرة حول المملكة والتي لا تفتح أبوابها أبدًا في غموض مريب. لا أحد يعرف غايتها الحقيقية سوى محاكم التفتيش."
"items.gear.armor.tier6.inquisitorBlack.heroInquisitorBlackHelmet.Name","Seraph's Cowl","قلنسوة الساروف"
"items.gear.armor.tier6.inquisitorBlack.heroInquisitorBlackPants.Description","All paths lead to the Embrace.","كل الدروب تفضي إلى الاحتضان الإلهي."
"items.gear.armor.tier6.inquisitorBlack.heroInquisitorBlackPants.Name","Seraph's Feet","أقدام الساروف"
"items.gear.armor.tier6.inquisitorElite.keepersEmbrace.Description","It is said that the holy Keepers never speak, for there is no word as swift as God's wrath.","يُقال إن الحراس المقدسين لا ينطقون أبدًا، فليس هناك كلمة بأسرع من غضب الإله الساحق."
"items.gear.armor.tier6.inquisitorElite.keepersEmbrace.Name","Keeper's Embrace","احتضان الحارس"
"items.gear.armor.tier6.inquisitorElite.keepersEyes.Description","No one has ever seen a Keeper without its helm. In fact some say they are empty; and God himself gazes out through the many eyes.","لم يرَ أحدٌ قط حارسًا دون خوذته. بل إن البعض يقول إنها خاوية؛ وأن الإله نفسه يحدق من خلال تلك الأعين الكثيرة."
"items.gear.armor.tier6.inquisitorElite.keepersEyes.Name","Keeper's Eyes","أعين الحارس"
"items.gear.armor.tier6.inquisitorElite.keepersStride.Description","A Madrigal's Keeper leaves no footsteps, for God's hands carry them wherever they go.","حارس المادريغال لا يترك أي أثر لأقدامه، فأيدي الإله تحمله أينما ذهب."
"items.gear.armor.tier6.inquisitorElite.keepersStride.Name","Keeper's Stride","خطوة الحارس"
"items.gear.armor.tier6.inquisitorElite.keepersTalons.Description","The luminous gloves of one who gave his life to protect his Madrigal - the sacred dream of every Keeper.","القفازات المضيئة لمن بذل حياته فداءً لحماية المادريغال - وهو الحلم الأقدس لكل حارس."
"items.gear.armor.tier6.inquisitorElite.keepersTalons.Name","Keeper's Talons","مخالب الحارس"
"items.gear.armor.tier6.silvio.cloakOfThePrimus.Description","The official armor of the elite leaders of the Knights of House Bolein. Few and fervent are those who earn the right to wear it.","الدرع الرسمي لقادة النخبة من فرسان بيت بولين. قليلون ومخلصون أولئك الذين ينالون شرف ارتدائه."
"items.gear.armor.tier6.silvio.cloakOfThePrimus.Name","Cloak of the Primus","عباءة البريموس"
"items.gear.armor.tier6.silvio.fealtyOfThePrimus.Description","The Knights of House Bolein are the pillars upon which Phalen stands tall. ","فرسان بيت بولين هم الأعمدة الركينة التي تستند إليها فالن لتظل شامخة."
"items.gear.armor.tier6.silvio.fealtyOfThePrimus.Name","Fealty of the Primus","ولاء البريموس"
"items.gear.armor.tier6.silvio.gripOfThePrimus.Description","The glove of a soldier knows only how to clutch a weapon. But the glove of a leader knows how to shake the enemy's hand.","قفاز الجندي لا يعرف إلا الإمساك بالسلاح. لكن قفاز القائد يعرف كيف يصافح يد العدو."
"items.gear.armor.tier6.silvio.gripOfThePrimus.Name","Grip of the Primus","قبضة البريموس"
"items.gear.armor.tier6.silvio.helmOfThePrimus.Description","It is said the plumage on the helm of a Primus comes from the rare pheasants that are bred in the king's private garden.","يقال إن الريش الموجود على خوذة البريموس مأخوذ من طيور التدرج النادرة التي تُربى في حديقة الملك الخاصة."
"items.gear.armor.tier6.silvio.helmOfThePrimus.Name","Helm of the Primus","خوذة البريموس"
"items.gear.armor.tier6.spiderHorseman.heroSpiderHorsemanBodyArmor.Description","We are born in a roar. We must die in the quiet.","نحن نولد في صرخة هادرة. ويجب أن نموت في سكون."
"items.gear.armor.tier6.spiderHorseman.heroSpiderHorsemanBodyArmor.Name","Armor of Silence","درع السكون"
"items.gear.armor.tier6.spiderHorseman.heroSpiderHorsemanGloves.Description","Words cannot be grasped, but weapons can.","الكلمات لا يمكن الإمساك بها، لكن الأسلحة يمكن القبض عليها."
"items.gear.armor.tier6.spiderHorseman.heroSpiderHorsemanGloves.Name","Gauntlets of Silence","قفازات السكون"
"items.gear.armor.tier6.spiderHorseman.heroSpiderHorsemanHelmet.Description","Speak only purpose, and reap only quiet. The Sayer hears our deeds.","انطق بالغاية فقط، واحصد السكون وحده. فالناطق يسمع أفعالنا."
"items.gear.armor.tier6.spiderHorseman.heroSpiderHorsemanHelmet.Name","Helm of Silence","خوذة السكون"
"items.gear.armor.tier6.spiderHorseman.heroSpiderHorsemanPants.Description","No name shall be called, no words shall be spoken. But my footfalls you will hear.","لن يُنادى أي اسم، ولن يُنطق بأي كلمة. لكنك ستسمع وقع خطواتي قادمة نحوك."
"items.gear.armor.tier6.spiderHorseman.heroSpiderHorsemanPants.Name","Greaves of Silence","دروع ساقي السكون"
"items.gear.offHands.bowguns.reinforcedBowgun.Description","A weapon of graceless efficiency. Archers and knights look down on it, until you're looking down on them.","سلاح ذو كفاءة فظة خالية من الأناقة. يزدريه الرماة والفرسان، حتى يجدوا أنفسهم صرعى تحت أقدامك."
"items.gear.offHands.bowguns.reinforcedBowgun.Name","Reinforced Bowgun","بندقية قوسية مقواة"
"items.gear.offHands.bows.answeredPrayer.Description","It's said a betrayed archer spent years hunting down her former allies and impaling their skulls on her bow.","يقال إن رامية تعرضت للخيانة قضت سنوات في ملاحقة حلفائها السابقين وغرس جماجمهم على هذا القوس."
"items.gear.offHands.bows.answeredPrayer.Name","Answered Prayer","دعاء مستجاب"
"items.gear.offHands.bows.balakTalon.Description","Lined with a hush of rare feathers, this bow seems to vanish when leaned against a tree. ","مبطن بسكون ريش نادر، ويبدو هذا القوس كأنه يتلاشى في العدم حين يستند إلى جذع شجرة."
"items.gear.offHands.bows.balakTalon.Name","Balak Talon","مخلب بالاك"
"items.gear.offHands.bows.fungusStrungBow.Description","Arrows loosed from it always seem to grow something where they land.","السهام التي تنطلق من وتره يبدو أنها تنبت دائمًا أبواغًا وفطريات خبيثة حيثما تسقط."
"items.gear.offHands.bows.fungusStrungBow.Name","Fungus Strung Bow","قوس مشدود بالفطر"
"items.gear.offHands.bows.lacqueredBow.Description","The Archers of Halheim say a bow must be held as if it were the nape of an animal's neck. Tender, and gentle - but ready to send a message at any moment.","يقول رماة هالهيم إن القوس يجب أن يُمسك كعنق طائر رقيق: برفق وحذر، لكن بجهوزية لإطلاق الموت في أي لحظة."
"items.gear.offHands.bows.lacqueredBow.Name","Lacquered Bow","قوس ملمع"
"items.gear.offHands.bows.paleAsh.Description","A bow of eerie white that never seems to dirty - mud and blood alike slide off it like water.","قوس بلون أبيض غريب يبدو وكأنه يتحدى عوامل الزمن ولا تفارقه برودة الموت أبدًا."
"items.gear.offHands.bows.paleAsh.Name","Pale Ash","رماد شاحب"
"items.gear.offHands.bows.patience.Description","The woodland bow of a hunter so patient, moss eventually overgrew him, leaving only the bow behind.","قوس غابي لصياد تميز بصبر أسطوري؛ كان ينتظر أياما كاملة ليطلق سهمًا واحدًا ينهي به الطريدة."
"items.gear.offHands.bows.patience.Name","Patience","صبر"
"items.gear.offHands.bows.shortBow.Description","A short ranged bow for novice archers or those wishing to remain discrete.","قوس قصير المدى للرماة المبتدئين أو لمن يفضلون خفة الحركة والرمي السريع في الأماكن الضيقة."
"items.gear.offHands.bows.shortBow.Name","Short Bow","قوس قصير"
"items.gear.offHands.bows.sirensCall.Description","When strung, it hums just above hearing. Some archers report strange dreams and uncanny aim.","حين يُشد وتره، يصدر دندنة خافتة بالكاد تُسمع، تجذب انتباه الأعداء كأغنية حورية بحرية غادرة."
"items.gear.offHands.bows.sirensCall.Name","Siren's Call","نداء الحورية"
"items.gear.offHands.bows.twinedRecurveBow.Description","A bow of unconventional design that musters up considerable strength from its short draw.","قوس بتصميم غير تقليدي يتطلب قوة بدنية هائلة لشده، لكنه يطلق السهام بقوة تخترق الدروع الحجرية."
"items.gear.offHands.bows.twinedRecurveBow.Name","Twined Recurve Bow","قوس مقوس مزدوج"
"items.gear.offHands.bows.twinklingShortBow.Description","A short bow polished to a mirror sheen - for archers swift enough that they don't care about being spotted.","قوس قصير صُقل حتى لمع كمرآة، يعكس الضوء ليربك الخصوم قبل أن تخترقهم سهامه."
"items.gear.offHands.bows.twinklingShortBow.Name","Twinkling Short Bow","قوس قصير متلألئ"
"items.gear.offHands.bows.woodlandProtector.Description","Made from the antlers of a whole herd of deer, it brings luck only to those who hunt for food, not sport.","صُنع من قرون قطيع كامل من الأيائل المهيبة، ويحمل روح الغابة العتيقة لحماية كل من يحمله."
"items.gear.offHands.bows.woodlandProtector.Name","Woodland Protector","حامي الغابات"
"items.gear.offHands.bows.yewLongbow.Description","Strong yet lissome, some say a yew bow won’t fire unless the shot feeds a stomach or ends a monster.","قوي ومرن في آن واحد؛ يقول البعض إن قوس خشب الطقسوس يصمد حتى بعد أن تبلى عظام صاحبه."
"items.gear.offHands.bows.yewLongbow.Name","Yew Longbow","قوس طقسوس طويل"
"items.gear.offHands.hooks.jawGutter.Description","The ghastly hook of the Deadtide's leader, who was driven mad by the fumes of a plagued whale carcass.","الخطاف المروع لزعيم المد الميت، صُمم لينتزع فكوك الضحايا ويعلق جثثهم على صواري السفن."
"items.gear.offHands.hooks.jawGutter.Name","Jaw Gutter","شاق الفك"
"items.gear.offHands.lights.BloomedBell.Description","A heavy lantern enwreathed in strange growths. They seem to feed off the light within.","فانوس ثقيل محاط بنباتات غريبة ومتوهجة، يبث ضوءًا أخضر غامضًا يبدد عتمة المستنقعات."
"items.gear.offHands.lights.BloomedBell.Name","Bloomed Bell","جرس مزهر"
"items.gear.offHands.lights.Lantern.Description","A light in darkness, a pool of warmth in the cold. Many mistake its glow for safety.","نور في الظلام، وبركة من الدفء في الليالي الباردة؛ رفيق لا غنى عنه لكل مسافر في ساكرا."
"items.gear.offHands.lights.Lantern.Name","Lantern","فانوس"
"items.gear.offHands.lights.MorbidWayfinder.Description","A lantern carved out of a human skull that still manages to light the way... only the way towards what?","فانوس نُحت من جمجمة بشرية يشتعل بلهب أزرق باهت، يرشد التائهين عبر مقابر السفن."
"items.gear.offHands.lights.MorbidWayfinder.Name","Morbid Wayfinder","دليل مروع"
"items.gear.offHands.lights.simpleTorch.Description","Held in left hand, brightens dark areas. Time-limited usage, <color=#F2E6BD>loses durability over time</color> while equipped.","مصدر ضوء بسيط وموثوق لاستكشاف الدروب المظلمة.
تجهز لإلقاء <color=#F2E6BD>الضوء</color> على ما يحيط بك."
"items.gear.offHands.lights.simpleTorch.Name","Simple Torch","شعلة بسيطة"
"items.gear.offHands.orbs.frigidSkull.Description","The skull of a traveler who froze to death amid icy peaks - you can still hear the wind howl through its sockets.","جمجمة مسافر تجمد حتى الموت في القمم الباردة، لا تزال تشع ببرودة قارسة تجمد الهواء المحيط."
"items.gear.offHands.orbs.frigidSkull.Name","Frigid Skull","جمجمة جليدية"
"items.gear.offHands.quivers.blastingQuiver.Description","Allows the wielder to fire <color=#F2E6BD>explosive arrows</color> with a <color=#F2E6BD>Bow</color>.","تتيح لحاملها إطلاق <color=#F2E6BD>سهام نارية</color> عند تجهيزها مع <color=#F2E6BD>قوس</color>."
"items.gear.offHands.quivers.blastingQuiver.Name","Blasting Quiver","جعبة ناسفة"
"items.gear.offHands.quivers.blightedQuiver.Description","Allows the wielder to fire <color=#F2E6BD>blighted arrows</color> when equipped with a <color=#F2E6BD>Bow</color>.","تتيح لحاملها إطلاق <color=#F2E6BD>سهام الوباء</color> عند تجهيزها مع <color=#F2E6BD>قوس</color>."
"items.gear.offHands.quivers.blightedQuiver.Name","Blighted Quiver","جعبة ملعونة"
"items.gear.offHands.quivers.freezingQuiver.Description","Allows the wielder to fire <color=#F2E6BD>frost arrows</color> when equipped with a <color=#F2E6BD>Bow</color>.","تتيح لحاملها إطلاق <color=#F2E6BD>سهام جليدية</color> عند تجهيزها مع <color=#F2E6BD>قوس</color>."
"items.gear.offHands.quivers.freezingQuiver.Name","Freezing Quiver","جعبة مجمدة"
"items.gear.offHands.quivers.shockingQuiver.Description","Allows the wielder to fire <color=#F2E6BD>lightning arrows</color> when equipped with a <color=#F2E6BD>Bow</color>.","تتيح لحاملها إطلاق <color=#F2E6BD>سهام البرق</color> عند تجهيزها مع <color=#F2E6BD>قوس</color>."
"items.gear.offHands.quivers.shockingQuiver.Name","Shocking Quiver","جعبة صاعقة"
"items.gear.offHands.shields.greatshields.ceruleanHightower.Description","Sometimes a battle is like a verbal joust, with barbs traded back and forth. This ends the conversation.","أحيانًا تكون المعركة أشبه بنزال كلامي، وهذا الترس الشاهق يمثل الكلمة الأخيرة التي تصد كل حجة."
"items.gear.offHands.shields.greatshields.ceruleanHightower.Name","Cerulean Hightower","برج أزوردي شاهق"
"items.gear.offHands.shields.greatshields.crimsonGuard.Description","A formidable shield, dyed red for one very specific reason.","ترس مهيب صُبغ باللون الأحمر لسبب وجيه: حتى لا يرى الأعداء دماء صاحبه وهو يصد ضرباتهم المستميتة."
"items.gear.offHands.shields.greatshields.crimsonGuard.Name","Crimson Guard","الحرس القرمزي"
"items.gear.offHands.shields.greatshields.falsteadsBarricade.Description","The leader of the Risen has seen the glint of just about every blade on Sacra. But none have ever passed this wall.","رأى قائد الناهضين بريق كل نصل تقريباً على أرض ساكرا، لكن أياً منها لم يستطع اختراق هذا الجدار."
"items.gear.offHands.shields.greatshields.falsteadsBarricade.Name","Falstead's Barricade","حاجز فالستيد"
"items.gear.offHands.shields.greatshields.fromTheAshes.Description","The sigil of House Bolein reminds us there is no rebirth without death, and for one body to be warmed, another must be burned.","يذكرنا شعار آل بولين بأن النقاء لا يولد إلا من أتون النار، وأن العظمة تنبعث دائمًا من الرماد."
"items.gear.offHands.shields.greatshields.fromTheAshes.Name","From the Ashes","من الرماد"
"items.gear.offHands.shields.greatshields.glacialGreatshield.Description","A greatshield forged in the mines of Tir. As timeless and immovable as the mountain herself.","ترس عظيم صُهر في مناجم تير الجليدية، يصد أعتى الضربات وكأنه جبل جليدي راسخ في البحر."
"items.gear.offHands.shields.greatshields.glacialGreatshield.Name","Glacial Greatshield","ترس جليدي عظيم"
"items.gear.offHands.shields.greatshields.heraldicCrestShield.Description","May glory be found upon the open seas, and may God's embrace be found in death.","عسى أن يجد المرء المجد في البحار المفتوحة، وعسى أن يحميه هذا الترس النبيل من غدر العواصف."
"items.gear.offHands.shields.greatshields.heraldicCrestShield.Name","Heraldic Crest Shield","ترس الشعار النبالي"
"items.gear.offHands.shields.greatshields.keepersGrasp.Description","The last defense of the Inquisition, emblazoned with the reach of the one true God.","الدفاع الأخير لمحكمة التفتيش، مرصع بحديد مقدس يصد الشرور ويبث الرهبة في نفوس المارقين."
"items.gear.offHands.shields.greatshields.keepersGrasp.Name","Keeper's Grasp","قبضة الحارس"
"items.gear.offHands.shields.greatshields.oakenTower.Description","In your attacks, be as swift as the wind. In your defense, be as solid as a tree.","كن في هجومك سريعًا كالريح، وكن في دفاعك راسخًا كالبلوط العتيق الذي لا تزعزعه العواصف."
"items.gear.offHands.shields.greatshields.oakenTower.Name","Oaken Tower","برج البلوط"
"items.gear.offHands.shields.greatshields.risenPavise.Description","For the Risen, the leviathan symbolizes the people – long dormant, but mighty when woken by the abuses of those in power.","بالنسبة للناهضين، يرمز الوحش البحري إلى الشعب؛ الكامن منذ زمن طويل، لكنه جبار حين توقظه مظالم أصحاب السلطة."
"items.gear.offHands.shields.greatshields.risenPavise.Name","Risen Pavise","ترس الناهضين الكبير"
"items.gear.offHands.shields.greatshields.rotwall.Description","The Gloam burrows through flesh and bone and caverns of stone - why would steel be any different?","يتغلغل الظلام عبر اللحم والعظم، لكن هذا الحاجز الموبوء يصد حتى أشد الضربات ضراوة."
"items.gear.offHands.shields.greatshields.rotwall.Name","Rotwall","جدار العفن"
"items.gear.offHands.shields.greatshields.serenity.Description","A powerful shield hammered by a reclusive cult of druids from Waithe, about which little is known.","ترس جبار طرقه حداد منعزل سعى للسلام، فاكتشف أن السلام لا يُحمى إلا بدرع لا ينكسر."
"items.gear.offHands.shields.greatshields.serenity.Name","Serenity","سكينة"
"items.gear.offHands.shields.greatshields.serpentguard.Description","The undulating formations of Seethe regiments have been known to confuse if not outright dizzy opposing troops.","تحاكي تشكيلات هذا الترس المتموجة حراشف الأفاعي البحرية العملاقة لتبديد طاقة ضربات الخصم."
"items.gear.offHands.shields.greatshields.serpentguard.Name","Serpentguard","حارس الأفعى"
"items.gear.offHands.shields.greatshields.wrathsVoice.Description","A grotesque barrier of unknown origin. May God forgive the wretch who wields it.","حاجز بشع مجهول الأصل، يصدر هديرًا مكتومًا يتردد صداه مع كل ضربة تصطدم بسطحه."
"items.gear.offHands.shields.greatshields.wrathsVoice.Name","Wrath's Voice","صوت الغضب"
"items.gear.offHands.shields.lightShields.banditsTarge.Description","A shield like any other, only more so.","ترس بسيط ومقوى بالحديد، خفيف بما يكفي للمناورة وسريع لصد الضربات المفاجئة."
"items.gear.offHands.shields.lightShields.banditsTarge.Name","Bandit's Targe","درقة قاطع الطريق"
"items.gear.offHands.shields.lightShields.batteredBuckler.Description","Every divot on this shield is a mark of glory. Until the one that pierces it through.","كل فجوة وثلم على هذا الترس علامة على ضربة كانت كفيلة بإنهاء حياة حامله لولا تدخله السريع."
"items.gear.offHands.shields.lightShields.batteredBuckler.Name","Battered Buckler","ترس صغير مهترئ"
"items.gear.offHands.shields.lightShields.glimmeringBulwark.Description","A shield polished and buffed until your enemies can see themselves in it. Do them the kindness of offering a closer look.","ترس صغير صُقل حتى يرى خصمك ارتعاش عينيه فيه قبل أن تطبق عليه هجومك المضاد."
"items.gear.offHands.shields.lightShields.glimmeringBulwark.Name","Glimmering Bulwark","حصن متلألئ"
"items.gear.offHands.shields.lightShields.studdedBuckler.Description","A pockmarked circle of steel offering a thin veil of protection.","دائرة فولاذية منقرّة توفر دفاعًا ممتازًا مع إمكانية توجيه لكمات ساحقة بالمسامير البارزة."
"items.gear.offHands.shields.lightShields.studdedBuckler.Name","Studded Buckler","ترس صغير مرصع"
"items.gear.offHands.shields.lightShields.woodenHowler.Description","Defend yourself with the ferocity of a lion; or else flee with the haste of a stag.","دافع عن نفسك بضراوة وحش محاصر؛ فخشب هذا الترس يصرخ عند كل اشتباك حامياً حامله."
"items.gear.offHands.shields.lightShields.woodenHowler.Name","Wooden Howler","العواء الخشبي"
"items.gear.offHands.shields.lightShields.woodenShield.Description","Only the most desperate of times should pit weathered wood against steel weapons.","فقط الأزمنة الأكثر يأسًا قد تدفع محاربًا لدخول معركة بهذا اللوح الخشبي البسيط، لكنه يفي بالغرض."
"items.gear.offHands.shields.lightShields.woodenShield.Name","Wooden Shield","ترس خشبي"
"items.gear.offHands.shields.mediumShields.arcaneSentinelShield.Description","In a land of giants and monsters, some armorers consider it poor form to paint a beast of imagination, lest it might spring to life.","في أرض العمالقة والوحوش، يعتمد البعض على الفولاذ، بينما يفضل آخرون دروعًا مشحونة بالسحر الواقي."
"items.gear.offHands.shields.mediumShields.arcaneSentinelShield.Name","Arcane Sentinel Shield","ترس الحارس السحري"
"items.gear.offHands.shields.mediumShields.azurePhoenixShield.Description","For her soldiers, House Bolein and the Empire are one and the same. Arrogant perhaps, but not inaccurate.  ","لجنودها، صاغت أسرة بولين هذا الترس بشعار العنقاء ليرمز إلى النهوض المتجدد بعد كل نكسة."
"items.gear.offHands.shields.mediumShields.azurePhoenixShield.Name","Azure Phoenix Shield","ترس العنقاء الأزوردية"
"items.gear.offHands.shields.mediumShields.barredEntry.Description","""A good shield is like a doorway to the heart. It must never be opened.""  -Lorig the Blacksmith","""الترس الجيد مثل باب الحصن المغلق في وجه عاصفة شتوية هوجاء."""
"items.gear.offHands.shields.mediumShields.barredEntry.Name","Barred Entry","مدخل موصد"
"items.gear.offHands.shields.mediumShields.bearheartGuard.Description","The symbol of Sacrament. The color of an uncertain dawn. The hope to survive just one more day.","رمز ساكرامنت العتيد؛ يحمل لون دم محارب قديم واجه دببة الغابة بيدين عاريتين."
"items.gear.offHands.shields.mediumShields.bearheartGuard.Name","Bearheart Guard","حارس قلب الدب"
"items.gear.offHands.shields.mediumShields.blazonedRivershield.Description","""Catch a fish, catch a cold, catch a secret 'fore you're told"" - Havenport children's song ","""اصطد سمكة، أو أصب بالبرد، أو اصطد فرصة ثانية للبقاء بصد ضربة فتاكة بهذا الترس."""
"items.gear.offHands.shields.mediumShields.blazonedRivershield.Name","Blazoned Rivershield","ترس النهر المنقوش"
"items.gear.offHands.shields.mediumShields.eyeOfTheBeholder.Description","A rare and unusual shield not forged in Phalen, despite its prominent eye. Rumors say it was hammered by a mad tinker somewhere in the Shattered Hand.","ترس نادر وغير عادي لم يُطرق في فالن، بالرغم من عينه البارزة. تقول الشائعات إنه صُنع على يد سمكري مجنون في مكان ما في اليد المحطمة."
"items.gear.offHands.shields.mediumShields.eyeOfTheBeholder.Name","Eye of the Beholder","عين الناظر"
"items.gear.offHands.shields.mediumShields.familyCrest.Description","An elegant shield bearing the sigil of a long-forgotten family, most likely from Thorn.","ترس أنيق يحمل شعار سلالة نبيلة سقطت في النسيان، لكن حديده لا يزال يحتفظ بعزته القديمة."
"items.gear.offHands.shields.mediumShields.familyCrest.Name","Family Crest","شعار العائلة"
"items.gear.offHands.shields.mediumShields.gloriedBarricade.Description","Bright like the boldness of the morning sky. Unyielding like the spirit of the great House Wallace.","مشرق كجسارة شمس الصباح، ومعد لمواجهة أعتى هجمات الفرسان والوحوش."
"items.gear.offHands.shields.mediumShields.gloriedBarricade.Name","Gloried Barricade","حاجز مجيد"
"items.gear.offHands.shields.mediumShields.heartsDesire.Description","The shield of an adolescent squire, one who has yet to take a life on the battlefield.","ترس مرافق شاب أقسم على حماية رفيقه حتى الرمق الأخير، وخط على سطحه أمنياته الخالصة."
"items.gear.offHands.shields.mediumShields.heartsDesire.Name","Heart's Desire","مراد القلب"
"items.gear.offHands.shields.mediumShields.immortalNest.Description","A powerful shield rumored to be the demented creation of a Balak Taw warlord - but no one knows for sure.","ترس قوي يُشاع أنه صُنع من أغصان شجرة مقدسة تسكنها طيور لا تموت."
"items.gear.offHands.shields.mediumShields.immortalNest.Name","Immortal Nest","عش خالد"
"items.gear.offHands.shields.mediumShields.kiteShield.Description","A sleek and swift defender, one of the finest of its kind - but beaten ragged from years of battle.","مدافع رشيق وسريع، وواحد من أكثر التصاميم تفضيلاً بين فرسان المشاة على مر العصور."
"items.gear.offHands.shields.mediumShields.kiteShield.Name","Kite Shield","ترس لوزي"
"items.gear.offHands.shields.mediumShields.maidensVoyage.Description","An elegant kite shield forged in Phalen and brought to Sacra as an heirloom of the Bolein family.","ترس لوزي أنيق صُنع في فالن لفرسان القوافل الذين يقطعون أراضي البرية الموحشة."
"items.gear.offHands.shields.mediumShields.maidensVoyage.Name","Maiden's Voyage","رحلة العذراء"
"items.gear.offHands.shields.mediumShields.marinersAegis.Description","A popular rumor among sailors is there's only one substance that can protect a shield against saltwater rust.","شائعة شائعة بين البحارة تزعم أن هذا الترس صُنع من صفيحة سفينة نجت من دوامة أسطورية."
"items.gear.offHands.shields.mediumShields.marinersAegis.Name","Mariner's Aegis","درع الملاح"
"items.gear.offHands.shields.mediumShields.radiantStar.Description","Marauders from Thorn are said to summon the four corners of the compass in battle - courage from the west; cunning from the east; fury from the south; and despair from the north.","يقال إن غزاة ثورن يستدعون غضب النجوم في معاركهم، وهذا الترس يعكس سطوعها لحماية حامله."
"items.gear.offHands.shields.mediumShields.radiantStar.Name","Radiant Star","نجم مشع"
"items.gear.offHands.shields.mediumShields.roundShield.Description","Compact and colorful, built to feel like part of your arm.","مدمج ومتعدد الألوان، صُمم ليكون امتدادًا طبيعيًا لذراع المحارب في الاشتباكات القريبة."
"items.gear.offHands.shields.mediumShields.roundShield.Name","Round Shield","ترس مستدير"
"items.gear.offHands.shields.mediumShields.scaleOfJustice.Description","Whether the bearer of this shield prevails, or falls in battle; it is meant to be.","سواء انتصر حامل هذا الترس أو هُزم، فإن كل ضربة يصدها تزن كفة البقاء أمام الموت."
"items.gear.offHands.shields.mediumShields.scaleOfJustice.Name","Scale of Justice","ميزان العدالة"
"items.gear.offHands.tomes.tomeOfHealing.Name","Tome of Healing","مجلد الشفاء"
"items.gear.offHands.whips.plagueWhip.Description","""Sickness makes a noise. And it's not a moan or a hiss - it's a ghastly CRACK."" - unknown deathbed ravings","""المرض يُحدث صوتًا، وهو ليس صوت أنين المريض؛ بل صوت حفيف هذا السوط وهو يجلد الهواء."""
"items.gear.offHands.whips.plagueWhip.Name","Plague Whip","سوط الوباء"
"items.gear.rings.agilityRing.Description","""Our final death is a debt owed. Each small death is a payment toward it."" - Elegy of the Silent","""موتنا الأخير دين مستحق، وكل موت صغير هو دفعة نحوه."" - مرثية الصامتين"
"items.gear.rings.agilityRing.Name","Agility Ring","خاتم الرشاقة"
"items.gear.rings.bandOfCalmness.Description","""The eternal gods know only the world as it was, the Born God sees the world as it could be."" - Litany of Hope","""لا تعرف الآلهة الخالدة إلا العالم كما كان، بينما يرى الإله المولود العالم كما يمكن أن يكون."" - ابتهال الأمل"
"items.gear.rings.bandOfCalmness.Name","Band of Calmness","حلقة الهدوء"
"items.gear.rings.battlecryRing.Description","""Let their screams be our battle cry. Let their whimpers be our last words."" - Elegy of the Unspoken","""لتكن صرخاتهم صيحة حربنا، ولتكن أناتهم كلماتنا الأخيرة."" - مرثية ما لا يُنطق"
"items.gear.rings.battlecryRing.Name","Battlecry Ring","خاتم صيحة الحرب"
"items.gear.rings.cerimRing.Description","…","خاتم قديم يحمل رمز السيريم، يتردد فيه صدى قوة لا تخبو."
"items.gear.rings.cerimRing.Name","Cerim Ring","خاتم السيريم"
"items.gear.rings.chloranthyRing.Description","…","خاتم يفيض بطاقة خضراء نضرة تعزز استعادة قوة التحمل بسرعة استثنائية."
"items.gear.rings.chloranthyRing.Name","Chloranthy Ring","خاتم الكلورانثي"
"items.gear.rings.crowRing.Description","""All things fester. Flesh to fluid. Bone to dust. You to this. To us."" - Prayer of Rot","""كل شيء يتعفن. اللحم يتحول إلى سائل، والعظام إلى غبار، لكن الغراب يجد في كل ذلك وليمة."" - أغنية الجيف"
"items.gear.rings.crowRing.Name","Crow Ring","خاتم الغراب"
"items.gear.rings.deathDefianceRing.Description","…","خاتم يحمل طاقة تحمي مرتديه من الضربة القاضية، مانحًا فرصة ثانية للقتال."
"items.gear.rings.deathDefianceRing.Name","Death Defiance Ring","خاتم تحدي الموت"
"items.gear.rings.featherRing.Description","""Part the branches and steady the wind, oh Seeker, so that I may take flight."" - Hymn of Freedom ","""افرق الأغصان وثبّت الريح، فالصياد الصبور لا يترك وراءه أي أثر."" - حكمة الغابة"
"items.gear.rings.featherRing.Name","Feather Ring","خاتم الريشة"
"items.gear.rings.fierceRing.Description","""The Born God sees through our eyes, acts through our hands. He is countless, he is legion."" - Litany of Union","""يرى الإله المولود من خلال أعيننا، ويضرب بقبضاتنا، ولا يرحم من يقف في وجه قضائه."" - صلاة الفاتح"
"items.gear.rings.fierceRing.Name","Fierce Ring","خاتم الشراسة"
"items.gear.rings.fragileRebirthMedallion.Description","…","ميدالية غامضة تمنح فرصة للنجاة من الهلاك، لكنها تتكسر بمجرد تفعيل قوتها."
"items.gear.rings.fragileRebirthMedallion.Name","Fragile Medallion","ميدالية هشة"
"items.gear.rings.goldenBand.Description","""Our god is the Born God. Not the first god, but the last. Not the question, but the answer."" - Litany of Origin","""إلهنا هو الإله المولود. ليس الأول، بل الأخير الذي سيبتلع كل أرباب الظلام."" - مذهب النقاء"
"items.gear.rings.goldenBand.Name","Golden Band","حلقة ذهبية"
"items.gear.rings.jadeRing.Description","""The Born God subsumed the kingdom of gods, now our duty is to subsume the kingdom of men."" - Litany of Duty","""استوعب الإله المولود مملكة الآلهة، وترك لنا الأرض لنعيد غرسها بالصبر والإيمان."" - سفر البدايات"
"items.gear.rings.jadeRing.Name","Jade Ring","خاتم اليشم"
"items.gear.rings.onyxRing.Description","…","حجر أسود مصقول يمتص الضوء من حوله، مانحًا حامله حصانة مظلمة وثباتًا راسخًا."
"items.gear.rings.onyxRing.Name","Onyx Ring","خاتم العقيق اليماني"
"items.gear.rings.permanentRebirthMedallion.Description","…","قطعة أثرية صوفية تتحدى قوانين الفناء، وتعيد السيريم إلى الحياة بعهد متجدد."
"items.gear.rings.permanentRebirthMedallion.Name","Rebirth Medallion","ميدالية البعث"
"items.gear.rings.plaguedRing.Description","""Feel unwell. Feel nothing. Feel this blessing of decay."" - Prayer of Sickness","""اشعر بالاعتلال. لا تشعر بشيء. اشعر بهذا النصل يمزق عروقك."" - همسات الوباء"
"items.gear.rings.plaguedRing.Name","Plagued Ring","خاتم موبوء"
"items.gear.rings.ringOfBrokenPromises.Description","""We are mother to the plague and child to it. We eat our young. We eat our old."" - Elegy of the Empty","""نحن أم للوباء وطفل للخطيئة؛ فكيف نفي بوعود قُطعت في أزمنة النور؟"" - ترنيمة المنفيين"
"items.gear.rings.ringOfBrokenPromises.Name","Ring of Broken Promises","خاتم الوعود المنكوثة"
"items.gear.rings.ringOfDetermination.Description","""The Born God knew you in the beforelife, as he will again in the afterlife. Are you worth knowing?"" -  Litany of Fealty","""عرفك الإله المولود في الحياة الأولى، ويقود خطاك في كل معركة تخوضها."" - كتاب الثبات"
"items.gear.rings.ringOfDetermination.Name","Ring of Determination","خاتم العزيمة"
"items.gear.rings.ringOfTruth.Description","…","خاتم نقي يكشف الأوهام ويهدي حامله نحو الحق في أحلك الظلمات."
"items.gear.rings.ringOfTruth.Name","Ring of Truth","خاتم الحقيقة"
"items.gear.rings.runeRing.Description","""The Sayer speaks for us. So we cloak ourselves in silence."" - Elegy of the None","""المتحدث يتكلم نيابة عنا، لذا نستر وجوهنا ونترك أفعالنا تشهد بإيماننا."" - تعاليم الرون"
"items.gear.rings.runeRing.Name","Rune Ring","خاتم الرونات"
"items.gear.rings.scarletRing.Description","""They want what you have. They are what you want. Take."" -  Prayer of Betrayal","""يريدون ما تملك، وهم ما تخشى؛ فاخضب يديك بدمائهم قبل أن يخضبوا أرضك."" - شريعة السيف"
"items.gear.rings.scarletRing.Name","Scarlet Ring","خاتم قرمزي"
"items.gear.rings.serendipityRing.Description","""We grow, we build, we search, we pass. But only with all four do we live."" - Hymn of Four","""ننمو، نبني، نبحث، نرحل، وفي خضم الفوضى يقودنا الحظ الخفي نحو غايتنا."" - تأملات الرحالة"
"items.gear.rings.serendipityRing.Name","Serendipity Ring","خاتم التوفيق"
"items.gear.rings.silverRing.Description","""A name is a weakness. A voice is a vice. We have neither."" - Elegy of the Hushed","""الاسم نقطة ضعف، والصوت رذيلة؛ أما الصمت فهو درع الحكيم وسلاحه الأمضى."" - مأثورات الظلال"
"items.gear.rings.silverRing.Name","Silver Ring","خاتم فضي"
"items.gear.rings.snakeRing.Description","""Eat the moving. Feast upon the still. All is hunger."" - Prayer of Appetite ","""الهم ما يتحرك، وافترس ما يسكن؛ فالأرض لا تدين بشيء للضعفاء الذين ينتظرون."" - وصية الثعبان"
"items.gear.rings.snakeRing.Name","Snake Ring","خاتم الأفعى"
"items.gear.rings.solaceRing.Description","""Look away, oh Forsaken, I am not ready."" - Hymn of Loss ","""أشح بنظرك أيها المتروك، فما زلت غير مستعد لمواجهة ما ينتظرني في العتمة."" - اعترافات التائب"
"items.gear.rings.solaceRing.Name","Solace Ring","خاتم السلوى"
"items.gear.rings.stoneTuskRing.Description","""All practice our faith, even if they do not know its name. There are no infidels, only heretics."" - Litany of Embrace","""يمارس الجميع إيماننا، حتى وإن أنكروا ذلك؛ فالألم والحجر لغة يفهمها كل حي."" - حكمة الجبال"
"items.gear.rings.stoneTuskRing.Name","Stone Tusk Ring","خاتم الناب الحجري"
"items.gear.rings.thistleRing.Description","""You have been wronged. You have been curdled. They must hurt for it."" - Prayer of Agony","""لقد ظُلمت وجُرحت، فلتحط نفسك بالأشواك حتى يدمى كل من يمد يده إليك بسوء."" - مرثية الغاضبين"
"items.gear.rings.thistleRing.Name","Thistle Ring","خاتم الشوك"
"items.gear.rings.willowCapRing.Description","""Place your lips to the earth, oh Mother, and breathe warmth into my harvest."" - Hymn of Growth","""ضعي شفتيك على الأرض يا أماه، واستمعي إلى صرخات الجذور التي تخنقها العتمة."" - رثاء الأرض"
"items.gear.rings.willowCapRing.Name","Willow Cap Ring","خاتم قبعة الصفصاف"
"items.gear.rings.wovenRing.Description","""Thread your fingers through my own, oh Maker, and shape the clay of my becoming."" - Hymn of Form ","""شابك أصابعك بأصابعي يا رفيق الدرب، فلن يقطع حبل وحدتنا أي نصل في هذا العالم."" - قسم الرفاق"
"items.gear.rings.wovenRing.Name","Woven Ring","خاتم منسوج"
"items.gear.weapons.1Handed.axes.boarskinTusk.Description","Favored by the Boarskin clan, this rugged axe features a jagged edge mimicking the ferocity of a wild boar's tusks.","فأس خشنة يفضلها عشيرة جلود الخنازير، وتتميز بنصل عريض ومنحنٍ قادر على تقطيع اللحم والعظام على حد سواء."
"items.gear.weapons.1Handed.axes.boarskinTusk.Name","Boarskin Tusk","ناب جلد الخنزير"
"items.gear.weapons.1Handed.axes.huntersAxe.Description","A simple axe carried by hunters to make a fast shelter or a faster kill.","فأس بسيطة يحملها الصيادون لإقامة مأوى سريع في البرية أو الدفاع عن أنفسهم ضد المفترسات."
"items.gear.weapons.1Handed.axes.huntersAxe.Name","Hunter's Axe","فأس الصياد"
"items.gear.weapons.1Handed.axes.jadeSpinedAxe.Description","""May the grass grow over your bones"" - a blessing and a curse uttered by the tribesmen bearing this axe.","""عسى أن ينمو العشب فوق عظامك"" - بركة محفورة على نصلها تضمن ألا يطول عذاب ضحاياها."
"items.gear.weapons.1Handed.axes.jadeSpinedAxe.Name","Jade-Spined Axe","فأس شوكة اليشم"
"items.gear.weapons.1Handed.axes.ripper.Description","A battle axe, well-worn but still sharp. It has cleaved many men and seen what lies within.","فأس قتال بالية ولكنها لا تزال حادة للغاية. حصدت أرواحًا أكثر مما يرغب صانعها في تذكره."
"items.gear.weapons.1Handed.axes.ripper.Name","Ripper","الممزق"
"items.gear.weapons.1Handed.axes.royalHewnAxe.Description","The jagged edges of this axe are a particular cruelty, and a reminder of the cost of crossing Phalen.","الحواف المسننة لهذه الفأس تمثل قسوة خاصة، وتذكيراً بثمن تحدي فالن."
"items.gear.weapons.1Handed.axes.royalHewnAxe.Name","Royal Hewn Axe","فأس ملكية منحوتة"
"items.gear.weapons.1Handed.axes.shroudcleaver.Description","In your hands it feels light as a feather, sunk into your foe’s skull it feels heavy as the hereafter.","تبدو في يدك خفيفة كالريشة، وتغوص في لحم العدو بثقل جبل."
"items.gear.weapons.1Handed.axes.shroudcleaver.Name","Shroudcleaver","شاق الكفن"
"items.gear.weapons.1Handed.axes.timberReclaimer.Description","Some claim the Harvesters growl “timber” when they cleave a man in two, a vestige of their old selves buried beneath their madness.","يزعم البعض أن الحصادين يزمجرون بكلمة ""حطب"" عندما يهوون بها، لكن قلة هم من عاشوا ليؤكدوا ذلك."
"items.gear.weapons.1Handed.axes.timberReclaimer.Name","Reclaimer","المسترد"
"items.gear.weapons.1Handed.axes.tongueSplitter.Description","Designed by Royal Executioner Rochel himself, ideal for deaths delivered without hesitation nor mercy.","صممها الجلاد الملكي روشيل بنفسه، وهي مثالية لانتزاع الاعترافات أو إسكات الخونة إلى الأبد."
"items.gear.weapons.1Handed.axes.tongueSplitter.Name","Tongue Splitter","شاطر اللسان"
"items.gear.weapons.1Handed.clubs.blacksmithsFolly.Description","Its few surviving victims argue over what’s worse – the going in or the pulling back out.","يتجادل الناجون القلائل من ضرباتها حول أيهما أسوأ: صوت تحطم العظام أم الوزن الساحق للحديد المشوه."
"items.gear.weapons.1Handed.clubs.blacksmithsFolly.Name","Blacksmith’s Folly","حماقة الحداد"
"items.gear.weapons.1Handed.clubs.harvestersBonesaw.Description","Pray that the screams of its victims drown out the wet grinding crunch of its progress.","ادعُ أن تطغى صرخات ضحاياه على صوت أسنانه الصدئة وهي تقضم العظام ببطء."
"items.gear.weapons.1Handed.clubs.harvestersBonesaw.Name","Harvester's Bonesaw","منشار عظام الحصّاد"
"items.gear.weapons.1Handed.clubs.nailLadenClub.Description","A weapon for those in desperate times. Swing first, swing hard, and hope for the best.","سلاح لليائسين في الأزمنة العصيبة. اضرب أولاً، ولا تقلق بشأن نظافة الضربة."
"items.gear.weapons.1Handed.clubs.nailLadenClub.Name","Nail-Laden Club","هراوة مسمرة"
"items.gear.weapons.1Handed.clubs.ogresClub.Description","It is like the life of man: nasty, brutish, and short.","إنها كحياة الإنسان: بغيضة، ووحشية، وقصيرة."
"items.gear.weapons.1Handed.clubs.ogresClub.Name","Ogre's Club","هراوة الغول"
"items.gear.weapons.1Handed.clubs.unholyHearth.Description","Not all fires bring warmth – some offer instead an everlasting cold.","ليست كل النيران تجلب الدفء - فبعضها يقدم رمادًا أسود وضربات محطمة لا ترحم."
"items.gear.weapons.1Handed.clubs.unholyHearth.Name","Unholy Hearth","موقد دنس"
"items.gear.weapons.1Handed.curvedSwords.buriedShamshir.Description","The ancient method of its forging saw it buried in sand for forty nights. Modern blacksmiths eschew this step.","قضت طريقة صياغته القديمة بدفنه في الرماد الساخن لأسابيع ليكتسب حدته الأسطورية."
"items.gear.weapons.1Handed.curvedSwords.buriedShamshir.Name","Buried Shamshir","شمشير مدفون"
"items.gear.weapons.1Handed.curvedSwords.ceruleanBlade.Description","The ""eye"" affixed to its cross guard is more than decorative - it's a counterbalance for precise strikes.","""العين"" المثبتة على واقي قبضته ليست مجرد زينة - بل ترمش حين يقترب الخطر."
"items.gear.weapons.1Handed.curvedSwords.ceruleanBlade.Name","Cerulean Blade","نصل سماوي"
"items.gear.weapons.1Handed.curvedSwords.demonsKey.Description","This sword's forked point serves no purpose other than brutality. But, at times, brutality is a purpose.","الطرف المتشعب لهذا السيف لا يخدم غرضًا سوى تمزيق اللحم عند سحبه من الجسد."
"items.gear.weapons.1Handed.curvedSwords.demonsKey.Name","Demon's Key","مفتاح الشيطان"
"items.gear.weapons.1Handed.curvedSwords.etchedYatagan.Description","Legend says if you carve the name of your enemy into its hilt, it will only shatter upon their demise.","تقول الأسطورة إنك إذا نقشت اسم عدوك على نصله، فلن يخطئه في غسق المعركة قط."
"items.gear.weapons.1Handed.curvedSwords.etchedYatagan.Name","Etched Yatagan","ياتاجان منقوش"
"items.gear.weapons.1Handed.curvedSwords.filleter.Description","A fisherman's blade, it severs cleanly and without fuss.","شفرة صياد سمك، تقطع بنظافة ودون جهد، سواء كانت سمكة أو حنجرة قاطع طريق."
"items.gear.weapons.1Handed.curvedSwords.filleter.Name","Filleter","نصل التشفية"
"items.gear.weapons.1Handed.curvedSwords.risenBlade.Description","A well-weighted scimitar of simple design commonly seen dangling from Risen belts.","سيف مقوس متزن بتصميم بسيط يفضله المبارزون السريعون في الموانئ الجنوبية."
"items.gear.weapons.1Handed.curvedSwords.risenBlade.Name","Risen Blade","سيف الناهضين"
"items.gear.weapons.1Handed.curvedSwords.rustyKhopesh.Description","The Grifkin goat men model these blades after ram horns - ideal for swift disembowelings.","صاغ رجال الماعز الجريفكين هذه الشفرات على غرار قرون الكباش، وهي مصممة لنزع أسلحة الخصوم."
"items.gear.weapons.1Handed.curvedSwords.rustyKhopesh.Name","Rusty Khopesh","خبيش صدئ"
"items.gear.weapons.1Handed.curvedSwords.scimitar.Description","Upon joining the Sailor's Guild, one is issued a compass, an Ashen Sea map, and a scimitar. All will be used.","عند الانضمام إلى نقابة البحارة، يُمنح المرء هذا السيف المقوس كرمز للحرية على ظهر الأمواج."
"items.gear.weapons.1Handed.curvedSwords.scimitar.Name","Scimitar","سيف مقوس"
"items.gear.weapons.1Handed.curvedSwords.talwar.Description","The weapon of choice for knights of the now-disgraced House of Mar'quat.","السلاح المفضل لفرسان السلالة المخلوعة، يتميز بانحناءة قاطعة تحسم النزالات بضربة واحدة."
"items.gear.weapons.1Handed.curvedSwords.talwar.Name","Talwar","تالوار"
"items.gear.weapons.1Handed.daggers.aSingularPurpose.Description","A well-crafted dagger is the great leveler - it slides equally into the bellies of drunks and backs of kings.","الخنجر المتقن هو المساوي الأعظم بين البشر - ينزلق بين الدروع الثقيلة لينهي حياة الملوك كالصعاليك."
"items.gear.weapons.1Handed.daggers.aSingularPurpose.Name","A Singular Purpose","غاية واحدة"
"items.gear.weapons.1Handed.daggers.butchersWork.Description","One grieves for even the animals laid to rest with such a twisted blade.","يشفق المرء حتى على الحيوانات التي ذُبحت بمثل هذا النصل الغليظ والقاسي."
"items.gear.weapons.1Handed.daggers.butchersWork.Name","Butcher's Work","صنيعة القصاب"
"items.gear.weapons.1Handed.daggers.huntersKnife.Description","A simple, versatile knife preferred by hunters. If there is a job to be done, it will do it.","سكين بسيط ومتعدد الاستخدامات يفضله الصيادون لسلخ الطرائد والدفاع عن النفس."
"items.gear.weapons.1Handed.daggers.huntersKnife.Name","Hunter's Knife","سكين الصياد"
"items.gear.weapons.1Handed.daggers.jackknife.Description","""A knife is like a poor secret, whispered deep and often."" - old proverb","""السكين كسر بائس، يُهمس به في الأعماق ويُكشف عنه متأخرًا للغاية."""
"items.gear.weapons.1Handed.daggers.jackknife.Name","Jackknife","سكين جيب"
"items.gear.weapons.1Handed.daggers.midnightBlade.Description","The assassins of Myrfall are said to carry such blades, to make short work of those judged unworthy of living.","يقال إن قتلة ميرفال يحملون مثل هذه الشفرات المعتمة التي تبتلع الضوء ولا تعكس أي وميض."
"items.gear.weapons.1Handed.daggers.midnightBlade.Name","Midnight Blade","نصل منتصف الليل"
"items.gear.weapons.1Handed.hammers.brokenForge.Description","It's tradition to use the remnants of an exhausted forge to make one final, monstrous hammer.","من التقاليد القديمة استخدام بقايا كور حدادة منهك لتشكيل سلاح يحمل حرارة ألف شعلة."
"items.gear.weapons.1Handed.hammers.brokenForge.Name","Broken Forge","كور مكسور"
"items.gear.weapons.1Handed.hammers.brutalMaul.Description","It splits stone and skulls alike - a mountain of purpose focused on a single point.","تفلق الحجارة والجماجم على حد سواء - جبل من الحديد الخالص في قبضة يدك."
"items.gear.weapons.1Handed.hammers.brutalMaul.Name","Brutal Maul","مطرقة ثقيلة وحشية"
"items.gear.weapons.1Handed.hammers.climbersPick.Description","They can be seen dotting the Frozen Peaks, memorials to those who gave their life to the climb.","تنتشر هذه المعاول في القمم الجليدية كشواهد على من تسلقوا ولم يعودوا قط."
"items.gear.weapons.1Handed.hammers.climbersPick.Name","Climber's Pick","معول المتسلق"
"items.gear.weapons.1Handed.hammers.grimacingStone.Description","It is unknown if the stone was chiseled into the face of a man, or if a man's skull was transformed into stone.","لا يُعرف ما إذا كان الحجر قد نُحت عمدًا على هيئة وجه عابس، أم أن ضرباته الوحشية هي التي شكلت ملامحه البائسة."
"items.gear.weapons.1Handed.hammers.grimacingStone.Name","Grimacing Stone","حجر عابس"
"items.gear.weapons.1Handed.hammers.rostock.Description","An unsually supple hammer said to originate from the blind Stone Tappers of The Seethe.","مطرقة مرنة على نحو غير معتاد يقال إنها نشأت في ورش الحدادة المفقودة في أعالي الجبال."
"items.gear.weapons.1Handed.hammers.rostock.Name","Rostock","روستوك"
"items.gear.weapons.1Handed.hammers.singingPeal.Description","Once a year, a troupe of Havenport bards use this hammer for music. The other 364 days its use is violence.","مرة واحدة في العام، تستخدم فرقة من منشدي هافنبورت هذه المطرقة لقرع الأجراس الجنائزية تكريمًا للمفقودين في البحر."
"items.gear.weapons.1Handed.hammers.singingPeal.Name","Singing Peal","رنين شادٍ"
"items.gear.weapons.1Handed.maces.clericsMace.Description","A tool of ""re-education"" often used by the more enthusiastic of Caylen's devotees.","أداة لـ ""إعادة التأهيل"" كثيرًا ما يستخدمها أتباع كايلن الأكثر حماسة."
"items.gear.weapons.1Handed.maces.clericsMace.Name","Cleric's Mace","صولجان رجل الدين"
"items.gear.weapons.1Handed.maces.malice.Description","Some weapons blur the line between instrument of war and instrument of torture.","تطمس بعض الأسلحة الخط الفاصل بين أداة الحرب وأداة التعذيب الخالص."
"items.gear.weapons.1Handed.maces.malice.Name","Malice","ضغينة"
"items.gear.weapons.1Handed.maces.shrikeTree.Description","The Balak Taw learn all the worst lessons from their winged brothers - such as how to impale an enemy.","يتعلم بالاك تاو أسوأ الدروس من الطبيعة، وهذا السلاح يحاكي غصن شجرة تعلق عليها الطيور الجارحة فرائسها."
"items.gear.weapons.1Handed.maces.shrikeTree.Name","Shrike Tree","شجرة الصرد"
"items.gear.weapons.1Handed.maces.theLastWord.Description","Only once the silence is complete - one crushing blow at a time - will the Cerim's task be fulfilled.","حين يسود الصمت التام - ضربة ساحقة واحدة تكفي لإنهاء كل نقاش."
"items.gear.weapons.1Handed.maces.theLastWord.Name","The Last Word","الكلمة الأخيرة"
"items.gear.weapons.1Handed.rapiers.moonshaft.Description","Shaped in a ""cold stone forge,"" they're said to strike faster beneath the glow of the moon.","شُكّل في ""كور الحجر البارد""، ويُقال إنه يمتص ضوء النجوم ليطعن ببرودة الصقيع."
"items.gear.weapons.1Handed.rapiers.moonshaft.Name","Moonshaft","رمح القمر"
"items.gear.weapons.1Handed.rapiers.pigSticker.Description","A blacksmith's wife caught her husband cheating and used one to skewer him toe to crown. The name stuck.","سيف نحيف وحاد للغاية، صُنع بطول محسوب ليصل مباشرة إلى الأعضاء الحيوية للخصم."
"items.gear.weapons.1Handed.rapiers.pigSticker.Name","Pig Sticker","طاعن الخنازير"
"items.gear.weapons.1Handed.rapiers.reachingNail.Description","The Morgana ""Mud Men"" Uprising saw much use of these wicked spikes of iron, pin-cushioning Atlan knights.","شهد تمرد مورجانا استخدامًا مكثفًا لهذه الأسياخ الحادة لاختراق فجوات دروع الفرسان."
"items.gear.weapons.1Handed.rapiers.reachingNail.Name","Reaching Nail","مسمار باسط"
"items.gear.weapons.1Handed.rapiers.sinew.Description","A rapier of such surgical precision that some claim they can feel a slight tug of it pulling toward a foe's heart.","سيف شيش بدقة جراحية متناهية يدعي البعض أنه يستطيع شق قطرة المطر الساقطة."
"items.gear.weapons.1Handed.rapiers.sinew.Name","Sinew","عصب"
"items.gear.weapons.1Handed.rapiers.sirenQueensHorn.Description","A blade forged from the severed horn of a Siren Queen, a creature rarely seen and almost never survived.","نصل صُنع من القرن المبتور لملكة الحوريات، لا يزال يقطر سماً ومياه بحر مالحة."
"items.gear.weapons.1Handed.rapiers.sirenQueensHorn.Name","Siren Queen's Horn","قرن ملكة الحوريات"
"items.gear.weapons.1Handed.rapiers.tuckedFalcon.Description","A falcon relies not on subterfuge not guile, but speed alone. This blade is no different.","لا يعتمد الصقر على المكر أو الخداع، بل على سرعة الانقضاض والدقة القاتلة."
"items.gear.weapons.1Handed.rapiers.tuckedFalcon.Name","Tucked Falcon","صقر منطوٍ"
"items.gear.weapons.1Handed.spears.assegai.Description","The men of Arvos use these spears both to keep enemies at bay and test the sinking sands' depth.","يستخدم رجال أرفوس هذه الرماح لإبقاء الأعداء على مسافة آمنة أو لإلقائها بسرعة البرق."
"items.gear.weapons.1Handed.spears.assegai.Name","Assegai","أسيجاي"
"items.gear.weapons.1Handed.spears.coralPiercer.Description","A spear of Kylesh design, where emeralds litter the island shoals like iridescent boulders.","رمح بتصميم كيليشي فاخر، تبرز منه نتوءات صلبة تخترق الدروع وتثبت الخصوم."
"items.gear.weapons.1Handed.spears.coralPiercer.Name","Coral Piercer","خارق المرجان"
"items.gear.weapons.1Handed.spears.gnarledHarpoon.Description","A rustic harpoon designed to bury itself in a whale's hide and not let go.","حربة ريفية صُممت لتغوص في جلد الحيتان السميك ولا تخرج إلا مصحوبة بقطع من اللحم."
"items.gear.weapons.1Handed.spears.gnarledHarpoon.Name","Gnarled Harpoon","حربة معقودة"
"items.gear.weapons.1Handed.spears.needleSpear.Description","A common spear, simple but effective, often carried by the Sworn Guards of Sacrament.","رمح شائع، بسيط ولكنه فعال، غالباً ما يحمله الحراس المخلصون في ساكرامنت."
"items.gear.weapons.1Handed.spears.needleSpear.Name","Needle Spear","رمح الإبرة"
"items.gear.weapons.1Handed.spears.petaledSpear.Description","Its fluted tip is as pleasing to the eye as it is damaging to any tissue it penetrates.","رأسه المخدد يسر العين بجمال تصميمه بقدر ما يروع القلب بعمق جراحه."
"items.gear.weapons.1Handed.spears.petaledSpear.Name","Petaled Spear","رمح مروي"
"items.gear.weapons.1Handed.spears.proudlance.Description","A wedged jousting lance meant for splintering shields and the bones they protect.","رمح مبارزة وتدي صُمم لتحطيم الدروع وإسقاط الفرسان عن صهوات جيادهم."
"items.gear.weapons.1Handed.spears.proudlance.Name","Proud Lance","رمح الفخر"
"items.gear.weapons.1Handed.spears.sacramentsSin.Description","Eight of these spears plunged into the 26th Governor of Sacrament at once, executing her for her crimes.","غُرسَت ثمانية من هذه الرماح في جسد الحاكمة السادسة والعشرين لساكرامنت دفعة واحدة، إعداماً لها على جرائمها."
"items.gear.weapons.1Handed.spears.sacramentsSin.Name","Sacrament's Sin","خطيئة ساكرامنت"
"items.gear.weapons.1Handed.straightSwords.azureBlade.Description","Imperfections in steel traditionally lead to weakness, but this sword's blend of twin metals imparts strength.","تؤدي العيوب في الفولاذ عادة إلى الضعف، لكن الشوائب في هذا النصل منحته صلابة خارقة ولونًا أزرق ساحرًا."
"items.gear.weapons.1Handed.straightSwords.azureBlade.Name","Azure Blade","نصل أزوردي"
"items.gear.weapons.1Handed.straightSwords.bloodRustedSword.Description","Rusted by blood and weary from death, this sword carries out its duty with grim purpose.","سيف صدمته الدماء وأرهقه القتل، يتوق لإنهاء دورة الموت أو الاستمرار فيها إلى الأبد."
"items.gear.weapons.1Handed.straightSwords.bloodRustedSword.Name","Blood-Rusted Sword","سيف صدئ بالدماء"
"items.gear.weapons.1Handed.straightSwords.cronus.Description","A cursed weapon reputed to hold its victims' souls eternally in the moment of their demise.","سلاح ملعون يُشاع أنه يحبس أرواح ضحاياه داخل نصله الشاحب، ليتغذى على خوفهم."
"items.gear.weapons.1Handed.straightSwords.cronus.Name","Cronus","كرونوس"
"items.gear.weapons.1Handed.straightSwords.governorsDagger.Description","The governor's short sword serves as a promise - to keep his aspirations and his enemies in striking distance.","يعد خنجر الحاكم القصير بمثابة وعد - بأن العدالة ستطال كل من يعصي القانون في الخفاء."
"items.gear.weapons.1Handed.straightSwords.governorsDagger.Name","Governor's Dagger","خنجر الحاكم"
"items.gear.weapons.1Handed.straightSwords.governorsSword.Description","The governor's long sword serves as a reminder - to seek peace by any means necessary, including war.","سيف الحاكم الطويل تذكير دائم - بأن السلطة تُفرض بالقوة وتُحمى بالحديد المصقول."
"items.gear.weapons.1Handed.straightSwords.governorsSword.Name","Governor's Sword","سيف الحاكم"
"items.gear.weapons.1Handed.straightSwords.nithBlade.Description","It reeks of the swamp's wretched bargain - a fast death by blade or a slow one by sickness.","يفوح برائحة صفقة المستنقع البائسة - موت سريع لخصمك، وجراح مسمومة لا تندمل قط."
"items.gear.weapons.1Handed.straightSwords.nithBlade.Name","Nith Blade","نصل نيث"
"items.gear.weapons.1Handed.straightSwords.scorchedBroadblade.Description","A great slab of a sword etched with the stories of an unknown, long dead people.","لوح ضخم من الفولاذ نُقشت عليه حكايات معارك ملحمية خيضت في أتون النيران."
"items.gear.weapons.1Handed.straightSwords.scorchedBroadblade.Name","Scorched Broadblade","نصل عريض محترق"
"items.gear.weapons.1Handed.straightSwords.spiritEdge.Description","All of the forest's fury sealed within a blade of pure light. Glowing wisps drift from its surface like willow branches.","كل غضب الغابة القديمة حُبس داخل هذا النصل الحجري الأملس."
"items.gear.weapons.1Handed.straightSwords.spiritEdge.Name","Spirit Edge","حد الروح"
"items.gear.weapons.1Handed.straightSwords.whettedWedge.Description","Some swords seek out the tiniest of openings, while others carve their own.","تبحث بعض السيوف عن أدق الفجوات، بينما هذا السيف يشق فجوته الخاصة بالقوة الغاشمة."
"items.gear.weapons.1Handed.straightSwords.whettedWedge.Name","Whetted Wedge","إسفين مشحوذ"
"items.gear.weapons.1Handed.straightSwords.woodenSword.Description","A training sword for a squire - used in combat only by the overconfident, the deranged, or those in dire straits.","سيف تدريب للمبتدئين - لا يُستخدم في المعارك الحقيقية إلا من قِبل اليائسين أو المجانين."
"items.gear.weapons.1Handed.straightSwords.woodenSword.Name","Wooden Sword","سيف خشبي"
"items.gear.weapons.1Handed.wakizashis.TorturedBlade.Description","A decayed and pitted sword, blackened by the dark deeds of former masters.","سيف متآكل ومنقر، اسودّ بفعل الطقوس المظلمة التي سُكب دماء الضحايا عليها لسنوات."
"items.gear.weapons.1Handed.wakizashis.TorturedBlade.Name","Tortured Blade","نصل معذب"
"items.gear.weapons.1Handed.wakizashis.coiledDawn.Description","A sword that strikes swift as a viper, the air hissing as it's riven.","سيف يضرب بسرعة الأفعى، ويشهد الهواء بفحيح حركته الخاطفة قبل أن يدرك الخصم سقوطه."
"items.gear.weapons.1Handed.wakizashis.coiledDawn.Name","Coiled Dawn","فجر ملتف"
"items.gear.weapons.1Handed.wakizashis.honedFrenzy.Description","A sword from the isle of Thorn - you can still smell the saltwater in its hilt.","سيف من جزيرة الشوك - لا يزال بإمكانك شم رائحة البخور والدم الجاف على مقبضه."
"items.gear.weapons.1Handed.wakizashis.honedFrenzy.Name","Honed Frenzy","جنون مسنون"
"items.gear.weapons.1Handed.wakizashis.windOfDeath.Description","This wickedly long blade is meant to end a fight before a foe has a chance to start one.","صُمم هذا النصل الطويل لإنهاء المعركة قبل أن تبدأ، بحركة واحدة رشيقة تسلب الأنفاس."
"items.gear.weapons.1Handed.wakizashis.windOfDeath.Name","Wind of Death","ريح الموت"
"items.gear.weapons.1Handed.wands.allIsKnown.Description","Everything has a price. Even knowledge. Especially knowledge.","لكل شيء ثمن. حتى المعرفة. خاصة المعرفة المحرمة التي تحرق أصابع من يحاول لمسها."
"items.gear.weapons.1Handed.wands.allIsKnown.Name","All Is Known","كل شيء معلوم"
"items.gear.weapons.1Handed.wands.amberhusk.Description","As the rank mass dribbles away, so too does the wand’s potency, leaving only the stain of sweetness.","بينما تقطر المادة اللزجة ببطء، تقطر معها بقايا طاقة سحرية عتيقة لا تنطفئ."
"items.gear.weapons.1Handed.wands.amberhusk.Name","Amberhusk","قشرة الكهرمان"
"items.gear.weapons.1Handed.wands.crookedKey.Description","Some doors, once opened, can be hard to shut.","بعض الأبواب، بمجرد فتحها، يصعب إغلاقها مرة أخرى."
"items.gear.weapons.1Handed.wands.crookedKey.Name","Crooked Key","مفتاح معوج"
"items.gear.weapons.1Handed.wands.entwinedRoot.Description","The more gnarled the tree, the more magic one might find entangled in its roots.","كلما كانت الشجرة أكثر التواءً، زاد السحر الكامن الذي يمكن للمرء استخراجه من لبها."
"items.gear.weapons.1Handed.wands.entwinedRoot.Name","Entwined Root","جذر متشابك"
"items.gear.weapons.1Handed.wands.flameBecomesUs.Description","A strange assemblage of mystical totems, unified only by the dark will of its wielder.","مجموعة غريبة من الرموز الطوطمية الصوفية، يوحدها العزم المظلم لمن يحملها."
"items.gear.weapons.1Handed.wands.flameBecomesUs.Name","Flame Becomes Us","اللهب غايتنا"
"items.gear.weapons.1Handed.wands.fusedCoronet.Description","All wands are hungry. It’s up to its wielder to determine for what.","كل العصي السحرية جائعة. ويعود لحاملها تقرير ما إذا كان سيغذيها بأعدائه أم بروحه."
"items.gear.weapons.1Handed.wands.fusedCoronet.Name","Fused Coronet","إكليل ملتحم"
"items.gear.weapons.1Handed.wands.graspingMagusWand.Description","The Born God has many hands – see what damage just one can do.","للإله المولود أيدٍ كثيرة - فانظر كم من الدمار يمكن ليد واحدة منها أن تلحقه بالعالم."
"items.gear.weapons.1Handed.wands.graspingMagusWand.Name","Grasping Magus Wand","عصا الساحر القابضة"
"items.gear.weapons.1Handed.wands.hoarFrostSickle.Description","On the Isle of Kull, wheat is ice-shorn with these mystic wands – threshed and frozen for winter in a single swing.","في جزيرة كول، يُحصد القمح الجليدي بمثل هذه المناجل التي تجمد كل ما تلمسه."
"items.gear.weapons.1Handed.wands.hoarFrostSickle.Name","Hoar Frost Sickle","منجل الصقيع الأبيض"
"items.gear.weapons.1Handed.wands.lordOfTheMuck.Description","All wands are unholy, but those made from human remains dally with the most wretched of forces.","كل العصي دنسة، لكن تلك المصنوعة من بقايا الموتى في المستنقعات تحمل دنسًا مضاعفًا."
"items.gear.weapons.1Handed.wands.lordOfTheMuck.Name","Lord of the Muck","سيد الوحل"
"items.gear.weapons.1Handed.wands.moltenClutch.Description","The embers should burn its branches. The branches should crush the embers. Magic abhors reason.","كان ينبغي للجمر أن يحرق أغصانها، لكن الأغصان احتضنت الجمر حتى توحدا في نار أبدية."
"items.gear.weapons.1Handed.wands.moltenClutch.Name","Molten Clutch","قبضة مصهورة"
"items.gear.weapons.1Handed.wands.moonShard.Description","It's not your reflection you see in its cracked visage, it's a small sliver of yourself lost forever.","ليس انعكاسك ما تراه في سطحها المتصدع، بل ظلال أولئك الذين سقطوا بسحرها."
"items.gear.weapons.1Handed.wands.moonShard.Name","Moon Shard ","شظية القمر"
"items.gear.weapons.1Handed.wands.nithGate.Description","“One hitch to tie your garter, one weave to warm your bed. One stitch to hold the dark at bay, one knot to crack your head.” - nursery rhyme","""عقدة لربط رداءك، ونسيج لتدفئة قلبك، وضربة واحدة لتفتح بوابة لا رجعة منها."""
"items.gear.weapons.1Handed.wands.nithGate.Name","Nith Gate","بوابة نيث"
"items.gear.weapons.1Handed.wands.runeStrickenWand.Description","Put your ear to this wand, and you’ll hear dark whispers. Put your eye to it, and you’ll never see again.","ضع أذنك على هذه العصا، وستسمع همسات مظلمة. ضع عينك عليها، ولن تبصر بعدها أبدًا."
"items.gear.weapons.1Handed.wands.runeStrickenWand.Name","Rune-Stricken Wand","عصا موشومة بالرونات"
"items.gear.weapons.1Handed.wands.sanglier.Description","What magic simmered in the head of a plagued boar? And what sick soul saw fit to craft with it?","أي سحر كان يغلي في رأس خنزير موبوء؟ وأي روح مريضة رأت أنه من المناسب صنع سلاح منه؟"
"items.gear.weapons.1Handed.wands.sanglier.Name","Sanglier","سانجلييه"
"items.gear.weapons.1Handed.wands.tarnishedWand.Description","In the Phalen religion, magic is blasphemy, so the church’s more mystical adherents simply practice “acts of faith.”","في ديانة فالن، يعد السحر تجديفًا، لذا فإن أتباع الكنيسة الأكثر ميلًا للتصوف يمارسون ببساطة ""أفعال إيمان""."
"items.gear.weapons.1Handed.wands.tarnishedWand.Name","Tarnished Wand","عصا مشوهة"
"items.gear.weapons.2Handed.curvedGreatswords.divineScimitar.Description","A weapon once radiant with holy purpose now worn down to a fine sinew of steel.","سلاح كان يشع في الماضي بغاية مقدسة، لكنه الآن يهمس فقط بعهود منكوثة ونبوءات خائبة."
"items.gear.weapons.2Handed.curvedGreatswords.divineScimitar.Name","Divine Scimitar","سيف مقوس إلهي"
"items.gear.weapons.2Handed.curvedGreatswords.sunbeam.Description","The raiders of Darshem only attack at noon, holding these swords aloft to blind enemies with their shine.","يهاجم غزاة دارشيم فقط عند الظهيرة، حاملين مثل هذه الشفرات العريضة لتعمي أعداءهم بضوء الشمس المنعكس قبل تقطيعهم."
"items.gear.weapons.2Handed.curvedGreatswords.sunbeam.Name","Sunbeam","شعاع الشمس"
"items.gear.weapons.2Handed.doubleDaggers.ashSoothedDaggers.Description","Ashes from the forge are rubbed into their surface, dulling their shine but sharpening their point.","يُفرك الرماد الناتج من الكور على أسطحها لإخماد أي بريق وكتم صرخات من يُطعنون بها."
"items.gear.weapons.2Handed.doubleDaggers.ashSoothedDaggers.Name","Ash Soothed Daggers","خناجر مهدأة بالرماد"
"items.gear.weapons.2Handed.doubleDaggers.bleedersDelight.Description","Daggers designed for rapid, deep punctures to desanguinate with ease.","خناجر صُممت لإحداث طعنات عميقة وسريعة تسحب الدماء بغزارة يصعب وقفها."
"items.gear.weapons.2Handed.doubleDaggers.bleedersDelight.Name","Bleeder's Delight","بهجة النزاف"
"items.gear.weapons.2Handed.doubleDaggers.brothersKeepers.Description","""Which blade will stand watch while the other sleeps? Neither, my blades never rest."" - old Kylesh proverb","""أي النصلين سيقف حارسًا بينما يغوص الآخر في العتمة؟ شفرتان تؤديان رقصة موت متناغمة."""
"items.gear.weapons.2Handed.doubleDaggers.brothersKeepers.Name","Brothers Keepers","حارسا الإخوة"
"items.gear.weapons.2Handed.doubleDaggers.chippedDaggers.Description","It's a cruel irony that the more a dagger decays, the more viciously it tears into flesh.","من المفارقات القاسية أنه كلما تآكل الخنجر وكثرت ثلومه، كلما أصبحت جراحه أكثر تمزقًا ووحشية."
"items.gear.weapons.2Handed.doubleDaggers.chippedDaggers.Name","Chipped Daggers","خناجر مثلومة"
"items.gear.weapons.2Handed.doubleDaggers.rogueMesser.Description","A rogue's dagger should be forged as a rogue's life is lived - not too short, not too long, and ending swiftly.","ينبغي لخنجر الصعلوك أن يُصاغ كما يعيش صاحبه: بلا قيود، حادًا بما يكفي لقطع الخيوط، وسريعًا بما يكفي لإنهاء النزاع في طرفة عين."
"items.gear.weapons.2Handed.doubleDaggers.rogueMesser.Name","Rogue Messer","خنجر الصعلوك"
"items.gear.weapons.2Handed.gauntlets.clawOfTheCrescentMoon.Description","When a body is discovered at daybreak with three deep rents down its back, authorities know to leave well enough alone.","حين يُعثر على جثة عند بزوغ الفجر ممزقة بضربة منحنية كالهلال، يدرك الجميع أن قاتل الظل قد أتم مهمته."
"items.gear.weapons.2Handed.gauntlets.clawOfTheCrescentMoon.Name","Claw of the Crescent Moon","مخلب الهلال"
"items.gear.weapons.2Handed.gauntlets.crystalFist.Description","A diamond is harder than bone, and it’s happy to prove it.","الماس أصلب من العظام، ويسره دومًا تحطيم كل ما يعترض طريقه بضربة مدوية."
"items.gear.weapons.2Handed.gauntlets.crystalFist.Name","Crystal Fist","قبضة بلورية"
"items.gear.weapons.2Handed.gauntlets.cursedUnguis.Description","Long ago a forgotten warrior made a dark bargain, trading flesh for power. This is all that remains.","منذ زمن بعيد، عقد محارب منسي صفقة مظلمة، فتحولت أظافره إلى مخالب كابوسية لا تشبع من الدم."
"items.gear.weapons.2Handed.gauntlets.cursedUnguis.Name","Cursed Unguis","مخلب ملعون"
"items.gear.weapons.2Handed.gauntlets.deadfang.Description","Late at night, when the world is quiet and still, you can faintly hear it pleading for its next meal.","في وقت متأخر من الليل، حين يهدأ العالم، يزعم البعض أن هذه القفازات تصدر صريرًا جائعًا لكسر الفكوك."
"items.gear.weapons.2Handed.gauntlets.deadfang.Name","Deadfang","ناب ميت"
"items.gear.weapons.2Handed.gauntlets.emeraldTalons.Description","Not all craftsmen work the loom or potter’s wheel. The Balak Taw know - violence too is an art.","لا يعمل كل الحرفيين على النول أو عجلة الخزاف؛ فقد صاغ سيد أحجار هذه المخالب لتجمع بين الفخامة والفتك."
"items.gear.weapons.2Handed.gauntlets.emeraldTalons.Name","Emerald Talons","مخالب الزمرد"
"items.gear.weapons.2Handed.gauntlets.gossamerGauntlets.Description","With steel spun fine as a spider’s thread, these blades rip wounds as gaping as a bear's bite.","فولاذ مغزول بدقة كخيوط العنكبوت، يمنح مرتديها خفة لا تُضاهى مع شفرات مخفية تقطع بنعومة."
"items.gear.weapons.2Handed.gauntlets.gossamerGauntlets.Name","Gossamer Gauntlets","قفازات الحرير الرقيق"
"items.gear.weapons.2Handed.gauntlets.gutterpig.Description","The Boarskin deliberately leave their blades uncleaned. Infection leads to rot, and rot leads to victory .","يترك أفراد جلد الخنزير شفراتهم صدئة وملوثة بقذارة المزاريب لضمان تعفن جروح كل من يلمسونه."
"items.gear.weapons.2Handed.gauntlets.gutterpig.Name","Gutterpig","خنزير المزاريب"
"items.gear.weapons.2Handed.gauntlets.ironstudInterrogators.Description","The Knights of Tanth popularized this design for both open combat and backroom “questioning”. Answers tend to dislodge as fast as teeth.","روّج فرسان تانث هذا التصميم المكسو بالمسامير؛ لكمة واحدة كافية لانتزاع الحقيقة وسحق الأسنان."
"items.gear.weapons.2Handed.gauntlets.ironstudInterrogators.Name","Ironstud Interrogators","مستجوبات المسامير الحديدية"
"items.gear.weapons.2Handed.gauntlets.nithGrovebinders.Description","Wood rots, cloth frays, stone crumbles, but fury smolders eternal.","يتعفن الخشب، ويبلى القماش، ويتفتت الحجر، لكن سموم هذا البستان تظل حية ونابضة عبر هذه الأربطة."
"items.gear.weapons.2Handed.gauntlets.nithGrovebinders.Name","Nith Grovebinders","مربطات بستان نيث"
"items.gear.weapons.2Handed.gauntlets.reibachsClaws.Description","It cuts as clean as a surgeon’s scalpel, only its patients rarely recover.","تقطع بنظافة مشرط الجراح، فقط إذا كان الجراح مجنونًا لا يسعى إلا لتمزيق ضحيته."
"items.gear.weapons.2Handed.gauntlets.reibachsClaws.Name","Reibach's Claws","مخالب ريباخ"
"items.gear.weapons.2Handed.gauntlets.shellguardGauntlets.Description","One step above tying rocks to your fists - these gloves are meant to pulp and pulverize. Grace is for dancers.","خطوة واحدة أعلى من ربط الصخور بقبضتيك - قشور بحرية صلبة ومرعبة في القتال القريب."
"items.gear.weapons.2Handed.gauntlets.shellguardGauntlets.Name","Shellguard Gauntlets","قفازات واقي القوقعة"
"items.gear.weapons.2Handed.gauntlets.sunsScorn.Description","Some say the sun is fueled by fire. Others insist it’s rage.","يقول البعض إن الشمس تتغذى بالنار، بينما يرى آخرون أنها تشتعل بالاحتقار المطلق للظلام وأهله."
"items.gear.weapons.2Handed.gauntlets.sunsScorn.Name","Sun's Scorn","ازدراء الشمس"
"items.gear.weapons.2Handed.gauntlets.swampNail.Description","War is messy. Why shouldn’t one’s injuries be the same?","الحرب فوضوية وبشعة، فلماذا لا تكون جراح المرء قذرة ومسمومة مثلها تمامًا؟"
"items.gear.weapons.2Handed.gauntlets.swampNail.Name","Swamp Nail","مسمار المستنقع"
"items.gear.weapons.2Handed.gauntlets.theDawnNeverComes.Description","Cerim texts contain no reference to a life after the Pestilence is gone.","لا تحوي نصوص السيريم أي إشارة لحياة بعد الموت؛ فقط ظلام أبدي ينتظر من تسقطهم هذه القفازات."
"items.gear.weapons.2Handed.gauntlets.theDawnNeverComes.Name","The Dawn Never Comes","الفجر لا يأتي أبدًا"
"items.gear.weapons.2Handed.gauntlets.wovenWraps.Description","Simple cloth wraps for those who trust that their fists are plenty hard enough.   ","لفائف قماشية بسيطة لمن يثقون بأن قبضاتهم المجردة وسرعتهم تكفيان لتحطيم أعدائهم."
"items.gear.weapons.2Handed.gauntlets.wovenWraps.Name","Woven Wraps","لفائف منسوجة"
"items.gear.weapons.2Handed.greataxes.banditsCleaver.Description","A heavy iron axe carried often by bandits, and a testament to the fact that not all threats are hollow.","فأس حديدية ثقيلة يحملها قطاع الطرق، وهي أداة لإثارة الرعب وقطع سبل النجاة."
"items.gear.weapons.2Handed.greataxes.banditsCleaver.Name","Bandit's Cleaver","ساطور قاطع الطريق"
"items.gear.weapons.2Handed.greataxes.boarskinReaper.Description","There is no piece of nature's bounty and grace that the Boarskin can't defile.","لا تسلم أي هبة من الطبيعة من تدنيس عشيرة جلود الخنازير؛ فأس هائلة تذبح بلا تمييز."
"items.gear.weapons.2Handed.greataxes.boarskinReaper.Name","Boarskin Reaper","حاصد جلد الخنزير"
"items.gear.weapons.2Handed.greataxes.brokenFang.Description","A shattered axe, having long since left pieces of itself buried in skulls and rib cages, but still deadly.","فأس محطمة النصل، تركت منذ زمن بعيد شظايا منها في جماجم وحوش لا حصر لها."
"items.gear.weapons.2Handed.greataxes.brokenFang.Name","Broken Fang","ناب مكسور"
"items.gear.weapons.2Handed.greataxes.cerimsSkyrend.Description","Those who can no longer hear the Sayer over the howl of their own madness should be pitied. Pitied and feared.","أولئك الذين لم يعودوا قادرين على سماع صوت المتحدث وسط دوي المعركة، يتركون هذه الفأس لتتحدث بنيابة عنهم."
"items.gear.weapons.2Handed.greataxes.cerimsSkyrend.Name","Cerim's Skyrend","شاق سماء السيريم"
"items.gear.weapons.2Handed.greataxes.gildedTwibill.Description","""Paint your axe gold, so that your enemies may mistake the shine in their skull for heaven."" - old proverb","""اطلِ فأسك بالذهب، حتى يرى أعداؤك ثروتك تنزل على رؤوسهم قبل أن يفقدوا البصر."""
"items.gear.weapons.2Handed.greataxes.gildedTwibill.Name","Gilded Twibill","فأس مذهبة ذات حدين"
"items.gear.weapons.2Handed.greataxes.harvestersDread.Description","Before being twisted into Harvesters, many woodsmen would set camp for their families near the forest. Hence the oldest blood on their axes.","قبل تحولهم إلى حصادين مسوخ، كان العديد منهم حطابين بسطاء يقدسون هذه الفؤوس الضخمة."
"items.gear.weapons.2Handed.greataxes.harvestersDread.Name","Harvester's Dread","فزع الحصّاد"
"items.gear.weapons.2Handed.greataxes.hurosGreatAxe.Description","In the legend of Huro, he used his axe to fell an entire forest, as well as the minor god he angered in doing so.","في أسطورة هورو، استخدم فأسه لإسقاط أشجار الغابة المحرمة وصنع سفينة عبرت بحر الرماد."
"items.gear.weapons.2Handed.greataxes.hurosGreatAxe.Name","Huro's Great Axe","فأس هورو العظيمة"
"items.gear.weapons.2Handed.greataxes.midnightShredder.Description","Not all great axes are graceless, brutal weapons. But this one is.","ليست كل الفؤوس العظيمة أسلحة خرقاء وخرقاء؛ فهذه الفأس توازن بين الثقل الساحق والرشاقة القاتلة."
"items.gear.weapons.2Handed.greataxes.midnightShredder.Name","Midnight Shredder","مفرمة منتصف الليل"
"items.gear.weapons.2Handed.greataxes.shortBardiche.Description","It's considered a sign of respect from the Riders of Langold if they face you with the longer of twin axe faces.","يُعتبر توجيه ضربة بهذا السلاح علامة احترام بين مقاتلي الأنهار، احترام ينتهي غالبًا بقطع الرأس."
"items.gear.weapons.2Handed.greataxes.shortBardiche.Name","Short Bardiche","برديش قصير"
"items.gear.weapons.2Handed.greataxes.spalledAxe.Description","The Dasha people of Marin eschew weapons, but their sturdy axes don't care how they're put to use.","ينبذ شعب داشا في مارين الأسلحة التقليدية، لكن شظايا الصخور المشحوذة تكفي للفتك بمن يقترب من أراضيهم."
"items.gear.weapons.2Handed.greataxes.spalledAxe.Name","Spalled Axe","فأس مفلوقة"
"items.gear.weapons.2Handed.greatclubs.brutishCudgel.Description","It's an ongoing debate as to whether giants ever roamed the land. Clubs such as these keep the question open.","لا يزال الجدال قائمًا حول ما إذا كانت العمالقة قد جابت ساكرا يومًا، لكن حجم هذه الهراوة يرجح ذلك."
"items.gear.weapons.2Handed.greatclubs.brutishCudgel.Name","Brutish Cudgel","هراوة وحشية"
"items.gear.weapons.2Handed.greatclubs.eveningStar.Description","No dawn follows the blow of an Evening Star.","لا يعقب ضربة نجم المساء أي فجر؛ بل نوم أبدي تحت الثرى."
"items.gear.weapons.2Handed.greatclubs.eveningStar.Name","Evening Star","نجم المساء"
"items.gear.weapons.2Handed.greatclubs.fetidClub.Description","As one counts the years ringed on a tree trunk, one can count the lives smeared on this massive staff.","كما تُعد الحلقات على جذع الشجرة لمعرفة عمرها، تُعد طبقات الدم والصديد على هذه الهراوة لمعرفة ضحاياها."
"items.gear.weapons.2Handed.greatclubs.fetidClub.Name","Fetid Club","هراوة نتنة"
"items.gear.weapons.2Handed.greatclubs.paddle.Description","A massive paddle.","مجداف خشبي ضخم استُخدم في الأصل لدفع قوارب الحصون البحرية، وأعيد استخدامه لسحق الرؤوس."
"items.gear.weapons.2Handed.greatclubs.paddle.Name","Paddle","مجداف ضخم"
"items.gear.weapons.2Handed.greathammers.budOfTheEverlastingTree.Description","A strange growth cut from a holy tree - it continues to grow with each swing, as if fed by blood.","نمو غريب قُطع من شجرة مقدسة - يحمل طاقة حيوية غامضة تحطمت تحت وطأتها صخور لا حصر لها."
"items.gear.weapons.2Handed.greathammers.budOfTheEverlastingTree.Name","Bud of the Everlasting Tree","برعم الشجرة الخالدة"
"items.gear.weapons.2Handed.greathammers.cinder&Stone.Description","Studded with small, strange faces, it's said to be the burial tool for a long lost hill tribe.","مرصعة بوجوه صغيرة وغريبة، يقال إنها تسمع تنهدات الأرواح التي سُحقت تحت وزنها الحجري."
"items.gear.weapons.2Handed.greathammers.cinder&Stone.Name","Cinder & Stone","رماد وحجر"
"items.gear.weapons.2Handed.greathammers.festeringCleft.Description","A sickly stone affixed to a shaft. Perhaps it will shatter tomorrow. Perhaps never.","حجر مريض مثبت على عمود خشبي، ينز إفرازات وبائية مع كل ارتطام مدوٍ."
"items.gear.weapons.2Handed.greathammers.festeringCleft.Name","Festering Cleft","صدع متقيح"
"items.gear.weapons.2Handed.greathammers.poundOfCadavers.Description","The blood, bones, and flesh of fallen warriors woven into a grotesque amalgamation.","دماء وعظام ولحوم المحاربين الساقطين تيبست على هذا السلاح حتى صار وزنه ساحقًا لا يُحتمل."
"items.gear.weapons.2Handed.greathammers.poundOfCadavers.Name","Pound of Cadavers","رطل الجثث"
"items.gear.weapons.2Handed.greathammers.splicedHammer.Description","Originally designed for shattering unruly stones, it seems to take greater pleasure doing the same to skulls.","صُممت في الأصل لتفتيت الحجارة العنيدة في المحاجر، ثم اكتشف الحراس فعاليتها في تفتيت العظام."
"items.gear.weapons.2Handed.greathammers.splicedHammer.Name","Spliced Hammer","مطرقة موصولة"
"items.gear.weapons.2Handed.greathammers.toothOfTheAncientOne.Description","The tooth of an unknown monstrosity. With any luck, its owner is no longer searching for it.","سن كائن وحشي مجهول، مثبت بقضبان حديدية ليشكل مطرقة مدمرة ترعب كل ناظر."
"items.gear.weapons.2Handed.greathammers.toothOfTheAncientOne.Name","Tooth of the Ancient One","سن الكائن القديم"
"items.gear.weapons.2Handed.greathammers.weepingEarth.Description","A tree trunk forms a crude but effective mallet, used by those Risen raiders weighty enough to lift it.","جذع شجرة يشكل مطرقة فظة ولكنها شديدة الفعالية، تئن الأرض لبكائها عند كل ضربة تسددها."
"items.gear.weapons.2Handed.greathammers.weepingEarth.Name","Weeping Earth","الأرض الباكية"
"items.gear.weapons.2Handed.greatswords.blister.Description","It's said that if a shard of this jagged sword chips off, it will grow in its victim's body, turning their blood to iron.","يقال إنه إذا انكسرت شظية من هذا السيف المسنن داخل الجرح، فإن اللحم المحيط يتقيح في ثوانٍ."
"items.gear.weapons.2Handed.greatswords.blister.Name","Blister","بثرة"
"items.gear.weapons.2Handed.greatswords.claymore.Description","A remnant of simpler times, when one knight faced another in an open field.","بقايا أزمنة أبسط، حين كان الفرسان يتبارزون بنبالة وشرف قبل أن يلوث الوباء كل شيء."
"items.gear.weapons.2Handed.greatswords.claymore.Name","Claymore","كلايمور"
"items.gear.weapons.2Handed.greatswords.corpseSmearedBlade.Description","Previously wielded by a plagued monstrosity, no amount of scrubbing seems able to remove the stench.","كان يحمله في السابق وحش موبوء، ولا تزال الدماء الفاسدة تغطي حوافه كطبقة سميكة من السموم."
"items.gear.weapons.2Handed.greatswords.corpseSmearedBlade.Name","Corpse Smeared Blade","نصل ملطخ بالجثث"
"items.gear.weapons.2Handed.greatswords.falsteadsFury.Description","This towering blade seems heavy with memory - battles won and lost and never fought.","يبدو هذا السيف الشاهق مثقلاً بالذكريات - ذكريات الخيانة والحروب التي لا تنتهي."
"items.gear.weapons.2Handed.greatswords.falsteadsFury.Name","Falstead's Fury","غضب فالستيد"
"items.gear.weapons.2Handed.greatswords.festeringEarth.Description","A long buried blade, chewed away by the elements, dragged out of its grave for one final campaign.","سيف دُفن طويلاً وتآكل بفعل عوامل الطبيعة والفساد الكامن في أعماق ساكرا."
"items.gear.weapons.2Handed.greatswords.festeringEarth.Name","Festering Earth","أرض متقيحة"
"items.gear.weapons.2Handed.greatswords.freiheit.Description","A weapon made famous from its use by freedom fighters during the Monksbane Wars.","سلاح اشتهر باستخدامه من قبل مقاتلي الحرية في تمرد الشمال؛ نصله عريض وثقيل كالحرية ذاتها."
"items.gear.weapons.2Handed.greatswords.freiheit.Name","Freiheit","فرايهايت"
"items.gear.weapons.2Handed.greatswords.gnarledSaw.Description","If its first swing doesn't sever a limb, a few back and forth motions will do the trick.","إذا لم تبتر ضربته الأولى أحد الأطراف، فإن أسنانه المعقودة كفيلة بنزع اللحم عن العظم."
"items.gear.weapons.2Handed.greatswords.gnarledSaw.Name","Gnarled Saw","منشار معقود"
"items.gear.weapons.2Handed.greatswords.icebreaker.Description","Used in winter to shear off great blocks of ice, it finds other uses year round.","استُخدم في الشتاء لقص كتل الجليد الضخمة عن السفن، وتحول في الحرب إلى سلاح فتاك ضد الدروع الثقيلة."
"items.gear.weapons.2Handed.greatswords.icebreaker.Name","Icebreaker","كاسر الجليد"
"items.gear.weapons.2Handed.greatswords.mayhem.Description","The brutal, massive blade of an executioner who has lost their purpose but not their calling.","النصل الضخم والوحشي لجلاد لم يكن يفرق بين المذنب والبريء في خضم جنونه."
"items.gear.weapons.2Handed.greatswords.mayhem.Name","Mayhem","فوضى عارمة"
"items.gear.weapons.2Handed.greatswords.shatteredSun.Description","A design that saw great popularity in Phalen until its designer was caught in bed with the King's nephew.","تصميم حظي بشعبية واسعة في معابد فالن قبل سقوطها؛ سيف ضخم يشع بنور باهت ومتصدع."
"items.gear.weapons.2Handed.greatswords.shatteredSun.Name","Shattered Sun","شمس محطمة"
"items.gear.weapons.2Handed.greatswords.sieger.Description","Stamped with the seal of the great smith Tomlin the Third, its blade will cut a falling feather in two.","يحمل ختم الحداد العظيم توملين، وصُنع ليقود الحصارات ويخترق أقوى بوابات المدن المحصنة."
"items.gear.weapons.2Handed.greatswords.sieger.Name","Sieger","المنتصر"
"items.gear.weapons.2Handed.greatswords.summersSting.Description","The knights of Elgarth test their blade's edge by counting the stalks of wheat they can fell in a single swing.","يختبر فرسان إلغارث حدة سيوفهم بقطع لهب المشاعل، وهذا السيف يترك أثرًا حارقًا مع كل ضربة."
"items.gear.weapons.2Handed.greatswords.summersSting.Name","Summer's Sting","لدغة الصيف"
"items.gear.weapons.2Handed.halberds.boleinPolearm.Description","Few sights are more intimidating than a sea of Bolein knights, each hoisting their phoenix beak aloft.","قلة من المشاهد أكثر رعبًا من بحر من فرسان بولين يتقدمون بهذه الرماح القاطعة."
"items.gear.weapons.2Handed.halberds.boleinPolearm.Name","Bolein Polearm","سلاح بولين الموصول"
"items.gear.weapons.2Handed.halberds.regalCleft.Description","It's tradition for an apprenticing mainland knight to choose the stone to serve as his halberd's counterweight.","من التقاليد العريقة لفرسان القارة المتدربين تقديم مثل هذا السلاح المصقول عند نيل لقب الفارس."
"items.gear.weapons.2Handed.halberds.regalCleft.Name","Regal Cleft","شق ملكي"
"items.gear.weapons.2Handed.halberds.serratedCutter.Description","A grisly polearm carried often by Havenport guards - Governor Grafston's idea of ""justice with teeth.""","سلاح رمحي مروع يحمله عادة حراس هافنبورت لتمزيق أشرعة العدو وأجساد المتمردين."
"items.gear.weapons.2Handed.halberds.serratedCutter.Name","Serrated Cutter","قاطع مسنن"
"items.gear.weapons.2Handed.scythes.hopeShorn.Description","The scythe of The Reapers - a sadistic death cult - this unholy weapon whispers a dark thirst.","منجل الحصادين - أداة موت سادية تشهد نصولها على حصاد أرواح لا حصر لها."
"items.gear.weapons.2Handed.scythes.hopeShorn.Name","Hope Shorn","أمل مقصوص"
"items.gear.weapons.2Handed.scythes.scytheOfWretches.Description","Before the pestilence rotted their minds and limbs, the Nith used such scythes to harvest swampgrass roots.","قبل أن يفتك الوباء بعقولهم وأجسادهم، كان مزارعو ساكرا يستخدمون هذه المناجل لجمع المحاصيل البسيطة."
"items.gear.weapons.2Handed.scythes.scytheOfWretches.Name","Scythe of Wretches","منجل البؤساء"
"items.gear.weapons.2Handed.scythes.soulThresher.Description","""Easy to separate a head from a neck, far harder to separate a soul from a body."" - Thorn executioner axiom","""من السهل فصل الرأس عن العنق، لكن من الأصعب بكثير انتزاع الروح من قبضتها الدنيوية."""
"items.gear.weapons.2Handed.scythes.soulThresher.Name","Soul Thresher","دراس الأرواح"
"items.gear.weapons.2Handed.staves.caretakersRuinedStaff.Description","A Dasha Caretaker's staff, only grown putrid and diseased. Lulling voices can almost be heard wafting from it.","صولجان يخص مشرفًا من الداشا، لم يزده العفن إلا سوادًا وانبعاثًا للسموم الفاسدة."
"items.gear.weapons.2Handed.staves.caretakersRuinedStaff.Name","Caretaker's Ruined Staff","صولجان المشرف المحطم"
"items.gear.weapons.2Handed.staves.cursedCrone.Description","Some say witches still lurk in Sacra's dark corners, crafting tools out of wood, mold, and unlucky creatures.","يقول البعض إن الساحرات لا يزلن يتربصن في كهوف ساكرا المظلمة، ممسكات بمثل هذه العصي العقدية."
"items.gear.weapons.2Handed.staves.cursedCrone.Name","Cursed Crone","العجوز الملعونة"
"items.gear.weapons.2Handed.staves.driedHive.Description","A dried out hive of spores, tainting the air with each swing, fungi happy to take root inside a foe's lungs.","خلية أبواغ مجففة تلوث الهواء من حولها بمسحوق سام يربك الأعداء."
"items.gear.weapons.2Handed.staves.driedHive.Name","Dried Hive","خلية مجففة"
"items.gear.weapons.2Handed.staves.endlessWinter.Description","The cold shatters all things – the spirits of men and their bones as well.","يحطم البرد كل شيء - أرواح الرجال، وجبال الحجر، وحتى شعلة الأمل الأخيرة في القلوب."
"items.gear.weapons.2Handed.staves.endlessWinter.Name","Endless Winter","شتاء لا ينتهي"
"items.gear.weapons.2Handed.staves.fallingSky.Description","A stave made from a ring of rock that tumbled down from the heavens, its curve strangely perfect.","صولجان صُنع من حلقة حجرية سقطت من نجم متهاوٍ، يحمل ثقل الفضاء وعتمته."
"items.gear.weapons.2Handed.staves.fallingSky.Name","Falling Sky","سماء ساقطة"
"items.gear.weapons.2Handed.staves.falseTruth.Description","A staff for those who feed on deception, who mimic their meals rather than confront them.","صولجان لمن يقتاتون على الخداع، ولمن يعلمون أن الوهم المتقن أقوى من أي حقيقة صلبة."
"items.gear.weapons.2Handed.staves.falseTruth.Name","False Truth","حقيقة زائفة"
"items.gear.weapons.2Handed.staves.gnarledStaff.Description","The pitiful husk of a tree, once burned by lightning; now it harbors the power to burn grown men to ash.","قشرة بائسة لشجرة احترقت ذات يوم بصاعقة برق، ولا تزال تحتفظ بشرارة الغضب الكامن."
"items.gear.weapons.2Handed.staves.gnarledStaff.Name","Gnarled Staff","صولجان معقود"
"items.gear.weapons.2Handed.staves.pinwheelStaff.Description","A staff made from a wagon wheel and a fetid urn. There are no limits to man's ingenuity.","صولجان صُنع من عجلة عربة وجرة عفنة، يحمل طابع السحر الشعبي الخام وغير المصقول."
"items.gear.weapons.2Handed.staves.pinwheelStaff.Name","Pinwheel Staff","صولجان دولاب الهواء"
"items.gear.weapons.2Handed.staves.sinnersCrown.Description","For some, atonement is eternal. Shackles cast off, cell opened, but punishment carried with them always.","بالنسبة للبعض، التكفير عن الذنب أبدي؛ قيود صُهرت لتشكل صولجانًا يذكر حامله بآثامه."
"items.gear.weapons.2Handed.staves.sinnersCrown.Name","Sinner's Crown","تاج الخاطئ"
"items.gear.weapons.2Handed.staves.spherin.Description","The long-dead guardians of the Frozen Peaks carried these staffs - like all of winter held in a clenched fist.","كان حراس القمم الجليدية الراحلون منذ زمن بعيد يحملون هذا الصولجان لحفظ التوازن بين الرياح والجليد."
"items.gear.weapons.2Handed.staves.spherin.Name","Spherin","سفيرين"
"items.gear.weapons.2Handed.staves.stagOfEmbers.Description","A smoldering effigy of occult origins. Whomever holds it speaks for all the forests felled and silenced.","تمثال مشتعل ذو أصول غامضة؛ كل من لمس قرونه المتفحمة ادعى أنه سمع نداء النار في قلبه."
"items.gear.weapons.2Handed.staves.stagOfEmbers.Name","Stag of Embers","أيل الجمر"
"items.gear.weapons.2Handed.unarmed.unarmed.Description","You were born with two fists - might as well put them to use.","ولدت بقبضتين - وقد حان الوقت لاستخدامهما في شق طريقك."
"items.gear.weapons.2Handed.unarmed.unarmed.Name","Unarmed","أعزل"
"items.gems.amethysts.chippedAmethyst.Description","Can be used to infuse <color=#F2E6BD>weapons</color> and <color=#F2E6BD>armor</color>.","يمكن استخدامه لشحن <color=#F2E6BD>الأسلحة</color> و<color=#F2E6BD>الدروع</color>."
"items.gems.amethysts.chippedAmethyst.Name","Chipped Amethyst","جمشت مثلوم"
"items.gems.amethysts.clearAmethyst.Description","Can be used to infuse <color=#F2E6BD>weapons</color> and <color=#F2E6BD>armor</color>.","يمكن استخدامه لشحن <color=#F2E6BD>الأسلحة</color> و<color=#F2E6BD>الدروع</color>."
"items.gems.amethysts.clearAmethyst.Name","Clear Amethyst","جمشت نقي"
"items.gems.amethysts.mottledAmethyst.Description","Can be used to infuse <color=#F2E6BD>weapons</color> and <color=#F2E6BD>armor</color>.","يمكن استخدامه لشحن <color=#F2E6BD>الأسلحة</color> و<color=#F2E6BD>الدروع</color>."
"items.gems.amethysts.mottledAmethyst.Name","Mottled Amethyst","جمشت أرقط"
"items.gems.blackPearls.chippedBlackPearl.Description","Can be used to infuse <color=#F2E6BD>weapons</color> and <color=#F2E6BD>armor</color>.","يمكن استخدامه لشحن <color=#F2E6BD>الأسلحة</color> و<color=#F2E6BD>الدروع</color>."
"items.gems.blackPearls.chippedBlackPearl.Name","Chipped Black Pearl","لؤلؤة سوداء مثلومة"
"items.gems.blackPearls.clearBlackPearl.Description","Can be used to infuse <color=#F2E6BD>weapons</color> and <color=#F2E6BD>armor</color>.","يمكن استخدامه لشحن <color=#F2E6BD>الأسلحة</color> و<color=#F2E6BD>الدروع</color>."
"items.gems.blackPearls.clearBlackPearl.Name","Clear Black Pearl","لؤلؤة سوداء نقية"
"items.gems.blackPearls.mottledBlackPearl.Description","Can be used to infuse <color=#F2E6BD>weapons</color> and <color=#F2E6BD>armor</color>.","يمكن استخدامه لشحن <color=#F2E6BD>الأسلحة</color> و<color=#F2E6BD>الدروع</color>."
"items.gems.blackPearls.mottledBlackPearl.Name","Mottled Black Pearl","لؤلؤة سوداء أرقطة"
"items.gems.bloodStones.chippedBloodStone.Description","Can be used to infuse <color=#F2E6BD>weapons</color> and <color=#F2E6BD>armor</color>.","يمكن استخدامه لشحن <color=#F2E6BD>الأسلحة</color> و<color=#F2E6BD>الدروع</color>."
"items.gems.bloodStones.chippedBloodStone.Name","Chipped Blood Stone","حجر دم مثلوم"
"items.gems.bloodStones.clearBloodStone.Description","Can be used to infuse <color=#F2E6BD>weapons</color> and <color=#F2E6BD>armor</color>.","يمكن استخدامه لشحن <color=#F2E6BD>الأسلحة</color> و<color=#F2E6BD>الدروع</color>."
"items.gems.bloodStones.clearBloodStone.Name","Clear Blood Stone","حجر دم نقي"
"items.gems.bloodStones.mottledBloodStone.Description","Can be used to infuse <color=#F2E6BD>weapons</color> and <color=#F2E6BD>armor</color>.","يمكن استخدامه لشحن <color=#F2E6BD>الأسلحة</color> و<color=#F2E6BD>الدروع</color>."
"items.gems.bloodStones.mottledBloodStone.Name","Mottled Blood Stone","حجر دم أرقط"
"items.gems.diamonds.chippedDiamond.Description","Can be used to infuse <color=#F2E6BD>weapons</color> and <color=#F2E6BD>armor</color>.","يمكن استخدامه لشحن <color=#F2E6BD>الأسلحة</color> و<color=#F2E6BD>الدروع</color>."
"items.gems.diamonds.chippedDiamond.Name","Chipped Diamond","ألماس مثلوم"
"items.gems.diamonds.clearDiamond.Description","Can be used to infuse <color=#F2E6BD>weapons</color> and <color=#F2E6BD>armor</color>.","يمكن استخدامه لشحن <color=#F2E6BD>الأسلحة</color> و<color=#F2E6BD>الدروع</color>."
"items.gems.diamonds.clearDiamond.Name","Clear Diamond","ألماس نقي"
"items.gems.diamonds.mottledDiamond.Description","Can be used to infuse <color=#F2E6BD>weapons</color> and <color=#F2E6BD>armor</color>.","يمكن استخدامه لشحن <color=#F2E6BD>الأسلحة</color> و<color=#F2E6BD>الدروع</color>."
"items.gems.diamonds.mottledDiamond.Name","Mottled Diamond","ألماس أرقط"
"items.gems.dianites.chippedDianite.Description","Can be used to infuse <color=#F2E6BD>weapons</color> and <color=#F2E6BD>armor</color>.","يمكن استخدامه لشحن <color=#F2E6BD>الأسلحة</color> و<color=#F2E6BD>الدروع</color>."
"items.gems.dianites.chippedDianite.Name","Chipped Dianite","ديانيت مثلوم"
"items.gems.dianites.clearDianite.Description","Can be used to infuse <color=#F2E6BD>weapons</color> and <color=#F2E6BD>armor</color>.","يمكن استخدامه لشحن <color=#F2E6BD>الأسلحة</color> و<color=#F2E6BD>الدروع</color>."
"items.gems.dianites.clearDianite.Name","Clear Dianite","ديانيت نقي"
"items.gems.dianites.mottledDianite.Description","Can be used to infuse <color=#F2E6BD>weapons</color> and <color=#F2E6BD>armor</color>.","يمكن استخدامه لشحن <color=#F2E6BD>الأسلحة</color> و<color=#F2E6BD>الدروع</color>."
"items.gems.dianites.mottledDianite.Name","Mottled Dianite","ديانيت أرقط"
"items.gems.emeralds.chippedEmerald.Description","Can be used to infuse <color=#F2E6BD>weapons</color> and <color=#F2E6BD>armor</color>.","يمكن استخدامه لشحن <color=#F2E6BD>الأسلحة</color> و<color=#F2E6BD>الدروع</color>."
"items.gems.emeralds.chippedEmerald.Name","Chipped Emerald","زمرد مثلوم"
"items.gems.emeralds.clearEmerald.Description","Can be used to infuse <color=#F2E6BD>weapons</color> and <color=#F2E6BD>armor</color>.","يمكن استخدامه لشحن <color=#F2E6BD>الأسلحة</color> و<color=#F2E6BD>الدروع</color>."
"items.gems.emeralds.clearEmerald.Name","Clear Emerald","زمرد نقي"
"items.gems.emeralds.mottledEmerald.Description","Can be used to infuse <color=#F2E6BD>weapons</color> and <color=#F2E6BD>armor</color>.","يمكن استخدامه لشحن <color=#F2E6BD>الأسلحة</color> و<color=#F2E6BD>الدروع</color>."
"items.gems.emeralds.mottledEmerald.Name","Mottled Emerald","زمرد أرقط"
"items.gems.fangs.clearFang.Description","Can be used to infuse <color=#F2E6BD>weapons</color> and <color=#F2E6BD>armor</color>.","يمكن استخدامه لشحن <color=#F2E6BD>الأسلحة</color> و<color=#F2E6BD>الدروع</color>."
"items.gems.fangs.clearFang.Name","Clear Fang","ناب نقي"
"items.gems.fangs.mottledFang.Description","Can be used to infuse <color=#F2E6BD>weapons</color> and <color=#F2E6BD>armor</color>.","يمكن استخدامه لشحن <color=#F2E6BD>الأسلحة</color> و<color=#F2E6BD>الدروع</color>."
"items.gems.fangs.mottledFang.Name","Mottled Fang","ناب أرقط"
"items.gems.fangs.tinyFang.Description","Can be used to infuse <color=#F2E6BD>weapons</color> and <color=#F2E6BD>armor</color>.","يمكن استخدامه لشحن <color=#F2E6BD>الأسلحة</color> و<color=#F2E6BD>الدروع</color>."
"items.gems.fangs.tinyFang.Name","Tiny Fang","ناب دقيق"
"items.gems.feathers.clearFeather.Description","Can be used to infuse <color=#F2E6BD>weapons</color> and <color=#F2E6BD>armor</color>.","يمكن استخدامه لشحن <color=#F2E6BD>الأسلحة</color> و<color=#F2E6BD>الدروع</color>."
"items.gems.feathers.clearFeather.Name","Clear Feather","ريشة نقية"
"items.gems.feathers.mottledFeather.Description","Can be used to infuse <color=#F2E6BD>weapons</color> and <color=#F2E6BD>armor</color>.","يمكن استخدامه لشحن <color=#F2E6BD>الأسلحة</color> و<color=#F2E6BD>الدروع</color>."
"items.gems.feathers.mottledFeather.Name","Mottled Feather","ريشة أرقطة"
"items.gems.feathers.tinyFeather.Description","Can be used to infuse <color=#F2E6BD>weapons</color> and <color=#F2E6BD>armor</color>.","يمكن استخدامه لشحن <color=#F2E6BD>الأسلحة</color> و<color=#F2E6BD>الدروع</color>."
"items.gems.feathers.tinyFeather.Name","Tiny Feather","ريشة دقيقة"
"items.gems.granites.chippedGranite.Description","Can be used to infuse <color=#F2E6BD>weapons</color> and <color=#F2E6BD>armor</color>.","يمكن استخدامه لشحن <color=#F2E6BD>الأسلحة</color> و<color=#F2E6BD>الدروع</color>."
"items.gems.granites.chippedGranite.Name","Chipped Granite","جرانيت مثلوم"
"items.gems.granites.clearGranite.Description","Can be used to infuse <color=#F2E6BD>weapons</color> and <color=#F2E6BD>armor</color>.","يمكن استخدامه لشحن <color=#F2E6BD>الأسلحة</color> و<color=#F2E6BD>الدروع</color>."
"items.gems.granites.clearGranite.Name","Clear Granite","جرانيت نقي"
"items.gems.granites.mottledGranite.Description","Can be used to infuse <color=#F2E6BD>weapons</color> and <color=#F2E6BD>armor</color>.","يمكن استخدامه لشحن <color=#F2E6BD>الأسلحة</color> و<color=#F2E6BD>الدروع</color>."
"items.gems.granites.mottledGranite.Name","Mottled Granite","جرانيت أرقط"
"items.gems.jades.chippedJade.Description","Can be used to infuse <color=#F2E6BD>weapons</color> and <color=#F2E6BD>armor</color>.","يمكن استخدامه لشحن <color=#F2E6BD>الأسلحة</color> و<color=#F2E6BD>الدروع</color>."
"items.gems.jades.chippedJade.Name","Chipped Jade","يشم مثلوم"
"items.gems.jades.clearJade.Description","Can be used to infuse <color=#F2E6BD>weapons</color> and <color=#F2E6BD>armor</color>.","يمكن استخدامه لشحن <color=#F2E6BD>الأسلحة</color> و<color=#F2E6BD>الدروع</color>."
"items.gems.jades.clearJade.Name","Clear Jade","يشم نقي"
"items.gems.jades.mottledJade.Description","Can be used to infuse <color=#F2E6BD>weapons</color> and <color=#F2E6BD>armor</color>.","يمكن استخدامه لشحن <color=#F2E6BD>الأسلحة</color> و<color=#F2E6BD>الدروع</color>."
"items.gems.jades.mottledJade.Name","Mottled Jade","يشم أرقط"
"items.gems.jewels.chippedJewel.Description","Can be used to infuse <color=#F2E6BD>weapons</color> and <color=#F2E6BD>armor</color>.","يمكن استخدامه لشحن <color=#F2E6BD>الأسلحة</color> و<color=#F2E6BD>الدروع</color>."
"items.gems.jewels.chippedJewel.Name","Chipped Jewel","جوهرة مثلوم"
"items.gems.jewels.clearJewel.Description","Can be used to infuse <color=#F2E6BD>weapons</color> and <color=#F2E6BD>armor</color>.","يمكن استخدامه لشحن <color=#F2E6BD>الأسلحة</color> و<color=#F2E6BD>الدروع</color>."
"items.gems.jewels.clearJewel.Name","Clear Jewel","جوهرة نقي"
"items.gems.jewels.mottledJewel.Description","Can be used to infuse <color=#F2E6BD>weapons</color> and <color=#F2E6BD>armor</color>.","يمكن استخدامه لشحن <color=#F2E6BD>الأسلحة</color> و<color=#F2E6BD>الدروع</color>."
"items.gems.jewels.mottledJewel.Name","Mottled Jewel","جوهرة أرقط"
"items.gems.marbles.chippedMarble.Description","Can be used to infuse <color=#F2E6BD>weapons</color> and <color=#F2E6BD>armor</color>.","يمكن استخدامه لشحن <color=#F2E6BD>الأسلحة</color> و<color=#F2E6BD>الدروع</color>."
"items.gems.marbles.chippedMarble.Name","Chipped Marble","رخام مثلوم"
"items.gems.marbles.clearMarble.Description","Can be used to infuse <color=#F2E6BD>weapons</color> and <color=#F2E6BD>armor</color>.","يمكن استخدامه لشحن <color=#F2E6BD>الأسلحة</color> و<color=#F2E6BD>الدروع</color>."
"items.gems.marbles.clearMarble.Name","Clear Marble","رخام نقي"
"items.gems.marbles.mottledMarble.Description","Can be used to infuse <color=#F2E6BD>weapons</color> and <color=#F2E6BD>armor</color>.","يمكن استخدامه لشحن <color=#F2E6BD>الأسلحة</color> و<color=#F2E6BD>الدروع</color>."
"items.gems.marbles.mottledMarble.Name","Mottled Marble","رخام أرقط"
"items.gems.meteorites.chippedMeteorite.Description","Can be used to infuse <color=#F2E6BD>weapons</color> and <color=#F2E6BD>armor</color>.","يمكن استخدامه لشحن <color=#F2E6BD>الأسلحة</color> و<color=#F2E6BD>الدروع</color>."
"items.gems.meteorites.chippedMeteorite.Name","Chipped Meteorite","نيزك مثلوم"
"items.gems.meteorites.clearMeteorite.Description","Can be used to infuse <color=#F2E6BD>weapons</color> and <color=#F2E6BD>armor</color>.","يمكن استخدامه لشحن <color=#F2E6BD>الأسلحة</color> و<color=#F2E6BD>الدروع</color>."
"items.gems.meteorites.clearMeteorite.Name","Clear Meteorite","نيزك نقي"
"items.gems.meteorites.mottledMeteorite.Description","Can be used to infuse <color=#F2E6BD>weapons</color> and <color=#F2E6BD>armor</color>.","يمكن استخدامه لشحن <color=#F2E6BD>الأسلحة</color> و<color=#F2E6BD>الدروع</color>."
"items.gems.meteorites.mottledMeteorite.Name","Mottled Meteorite","نيزك أرقط"
"items.gems.moonStones.chippedMoonStone.Description","Can be used to infuse <color=#F2E6BD>weapons</color> and <color=#F2E6BD>armor</color>.","يمكن استخدامه لشحن <color=#F2E6BD>الأسلحة</color> و<color=#F2E6BD>الدروع</color>."
"items.gems.moonStones.chippedMoonStone.Name","Chipped Moon Stone","حجر قمر مثلوم"
"items.gems.moonStones.clearMoonStone.Description","Can be used to infuse <color=#F2E6BD>weapons</color> and <color=#F2E6BD>armor</color>.","يمكن استخدامه لشحن <color=#F2E6BD>الأسلحة</color> و<color=#F2E6BD>الدروع</color>."
"items.gems.moonStones.clearMoonStone.Name","Clear Moon Stone","حجر قمر نقي"
"items.gems.moonStones.mottledMoonStone.Description","Can be used to infuse <color=#F2E6BD>weapons</color> and <color=#F2E6BD>armor</color>.","يمكن استخدامه لشحن <color=#F2E6BD>الأسلحة</color> و<color=#F2E6BD>الدروع</color>."
"items.gems.moonStones.mottledMoonStone.Name","Mottled Moon Stone","حجر قمر أرقط"
"items.gems.quartzes.chippedQuartz.Description","Can be used to infuse <color=#F2E6BD>weapons</color> and <color=#F2E6BD>armor</color>.","يمكن استخدامه لشحن <color=#F2E6BD>الأسلحة</color> و<color=#F2E6BD>الدروع</color>."
"items.gems.quartzes.chippedQuartz.Name","Chipped Quartz","كوارتز مثلوم"
"items.gems.quartzes.clearQuartz.Description","Can be used to infuse <color=#F2E6BD>weapons</color> and <color=#F2E6BD>armor</color>.","يمكن استخدامه لشحن <color=#F2E6BD>الأسلحة</color> و<color=#F2E6BD>الدروع</color>."
"items.gems.quartzes.clearQuartz.Name","Clear Quartz","كوارتز نقي"
"items.gems.quartzes.mottledQuartz.Description","Can be used to infuse <color=#F2E6BD>weapons</color> and <color=#F2E6BD>armor</color>.","يمكن استخدامه لشحن <color=#F2E6BD>الأسلحة</color> و<color=#F2E6BD>الدروع</color>."
"items.gems.quartzes.mottledQuartz.Name","Mottled Quartz","كوارتز أرقط"
"items.gems.rubies.chippedRuby.Description","Can be used to infuse <color=#F2E6BD>weapons</color> and <color=#F2E6BD>armor</color>.","يمكن استخدامه لشحن <color=#F2E6BD>الأسلحة</color> و<color=#F2E6BD>الدروع</color>."
"items.gems.rubies.chippedRuby.Name","Chipped Ruby","ياقوت أحمر مثلوم"
"items.gems.rubies.clearRuby.Description","Can be used to infuse <color=#F2E6BD>weapons</color> and <color=#F2E6BD>armor</color>.","يمكن استخدامه لشحن <color=#F2E6BD>الأسلحة</color> و<color=#F2E6BD>الدروع</color>."
"items.gems.rubies.clearRuby.Name","Clear Ruby","ياقوت أحمر نقي"
"items.gems.rubies.mottledRuby.Description","Can be used to infuse <color=#F2E6BD>weapons</color> and <color=#F2E6BD>armor</color>.","يمكن استخدامه لشحن <color=#F2E6BD>الأسلحة</color> و<color=#F2E6BD>الدروع</color>."
"items.gems.rubies.mottledRuby.Name","Mottled Ruby","ياقوت أحمر أرقط"
"items.gems.sapphires.chippedSapphire.Description","Can be used to infuse <color=#F2E6BD>weapons</color> and <color=#F2E6BD>armor</color>.","يمكن استخدامه لشحن <color=#F2E6BD>الأسلحة</color> و<color=#F2E6BD>الدروع</color>."
"items.gems.sapphires.chippedSapphire.Name","Chipped Sapphire","ياقوت أزرق مثلوم"
"items.gems.sapphires.clearSapphire.Description","Can be used to infuse <color=#F2E6BD>weapons</color> and <color=#F2E6BD>armor</color>.","يمكن استخدامه لشحن <color=#F2E6BD>الأسلحة</color> و<color=#F2E6BD>الدروع</color>."
"items.gems.sapphires.clearSapphire.Name","Clear Sapphire","ياقوت أزرق نقي"
"items.gems.sapphires.mottledSapphire.Description","Can be used to infuse <color=#F2E6BD>weapons</color> and <color=#F2E6BD>armor</color>.","يمكن استخدامه لشحن <color=#F2E6BD>الأسلحة</color> و<color=#F2E6BD>الدروع</color>."
"items.gems.sapphires.mottledSapphire.Name","Mottled Sapphire","ياقوت أزرق أرقط"
"items.gems.shieldEmblems.chippedShieldEmblem.Description","Can be used to infuse <color=#F2E6BD>weapons</color> and <color=#F2E6BD>armor</color>.","يمكن استخدامه لشحن <color=#F2E6BD>الأسلحة</color> و<color=#F2E6BD>الدروع</color>."
"items.gems.shieldEmblems.chippedShieldEmblem.Name","Chipped Shield Emblem","شعار الترس مثلوم"
"items.gems.shieldEmblems.clearShieldEmblem.Description","Can be used to infuse <color=#F2E6BD>weapons</color> and <color=#F2E6BD>armor</color>.","يمكن استخدامه لشحن <color=#F2E6BD>الأسلحة</color> و<color=#F2E6BD>الدروع</color>."
"items.gems.shieldEmblems.clearShieldEmblem.Name","Clear Shield Emblem","شعار الترس نقي"
"items.gems.shieldEmblems.mottledShieldEmblem.Description","Can be used to infuse <color=#F2E6BD>weapons</color> and <color=#F2E6BD>armor</color>.","يمكن استخدامه لشحن <color=#F2E6BD>الأسلحة</color> و<color=#F2E6BD>الدروع</color>."
"items.gems.shieldEmblems.mottledShieldEmblem.Name","Mottled Shield Emblem","شعار الترس أرقط"
"items.gems.skulls.largeSkull.Description","Can be used to infuse <color=#F2E6BD>weapons</color> and <color=#F2E6BD>armor</color>.","يمكن استخدامه لشحن <color=#F2E6BD>الأسلحة</color> و<color=#F2E6BD>الدروع</color>."
"items.gems.skulls.largeSkull.Name","Large Skull","جمجمة كبير"
"items.gems.skulls.mediumSkull.Description","Can be used to infuse <color=#F2E6BD>weapons</color> and <color=#F2E6BD>armor</color>.","يمكن استخدامه لشحن <color=#F2E6BD>الأسلحة</color> و<color=#F2E6BD>الدروع</color>."
"items.gems.skulls.mediumSkull.Name","Medium Skull","جمجمة متوسط"
"items.gems.skulls.tinySkull.Description","Can be used to infuse <color=#F2E6BD>weapons</color> and <color=#F2E6BD>armor</color>.","يمكن استخدامه لشحن <color=#F2E6BD>الأسلحة</color> و<color=#F2E6BD>الدروع</color>."
"items.gems.skulls.tinySkull.Name","Small Skull","جمجمة صغير"
"items.gems.spikes.largeSpike.Description","Can be used to infuse <color=#F2E6BD>weapons</color> and <color=#F2E6BD>armor</color>.","يمكن استخدامه لشحن <color=#F2E6BD>الأسلحة</color> و<color=#F2E6BD>الدروع</color>."
"items.gems.spikes.largeSpike.Name","Clear Spike","نتوء نقي"
"items.gems.spikes.mediumSpike.Description","Can be used to infuse <color=#F2E6BD>weapons</color> and <color=#F2E6BD>armor</color>.","يمكن استخدامه لشحن <color=#F2E6BD>الأسلحة</color> و<color=#F2E6BD>الدروع</color>."
"items.gems.spikes.mediumSpike.Name","Mottled Spike","نتوء أرقط"
"items.gems.spikes.tinySpike.Description","Can be used to infuse <color=#F2E6BD>weapons</color> and <color=#F2E6BD>armor</color>.","يمكن استخدامه لشحن <color=#F2E6BD>الأسلحة</color> و<color=#F2E6BD>الدروع</color>."
"items.gems.spikes.tinySpike.Name","Chipped Spike","نتوء مثلوم"
"items.gems.topaz.chippedTopaz.Description","Can be used to infuse <color=#F2E6BD>weapons</color> and <color=#F2E6BD>armor</color>.","يمكن استخدامه لشحن <color=#F2E6BD>الأسلحة</color> و<color=#F2E6BD>الدروع</color>."
"items.gems.topaz.chippedTopaz.Name","Chipped Topaz","توباز مثلوم"
"items.gems.topaz.clearTopaz.Description","Can be used to infuse <color=#F2E6BD>weapons</color> and <color=#F2E6BD>armor</color>.","يمكن استخدامه لشحن <color=#F2E6BD>الأسلحة</color> و<color=#F2E6BD>الدروع</color>."
"items.gems.topaz.clearTopaz.Name","Clear Topaz","توباز نقي"
"items.gems.topaz.mottledTopaz.Description","Can be used to infuse <color=#F2E6BD>weapons</color> and <color=#F2E6BD>armor</color>.","يمكن استخدامه لشحن <color=#F2E6BD>الأسلحة</color> و<color=#F2E6BD>الدروع</color>."
"items.gems.topaz.mottledTopaz.Name","Mottled Topaz","توباز أرقط"
"items.houseItems.baskets.seedPouch.Description","Used to <color=#F2E6BD>store seeds</color> for planting and cultivation.","يُستخدم لـ <color=#F2E6BD>تخزين البذور</color> للزراعة والفلاحة."
"items.houseItems.baskets.seedPouch.Name","Seed Pouch","كيس بذور"
"items.houseItems.baskets.vegetableSack.Description","Used to <color=#F2E6BD>store vegetables</color> for cooking and preservation.","يُستخدم لـ <color=#F2E6BD>تخزين الخضروات</color> للطهي والحفظ."
"items.houseItems.baskets.vegetableSack.Name","Vegetable Sack","كيس خضروات"
"items.houseItems.baskets.woodenFoodBasket.Description","A small wooden basket with a fitted lid, used to store bread, produce, or other food items within the home.","سلة خشبية صغيرة ذات غطاء محكم، تُستخدم لتخزين الخبز أو المحاصيل أو المواد الغذائية الأخرى داخل المنزل."
"items.houseItems.baskets.woodenFoodBasket.Name","Wooden Food Basket","سلة طعام خشبية"
"items.houseItems.baskets.woodenWaterBucket.Description","A sturdy wooden bucket bound with metal hoops, commonly used for carrying water and other household tasks.","دلو خشبي متين مثبت بأطواق معدنية، يُستخدم عادة لنقل المياه والمهام المنزلية الأخرى."
"items.houseItems.baskets.woodenWaterBucket.Name","Wooden Water Bucket","دلو ماء خشبي"
"items.houseItems.craftingTables.alchemyTables.adeptAlchemyTable.Description","Used to <color=#F2E6BD>craft potions and elixirs</color>.
Allows the creation of more advanced concoctions than the Apprentice Alchemy Table.

Must be placed inside a <color=#F2E6BD>house</color>.","تُستخدم لـ <color=#F2E6BD>صناعة الجرعات والإكسيرات</color>.
تتيح تحضير خلطات أكثر تقدمًا من طاولة خيمياء المبتدئ.

يجب وضعها داخل <color=#F2E6BD>منزل</color>."
"items.houseItems.craftingTables.alchemyTables.adeptAlchemyTable.Name","Adept Alchemy Table","طاولة خيمياء خبير"
"items.houseItems.craftingTables.alchemyTables.apprenticeAlchemyTable.Description","Used to <color=#F2E6BD>craft potions and elixirs</color>.

Must be placed inside a <color=#F2E6BD>house</color>.","تُستخدم لـ <color=#F2E6BD>صناعة الجرعات والإكسيرات</color>.

يجب وضعها داخل <color=#F2E6BD>منزل</color>."
"items.houseItems.craftingTables.alchemyTables.apprenticeAlchemyTable.Name","Apprentice Alchemy Table","طاولة خيمياء مبتدئ"
"items.houseItems.craftingTables.alchemyTables.grandmasterAlchemyTable.Description","Used to <color=#F2E6BD>craft potions and elixirs</color>.
Enables the brewing of rare and complex recipes beyond the Adept Alchemy Table.

Must be placed inside a <color=#F2E6BD>house</color>.","تُستخدم لـ <color=#F2E6BD>صناعة الجرعات والإكسيرات</color>.
تتيح تحضير وصفات نادرة ومعقدة تتجاوز طاولة خيمياء الخبير.

يجب وضعها داخل <color=#F2E6BD>منزل</color>."
"items.houseItems.craftingTables.alchemyTables.grandmasterAlchemyTable.Name","Grandmaster Alchemy Table","طاولة خيمياء معلم كبير"
"items.houseItems.craftingTables.anvils.crudeAnvil.Description","Used to <color=#F2E6BD>craft weapons and armor</color>.

Must be placed inside a <color=#F2E6BD>house</color>.","يُستخدم لـ <color=#F2E6BD>صناعة الأسلحة والدروع</color>.

يجب وضعه داخل <color=#F2E6BD>منزل</color>."
"items.houseItems.craftingTables.anvils.crudeAnvil.Name","Crude Anvil","سندان بدائي"
"items.houseItems.craftingTables.anvils.forgedAnvil.Description","Used to <color=#F2E6BD>craft weapons and armor</color>.
Allows the forging of more advanced gear than the Crude Anvil.

Must be placed inside a <color=#F2E6BD>house</color>.","يُستخدم لـ <color=#F2E6BD>صناعة الأسلحة والدروع</color>.
يتيح طرق عتاد أكثر تقدمًا من السندان البدائي.

يجب وضعه داخل <color=#F2E6BD>منزل</color>."
"items.houseItems.craftingTables.anvils.forgedAnvil.Name","Forged Anvil","سندان مصروق"
"items.houseItems.craftingTables.anvils.runedAnvil.Description","Used to <color=#F2E6BD>craft weapons and armor</color>.
Enables the creation of high-quality arms and armor beyond the Forged Anvil.

Must be placed inside a <color=#F2E6BD>house</color>.","يُستخدم لـ <color=#F2E6BD>صناعة الأسلحة والدروع</color>.
يتيح صناعة أسلحة ودروع عالية الجودة تتجاوز السندان المصروق.

يجب وضعه داخل <color=#F2E6BD>منزل</color>."
"items.houseItems.craftingTables.anvils.runedAnvil.Name","Runed Anvil","سندان منقوش بالرونات"
"items.houseItems.craftingTables.artificerTables.simpleArtificerTable.Description","…","…"
"items.houseItems.craftingTables.artificerTables.simpleArtificerTable.Name","Simple Artisan Table","طاولة حرفي بسيطة"
"items.houseItems.craftingTables.firepits.emberFirepit.Description","Used to <color=#F2E6BD>cook meals and stay warm</color>.
Capable of preparing hearty and refined meals beyond the Hearth Firepit.

Must be placed inside a <color=#F2E6BD>house</color>.","يُستخدم لـ <color=#F2E6BD>طهي الوجبات والتدفئة</color>.
قادر على إعداد وجبات شهية ومتقنة تتجاوز الموقد المنزلي.

يجب وضعه داخل <color=#F2E6BD>منزل</color>."
"items.houseItems.craftingTables.firepits.emberFirepit.Name","Ember Firepit","موقد نار الجمر"
"items.houseItems.craftingTables.firepits.hearthFirepit.Description","Used to <color=#F2E6BD>cook meals and stay warm</color>.
Allows preparation of more advanced dishes than the Simple Firepit.

Must be placed inside a <color=#F2E6BD>house</color>.","يُستخدم لـ <color=#F2E6BD>طهي الوجبات والتدفئة</color>.
يتيح تحضير أطباق أكثر تقدمًا من موقد النار البسيط.

يجب وضعه داخل <color=#F2E6BD>منزل</color>."
"items.houseItems.craftingTables.firepits.hearthFirepit.Name","Hearth Firepit","موقد نار منزلي"
"items.houseItems.craftingTables.firepits.simpleFirepit.Description","Used to <color=#F2E6BD>cook meals and stay warm</color>.

Must be placed inside a <color=#F2E6BD>house</color>.","يُستخدم لـ <color=#F2E6BD>طهي الوجبات والتدفئة</color>.

يجب وضعه داخل <color=#F2E6BD>منزل</color>."
"items.houseItems.craftingTables.firepits.simpleFirepit.Name","Simple Firepit","موقد نار بسيط"
"items.houseItems.craftingTables.runeTables.apprenticeRuneTable.Description","Used to <color=#F2E6BD>craft basic runes</color>.
Allows the crafting of simple runes.

Must be placed inside a <color=#F2E6BD>house</color>.","تُستخدم لـ <color=#F2E6BD>صناعة الرونات الأساسية</color>.

يجب وضعها داخل <color=#F2E6BD>منزل</color>."
"items.houseItems.craftingTables.runeTables.apprenticeRuneTable.Name","Apprentice Rune Table","طاولة رونات المبتدئ"
"items.houseItems.craftingTables.scribeTables.adeptScribeTable.Description","Used to <color=#F2E6BD>research new items</color>.
Allows research into more advanced designs than the Novice Scribe Table.

Must be placed inside a <color=#F2E6BD>house</color>.","تُستخدم لـ <color=#F2E6BD>بحث العناصر الجديدة</color>.
تتيح بحث مخططات متقدمة تتجاوز طاولة النَسّاخ المبتدئ.

يجب وضعها داخل <color=#F2E6BD>منزل</color>."
"items.houseItems.craftingTables.scribeTables.adeptScribeTable.Name","Adept Scribe Table","طاولة نَسّاخ خبير"
"items.houseItems.craftingTables.scribeTables.archivistScribeTable.Description","Used to <color=#F2E6BD>research new items</color>.
Unlocks complex and refined schematics beyond the Adept Scribe Table.

Must be placed inside a <color=#F2E6BD>house</color>.","تُستخدم لـ <color=#F2E6BD>بحث العناصر الجديدة</color>.
تفتح مخططات نادرة ومميزة تتجاوز طاولة النَسّاخ الخبير.

يجب وضعها داخل <color=#F2E6BD>منزل</color>."
"items.houseItems.craftingTables.scribeTables.archivistScribeTable.Name","Archivist Scribe Table","طاولة نَسّاخ الأرشيفي"
"items.houseItems.craftingTables.scribeTables.noviceScribeTable.Description","Used to <color=#F2E6BD>research new items</color>.

Must be placed inside a <color=#F2E6BD>house</color>.","تُستخدم لـ <color=#F2E6BD>بحث العناصر الجديدة</color>.

يجب وضعها داخل <color=#F2E6BD>منزل</color>."
"items.houseItems.craftingTables.scribeTables.noviceScribeTable.Name","Novice Scribe Table","طاولة نَسّاخ مبتدئ"
"items.houseItems.craftingTables.sewingTables.apprenticeSewingTable.Description","Used to <color=#F2E6BD>craft cloth and leather armor</color>.

Must be placed inside a <color=#F2E6BD>house</color>.","تُستخدم لـ <color=#F2E6BD>صناعة الدروع القماشية والجلدية</color>.

يجب وضعها داخل <color=#F2E6BD>منزل</color>."
"items.houseItems.craftingTables.sewingTables.apprenticeSewingTable.Name","Apprentice Sewing Table","طاولة خياطة مبتدئ"
"items.houseItems.craftingTables.sewingTables.masterSewingTable.Description","Used to <color=#F2E6BD>craft cloth and leather armor</color>.
Enables the tailoring of superior outfits beyond the Spinner’s Sewing Table.

Must be placed inside a <color=#F2E6BD>house</color>.","تُستخدم لـ <color=#F2E6BD>صناعة الدروع القماشية والجلدية</color>.
تتيح حياكة عتاد فاخر ومتقن يتجاوز طاولة خياطة الغزّال.

يجب وضعها داخل <color=#F2E6BD>منزل</color>."
"items.houseItems.craftingTables.sewingTables.masterSewingTable.Name","Master Sewing Table","طاولة خياطة معلم"
"items.houseItems.craftingTables.sewingTables.spinnersSewingTable.Description","Used to <color=#F2E6BD>craft cloth and leather armor</color>.
Allows crafting of more advanced garments than the Apprentice Sewing Table.

Must be placed inside a <color=#F2E6BD>house</color>.","تُستخدم لـ <color=#F2E6BD>صناعة الدروع القماشية والجلدية</color>.
تتيح خياطة عتاد أكثر تفصيلًا من طاولة خياطة المبتدئ.

يجب وضعها داخل <color=#F2E6BD>منزل</color>."
"items.houseItems.craftingTables.sewingTables.spinnersSewingTable.Name","Spinner’s Sewing Table","طاولة خياطة الغزّال"
"items.houseItems.craftingTables.stoves.chefsStove.Description","Used to <color=#F2E6BD>cook more advanced meals</color>.
Enables cooking of complex recipes beyond the Cook’s Stove.

Must be placed inside a <color=#F2E6BD>house</color>.","يُستخدم لـ <color=#F2E6BD>طهي وجبات أكثر تقدمًا</color>.
يتيح إعداد ولائم استثنائية تتجاوز فرن الطاهي.

يجب وضعه داخل <color=#F2E6BD>منزل</color>."
"items.houseItems.craftingTables.stoves.chefsStove.Name","Chef’s Stove","فرن كبير الطهاة"
"items.houseItems.craftingTables.stoves.cooksStove.Description","Used to <color=#F2E6BD>cook more advanced meals</color>.
Allows preparation of finer dishes than the Hearth Stove.

Must be placed inside a <color=#F2E6BD>house</color>.","يُستخدم لـ <color=#F2E6BD>طهي وجبات أكثر تقدمًا</color>.
يتيح تحضير أطباق شهية ومعقدة تتجاوز الموقد المنزلي.

يجب وضعه داخل <color=#F2E6BD>منزل</color>."
"items.houseItems.craftingTables.stoves.cooksStove.Name","Cook’s Stove","فرن الطاهي"
"items.houseItems.craftingTables.stoves.hearthStove.Description","Used to <color=#F2E6BD>cook more advanced meals</color>.

Must be placed inside a <color=#F2E6BD>house</color>.","يُستخدم لـ <color=#F2E6BD>طهي وجبات أكثر تقدمًا</color>.

يجب وضعه داخل <color=#F2E6BD>منزل</color>."
"items.houseItems.craftingTables.stoves.hearthStove.Name","Hearth Stove","موقد الفرن المنزلي"
"items.houseItems.craftingTables.workbenches.architectsWorkbench.Description","Used to <color=#F2E6BD>craft furniture and structures</color>.
Enables crafting of intricate and higher-tier designs beyond the Builder’s Workbench.

Must be placed inside a <color=#F2E6BD>house</color>.","تُستخدم لـ <color=#F2E6BD>صناعة الأثاث والهياكل</color>.
تتيح تشييد هياكل وديكورات معقدة تتجاوز طاولة عمل البنّاء.

يجب وضعها داخل <color=#F2E6BD>منزل</color>."
"items.houseItems.craftingTables.workbenches.architectsWorkbench.Name","Architect’s Workbench","طاولة عمل المهندس المعماري"
"items.houseItems.craftingTables.workbenches.basicWorkbench.Description","Used to <color=#F2E6BD>craft furniture and structures</color>.

Must be placed inside a <color=#F2E6BD>house</color>.","تُستخدم لـ <color=#F2E6BD>صناعة الأثاث والهياكل</color>.

يجب وضعها داخل <color=#F2E6BD>منزل</color>."
"items.houseItems.craftingTables.workbenches.basicWorkbench.Name","Basic Workbench","طاولة عمل أساسية"
"items.houseItems.craftingTables.workbenches.buildersWorkbench.Description","Used to <color=#F2E6BD>craft furniture and structures</color>.
Allows construction of more advanced furnishings than the Basic Workbench.

Must be placed inside a <color=#F2E6BD>house</color>.","تُستخدم لـ <color=#F2E6BD>صناعة الأثاث والهياكل</color>.
تتيح تصنيع قطع أثاث أكثر تنوعًا من طاولة العمل الأساسية.

يجب وضعها داخل <color=#F2E6BD>منزل</color>."
"items.houseItems.craftingTables.workbenches.buildersWorkbench.Name","Builder’s Workbench","طاولة عمل البنّاء"
"items.houseItems.decorativeItems.books.stackOfTomes.Description","A collection of ancient books, to bring a wealth of knowledge and a touch of class to any home.

Must be placed inside a <color=#F2E6BD>house</color>. ","مجموعة من الكتب القديمة، تضفي وفرة من المعرفة ولمسة من الرقي على أي منزل.

يجب وضعه داخل <color=#F2E6BD>منزل</color>."
"items.houseItems.decorativeItems.books.stackOfTomes.Name","Stack of Tomes","كومة مجلدات"
"items.houseItems.decorativeItems.carpets.avianPatternRug.Description","A finely woven rug decorated with mirrored bird motifs, its intricate design adding a touch of symbolism and artistry to the floor beneath.","سجادة منسوجة بدقة ومزينة بزخارف طيور متناظرة، تضفي لمسة من الأناقة والتراث على أي مساحة معيشة."
"items.houseItems.decorativeItems.carpets.avianPatternRug.Name","Avian Pattern Rug","سجادة بنمط الطيور"
"items.houseItems.decorativeItems.carpets.embroideredHearthRug.Description","A handwoven rectangular rug adorned with subtle embroidery and worn fringes, bringing warmth and quiet elegance to any room.","سجادة مستطيلة منسوجة يدويًا ومزينة بتطريزات رقيقة، مثالية لوضعها أمام الموقد لإضفاء الدفء والراحة."
"items.houseItems.decorativeItems.carpets.embroideredHearthRug.Name","Embroidered Hearth Rug","سجادة الموقد المطرزة"
"items.houseItems.decorativeItems.carpets.featheredRoundRug.Description","A circular woven rug featuring a stylized feather motif, bordered by thick fringes that lend it a ceremonial yet welcoming presence.","سجادة منسوجة دائرية تتميز بزخارف ريش منمقة، تلائم غرف النوم أو زوايا القراءة الهادئة."
"items.houseItems.decorativeItems.carpets.featheredRoundRug.Name","Feathered Round Rug","سجادة دائرية مريشة"
"items.houseItems.decorativeItems.carpets.flimsyJuteCarpet.Description","A basic, lightly woven carpet, to add a rustic touch to any room.

Must be placed inside a <color=#F2E6BD>house</color>. ","سجادة خيش بسيطة وخفيفة، تضفي لمسة ريفية على أي غرفة.

يجب وضعه داخل <color=#F2E6BD>منزل</color>."
"items.houseItems.decorativeItems.carpets.flimsyJuteCarpet.Name","Flimsy Jute Carpet","سجادة خيش خفيفة"
"items.houseItems.decorativeItems.carpets.patchworkFloorMat.Description","A small mat stitched from layered scraps of fabric, offering a humble charm and a sense of lived-in comfort to tight spaces.","ممسحة صغيرة محاكة من قطع قماشية متعددة الطبقات، عملية وذات طابع ريفي مميز للأبواب والممرات."
"items.houseItems.decorativeItems.carpets.patchworkFloorMat.Name","Patchwork Floor Mat","ممسحة أرضية مرقعة"
"items.houseItems.decorativeItems.carpets.redCottonCarpet.Description","A vibrant red cotton carpet, to add a cozy atmosphere to your space. 

Must be placed inside a <color=#F2E6BD>house</color>. ","سجادة قطنية حمراء زاهية، تضفي أجواء دافئة ومريحة على مساحتك.

يجب وضعه داخل <color=#F2E6BD>منزل</color>."
"items.houseItems.decorativeItems.carpets.redCottonCarpet.Name","Red Cotton Carpet","سجادة قطنية حمراء"
"items.houseItems.decorativeItems.instruments.minstrelsTimelessLute.minstrelsTimelessLute.Description","Crafted from aged wood and strings, this lute contains echoes of a quieter age.

Must be placed inside a <color=#F2E6BD>house</color>. ","صُنع هذا العود من خشب وأوتار معتقة، ويحمل ألحانًا تردد صداها عبر العصور.

يجب وضعه داخل <color=#F2E6BD>منزل</color>."
"items.houseItems.decorativeItems.instruments.minstrelsTimelessLute.minstrelsTimelessLute.Name","Minstrel's Timeless Lute","عود المنشد الخالد"
"items.houseItems.decorativeItems.lights.candleHolderA.candleHolderA.Description","A simple candle holder, perfect for adding a soft, flickering light to any setting. 

Must be placed inside a <color=#F2E6BD>house</color>. ","حامل شموع بسيط، مثالي لإضفاء إضاءة خافتة ومتوهجة على أي مكان.

يجب وضعه داخل <color=#F2E6BD>منزل</color>."
"items.houseItems.decorativeItems.lights.candleHolderA.candleHolderA.Name","Basic Candle Holder","حامل شموع أساسي"
"items.houseItems.decorativeItems.lights.candleHolderB.candleHolderB.Description","An elegant candle holder, designed to bring sophistication and a warm glow to your home. 

Must be placed inside a <color=#F2E6BD>house</color>. ","حامل شموع أنيق، مصمم لإضفاء الرقي والتوهج الدافئ على منزلك.

يجب وضعه داخل <color=#F2E6BD>منزل</color>."
"items.houseItems.decorativeItems.lights.candleHolderB.candleHolderB.Name","Refined Candle Holder","حامل شموع أنيق"
"items.houseItems.decorativeItems.lights.candleHolderC.candleHolderC.Description","A luxurious candle holder, crafted to infuse your home with an air of nobility. 

Must be placed inside a <color=#F2E6BD>house</color>. ","حامل شموع فاخر، صُنع ليبث في منزلك هيبة وأناقة تليق بالنبلاء.

يجب وضعه داخل <color=#F2E6BD>منزل</color>."
"items.houseItems.decorativeItems.lights.candleHolderC.candleHolderC.Name","Noble Candle Holder","حامل شموع نبيل"
"items.houseItems.decorativeItems.lights.candlelitBenchStand.Description","A long wooden stand fitted with multiple candle holders, casting a steady, flickering glow that brings warmth and solemn ambiance to the room.","حامل خشبي طويل مزود بحوامل شموع متعددة، يوفر إضاءة خافتة ومريحة للممرات وجوانب الغرف."
"items.houseItems.decorativeItems.lights.candlelitBenchStand.Name","Candlelit Bench Stand","منصة مقعد مضاءة بالشموع"
"items.houseItems.decorativeItems.lights.classicHomesteadLuchina.homesteadLuchina.Description","This traditional luchina casts a gentle, flickering light that harkens back to simpler times. 

Must be placed inside a <color=#F2E6BD>house</color>. ","تبث هذه اللوتشينا التقليدية توهجًا لطيفًا ووامضًا، مما يخلق أجواءً ريفية مريحة ودافئة.

يجب وضعها داخل <color=#F2E6BD>منزل</color>."
"items.houseItems.decorativeItems.lights.classicHomesteadLuchina.homesteadLuchina.Name","Homestead Luchina","شعلة لوتشينا منزلية"
"items.houseItems.decorativeItems.lights.ironBrazier.ironBrazier.Description","A sturdy iron brazier, with a robust design to throw ample light. 

Must be placed inside a <color=#F2E6BD>house</color>. ","مجمرة حديدية قوية، بتصميم متين يضمن صمودها أمام أقسى الظروف.

يجب وضعها داخل <color=#F2E6BD>منزل</color>."
"items.houseItems.decorativeItems.lights.ironBrazier.ironBrazier.Name","Iron Brazier","مجمرة حديدية"
"items.houseItems.decorativeItems.lumberStack.lumberStack.Description","A neatly organized stack of lumber, adding a practical yet rustic touch to your space. 

Must be placed inside a <color=#F2E6BD>house</color>. ","كومة مرتبة بعناية من الخشب، تضفي لمسة ريفية وعملية على محيط منزلك.

يجب وضعها داخل <color=#F2E6BD>منزل</color>."
"items.houseItems.decorativeItems.lumberStack.lumberStack.Name","Lumber Stack","كومة خشب"
"items.houseItems.decorativeItems.musicBoxes.spiritsMelodyBox.songkeeper.Description","An ornate device that can create music out of wood and metal. Its gentle melody seems borrowed from another world. 

Must be placed inside a <color=#F2E6BD>house</color>. ","جهاز مزخرف يمكنه خلق موسيقى من العدم. أداة لا غنى عنها لأي منزل فاخر.

يجب وضعه داخل <color=#F2E6BD>منزل</color>."
"items.houseItems.decorativeItems.musicBoxes.spiritsMelodyBox.songkeeper.Name","Songkeeper","حافظ الأغاني"
"items.houseItems.decorativeItems.statues.championsStatue.championsStatue.Description","A sculpture commemorating the arrival of the Cerim on Sacra.

Must be placed inside a <color=#F2E6BD>house</color>. ","منحوتة تخلد وصول السيريم، وترمز إلى قوتهم وإرادتهم التي لا تلين.

يجب وضعها داخل <color=#F2E6BD>منزل</color>."
"items.houseItems.decorativeItems.statues.championsStatue.championsStatue.Name","Champion's Statue","تمثال البطل"
"items.houseItems.decorativeItems.vases.bloomingShrubPot.Description","A lush potted shrub crowned with small white blossoms, bringing height, greenery, and a sense of quiet growth to any space.","شجيرة مورقة في أصيص تتوجها أزهار بيضاء صغيرة، تضفي انتعاشًا ريفيًا على باحات المنازل والزوايا المضاءة."
"items.houseItems.decorativeItems.vases.bloomingShrubPot.Name","Blooming Shrub Pot","أصيص شجيرة مزهرة"
"items.houseItems.decorativeItems.vases.bloomingWindowBox.Description","A richly planted box overflowing with bright blossoms, lending life and cheer to even the quietest of spaces.","حوض نافذة غني بالنباتات يفيض بأزهار برية ملونة وكروم متدلية، يضفي إشراقة بديعة على الجدران الخارجية."
"items.houseItems.decorativeItems.vases.bloomingWindowBox.Name","Blooming Window Box","حوض نافذة مزهر"
"items.houseItems.decorativeItems.vases.crimsonBudVase.Description","A small ceramic vase holding a pair of crimson buds, offering a subtle touch of color and quiet charm to shelves and tables.","مزهرية خزفية صغيرة تحمل زوجًا من البراعم القرمزية، تضفي لمسة خفيفة من اللون والسحر الهادئ على الأرفف والطاولات."
"items.houseItems.decorativeItems.vases.crimsonBudVase.Name","Crimson Bud Vase","مزهرية براعم قرمزية"
"items.houseItems.decorativeItems.vases.crimsonTulipVase.crimsonTulipVase.Description","Tulips on Sacra are exceedingly rare, and are in fact commonly imported from Myrfall or Eversol. 

Must be placed inside a <color=#F2E6BD>house</color>. ","أزهار الخزامى نادرة للغاية في ساكرا، وتعد رمزًا للنبل والشغف.

يجب وضعها داخل <color=#F2E6BD>منزل</color>."
"items.houseItems.decorativeItems.vases.crimsonTulipVase.crimsonTulipVase.Name","Crimson Tulip Vase","مزهرية خزامى قرمزية"
"items.houseItems.decorativeItems.vases.lavenderWhisperVase.lavenderVase.Description","A copper vase with a delicate arrangement of lavender and marigolds. It smells like dawn breaking over a meadow. 

Must be placed inside a <color=#F2E6BD>house</color>. ","مزهرية نحاسية تحوي تنسيقًا رقيقًا من أزهار اللافندر المجففة، تضفي لمسة من السحر الهادئ على أي طاولة.

يجب وضعها داخل <color=#F2E6BD>منزل</color>."
"items.houseItems.decorativeItems.vases.lavenderWhisperVase.lavenderVase.Name","Lavender Vase","مزهرية الخزامى العطرة"
"items.houseItems.decorativeItems.vases.paleBlossomVase.Description","An ornate vase filled with soft white blossoms, its gentle hues lending elegance and serenity to the space around it.","مزهرية مزخرفة مليئة بأزهار بيضاء ناعمة، تبعث جوًا من السكينة والجمال الرقيق في أي مكان."
"items.houseItems.decorativeItems.vases.paleBlossomVase.Name","Pale Blossom Vase","مزهرية أزهار شاحبة"
"items.houseItems.decorativeItems.vases.scarletBloomPot.Description","A compact potted plant bursting with vivid red flowers, adding a bold splash of color and life wherever it is placed.","نبات مدمج في أصيص يفيض بأزهار حمراء ساطعة، يضفي لمسة جريئة وحيوية على الغرف."
"items.houseItems.decorativeItems.vases.scarletBloomPot.Name","Scarlet Bloom Pot","أصيص أزهار قرمزية زاهية"
"items.houseItems.decorativeItems.vases.scarletBloomVase.Description","A richly decorated vase overflowing with vibrant red flowers, adding warmth, life, and bold character to any interior.","مزهرية مزينة بزخارف غنية تفيض بأزهار حمراء نابضة بالحياة، مثالية لتزيين الموائد والطاولات الجانبية."
"items.houseItems.decorativeItems.vases.scarletBloomVase.Name","Scarlet Bloom Vase","مزهرية أزهار قرمزية زاهية"
"items.houseItems.decorativeItems.vases.sunblossomFlowerBed.Description","A low-growing flower bed bursting with warm orange blooms, casting a lively glow that brings color and warmth to gardens and courtyards.","حوض زهور منخفض يفيض ببتلات برتقالية دافئة، يضفي لمسة من إشراق الصيف على الحدائق والشرفات."
"items.houseItems.decorativeItems.vases.sunblossomFlowerBed.Name","Sunblossom Flower Bed","حوض زهور شمسية"
"items.houseItems.decorativeItems.vases.sunfireBlossomVase.sunfireVase.Description","A rustic vase overflowing with bold orange blossoms, evoking the fury of the setting sun. 

Must be placed inside a <color=#F2E6BD>house</color>. ","مزهرية ريفية تفيض بأزهار برتقالية جريئة تشبه ألسنة اللهب، لتضفي الدفء والحيوية على ديكور منزلك.

يجب وضعها داخل <color=#F2E6BD>منزل</color>."
"items.houseItems.decorativeItems.vases.sunfireBlossomVase.sunfireVase.Name","Sunfire Vase","مزهرية نار الشمس"
"items.houseItems.decorativeItems.vases.tulipWindowBox.Description","A sturdy planter bursting with vibrant red tulips, adding warmth, color, and a welcoming presence to your home.","حوض زرع متين يفيض بأزهار خزامى حمراء زاهية، مصمم لتزيين عتبات النوافذ بجمال نضر."
"items.houseItems.decorativeItems.vases.tulipWindowBox.Name","Tulip Window Box","حوض نافذة الخزامى"
"items.houseItems.decorativeItems.vases.vaseA.grayClayVase.Description","A sleek, hand-sculpted vase, offering a minimalist touch to complement your décor. 

Must be placed inside a <color=#F2E6BD>house</color>. ","مزهرية مصقولة يدويًا وأنيقة، تضفي جمالية بسيطة تناسب الزهور المجففة أو الخضرة النضرة.

يجب وضعها داخل <color=#F2E6BD>منزل</color>."
"items.houseItems.decorativeItems.vases.vaseA.grayClayVase.Name","Gray Clay Vase","مزهرية طين رمادي"
"items.houseItems.decorativeItems.vases.verdantBloomVase.verdantBloomVase.Description","A home of wood and stone breeds thoughts both coarse and cold; but a home of green and red brings joy and mirth instead. 

Must be placed inside a <color=#F2E6BD>house</color>. ","المنزل المشيد من الخشب والحجر يثير أفكارًا متناقضة، حلوة ومريرة في آن واحد، ولكن جمال هذه الأزهار يزيل كل كدر.

يجب وضعها داخل <color=#F2E6BD>منزل</color>."
"items.houseItems.decorativeItems.vases.verdantBloomVase.verdantBloomVase.Name","Verdant Bloom Vase","مزهرية أزهار يانعة"
"items.houseItems.decorativeItems.vases.violetSprigVase.Description","A slender vase displaying delicate violet blossoms, bringing a light, graceful accent inspired by wild garden growth.","مزهرية رفيعة تعرض أزهارًا بنفسجية رقيقة مع خضرة مورقة، تضفي لمسة هادئة وجذابة على الطاولات والمناضد."
"items.houseItems.decorativeItems.vases.violetSprigVase.Name","Violet Sprig Vase","مزهرية غصين بنفسجي"
"items.houseItems.decorativeItems.vases.violetWildflowerPot.Description","A simple clay pot filled with delicate violet wildflowers, offering a gentle splash of color and a touch of untamed beauty.","أصيص طيني بسيط مليء بأزهار برية بنفسجية ناعمة، يضفي لمسة رقيقة من اللون والجمال الطبيعي الحر."
"items.houseItems.decorativeItems.vases.violetWildflowerPot.Name","Violet Wildflower Pot","أصيص أزهار برية بنفسجية"
"items.houseItems.decorativeItems.vases.whiteBlossomFlowerBed.Description","A low bed densely packed with pale blossoms, creating a soft blanket of flowers that brightens gardens, courtyards, and walkways.","حوض منخفض مكتظ بأزهار شاحبة، يضفي لمسة ناعمة وأنيقة على الممرات وباحات المنازل."
"items.houseItems.decorativeItems.vases.whiteBlossomFlowerBed.Name","White Blossom Flower Bed","حوض زهور بيضاء"
"items.houseItems.decorativeItems.vases.whiteWildflowerPot.Description","A modest pot of pale wildflowers, its soft blossoms lending a calm, natural charm to any corner of your home or garden.","أصيص متواضع يحوي أزهارًا برية شاحبة، وتضفي بتلاته الناعمة إحساسًا بالهدوء والسكينة على ديكور الغرفة."
"items.houseItems.decorativeItems.vases.whiteWildflowerPot.Name","White Wildflower Pot","أصيص أزهار برية بيضاء"
"items.houseItems.decorativeItems.vases.wildflowerWindowBox.Description","A simple wooden planter filled with delicate white and violet blooms, bringing a soft touch of nature and calm to any wall or window.","حوض خشبي بسيط مليء بأزهار برية بيضاء رقيقة، يضفي لمسة نضرة وهادئة على عتبات النوافذ."
"items.houseItems.decorativeItems.vases.wildflowerWindowBox.Name","Wildflower Window Box","حوض نافذة الأزهار البرية"
"items.houseItems.decorativeItems.weaponDisplays.ceremonialWeaponStand.Description","A tall floor-standing weapon stand adorned with carved detailing and a decorative sash, designed to present weapons as symbols of honor and distinction.","حامل أسلحة أرضي طويل مزين بلمسات برونزية وألواح منحوتة، مصمم لعرض الأسلحة الثمينة أو التذكارية."
"items.houseItems.decorativeItems.weaponDisplays.ceremonialWeaponStand.Name","Ceremonial Weapon Stand","حامل أسلحة احتفالي"
"items.houseItems.decorativeItems.weaponDisplays.embellishedWeaponDisplay.Description","A reinforced weapon display featuring metal accents and decorative detailing, offering a balanced blend of function and craftsmanship.","منصة عرض أسلحة مقواة تتميز بدعامات معدنية وألواح خشبية داكنة، مبنية لتثبيت الأسلحة الاحتفالية بأمان."
"items.houseItems.decorativeItems.weaponDisplays.embellishedWeaponDisplay.Name","Embellished Weapon Display","منصة عرض أسلحة مزخرفة"
"items.houseItems.decorativeItems.weaponDisplays.ornateWeaponDisplay.Description","A finely crafted weapon display adorned with carved flourishes and polished fittings, designed to showcase prized arms with distinction.","منصة عرض أسلحة متقنة الصنع مزينة بنقوش مذهبة وإطار مصقول، مخصصة لأروع السيوف وأثمنها."
"items.houseItems.decorativeItems.weaponDisplays.ornateWeaponDisplay.Name","Ornate Weapon Display","منصة عرض أسلحة فاخرة"
"items.houseItems.decorativeItems.weaponDisplays.reinforcedWeaponStand.Description","A sturdy floor-mounted weapon stand built with reinforced framing, capable of displaying weapons securely and prominently.","حامل أسلحة أرضي متين مبني بإطار خشبي سميك وقاعدة ثقيلة، صُمم لحمل الأسلحة الجاهزة للقتال بثبات."
"items.houseItems.decorativeItems.weaponDisplays.reinforcedWeaponStand.Name","Reinforced Weapon Stand","حامل أسلحة مقوى"
"items.houseItems.decorativeItems.weaponDisplays.wornLeatherWeaponDisplay.Description","A weathered leather display fitted with simple straps, used to hang weapons in a practical and unadorned manner.","منصة عرض جلدية عتيقة مزودة بأشرطة بسيطة وقاعدة خشبية، مناسبة لعرض الأسلحة المستخدمة في المعارك."
"items.houseItems.decorativeItems.weaponDisplays.wornLeatherWeaponDisplay.Name","Worn Leather Weapon Display","منصة عرض أسلحة جلدية بالية"
"items.houseItems.furniture.beds.adventurersRespiteBed.adventurersRespiteBed.Description","Designed for the rugged traveler, this bed <color=#F2E6BD>enhances the sleeper's health and stamina</color> for the challenges ahead.

Must be placed inside a <color=#F2E6BD>house</color>. ","صُمم للمسافر المجرب، هذا السرير <color=#F2E6BD>يمنح النائم زيادة ملحوظة في الصحة وقوة التحمل</color>.

يجب وضعه داخل <color=#F2E6BD>منزل</color>."
"items.houseItems.furniture.beds.adventurersRespiteBed.adventurersRespiteBed.Name","Adventurer's Respite Bed","سرير راحة المغامر"
"items.houseItems.furniture.beds.stewardsTranquilityBed.Description","Crafted for those who bear responsibility, this refined bed <color=#F2E6BD>bestows a balanced bonus to the sleeper’s health, stamina and focus</color>.

Must be placed inside a <color=#F2E6BD>house</color>.","صُنع لأولئك الذين يتحملون المسؤولية، هذا السرير <color=#F2E6BD>يمنح النائم زيادة متوازنة في الصحة وقوة التحمل والتركيز</color>.

يجب وضعه داخل <color=#F2E6BD>منزل</color>."
"items.houseItems.furniture.beds.stewardsTranquilityBed.Name","Steward's Tranquility Bed","سرير سكينة الوكيل"
"items.houseItems.furniture.beds.voyagersRejuvenationBed.voyagersRejuvenationBed.Description","Crafted for the elite, this luxurious bed <color=#F2E6BD>imbues the sleeper with a substantial increase in health, stamina, and focus</color>.

Must be placed inside a <color=#F2E6BD>house</color>. ","صُنع للنخبة، هذا السرير الفاخر <color=#F2E6BD>يمنح النائم زيادة جوهرية في الصحة وقوة التحمل والتركيز</color>.

يجب وضعه داخل <color=#F2E6BD>منزل</color>."
"items.houseItems.furniture.beds.voyagersRejuvenationBed.voyagersRejuvenationBed.Name","Voyager's Rejuvenation Bed","سرير تجديد الرحالة"
"items.houseItems.furniture.beds.wayfarersRestBed.wayfarersRestBed.Description","Simple yet sturdy, this bed <color=#F2E6BD>bestows a vitalizing bonus to the sleeper's health</color>.

Must be placed inside a <color=#F2E6BD>house</color>. ","بسيط لكنه متين، هذا السرير <color=#F2E6BD>يمنح النائم زيادة متواضعة في الصحة وقوة التحمل</color>.

يجب وضعه داخل <color=#F2E6BD>منزل</color>."
"items.houseItems.furniture.beds.wayfarersRestBed.wayfarersRestBed.Name","Wayfarer's Rest Bed","سرير راحة عابر السبيل"
"items.houseItems.furniture.benches.cushionedTimberBench.Description","A solid wooden bench fitted with a padded blue seat, offering a touch of comfort while retaining a sturdy, hand-carved appearance.","مقعد خشبي متين مزود بجلسة زرقاء مبطنة ومسند ظهر مائل قليلًا، يوفر جلوسًا مريحًا للمداخل أو غرف المعيشة."
"items.houseItems.furniture.benches.cushionedTimberBench.Name","Cushioned Timber Bench","مقعد خشبي مبطن"
"items.houseItems.furniture.benches.upholsteredLoungeSofa.Description","A generously cushioned sofa with carved wooden framing, providing comfortable seating and a sense of warmth and luxury to larger rooms.","أريكة مبطنة بسخاء مع إطار خشبي منحوت ووسائد زرقاء عميقة، صُممت للاسترخاء المريح في الغرف المجهزة جيدًا."
"items.houseItems.furniture.benches.upholsteredLoungeSofa.Name","Upholstered Lounge Sofa","أريكة صالون منجدة"
"items.houseItems.furniture.chairs.engravedHearthguardChair.Description","A robust chair with hearth-inspired engravings, offering a touch of artisan craftsmanship.

Must be placed inside a <color=#F2E6BD>house</color>. ","كرسي متين بنقوش مستوحاة من الموقد، يضفي لمسة من البراعة الحرفية الأصيلة.

يجب وضعه داخل <color=#F2E6BD>منزل</color>."
"items.houseItems.furniture.chairs.engravedHearthguardChair.Name","Engraved Hearthguard Chair","كرسي حارس الموقد المنقوش"
"items.houseItems.furniture.chairs.houseChair.pinewoodChair.Description","A basic yet comfortable wooden chair. Every victory deserves a good sit. 

Must be placed inside a <color=#F2E6BD>house</color>. ","كرسي خشبي أساسي ومريح. يستحق كل انتصار استراحة طيبة وجلوسًا مريحًا.

يجب وضعه داخل <color=#F2E6BD>منزل</color>."
"items.houseItems.furniture.chairs.houseChair.pinewoodChair.Name","Simple Chair","كرسي بسيط"
"items.houseItems.furniture.chairs.inlaidAccentChair.Description","A finely crafted wooden chair featuring decorative inlay work on its seat and back, designed to add a touch of elegance to sitting rooms and studies.","كرسي خشبي متقن الصنع يتميز بمسند ظهر ذي ألواح زخرفية وجلسة مريحة، مثالي كقطعة مميزة في غرف المعيشة."
"items.houseItems.furniture.chairs.inlaidAccentChair.Name","Inlaid Accent Chair","كرسي مميز مطعم"
"items.houseItems.furniture.chairs.inlaidCushionChair.Description","A decorative chair fitted with a padded seat and ornate detailing, offering both comfort and visual refinement.","كرسي مزخرف مزود بمقعد مبطن وتفاصيل مطعمة على مسند الظهر، يوفر الراحة والأناقة على حد سواء."
"items.houseItems.furniture.chairs.inlaidCushionChair.Name","Inlaid Cushion Chair","كرسي وسادة مطعم"
"items.houseItems.furniture.chairs.jadeWovenStool.Description","A delicately woven stool with jade-colored threads, combining elegance and comfort. 

Must be placed inside a <color=#F2E6BD>house</color>. ","مقعد منسوج بدقة بخيوط بلون اليشم، يجمع بين الأناقة والراحة.

يجب وضعه داخل <color=#F2E6BD>منزل</color>."
"items.houseItems.furniture.chairs.jadeWovenStool.Name","Jade-Woven Stool","مقعد منسوج باليشم"
"items.houseItems.furniture.chairs.pinewoodBenchA.pinewoodBenchA.Description","A hand-whittled bench, elongated in form, offering a rustic, comfortable place to rest. 

Must be placed inside a <color=#F2E6BD>house</color>. ","مقعد منحوت يدويًا ذو شكل مستطيل، يوفر مكانًا ريفيًا ومريحًا للاستراحة.

يجب وضعه داخل <color=#F2E6BD>منزل</color>."
"items.houseItems.furniture.chairs.pinewoodBenchA.pinewoodBenchA.Name","Whittled Short Bench","مقعد قصير منحوت"
"items.houseItems.furniture.chairs.pinewoodBenchB.pinewoodBenchB.Description","This bench retains its organic curves, offering a seat that echoes the shape of nature itself. 

Must be placed inside a <color=#F2E6BD>house</color>. ","يحتفظ هذا المقعد بانحناءاته العضوية، مما يوفر مقعدًا يحاكي شكل الطبيعة عينها.

يجب وضعه داخل <color=#F2E6BD>منزل</color>."
"items.houseItems.furniture.chairs.pinewoodBenchB.pinewoodBenchB.Name","Natural Contour Bench","مقعد ذو انحناءات طبيعية"
"items.houseItems.furniture.chairs.pinewoodBenchC.pinewoodBenchC.Description","A straightforward wooden bench, built for functionality and understated charm. 

Must be placed inside a <color=#F2E6BD>house</color>. ","مقعد خشبي بسيط ومباشر، صُنع للأداء العملي وسحر البساطة الهادئ.

يجب وضعه داخل <color=#F2E6BD>منزل</color>."
"items.houseItems.furniture.chairs.pinewoodBenchC.pinewoodBenchC.Name","Simplistic Plank Bench","مقعد ألواح بسيط"
"items.houseItems.furniture.chairs.pinewoodChairA.pinewoodChairA.Description","A rugged chair, its surface charred to a dark patina. Simplistic yet striking.

Must be placed inside a <color=#F2E6BD>house</color>. ","كرسي خشن، تفحم سطحه ليكتسب مظهرًا عتيقًا داكنًا. بسيط ولكنه آسر للأنظار.

يجب وضعه داخل <color=#F2E6BD>منزل</color>."
"items.houseItems.furniture.chairs.pinewoodChairA.pinewoodChairA.Name","Charred Solitude Chair","كرسي العزلة المتفحم"
"items.houseItems.furniture.chairs.pinewoodChairStumpA.pinewoodChairStumpA.Description","A hand-carved stool with a design reminiscent of a bird's nest, offering a quaint, natural resting place. 

Must be placed inside a <color=#F2E6BD>house</color>. ","مقعد منحوت يدويًا بتصميم يذكرك بعش الطائر، يوفر مكان راحة ريفيًا وطبيعيًا.

يجب وضعه داخل <color=#F2E6BD>منزل</color>."
"items.houseItems.furniture.chairs.pinewoodChairStumpA.pinewoodChairStumpA.Name","Whittled Nest Stool","مقعد العش المنحوت"
"items.houseItems.furniture.chairs.pinewoodChairStumpB.pinewoodChairStumpB.Description","A masterfully carved stool, its throne-like backrest offering regal elegance and sturdy support. 

Must be placed inside a <color=#F2E6BD>house</color>. ","مقعد منحوت ببراعة، يوفر مسند ظهره الشبيه بالعرش أناقة ملكية ودعمًا متينًا.

يجب وضعه داخل <color=#F2E6BD>منزل</color>."
"items.houseItems.furniture.chairs.pinewoodChairStumpB.pinewoodChairStumpB.Name","Carved Throne Stool","مقعد العرش المنحوت"
"items.houseItems.furniture.chairs.pinewoodChairStumpC.pinewoodChairStumpC.Description","A robust stool with a high, arching backrest; sure to make a strong impression in any space. 

Must be placed inside a <color=#F2E6BD>house</color>. ","مقعد متين بمسند ظهر مقوس وعالٍ؛ من المؤكد أنه سيترك انطباعًا قويًا في أي مساحة معيشة.

يجب وضعه داخل <color=#F2E6BD>منزل</color>."
"items.houseItems.furniture.chairs.pinewoodChairStumpC.pinewoodChairStumpC.Name","Carved Sentinel Stool","مقعد الحارس المنحوت"
"items.houseItems.furniture.chairs.plainWoodenChair.Description","A simple wooden chair of sturdy make, built for everyday use around tables, desks, or workspaces.","كرسي خشبي بسيط ومتين الصنع، صُمم للاستخدام اليومي بتصميم خالد ومتواضع."
"items.houseItems.furniture.chairs.plainWoodenChair.Name","Plain Wooden Chair","كرسي خشبي عادي"
"items.houseItems.furniture.chairs.sculptedEleganceChair.Description","A sculpted chair, featuring an intricate backrest design that marries form with function. 

Must be placed inside a <color=#F2E6BD>house</color>. ","كرسي منحوت يتميز بتصميم مسند ظهر معقد يجمع بين الأناقة والشكل العملي.

يجب وضعه داخل <color=#F2E6BD>منزل</color>."
"items.houseItems.furniture.chairs.sculptedEleganceChair.Name","Sculpted Elegance Chair","كرسي الأناقة المنحوت"
"items.houseItems.furniture.chests.emberReliquary.Description","A reinforced reliquary that can <color=#F2E6BD>store up to 30 embers</color>.

Must be placed inside a <color=#F2E6BD>house</color>.","صندوق ذخائر مقوّى يمكنه <color=#F2E6BD>تخزين حتى 20 جمرة ساقطة</color>.

يجب وضعه داخل <color=#F2E6BD>منزل</color>."
"items.houseItems.furniture.chests.emberReliquary.Name","Ember Reliquary","صندوق ذخائر الجمر"
"items.houseItems.furniture.chests.engravedHearthsideChest.Description","A large chest that can <color=#F2E6BD>store up to 40 items</color>. 

Must be placed inside a <color=#F2E6BD>house</color>. ","صندوق كبير يمكنه <color=#F2E6BD>تخزين حتى 40 عنصرًا</color>.

يجب وضعه داخل <color=#F2E6BD>منزل</color>."
"items.houseItems.furniture.chests.engravedHearthsideChest.Name","Engraved Hearthside Chest","صندوق جانب الموقد المنقوش"
"items.houseItems.furniture.chests.gildedJewelryCasket.Description","An elegant gilded casket that can <color=#F2E6BD>store up to 30 rings</color>.

Must be placed inside a <color=#F2E6BD>house</color>.","صندوق مذهب أنيق يمكنه <color=#F2E6BD>تخزين حتى 30 خاتمًا</color>.

يجب وضعه داخل <color=#F2E6BD>منزل</color>."
"items.houseItems.furniture.chests.gildedJewelryCasket.Name","Gilded Jewelry Casket","صندوق مجوهرات مذهب"
"items.houseItems.furniture.chests.largeChest.Description","A large chest that can <color=#F2E6BD>store up to 35 items</color>. 

Must be placed inside a <color=#F2E6BD>house</color>. ","صندوق كبير يمكنه <color=#F2E6BD>تخزين حتى 40 عنصرًا</color>.

يجب وضعه داخل <color=#F2E6BD>منزل</color>."
"items.houseItems.furniture.chests.largeChest.Name","Large Chest","صندوق كبير"
"items.houseItems.furniture.chests.mediumChest.Description","A medium chest that can <color=#F2E6BD>store up to 30 items</color>. 

Must be placed inside a <color=#F2E6BD>house</color>. ","صندوق متوسط يمكنه <color=#F2E6BD>تخزين حتى 30 عنصرًا</color>.

يجب وضعه داخل <color=#F2E6BD>منزل</color>."
"items.houseItems.furniture.chests.mediumChest.Name","Medium Chest","صندوق متوسط"
"items.houseItems.furniture.chests.ornateRingkeepersChest.Description","A finely crafted chest that can <color=#F2E6BD>store up to 40 rings</color>.

Must be placed inside a <color=#F2E6BD>house</color>.","صندوق متقن الصنع يمكنه <color=#F2E6BD>تخزين حتى 20 خاتمًا</color>.

يجب وضعه داخل <color=#F2E6BD>منزل</color>."
"items.houseItems.furniture.chests.ornateRingkeepersChest.Name","Ornate Ringkeeper's Chest","صندوق حافظ الخواتم المزخرف"
"items.houseItems.furniture.chests.smallChest.Description","A small chest that can <color=#F2E6BD>store up to 20 items</color>. 

Must be placed inside a <color=#F2E6BD>house</color>. ","صندوق صغير يمكنه <color=#F2E6BD>تخزين حتى 20 عنصرًا</color>.

يجب وضعه داخل <color=#F2E6BD>منزل</color>."
"items.houseItems.furniture.chests.smallChest.Name","Small Chest","صندوق صغير"
"items.houseItems.furniture.chests.smolderingCasket.Description","A heat-resistant casket that can <color=#F2E6BD>store up to 20 embers</color>.

Must be placed inside a <color=#F2E6BD>house</color>.","صندوق مقاوم للحرارة يمكنه <color=#F2E6BD>تخزين حتى 10 جمرات ساقطة</color>.

يجب وضعه داخل <color=#F2E6BD>منزل</color>."
"items.houseItems.furniture.chests.smolderingCasket.Name","Smoldering Casket","صندوق مشتعل"
"items.houseItems.furniture.chests.velvetRingCase.Description","A plush velvet case that can <color=#F2E6BD>store up to 20 rings</color>.

Must be placed inside a <color=#F2E6BD>house</color>.","علبة مخملية فاخرة يمكنها <color=#F2E6BD>تخزين حتى 10 خواتم</color>.

يجب وضعها داخل <color=#F2E6BD>منزل</color>."
"items.houseItems.furniture.chests.velvetRingCase.Name","Velvet Ring Case","علبة خواتم مخملية"
"items.houseItems.furniture.chimneys.chimney.chimney.Description","A sturdy chimney, essential for venting smoke and adding architectural interest to your home.

Must be connected to a <color=#F2E6BD>house</color>. ","مدخنة متينة، ضرورية لتصريف الدخان وإضفاء لمسة معمارية رائعة على منزلك.

يجب وصلها بـ <color=#F2E6BD>منزل</color>."
"items.houseItems.furniture.chimneys.chimney.chimney.Name","Chimney","مدخنة"
"items.houseItems.furniture.cupboards.carvedStorageCabinet.Description","A compact wooden cabinet adorned with carved panels and sturdy framing, offering enclosed storage while adding a sense of craftsmanship and weight to the room.","خزانة خشبية مدمجة مزينة بألواح منحوتة وأرفف داخلية، مثالية لتخزين الأطباق أو الأدوات المنزلية الصغيرة."
"items.houseItems.furniture.cupboards.carvedStorageCabinet.Name","Carved Storage Cabinet","خزانة تخزين منحوتة"
"items.houseItems.furniture.cupboards.largeNobleCupboard.largeNobleCupboard.Description","A large-sized cupboard that can <color=#F2E6BD>store up to 40 consumables</color>. 

Must be placed inside a <color=#F2E6BD>house</color>. ","خزانة كبيرة الحجم يمكنها <color=#F2E6BD>تخزين حتى 40 عنصرًا</color>.

يجب وضعها داخل <color=#F2E6BD>منزل</color>."
"items.houseItems.furniture.cupboards.largeNobleCupboard.largeNobleCupboard.Name","Large Noble Cupboard","خزانة نبلاء كبيرة"
"items.houseItems.furniture.cupboards.mediumNobleCupboard.mediumNobleCupboard.Description","A medium-sized cupboard that can <color=#F2E6BD>store up to 30 consumables</color>. 

Must be placed inside a <color=#F2E6BD>house</color>. ","خزانة متوسطة الحجم يمكنها <color=#F2E6BD>تخزين حتى 30 عنصرًا</color>.

يجب وضعها داخل <color=#F2E6BD>منزل</color>."
"items.houseItems.furniture.cupboards.mediumNobleCupboard.mediumNobleCupboard.Name","Medium Noble Cupboard","خزانة نبلاء متوسطة"
"items.houseItems.furniture.cupboards.ornateSideboardCabinet.Description","A finely crafted wooden sideboard adorned with carved panels and upper cabinets, offering ample storage and a sense of quiet grandeur to any room.","خزانة بوفيه خشبية متقنة الصنع مزينة بنقوش وألواح زجاجية، مثالية لعرض الأواني الفاخرة أو حفظ مستلزمات الطعام."
"items.houseItems.furniture.cupboards.ornateSideboardCabinet.Name","Ornate Sideboard Cabinet","خزانة بوفيه مزخرفة"
"items.houseItems.furniture.cupboards.smallNobleCupboard.smallNobleCupboard.Description","A small-sized cupboard that can <color=#F2E6BD>store up to 20 consumables</color>. 

Must be placed inside a <color=#F2E6BD>house</color>. ","خزانة صغيرة الحجم يمكنها <color=#F2E6BD>تخزين حتى 20 عنصرًا</color>.

يجب وضعها داخل <color=#F2E6BD>منزل</color>."
"items.houseItems.furniture.cupboards.smallNobleCupboard.smallNobleCupboard.Name","Small Noble Cupboard","خزانة نبلاء صغيرة"
"items.houseItems.furniture.pedestals.acanthusCarvedPedestal.acanthusCarvedPedestal.Description","This pedestal, adorned with acanthus leaf carvings, presents a classical stage for showcasing your treasures. 

Must be placed inside a <color=#F2E6BD>house</color>. ","تتميز هذه القاعدة، المزينة بنقوش أوراق الأقنثا، ببراعة وتفاصيل مذهلة.

يجب وضعها داخل <color=#F2E6BD>منزل</color>."
"items.houseItems.furniture.pedestals.acanthusCarvedPedestal.acanthusCarvedPedestal.Name","Acanthus Carved Pedestal","قاعدة منحوتة بورق الأقنثا"
"items.houseItems.furniture.ringsAndGems.jewelersStorageCabinet.Description","A finely crafted cabinet fitted with multiple small drawers, designed for the careful storage of jewelry, gems, and other precious belongings.","خزانة متقنة الصنع مزودة بأدراج صغيرة متعددة، صُممت لتنظيم الأحجار الكريمة والخواتم والحلي الثمينة."
"items.houseItems.furniture.ringsAndGems.jewelersStorageCabinet.Name","Jeweler's Storage Cabinet","خزانة تخزين الجواهري"
"items.houseItems.furniture.shelves.cupboardShelfA.cupboardShelfA.Description","…","رف خشبي متين لتخزين وعرض الأواني المنزلية."
"items.houseItems.furniture.shelves.cupboardShelfA.cupboardShelfA.Name","Cupboard Shelf A","رف خزانة أ"
"items.houseItems.furniture.shelves.cupboardShelfB.cupboardShelfB.Description","…","رف خشبي متين لتخزين وعرض الأواني المنزلية."
"items.houseItems.furniture.shelves.cupboardShelfB.cupboardShelfB.Name","Cupboard Shelf B","رف خزانة ب"
"items.houseItems.furniture.shelves.cupboardShelfC.cupboardShelfC.Description","…","رف خشبي متين لتخزين وعرض الأواني المنزلية."
"items.houseItems.furniture.shelves.cupboardShelfC.cupboardShelfC.Name","Cupboard Shelf C","رف خزانة ج"
"items.houseItems.furniture.shelves.mediumPinewoodCupboard.mediumPinewoodCupboard.Description","A medium-sized cupboard that can <color=#F2E6BD>store up to 30 consumables</color>. 

Must be placed inside a <color=#F2E6BD>house</color>. ","خزانة متوسطة الحجم يمكنها <color=#F2E6BD>تخزين حتى 30 عنصرًا</color>.

يجب وضعها داخل <color=#F2E6BD>منزل</color>."
"items.houseItems.furniture.shelves.mediumPinewoodCupboard.mediumPinewoodCupboard.Name","Medium Cupboard","خزانة متوسطة"
"items.houseItems.furniture.shelves.pinewoodCupboard.pinewoodCupboard.Description","A large-sized cupboard that can <color=#F2E6BD>store up to 40 consumables</color>. 

Must be placed inside a <color=#F2E6BD>house</color>. ","خزانة كبيرة الحجم يمكنها <color=#F2E6BD>تخزين حتى 40 عنصرًا</color>.

يجب وضعها داخل <color=#F2E6BD>منزل</color>."
"items.houseItems.furniture.shelves.pinewoodCupboard.pinewoodCupboard.Name","Large Cupboard","خزانة كبيرة"
"items.houseItems.furniture.shelves.pinewoodWineCabinet.pinewoodWineCabinet.Description","A cabinet designed to store and display your wine collection with a touch of natural grace. 

Must be placed inside a <color=#F2E6BD>house</color>. ","خزانة مصممة لتخزين وعرض زجاجات النبيذ، تجمع بين الأداء العملي والسحر الريفي.

يجب وضعها داخل <color=#F2E6BD>منزل</color>."
"items.houseItems.furniture.shelves.pinewoodWineCabinet.pinewoodWineCabinet.Name","Simple Wine Cabinet","خزانة نبيذ بسيطة"
"items.houseItems.furniture.shelves.smallPinewoodCupboard.smallPinewoodCupboard.Description","A small-sized cupboard that can <color=#F2E6BD>store up to 20 consumables</color>. 

Must be placed inside a <color=#F2E6BD>house</color>. ","خزانة صغيرة الحجم يمكنها <color=#F2E6BD>تخزين حتى 20 عنصرًا</color>.

يجب وضعها داخل <color=#F2E6BD>منزل</color>."
"items.houseItems.furniture.shelves.smallPinewoodCupboard.smallPinewoodCupboard.Name","Small Cupboard","خزانة صغيرة"
"items.houseItems.furniture.stands.carvedConsoleTable.Description","A narrow wooden console table featuring carved details and a small drawer, offering a practical surface for display or storage in tight spaces.","طاولة كونسول خشبية ضيقة تتميز بتفاصيل منحوتة وأرجل رشيقة، تلائم الممرات أو المساحات خلف الأرائك."
"items.houseItems.furniture.stands.carvedConsoleTable.Name","Carved Console Table","طاولة كونسول منحوتة"
"items.houseItems.furniture.stands.carvedLecternStand.carvedLecternStand.Description","This elegantly carved stand serves as a lectern, perfect for holding sacred texts or guiding the learned in study. 

Must be placed inside a <color=#F2E6BD>house</color>. ","تُستخدم هذه المنصة المنحوتة بأناقة كحامل للمخطوطات، وهي مثالية لحمل النصوص المقدسة أو إرشاد العلماء أثناء الدراسة.

يجب وضعها داخل <color=#F2E6BD>منزل</color>."
"items.houseItems.furniture.stands.carvedLecternStand.carvedLecternStand.Name","Carved Lectern Stand","منصة قراءة منحوتة"
"items.houseItems.furniture.stands.carvedShrinePlinth.Description","A compact wooden plinth adorned with carved motifs, suited for displaying cherished items or serving as a quiet focal point within a room.","قاعدة خشبية مدمجة مزينة بزخارف منحوتة، تُستخدم لحمل القرابين أو الشموع أو الرموز الدينية الصغيرة."
"items.houseItems.furniture.stands.carvedShrinePlinth.Name","Carved Shrine Plinth","قاعدة مزار منحوتة"
"items.houseItems.furniture.stands.ornatePedestalTable.Description","A slender pedestal table topped with intricate carved patterns, ideal for displaying small objects while adding a touch of refined craftsmanship to the room.","طاولة ركيزة رفيعة تعلوها منحوتات معقدة وقاعدة متينة، مناسبة لعرض المزهريات أو الشمعدانات."
"items.houseItems.furniture.stands.ornatePedestalTable.Name","Ornate Pedestal Table","طاولة ركيزة مزخرفة"
"items.houseItems.furniture.tables.carvedBedsideStand.Description","A stout wooden bedside stand with hand-carved edges and a thick tabletop, offering a rugged surface for personal belongings beside the bed.","منضدة سرير خشبية متينة ذات حواف منحوتة يدويًا وسطح سميك، توفر مكانًا صلبًا للمتعلقات الشخصية بجانب السرير."
"items.houseItems.furniture.tables.carvedBedsideStand.Name","Carved Bedside Stand","منضدة سرير منحوتة"
"items.houseItems.furniture.tables.carvedPedestalTable.Description","A sturdy pedestal table with softly carved edges, offering a compact surface for display or everyday use.","طاولة ركيزة متينة ذات حواف منحوتة بنعومة، توفر سطحًا مدمجًا للعرض أو الاستخدام اليومي."
"items.houseItems.furniture.tables.carvedPedestalTable.Name","Carved Pedestal Table","طاولة ركيزة منحوتة"
"items.houseItems.furniture.tables.carvedWritingDesk.Description","A solid wooden writing desk adorned with carved panels and sturdy supports, offering a broad surface suited for study, correspondence, and careful work.","مكتب كتابة من الخشب الصلب مزين بألواح منحوتة وأدراج مدمجة، يوفر مساحة عمل كلاسيكية للقراءة والكتابة."
"items.houseItems.furniture.tables.carvedWritingDesk.Name","Carved Writing Desk","مكتب كتابة منحوت"
"items.houseItems.furniture.tables.clothCoveredSideTable.Description","A modest wooden side table draped with a simple cloth, offering a practical surface for light work, preparation, or display within the home.","طاولة جانبية خشبية متواضعة يتدلى عليها مفرش قماشي بسيط، تضيف لمسة ناعمة وعملية لأي غرفة."
"items.houseItems.furniture.tables.clothCoveredSideTable.Name","Cloth-Covered Side Table","طاولة جانبية مغطاة بالقماش"
"items.houseItems.furniture.tables.clothRunnerTable.Description","A sturdy wooden table topped with a simple cloth runner, offering a practical surface softened by a touch of domestic comfort.","طاولة خشبية متينة يعلوها مفرش قماشي بسيط، تلائم تناول الطعام اليومي أو الاستخدام العام."
"items.houseItems.furniture.tables.clothRunnerTable.Name","Cloth-Runner Table","طاولة بمفرش قماشي"
"items.houseItems.furniture.tables.curvedServiceCounter.Description","A broad wooden counter with a curved front and carved paneling, designed to serve as a central workspace for trade, service, or exchange.","منضدة خشبية عريضة بواجهة منحنية ودعامات منحوتة، تلائم مناطق الاستقبال أو زوايا الطعام الرسمية."
"items.houseItems.furniture.tables.curvedServiceCounter.Name","Curved Service Counter","منضدة خدمة منحنية"
"items.houseItems.furniture.tables.cushionedAccentTable.Description","A low wooden table topped with a padded surface and subtle decorative detailing, suited for resting small items or serving as an ornamental accent in seating areas.","طاولة خشبية منخفضة يعلوها سطح مبطن وإطار مزخرف، تعمل كمسند مريح للأقدام أو سطح جانبي منخفض."
"items.houseItems.furniture.tables.cushionedAccentTable.Name","Cushioned Accent Table","طاولة مميزة مبطنة"
"items.houseItems.furniture.tables.pinewoodTable.pinewoodDinnerTable.Description","A table with a classic, natural finish, offering a welcoming space for meals and gatherings. 

Must be placed inside a <color=#F2E6BD>house</color>. ","طاولة بتشطيب كلاسيكي وطبيعي، توفر مساحة مرحبة للوجبات والتجمعات.

يجب وضعه داخل <color=#F2E6BD>منزل</color>."
"items.houseItems.furniture.tables.pinewoodTable.pinewoodDinnerTable.Name","Simple Dinner Table","طاولة عشاء بسيطة"
"items.houseItems.furniture.tables.pinewoodTable.pinewoodTable.Description","A rectangular table that combines strength and natural beauty. Ideal for both dining and daily use. 

Must be placed inside a <color=#F2E6BD>house</color>. ","طاولة مستطيلة تجمع بين المتانة والجمال الطبيعي. مثالية لتناول الطعام والاستخدام اليومي.

يجب وضعه داخل <color=#F2E6BD>منزل</color>."
"items.houseItems.furniture.tables.pinewoodTable.pinewoodTable.Name","Simple Table","طاولة بسيطة"
"items.houseItems.furniture.tables.plainBedsideTable.Description","A simple wooden table built for everyday use, its clean lines and sturdy legs making it a practical companion for any sleeping space.","طاولة خشبية بسيطة صُممت للاستخدام اليومي، وتوفر أرجلها المستقيمة وسطحها الأملس وظيفة عملية دون بهرجة."
"items.houseItems.furniture.tables.plainBedsideTable.Name","Plain Bedside Table","منضدة سرير عادية"
"items.houseItems.furniture.tables.roughHewnPedestalTable.Description","A heavy pedestal table shaped from thick timber, its uneven surface and solid base giving it a rugged, timeworn character.","طاولة ركيزة ثقيلة شُكّلت من خشب سميك، تمنح حضورًا ريفيًا قويًا بفضل علامات الفأس الواضحة على خشبها."
"items.houseItems.furniture.tables.roughHewnPedestalTable.Name","Rough-Hewn Pedestal Table","طاولة ركيزة منحوتة بخشونة"
"items.houseItems.furniture.tables.scholarsWritingTable.Description","A finely crafted writing table featuring a raised rest and ornate detailing, designed for study, correspondence, and careful scholarly work.","طاولة كتابة متقنة الصنع تتميز بحافة خلفية مرتفعة وحجيرات صغيرة، صُممت لتنظيم الرقوق وقوارير الحبر."
"items.houseItems.furniture.tables.scholarsWritingTable.Name","Scholar’s Writing Table","طاولة كتابة الباحث"
"items.houseItems.furniture.tables.smallPinewoodRoundTable.smallPinewoodRoundTable.Description","A basic table; a place to dine, entertain guests, or simply rest your head. 

Must be placed inside a <color=#F2E6BD>house</color>. ","طاولة أساسية؛ مكان لتناول الطعام وتسلية الضيوف ومشاركة الوجبات مع رفاق السلاح.

يجب وضعها داخل <color=#F2E6BD>منزل</color>."
"items.houseItems.furniture.tables.smallPinewoodRoundTable.smallPinewoodRoundTable.Name","Simple Round Table","طاولة مستديرة بسيطة"
"items.houseItems.furniture.tables.starInlaySideTable.Description","A small side table featuring a star-shaped inlay on its surface, adding a decorative accent well suited for sitting rooms or quiet corners.","طاولة جانبية صغيرة تتميز بتطعيم على شكل نجمة على سطحها، مما يضيف لمسة زخرفية تلائم غرف الجلوس أو الزوايا الهادئة."
"items.houseItems.furniture.tables.starInlaySideTable.Name","Star Inlay Side Table","طاولة جانبية مطعمة بنجمة"
"items.houseItems.furniture.tables.stoneWorkCounter.Description","A broad stone counter carved from a single slab, providing a durable surface suited for heavy work, preparation, or craft within the home.","منضدة حجرية عريضة منحوتة من لوح واحد، توفر سطحًا صلبًا ومتينًا للغاية للأعمال الشاقة والمطبخ."
"items.houseItems.furniture.tables.stoneWorkCounter.Name","Stone Work Counter","منضدة عمل حجرية"
"items.houseItems.furniture.tables.sturdyUtilityTable.Description","A broad wooden table built for practical tasks, its reinforced frame and lower supports suited for work, preparation, or shared use.","طاولة خشبية عريضة صُممت للمهام العملية، ويوفر سطحها السميك مساحة متينة لإعداد الطعام أو الأعمال الحرفية."
"items.houseItems.furniture.tables.sturdyUtilityTable.Name","Sturdy Utility Table","طاولة مهام متينة"
"items.houseItems.furniture.toys.whittledRockingHorse.whittledRockingHorse.Description","This charming rocking horse, with its classic whittled design, brings a touch of nostalgia to any room. 

Must be placed inside a <color=#F2E6BD>house</color>. ","يضفي هذا الحصان الهزاز الجذاب، بلمسته الكلاسيكية المنحوتة يدويًا، لمسة من الحنين والمرح على أي غرفة.

يجب وضعه داخل <color=#F2E6BD>منزل</color>."
"items.houseItems.furniture.toys.whittledRockingHorse.whittledRockingHorse.Name","Whittled Rocking Horse","حصان هزاز منحوت"
"items.houseItems.refineries.furnaces.fineFurnace.Description","Used to <color=#F2E6BD>melt ore into ingots</color>.
Smelts faster than the Sturdy Furnace and uses fuel more efficiently.

Must be placed inside a <color=#F2E6BD>house</color>.","يُستخدم لـ <color=#F2E6BD>صهر الخام إلى سبائك</color>.
يصهر المعادن بسرعة أعلى وثبات أكبر.

يجب وضعه داخل <color=#F2E6BD>منزل</color>."
"items.houseItems.refineries.furnaces.fineFurnace.Name","Fine Furnace","فرن صهر فاخر"
"items.houseItems.refineries.furnaces.masterworkFurnace.Description","Used to <color=#F2E6BD>melt ore into ingots</color>.
The fastest and most efficient furnace available.

Must be placed inside a <color=#F2E6BD>house</color>.","يُستخدم لـ <color=#F2E6BD>صهر الخام إلى سبائك</color>.
أسرع وأكفأ فرن صهر متاح.

يجب وضعه داخل <color=#F2E6BD>منزل</color>."
"items.houseItems.refineries.furnaces.masterworkFurnace.Name","Masterwork Furnace","فرن صهر متقن الصنع"
"items.houseItems.refineries.furnaces.ornateFurnace.Description","Used to <color=#F2E6BD>melt ore into ingots</color>.
Faster and more elegant than the Polished Furnace.

Must be placed inside a <color=#F2E6BD>house</color>.","يُستخدم لـ <color=#F2E6BD>صهر الخام إلى سبائك</color>.
أسرع من الأفران القياسية ويضفي رونقًا جماليًا.

يجب وضعه داخل <color=#F2E6BD>منزل</color>."
"items.houseItems.refineries.furnaces.ornateFurnace.Name","Ornate Furnace","فرن صهر مزخرف"
"items.houseItems.refineries.furnaces.polishedFurnace.Description","Used to <color=#F2E6BD>melt ore into ingots</color>.
More efficient than the Fine Furnace, with improved heat retention.

Must be placed inside a <color=#F2E6BD>house</color>.","يُستخدم لـ <color=#F2E6BD>صهر الخام إلى سبائك</color>.
أكثر كفاءة ويحافظ على حرارة عالية ومستمرة.

يجب وضعه داخل <color=#F2E6BD>منزل</color>."
"items.houseItems.refineries.furnaces.polishedFurnace.Name","Polished Furnace","فرن صهر مصقول"
"items.houseItems.refineries.furnaces.simpleFurnace.Description","Used to <color=#F2E6BD>melt ore into ingots</color>.

Must be placed inside a <color=#F2E6BD>house</color>.","يُستخدم لـ <color=#F2E6BD>صهر الخام إلى سبائك</color>.

يجب وضعه داخل <color=#F2E6BD>منزل</color>."
"items.houseItems.refineries.furnaces.simpleFurnace.Name","Simple Furnace","فرن صهر بسيط"
"items.houseItems.refineries.furnaces.sturdyFurnace.Description","Used to <color=#F2E6BD>melt ore into ingots</color>.
Faster and more consistent than the Simple Furnace.

Must be placed inside a <color=#F2E6BD>house</color>.","يُستخدم لـ <color=#F2E6BD>صهر الخام إلى سبائك</color>.
أسرع وأكثر كفاءة من فرن الصهر البسيط.

يجب وضعه داخل <color=#F2E6BD>منزل</color>."
"items.houseItems.refineries.furnaces.sturdyFurnace.Name","Sturdy Furnace","فرن صهر متين"
"items.houseItems.refineries.sawmills.fineSawmill.Description","Used to <color=#F2E6BD>turn wood into planks</color>.
Cuts faster and cleaner than the Sturdy Sawmill.

Must be placed inside a <color=#F2E6BD>house</color>.","تُستخدم لـ <color=#F2E6BD>تحويل الخشب إلى ألواح</color>.
تقطع الخشب بسرعة ودقة فائقة.

يجب وضعها داخل <color=#F2E6BD>منزل</color>."
"items.houseItems.refineries.sawmills.fineSawmill.Name","Fine Sawmill","منشرة خشب فاخرة"
"items.houseItems.refineries.sawmills.masterworkSawmill.Description","Used to <color=#F2E6BD>turn wood into planks</color>.
The fastest and most efficient sawmill available.

Must be placed inside a <color=#F2E6BD>house</color>.","تُستخدم لـ <color=#F2E6BD>تحويل الخشب إلى ألواح</color>.
أسرع وأكفأ منشرة خشب متاحة.

يجب وضعها داخل <color=#F2E6BD>منزل</color>."
"items.houseItems.refineries.sawmills.masterworkSawmill.Name","Masterwork Sawmill","منشرة خشب متقنة الصنع"
"items.houseItems.refineries.sawmills.ornateSawmill.Description","Used to <color=#F2E6BD>turn wood into planks</color>.
Faster and more refined than the Polished Sawmill.

Must be placed inside a <color=#F2E6BD>house</color>.","تُستخدم لـ <color=#F2E6BD>تحويل الخشب إلى ألواح</color>.
أسرع وتتميز بزخارف متقنة تُزيّن ورشة العمل.

يجب وضعها داخل <color=#F2E6BD>منزل</color>."
"items.houseItems.refineries.sawmills.ornateSawmill.Name","Ornate Sawmill","منشرة خشب مزخرفة"
"items.houseItems.refineries.sawmills.polishedSawmill.Description","Used to <color=#F2E6BD>turn wood into planks</color>.
More efficient than the Fine Sawmill, with reduced waste.

Must be placed inside a <color=#F2E6BD>house</color>.","تُستخدم لـ <color=#F2E6BD>تحويل الخشب إلى ألواح</color>.
أكثر كفاءة وتوفر ألواحًا ذات حواف ملساء تمامًا.

يجب وضعها داخل <color=#F2E6BD>منزل</color>."
"items.houseItems.refineries.sawmills.polishedSawmill.Name","Polished Sawmill","منشرة خشب مصقولة"
"items.houseItems.refineries.sawmills.simpleSawmill.Description","Used to <color=#F2E6BD>turn wood into planks</color>.

Must be placed inside a <color=#F2E6BD>house</color>.","تُستخدم لـ <color=#F2E6BD>تحويل الخشب إلى ألواح</color>.

يجب وضعها داخل <color=#F2E6BD>منزل</color>."
"items.houseItems.refineries.sawmills.simpleSawmill.Name","Simple Sawmill","منشرة خشب بسيطة"
"items.houseItems.refineries.sawmills.sturdySawmill.Description","Used to <color=#F2E6BD>turn wood into planks</color>.
Faster and more stable than the Simple Sawmill.

Must be placed inside a <color=#F2E6BD>house</color>.","تُستخدم لـ <color=#F2E6BD>تحويل الخشب إلى ألواح</color>.
أسرع وأكثر صلابة من منشرة الخشب البسيطة.

يجب وضعها داخل <color=#F2E6BD>منزل</color>."
"items.houseItems.refineries.sawmills.sturdySawmill.Name","Sturdy Sawmill","منشرة خشب متينة"
"items.houseItems.refineries.spinningWheels.fineSpinningWheel.Description","Used to <color=#F2E6BD>turn threads into garments</color>.
Spins faster than the Sturdy Spinning Wheel with smoother operation.

Must be placed inside a <color=#F2E6BD>house</color>.","تُستخدم لـ <color=#F2E6BD>تحويل الخيوط إلى ملابس</color>.
تغزل الأقمشة بسرعة ونعومة استثنائية.

يجب وضعها داخل <color=#F2E6BD>منزل</color>."
"items.houseItems.refineries.spinningWheels.fineSpinningWheel.Name","Fine Spinning Wheel","عجلة غزل فاخرة"
"items.houseItems.refineries.spinningWheels.masterworkSpinningWheel.Description","Used to <color=#F2E6BD>turn threads into garments</color>.
The fastest and most efficient spinning wheel available.

Must be placed inside a <color=#F2E6BD>house</color>.","تُستخدم لـ <color=#F2E6BD>تحويل الخيوط إلى ملابس</color>.
أسرع وأكفأ عجلة غزل متاحة.

يجب وضعها داخل <color=#F2E6BD>منزل</color>."
"items.houseItems.refineries.spinningWheels.masterworkSpinningWheel.Name","Masterwork Spinning Wheel","عجلة غزل متقنة الصنع"
"items.houseItems.refineries.spinningWheels.ornateSpinningWheel.Description","Used to <color=#F2E6BD>turn threads into garments</color>.
Faster and more refined than the Polished Spinning Wheel.

Must be placed inside a <color=#F2E6BD>house</color>.","تُستخدم لـ <color=#F2E6BD>تحويل الخيوط إلى ملابس</color>.
أسرع من العجلات العادية ومطعمة بنقوش بديعة.

يجب وضعها داخل <color=#F2E6BD>منزل</color>."
"items.houseItems.refineries.spinningWheels.ornateSpinningWheel.Name","Ornate Spinning Wheel","عجلة غزل مزخرفة"
"items.houseItems.refineries.spinningWheels.polishedSpinningWheel.Description","Used to <color=#F2E6BD>turn threads into garments</color>.
More efficient than the Fine Spinning Wheel and easier to maintain.

Must be placed inside a <color=#F2E6BD>house</color>.","تُستخدم لـ <color=#F2E6BD>تحويل الخيوط إلى ملابس</color>.
أكثر كفاءة وتضمن جودة خيوط ممتازة.

يجب وضعها داخل <color=#F2E6BD>منزل</color>."
"items.houseItems.refineries.spinningWheels.polishedSpinningWheel.Name","Polished Spinning Wheel","عجلة غزل مصقولة"
"items.houseItems.refineries.spinningWheels.simpleSpinningWheel.Description","Used to <color=#F2E6BD>turn threads into garments</color>.

Must be placed inside a <color=#F2E6BD>house</color>.","تُستخدم لـ <color=#F2E6BD>تحويل الخيوط إلى ملابس</color>.

يجب وضعها داخل <color=#F2E6BD>منزل</color>."
"items.houseItems.refineries.spinningWheels.simpleSpinningWheel.Name","Simple Spinning Wheel","عجلة غزل بسيطة"
"items.houseItems.refineries.spinningWheels.sturdySpinningWheel.Description","Used to <color=#F2E6BD>turn threads into garments</color>.
Faster and more reliable than the Simple Spinning Wheel.

Must be placed inside a <color=#F2E6BD>house</color>.","تُستخدم لـ <color=#F2E6BD>تحويل الخيوط إلى ملابس</color>.
أسرع وأكثر ثباتًا من عجلة الغزل البسيطة.

يجب وضعها داخل <color=#F2E6BD>منزل</color>."
"items.houseItems.refineries.spinningWheels.sturdySpinningWheel.Name","Sturdy Spinning Wheel","عجلة غزل متينة"
"items.houseItems.refineries.tanningRacks.fineTanningRack.Description","Used to <color=#F2E6BD>turn hides into leather</color>.
Faster and more even than the Sturdy Tanning Rack.

Must be placed inside a <color=#F2E6BD>house</color>.","يُستخدم لـ <color=#F2E6BD>تحويل الجلود إلى جلد مدبوغ</color>.
أسرع في دباغة الجلود بدقة عالية.

يجب وضعه داخل <color=#F2E6BD>منزل</color>."
"items.houseItems.refineries.tanningRacks.fineTanningRack.Name","Fine Tanning Rack","حامل دباغة فاخر"
"items.houseItems.refineries.tanningRacks.masterworkTanningRack.Description","Used to <color=#F2E6BD>turn hides into leather</color>.
The fastest and most efficient tanning rack available.

Must be placed inside a <color=#F2E6BD>house</color>.","يُستخدم لـ <color=#F2E6BD>تحويل الجلود إلى جلد مدبوغ</color>.
أسرع وأكفأ حامل دباغة متاح.

يجب وضعه داخل <color=#F2E6BD>منزل</color>."
"items.houseItems.refineries.tanningRacks.masterworkTanningRack.Name","Masterwork Tanning Rack","حامل دباغة متقن الصنع"
"items.houseItems.refineries.tanningRacks.ornateTanningRack.Description","Used to <color=#F2E6BD>turn hides into leather</color>.
Faster and more refined than the Polished Tanning Rack.

Must be placed inside a <color=#F2E6BD>house</color>.","يُستخدم لـ <color=#F2E6BD>تحويل الجلود إلى جلد مدبوغ</color>.
أسرع ويتميز بتشطيبات أنيقة تلائم منزلك.

يجب وضعه داخل <color=#F2E6BD>منزل</color>."
"items.houseItems.refineries.tanningRacks.ornateTanningRack.Name","Ornate Tanning Rack","حامل دباغة مزخرف"
"items.houseItems.refineries.tanningRacks.polishedTanningRack.Description","Used to <color=#F2E6BD>turn hides into leather</color>.
More efficient than the Fine Tanning Rack and easier to clean.

Must be placed inside a <color=#F2E6BD>house</color>.","يُستخدم لـ <color=#F2E6BD>تحويل الجلود إلى جلد مدبوغ</color>.
أكثر كفاءة ويمنح الجلود ملمسًا ممتازًا.

يجب وضعه داخل <color=#F2E6BD>منزل</color>."
"items.houseItems.refineries.tanningRacks.polishedTanningRack.Name","Polished Tanning Rack","حامل دباغة مصقول"
"items.houseItems.refineries.tanningRacks.simpleTanningRack.Description","Used to <color=#F2E6BD>turn hides into leather</color>.

Must be placed inside a <color=#F2E6BD>house</color>.","يُستخدم لـ <color=#F2E6BD>تحويل الجلود إلى جلد مدبوغ</color>.

يجب وضعه داخل <color=#F2E6BD>منزل</color>."
"items.houseItems.refineries.tanningRacks.simpleTanningRack.Name","Simple Tanning Rack","حامل دباغة بسيط"
"items.houseItems.refineries.tanningRacks.sturdyTanningRack.Description","Used to <color=#F2E6BD>turn hides into leather</color>.
Cures hides more quickly than the Simple Tanning Rack.

Must be placed inside a <color=#F2E6BD>house</color>.","يُستخدم لـ <color=#F2E6BD>تحويل الجلود إلى جلد مدبوغ</color>.
يدبغ الجلود أسرع وأثبت من حامل الدباغة البسيط.

يجب وضعه داخل <color=#F2E6BD>منزل</color>."
"items.houseItems.refineries.tanningRacks.sturdyTanningRack.Name","Sturdy Tanning Rack","حامل دباغة متين"
"items.houseItems.tableware.blueGlassBottle.Description","A short glass bottle tinted blue, suited for holding oils, tinctures, or simple household liquids.","زجاجة قصيرة ذات زجاج أزرق، مناسبة لحفظ الزيوت أو الخلاصات أو السوائل الخاصة."
"items.houseItems.tableware.blueGlassBottle.Name","Blue Glass Bottle","زجاجة زرقاء"
"items.houseItems.tableware.broadCookingPot.Description","A wide, sturdy metal pot with reinforced handles, designed for preparing and serving shared meals with ease.","قدر معدني عريض ومتين مزود بمقابض مقواة، مثالي لتحضير اليخنات الدسمة والوجبات الكبيرة."
"items.houseItems.tableware.broadCookingPot.Name","Broad Cooking Pot","قدر طهي عريض"
"items.houseItems.tableware.ceramicDrinkingMug.Description","A sturdy ceramic mug with a simple handle, suitable for everyday drinking.","كوب خزفي متين بمقبض بسيط، ملائم لتقديم المشروبات الساخنة أو الباردة في الوجبات اليومية."
"items.houseItems.tableware.ceramicDrinkingMug.Name","Ceramic Drinking Mug","كوب شرب خزفي"
"items.houseItems.tableware.ceramicLid.Description","A fitted ceramic lid designed to cover pots or bowls, helping keep contents warm and protected.","غطاء خزفي محكم مصمم لتغطية القدور أو الأوعية لحفظ الحرارة ومنع دخول الغبار."
"items.houseItems.tableware.ceramicLid.Name","Ceramic Lid","غطاء خزفي"
"items.houseItems.tableware.ceramicWaterJug.Description","A modest ceramic jug with a wide handle and spout, suited for carrying and pouring water or other liquids.","إبريق خزفي متواضع ذو مقبض عريض ومصب عملي، يُستخدم عادة لصب الماء أو العصائر على المائدة."
"items.houseItems.tableware.ceramicWaterJug.Name","Ceramic Water Jug","إبريق ماء خزفي"
"items.houseItems.tableware.clothSealedStorageJar.Description","A simple ceramic jar sealed with a cloth cover, commonly used to store preserves, grains, or dry ingredients.","جرة خزفية بسيطة محكمة الغلق بغطاء قماشي، تحافظ على الحبوب والمكسرات والمواد الجافة طازجة."
"items.houseItems.tableware.clothSealedStorageJar.Name","Cloth-Sealed Storage Jar","جرة تخزين محكمة بالقماش"
"items.houseItems.tableware.decoratedDrinkingBeaker.Description","A metal drinking beaker adorned with subtle decorative detailing, offering a modest touch of refinement for everyday meals and gatherings.","كأس شرب معدني مزين بزخارف دقيقة حول حافته، يضفي لمسة أنيقة على المائدة."
"items.houseItems.tableware.decoratedDrinkingBeaker.Name","Decorated Drinking Beaker","كأس شرب مزخرف"
"items.houseItems.tableware.decoratedServingPlatter.Description","A shallow metal platter adorned with engraved patterns, ideal for presenting food with a touch of care and craftsmanship.","طبق معدني ضحل مزين بنقوش محفورة، يُستخدم لعرض اللحوم أو الخبز أو الفواكه في المناسبات."
"items.houseItems.tableware.decoratedServingPlatter.Name","Decorated Serving Platter","طبق تقديم مزخرف"
"items.houseItems.tableware.decoratedStorageVessel.Description","A broad ceramic vessel adorned with subtle decorative detailing, offering practical storage while adding character to the room.","وعاء خزفي عريض مزين بزخارف رقيقة، مثالي لحفظ المؤن الجافة أو تزيين أرفف المطبخ."
"items.houseItems.tableware.decoratedStorageVessel.Name","Decorated Storage Vessel","وعاء تخزين مزخرف"
"items.houseItems.tableware.engravedDecanter.Description","A rounded glass decanter set in an engraved metal frame, used to store and pour spirits with a touch of care and ceremony.","دورق زجاجي مستدير مثبت في إطار معدني منقوش، صُمم لتقديم النبيذ الفاخر بأسلوب راقٍ."
"items.houseItems.tableware.engravedDecanter.Name","Engraved Decanter","دورق منقوش"
"items.houseItems.tableware.handledCookingPot.Description","A rounded ceramic pot with small side handles and a fitted lid, ideal for preparing and serving warm meals.","قدر خزفي مستدير بمقابض جانبية صغيرة، شائع الاستخدام للطهي البطيء والغلي."
"items.houseItems.tableware.handledCookingPot.Name","Handled Cooking Pot","قدر طهي ذو مقبضين"
"items.houseItems.tableware.handledServingPot.Description","A compact metal pot fitted with small side handles, suited for serving warm dishes directly at the table.","قدر معدني مدمج مزود بمقابض جانبية صغيرة، مناسب لتقديم الحساء أو اليخنة مباشرة على المائدة."
"items.houseItems.tableware.handledServingPot.Name","Handled Serving Pot","قدر تقديم ذو مقبضين"
"items.houseItems.tableware.kitchenCleaver.Description","A broad-bladed kitchen knife designed for chopping meat, vegetables, and other ingredients during meal preparation.","سكين مطبخ عريض النصل مصمم لتقطيع اللحوم والعظام والمكونات الصلبة بكفاءة."
"items.houseItems.tableware.kitchenCleaver.Name","Kitchen Cleaver","ساطور مطبخ"
"items.houseItems.tableware.largeCeramicBottle.Description","A tall ceramic bottle with a narrow neck, designed for storing water, spirits, or other liquids.","زجاجة خزفية طويلة بعنق ضيق، مصممة لتخزين كميات وافرة من السوائل كالنبيذ أو الزيت."
"items.houseItems.tableware.largeCeramicBottle.Name","Large Ceramic Bottle","زجاجة خزفية كبيرة"
"items.houseItems.tableware.largeClayStorageJar.Description","A tall, heavy clay jar built for holding bulk goods, commonly found in kitchens, pantries, and storerooms.","جرة فخارية طويلة وثقيلة مخصصة لحفظ المؤن الكبيرة، شائعة في المطابخ والمخازن."
"items.houseItems.tableware.largeClayStorageJar.Name","Large Clay Storage Jar","جرة تخزين فخارية كبيرة"
"items.houseItems.tableware.liddedCeramicJar.Description","A compact ceramic jar fitted with a simple lid, used to keep spices, salves, or dry goods close at hand.","جرة خزفية مدمجة مزودة بغطاء بسيط، تُستخدم لحفظ البهارات أو المراهم أو المؤن الجافة في متناول اليد."
"items.houseItems.tableware.liddedCeramicJar.Name","Lidded Ceramic Jar","جرة خزفية ذات غطاء"
"items.houseItems.tableware.liddedCeramicPot.Description","A round ceramic pot fitted with a basic lid, used for cooking or keeping food warm after preparation.","قدر خزفي دائري مزود بغطاء أساسي، ملائم لحفظ الأطعمة المطبوخة دافئة على المائدة."
"items.houseItems.tableware.liddedCeramicPot.Name","Lidded Ceramic Pot","قدر خزفي ذو غطاء"
"items.houseItems.tableware.markedDrinkingMug.Description","A solid metal mug bearing a simple emblem, suited for casual meals and well-worn taverns alike.","كوب معدني صلب يحمل شعارًا بسيطًا، مناسب للمشروبات القوية في الحانات أو المخيمات."
"items.houseItems.tableware.markedDrinkingMug.Name","Marked Drinking Mug","كوب شرب مميز"
"items.houseItems.tableware.medicineBottle.Description","A stoppered glass bottle labeled for medicinal use, commonly used to store remedies, tonics, or prepared treatments.","زجاجة ذات سدادة محكمة ومخصصة للخلطات الطبية والجرعات الصغيرة."
"items.houseItems.tableware.medicineBottle.Name","Medicine Bottle","زجاجة دواء"
"items.houseItems.tableware.mortar.Description","A heavy stone mortar used for grinding ingredients by hand, showing the marks of frequent use.","هاون حجري ثقيل يُستخدم لسحق وطحن المكونات والبهارات يدويًا."
"items.houseItems.tableware.mortar.Name","Mortar","هاون"
"items.houseItems.tableware.plainCeramicPot.Description","A round ceramic pot of unadorned design, commonly used for cooking or storing food.","قدر خزفي دائري بتصميم بسيط غير مزخرف، يُستخدم عمومًا في إعداد الطعام اليومي."
"items.houseItems.tableware.plainCeramicPot.Name","Plain Ceramic Pot","قدر خزفي عادي"
"items.houseItems.tableware.plainDrinkingCup.Description","A small metal cup of straightforward design, practical and unadorned, fit for everyday dining.","كوب معدني صغير بتصميم عملي ومباشر، مناسب للاستخدام اليومي المتكرر."
"items.houseItems.tableware.plainDrinkingCup.Name","Plain Drinking Cup","كوب شرب عادي"
"items.houseItems.tableware.plainMetalBowl.Description","A shallow metal bowl of simple make, suited for everyday meals and basic food preparation.","وعاء معدني ضحل بسيط الصنع، ملائم للوجبات اليومية وتحضير الطعام الأساسي."
"items.houseItems.tableware.plainMetalBowl.Name","Plain Metal Bowl","وعاء معدني عادي"
"items.houseItems.tableware.reedPlaceMat.Description","A simple woven mat made from tightly bound reeds, used to protect surfaces during meals or preparation.","مفرش منسوج بسيط من القصب المشدود بإحكام، يحمي الطاولات من الحرارة وانسكاب السوائل."
"items.houseItems.tableware.reedPlaceMat.Name","Reed Place Mat","مفرش أطباق من القصب"
"items.houseItems.tableware.simpleCookingPot.Description","A modest metal pot built for preparing basic meals, showing the wear of regular household use.","قدر معدني متواضع صُنع لإعداد الوجبات البسيطة والحساء اليومي."
"items.houseItems.tableware.simpleCookingPot.Name","Simple Cooking Pot","قدر طهي بسيط"
"items.houseItems.tableware.simpleGoblet.Description","A modest metal goblet with a balanced stem, offering a slightly more refined way to enjoy drink without excess ornamentation.","كأس معدني متواضع بساق متوازنة، يوفر حضورًا عمليًا ولكن راقيًا على المائدة."
"items.houseItems.tableware.simpleGoblet.Name","Simple Goblet","كأس بسيط"
"items.houseItems.tableware.smallCeramicBottle.Description","A modest ceramic bottle with a narrow neck, suited for storing oils, extracts, or small amounts of liquid.","زجاجة خزفية متواضعة بعنق ضيق، ملائمة لحفظ قطرات الزيت والخل ومستخلصات الطهي."
"items.houseItems.tableware.smallCeramicBottle.Name","Small Ceramic Bottle","زجاجة خزفية صغيرة"
"items.houseItems.tableware.smallCeramicBowl.Description","A small ceramic bowl suited for simple servings, sauces, or side dishes.","وعاء خزفي صغير ملائم لتقديم الحصص البسيطة والمقبلات والصلصات."
"items.houseItems.tableware.smallCeramicBowl.Name","Small Ceramic Bowl","وعاء خزفي صغير"
"items.houseItems.tableware.smallGlassBottle.Description","A compact glass bottle used to store small amounts of liquid, commonly found on tables and shelves.","زجاجة صغيرة الحجم تُستخدم لتخزين كميات ضئيلة من الزيوت الثمينة أو التوابل السائلة."
"items.houseItems.tableware.smallGlassBottle.Name","Small Glass Bottle","زجاجة زجاجية صغيرة"
"items.houseItems.tableware.smallMetalBowl.Description","A compact metal bowl used for small portions, ingredients, or simple table settings.","وعاء معدني مدمج يُستخدم للحصص الصغيرة أو الصلصات أو خلط المكونات الخفيفة."
"items.houseItems.tableware.smallMetalBowl.Name","Small Metal Bowl","وعاء معدني صغير"
"items.houseItems.tableware.smallMetalPlate.Description","A modest metal plate of simple make, practical for everyday meals and light servings.","صحن معدني متواضع بسيط الصنع، عملي للوجبات الخفيفة والخبز والمهام اليومية."
"items.houseItems.tableware.smallMetalPlate.Name","Small Metal Plate","صحن معدني صغير"
"items.houseItems.tableware.smallSpiceBowl.Description","A shallow ceramic bowl used to hold spices, herbs, or other small ingredients during cooking and preparation.","وعاء خزفي ضحل يُستخدم لحفظ التوابل والأعشاب ومزيج الملح أثناء الطهي."
"items.houseItems.tableware.smallSpiceBowl.Name","Small Spice Bowl","وعاء بهارات صغير"
"items.houseItems.tableware.stoneDrinkingMug.Description","A thick-walled stone mug built for durability, often used in kitchens and common rooms.","كوب حجري سميك الجدران صُنع ليدوم طويلًا ويحافظ على برودة المشروبات."
"items.houseItems.tableware.stoneDrinkingMug.Name","Stone Drinking Mug","كوب شرب حجري"
"items.houseItems.tableware.stoneMortarAndPestle.Description","A heavy mortar paired with a matching pestle, used for grinding herbs, spices, and other ingredients by hand.","هاون ثقيل مرفق بمدقة مطابقة، يُستخدم لسحق وطحن الأعشاب والتوابل يدويًا."
"items.houseItems.tableware.stoneMortarAndPestle.Name","Stone Mortar and Pestle","هاون ومدقة حجرية"
"items.houseItems.tableware.stopperedBottle.Description","A small bottle sealed with a fitted stopper, used to keep liquids fresh and contained.","زجاجة صغيرة محكمة الإغلاق بسدادة، مثالية لحفظ الزيوت والجرعات القيمة ومنع التبخر."
"items.houseItems.tableware.stopperedBottle.Name","Stoppered Bottle","زجاجة ذات سدادة"
"items.houseItems.tableware.stopperedStorageJar.Description","A sturdy ceramic jar sealed with a fitted stopper, designed for storing liquids or preserved ingredients.","جرة خزفية متينة محكمة الإغلاق بسدادة، تضمن بقاء المؤن الجافة والصلصات في مأمن من الرطوبة."
"items.houseItems.tableware.stopperedStorageJar.Name","Stoppered Storage Jar","جرة تخزين ذات سدادة"
"items.houseItems.tableware.wideMetalBowl.Description","A broad metal bowl designed for mixing, serving, or sharing food at the table.","وعاء معدني عريض مصمم للخلط والتقديم وإعداد الوجبات الكبيرة في المطبخ."
"items.houseItems.tableware.wideMetalBowl.Name","Wide Metal Bowl","وعاء معدني عريض"
"items.houseItems.tableware.wineBottle.Description","A slender bottle with a long neck, typically used to store wine or other fermented drinks.","زجاجة نحيفة بعنق طويل، تُستخدم عادة لحفظ النبيذ وتقديمه على مائدة الطعام."
"items.houseItems.tableware.wineBottle.Name","Wine Bottle","زجاجة نبيذ"
"items.houseItems.tableware.woodenDrinkingCup.Description","A carved wooden cup of plain design, lightweight and practical for daily use.","كوب خشبي منحوت بتصميم بسيط وخفيف الوزن ومريح للاستخدام اليومي."
"items.houseItems.tableware.woodenDrinkingCup.Name","Wooden Drinking Cup","كوب شرب خشبي"
"items.houseItems.tableware.woodenRollingPin.Description","A smooth wooden rolling pin used for flattening dough and preparing baked goods.","شوبك خشبي أملس يُستخدم لفرد العجين وإعداد الفطائر والمخبوزات اللذيذة."
"items.houseItems.tableware.woodenRollingPin.Name","Wooden Rolling Pin","شوبك خشبي"
"items.houseItems.tableware.woodenWashBasin.Description","A broad wooden basin designed for washing hands, dishes, or small garments, showing the marks of regular use.","حوض خشبي عريض مصمم لغسل اليدين أو الأطباق أو الانتعاش في الصباح الباكر."
"items.houseItems.tableware.woodenWashBasin.Name","Wooden Wash Basin","حوض غسيل خشبي"
"items.houseItems.tableware.wovenServingTray.Description","A flat, round tray woven from reeds, suited for carrying food, dishes, or small household items with ease.","صينية مستديرة ومسطحة منسوجة من القصب، ملائمة لتقديم الخبز أو الفواكه أو الأطباق الخفيفة للضيوف."
"items.houseItems.tableware.wovenServingTray.Name","Woven Serving Tray","صينية تقديم منسوجة"
"items.houseItems.whisper.houseWhisper.Description","A fragment of a Whisper that enables the Cerim to travel directly to and from their home. Only one can be placed per house.

Must be used inside a <color=#F2E6BD>house</color>.","شظية من همس تتيح للسيريم الانتقال مباشرة من وإلى منازلهم. يمكن وضع واحدة فقط في كل منزل.

يجب استخدامه داخل <color=#F2E6BD>منزل</color>."
"items.houseItems.whisper.houseWhisper.Name","Whisper Stone","حجر الهمس"
"items.keyItems.caylen.caylenStreetsKey.Description","Grants access to the back alleys of Caylen.","يمنح حق الوصول إلى الأزقة الخلفية لـ كايلن."
"items.keyItems.caylen.caylenStreetsKey.Name","Caylen Street Key","مفتاح شوارع كايلن"
"items.keyItems.fortCaylen.fortCaylenCellKey.Description","A rusty key made of iron.","مفتاح صدئ مصنوع من الحديد."
"items.keyItems.fortCaylen.fortCaylenCellKey.Name","Fort Caylen Cell Key","مفتاح زنزانة حصن كايلن"
"items.keyItems.fortress.filmoresKey.Description","Grants access to a <color=lightblue>storage room</color> somewhere inside Mariner's Keep.","يمنح حق الوصول إلى <color=lightblue>غرفة تخزين</color> في مكان ما داخل معقل البحارة."
"items.keyItems.fortress.filmoresKey.Name","Storage Room Key","مفتاح غرفة التخزين"
"items.keyItems.fortress.guardKey.Description","Grants access to the <color=lightblue>mess hall</color> in Mariner's Keep.","يمنح حق الوصول إلى <color=lightblue>قاعة الطعام</color> في معقل البحارة."
"items.keyItems.fortress.guardKey.Name","Mess Hall Key","مفتاح قاعة الطعام"
"items.keyItems.fortress.leverHandleFortress.Description","The missing handle for the <color=lightblue>broken lever</color> at the fortress gate.","المقبض المفقود لـ <color=lightblue>الرافعة المكسورة</color> عند بوابة الحصن."
"items.keyItems.fortress.leverHandleFortress.Name","Gate Lever Handle","مقبض رافعة البوابة"
"items.keyItems.fortressTunnel.BridgeKey.Description","A key to unlock a door somewhere on the western side of Mariner's Keep.","مفتاح لفتح باب في مكان ما على الجانب الغربي من معقل البحارة."
"items.keyItems.fortressTunnel.BridgeKey.Name","Western Bridge Key","مفتاح الجسر الغربي"
"items.keyItems.fortressTunnel.fortressTunnelKey.Description","A key to open the large door at the western end of Mariner's Keep.","مفتاح لفتح الباب الكبير في الطرف الغربي من معقل البحارة."
"items.keyItems.fortressTunnel.fortressTunnelKey.Name","Western Tunnel Key","مفتاح النفق الغربي"
"items.keyItems.grotto.bilsgardVaultKey.Description","Unlocks the door to Kafron Bilsgard's treasure vault in his tomb.","يفتح الباب المؤدي إلى سرداب كنز كافرون بيلسغارد في مقبرته."
"items.keyItems.grotto.bilsgardVaultKey.Name","Bilsgard's Vault Key","مفتاح سرداب بيلسغارد"
"items.keyItems.grotto.elevatorLeverHandle.Description","A lever handle used to operate the southeastern elevator in Grotto.","مقبض رافعة يُستخدم لتشغيل المصعد الجنوبي الشرقي في المغارة."
"items.keyItems.grotto.elevatorLeverHandle.Name","Elevator Lever Handle","مقبض رافعة المصعد"
"items.keyItems.hills.LeverHandleForHillsCaveA.Description","Used to control the gate inside the <color=lightblue>old mine</color> in the Lowland Meadows.","يُستخدم للتحكم في البوابة داخل <color=lightblue>المنجم القديم</color> في السهول المنخفضة."
"items.keyItems.hills.LeverHandleForHillsCaveA.Name","Copper Mine Key","مفتاح منجم النحاس"
"items.keyItems.hills.hillsCaveAKey.Description","A key that once belonged to a woodsman in the Lowland Meadows.","مفتاح كان يخص حطابًا في السهول المنخفضة."
"items.keyItems.hills.hillsCaveAKey.Name","Woodcrafter's Key","مفتاح حطاب الخشب"
"items.keyItems.hills.huntersKey.Description","A key to the <color=lightblue>elevator</color> at Hunter's Vale.","مفتاح لـ <color=lightblue>المصعد</color> في وادي الصياد."
"items.keyItems.hills.huntersKey.Name","Hunter's Key","مفتاح الصياد"
"items.keyItems.hills.rustyIronKey.Description","An old key that has lain discarded in the rich soil of the Meadows for a long time.","مفتاح قديم ظل ملقى في التربة الخصبة للغابات لفترة طويلة."
"items.keyItems.hills.rustyIronKey.Name","Rusty Iron Key","مفتاح حديدي صدئ"
"items.keyItems.hills.windMillKey.Description","A key to the old windmill at the northern edge of the Lowland Meadows.","مفتاح للطاحونة الهوائية القديمة عند الحافة الشمالية للسهول المنخفضة."
"items.keyItems.hills.windMillKey.Name","Windmill Key","مفتاح الطاحونة الهوائية"
"items.keyItems.marinWoods.marinToSacramentShortcutKey.Description","A key to the gate located on the north side of Sacrament's graveyard, leading to Marin Woods.","مفتاح للبوابة الواقعة على الجانب الشمالي من مقبرة ساكرامنت، المؤدية إلى غابات مارين."
"items.keyItems.marinWoods.marinToSacramentShortcutKey.Name","Sacrament Graveyard Key","مفتاح مقبرة ساكرامنت"
"items.keyItems.marinWoods.pigCaveKey.Description","Grants access to the inner sanctum of the Balak Taw.","يمنح حق الوصول إلى الحرم الداخلي لـ بالاك تاو."
"items.keyItems.marinWoods.pigCaveKey.Name","Balak Taw Cavern Key","مفتاح كهف بالاك تاو"
"items.keyItems.marinWoods.watermillKey.Description","A key to the control room of the Marin Woods watermill.","مفتاح لغرفة التحكم في طاحونة غابات مارين المائية."
"items.keyItems.marinWoods.watermillKey.Name","Watermill Key","مفتاح الطاحونة المائية"
"items.keyItems.mountainPass.mountainPassCellkey.Description","Grants access to the <color=lightblue>quarry cells</color> in the Nameless Pass.","يمنح حق الوصول إلى <color=lightblue>زنازين المحجر</color> في الممر المجهول."
"items.keyItems.mountainPass.mountainPassCellkey.Name","Quarry Guard Key","مفتاح حارس المحجر"
"items.keyItems.mountainPass.mountainPassCottagekey.Description","Grants access to the <color=lightblue>old cottage</color> in the Nameless Pass.","يمنح حق الوصول إلى <color=lightblue>الكوخ القديم</color> في الممر المجهول."
"items.keyItems.mountainPass.mountainPassCottagekey.Name","Old Cottage Key","مفتاح الكوخ القديم"
"items.keyItems.mountains.mountainHutKey.Description","Grants access to the abandoned hut in the mountains near Lion's Mound.","يمنح حق الوصول إلى الكوخ المهجور في الجبال بالقرب من تل الأسد."
"items.keyItems.mountains.mountainHutKey.Name","Mountain Hut Key","مفتاح كوخ الجبل"
"items.keyItems.outskirts.forlornCryptsKey.Description","A key to unlock a door somewhere on the western side of Orban Glades.","مفتاح لفتح باب في مكان ما على الجانب الغربي من غابات أوربان."
"items.keyItems.outskirts.forlornCryptsKey.Name","Forlorn Crypts Key","مفتاح السراديب المهجورة"
"items.keyItems.sacrament.channingsWagonKey.Description","A key to one of the prison wagons located near Sacrament's gallows.","مفتاح لإحدى عربات السجن الواقعة بالقرب من مشانق ساكرامنت."
"items.keyItems.sacrament.channingsWagonKey.Name","Wagon Cell Key","مفتاح عربة الزنزانة"
"items.keyItems.sewerDungeon.cerimLeverHandle.Description","Activates a mechanism in the Cerim ruins beneath the Sewers.","يفعّل آلية في أطلال السيريم أسفل المجاري."
"items.keyItems.sewerDungeon.cerimLeverHandle.Name","Cerim Lever Handle","مقبض رافعة السيريم"
"items.keyItems.sewerDungeon.drainageCellarsKey.Name","Drainage Cellars Key","مفتاح أقبية التصريف"
"items.keyItems.sewerDungeon.drainageCellasrKey.Description","Grants access to the <color=lightblue>southern drainage section</color> of Sacrament's sewers.","يمنح حق الوصول إلى <color=lightblue>قسم التصريف الجنوبي</color> في مجاري ساكرامنت."
"items.keyItems.sewerDungeon.sacramentSewersKey.Description","Grants access to the <color=lightblue>central maintenance section</color> of Sacrament's sewers.","يمنح حق الوصول إلى <color=lightblue>قسم الصيانة المركزي</color> في مجاري ساكرامنت."
"items.keyItems.sewerDungeon.sacramentSewersKey.Name","Moldy Key","مفتاح متعفن"
"items.keyItems.sewerDungeon.sewerCellKeyGenericItem.Description","Unlocks a door somewhere in the Black Trench.","يفتح بابًا في مكان ما في الخندق الأسود."
"items.keyItems.sewerDungeon.sewerCellKeyGenericItem.Name","Filthy Key","مفتاح قذر"
"items.keyItems.sewerDungeon.sewerKey.Description","Unlocks a door somewhere in the Black Trench.","يفتح بابًا في مكان ما في الخندق الأسود."
"items.keyItems.sewerDungeon.sewerKey.Name","Disgusting Key","مفتاح مقزز"
"items.keyItems.sewerDungeon.sewerLeverHandle.Description","A handle which can be used to activate <color=lightblue>multiple levers</color> throughout the Black Trench.","مقبض يمكن استخدامه لتفعيل <color=lightblue>رافعات متعددة</color> عبر أرجاء الخندق الأسود."
"items.keyItems.sewerDungeon.sewerLeverHandle.Name","Sewer Lever Handle","مقبض رافعة المجاري"
"items.keyItems.sewerDungeon.waterChannelKey.Description","Grants access to the <color=lightblue>central drainage area</color> of Sacrament's sewers.","يمنح حق الوصول إلى <color=lightblue>منطقة التصريف المركزية</color> في مجاري ساكرامنت."
"items.keyItems.sewerDungeon.waterChannelKey.Name","Water Channel Key","مفتاح قناة المياه"
"items.keyItems.sewerDungeon.wetCorpseKey.Description","Unlocks a door somewhere in the Black Trench.","يفتح بابًا في مكان ما في الخندق الأسود."
"items.keyItems.sewerDungeon.wetCorpseKey.Name","Wet Corpse Key","مفتاح الجثة المبتلة"
"items.keyItems.shallows.rustedBarnacleKey.Description","An old key, crusted with salt and sea spray. Exchanged hands with many smugglers over the decades.","مفتاح قديم مكسو بالملح ورذاذ البحر. تناقله العديد من المهربين على مدار عقود."
"items.keyItems.shallows.rustedBarnacleKey.Name","Rusted Barnacle Key","مفتاح صدئ مغطى بالبرنقيل"
"items.keyItems.shipGraveyard.oldShipCabinKey.Description","Grants access to the private quarters in the stern of the ship.","يمنح حق الوصول إلى الحجرة الخاصة في مؤخرة السفينة."
"items.keyItems.shipGraveyard.oldShipCabinKey.Name","Captain's Quarters Key","مفتاح حجرة القبطان"
"items.keyItems.shipGraveyard.shipGraveyardRustedKey.Name","Ship Graveyard Rusted Key","مفتاح مقبرة السفن الصدئ"
"items.keyItems.shipPrologue.shipPrologueKey.Description","Grants access to the private quarters in the stern of the ship.","يمنح حق الوصول إلى الحجرة الخاصة في مؤخرة السفينة."
"items.keyItems.shipPrologue.shipPrologueKey.Name","Captain's Chamber Key","مفتاح مقصورة القبطان"
"items.projectiles.bombs.bloodGrenade.Description","Can be hurled to deal <color=#5B9968>{0:0}</color> <color=#F2E6BD>Damage</color> at a distance.","يمكن إلقاؤها لإلحاق <color=#5B9968>{0:0}</color> من <color=#F2E6BD>الضرر</color> عن بعد."
"items.projectiles.bombs.bloodGrenade.Name","Blood Bomb","قنبلة الدم"
"items.projectiles.bombs.concussiveGrenade.Description","Can be hurled to deal <color=#5B9968>{0:0}</color> <color=#F2E6BD>Damage</color> at a distance.","يمكن إلقاؤها لإلحاق <color=#5B9968>{0:0}</color> من <color=#F2E6BD>الضرر</color> عن بعد."
"items.projectiles.bombs.concussiveGrenade.Name","Concussive Bomb","قنبلة ارتجاجية"
"items.projectiles.bombs.corrosiveGrenade.Description","Can be hurled to deal <color=#5B9968>{0:0}</color> <color=#F2E6BD>Damage</color> at a distance.","يمكن إلقاؤها لإلحاق <color=#5B9968>{0:0}</color> من <color=#F2E6BD>الضرر</color> عن بعد."
"items.projectiles.bombs.corrosiveGrenade.Name","Corrosive Bomb","قنبلة أكّالة"
"items.projectiles.bombs.direNettleSpores.Description","If there's a creature, insect, or plant that can feed upon this humble fungus and live, it has yet to be found. Unless your motives are dark, grant it a wide berth.","إن وُجد مخلوق أو حشرة أو نبات يمكنه التغذي على هذا الفطر المتواضع والبقاء حياً، فلم يُعثر عليه بعد. ما لم تكن دوافعك مظلمة، فابتعد عنه قدر الإمكان."
"items.projectiles.bombs.direNettleSpores.Name","Dire Nettle Spores","أبواغ القراص الضاري"
"items.projectiles.bombs.poisonGrenade.Description","Can be hurled to deal <color=#5B9968>{0:0}</color> <color=#F2E6BD>Plague Damge</color> at a distance.","يمكن إلقاؤها لإلحاق <color=#5B9968>{0:0}</color> من <color=#F2E6BD>ضرر الوباء</color> عن بعد."
"items.projectiles.bombs.poisonGrenade.Name","Poison Bomb","قنبلة سامة"
"items.projectiles.bombs.scrapBomb.Description","Can be hurled to deal <color=#5B9968>{0:0}</color> <color=#F2E6BD>Damage</color> at a distance.","يمكن إلقاؤها لإلحاق <color=#5B9968>{0:0}</color> من <color=#F2E6BD>الضرر</color> عن بعد."
"items.projectiles.bombs.scrapBomb.Name","Scrap Bomb","قنبلة الخردة"
"items.projectiles.flasks.flameflask.Description","Can be hurled to deal <color=#5B9968>{0:0}</color> <color=#F2E6BD>Heat Damage</color> at a distance.","يمكن إلقاؤها لإلحاق <color=#5B9968>{0:0}</color> من <color=#F2E6BD>الضرر الناري</color> عن بعد."
"items.projectiles.flasks.flameflask.Name","Flameflask","قارورة اللهب"
"items.projectiles.flasks.frostflask.Description","Can be hurled to deal <color=#5B9968>{0:0}</color> <color=#F2E6BD>Cold Damage</color> at a distance.","يمكن إلقاؤها لإلحاق <color=#5B9968>{0:0}</color> من <color=#F2E6BD>الضرر الجليدي</color> عن بعد."
"items.projectiles.flasks.frostflask.Name","Frostflask","قارورة الصقيع"
"items.projectiles.flasks.plagueflask.Description","Can be hurled to deal <color=#5B9968>{0:0}</color> <color=#F2E6BD>Plague Damage</color> at a distance.","يمكن إلقاؤها لإلحاق <color=#5B9968>{0:0}</color> من <color=#F2E6BD>ضرر الوباء</color> عن بعد."
"items.projectiles.flasks.plagueflask.Name","Plagueflask","قارورة الوباء"
"items.projectiles.flasks.stormflask.Description","Can be hurled to deal <color=#5B9968>{0:0}</color> <color=#F2E6BD>Electric Damage</color> at a distance.","يمكن إلقاؤها لإلحاق <color=#5B9968>{0:0}</color> من <color=#F2E6BD>الضرر الكهربائي</color> عن بعد."
"items.projectiles.flasks.stormflask.Name","Stormflask","قارورة العاصفة"
"items.questItems.brokenBonds.loveLetter.Description","A love letter inside an opened enveloppe.","رسالة حب داخل مظروف مفتوح."
"items.questItems.brokenBonds.loveLetter.Name","Love Letter (OBSOLETE)","رسالة حب (ملغاة)"
"items.questItems.brokenBonds.loverRemains1.Description","Remains of someone dearly attached to their spouse.","بقايا شخص كان شديد التعلق بشريك حياته."
"items.questItems.brokenBonds.loverRemains1.Name","Lover's Remains (Skull)  (OBSOLETE)","بقايا العاشق (الجمجمة) (ملغاة)"
"items.questItems.brokenBonds.loverRemains2.Name","Lover's Remains (Torso) (OBSOLETE)","بقايا العاشق (الجذع) (ملغاة)"
"items.questItems.brokenBonds.loverRemains3.Name","Lover's Remains (Arm) (OBSOLETE)","بقايا العاشق (الذراع) (ملغاة)"
"items.questItems.brokenBonds.loverRemains4.Name","Lover's Remains (Leg) (OBSOLETE)","بقايا العاشق (الساق) (ملغاة)"
"items.questItems.brokenBonds.loverRemains5.Name","Lover's Remains (Pelvis) (OBSOLETE)","بقايا العاشق (الحوض) (ملغاة)"
"items.questItems.championsHelm.championsHelmQuestItem.Description","The prized crest of Sacrament's arena champion.","الشعار الثمين لبطل حلبة ساكرامنت."
"items.questItems.championsHelm.championsHelmQuestItem.Name","The Champion's Crest","شعار البطل"
"items.questItems.faithAndFlame.boleinKnightInsignia.Description","An emblem worn amongst the Bolein Knight ranks.","شارة تُرتدى بين صفوف فرسان بولين."
"items.questItems.faithAndFlame.boleinKnightInsignia.Name","Bolein Knight Insignia","شارة فارس بولين"
"items.questItems.faithAndFlame.letterFromWatcher.Description","An urgent message received from the rookery.","رسالة عاجلة وردت من برج الغربان."
"items.questItems.faithAndFlame.letterFromWatcher.Name","Message from the Rookery","رسالة من برج الغربان"
"items.questItems.faithAndFlame.letterFromWatcher.ReadableMessage","Cerim, please come to the rookery at once. 
I fear the Watcher is gravely unwell.

-Roan","سيريم، يُرجى القدوم إلى برج الغربان في الحال.
أخشى أن المراقب في حالة صحية حرجة للغاية.

-روان"
"items.questItems.penelopeAxe.blueScarf.Description","Penelope's favorite blue scarf, found near a mutilated corpse.","وشاح بينيلوبي الأزرق المفضل، عُثر عليه بالقرب من جثة مشوهة."
"items.questItems.penelopeAxe.blueScarf.Name","Blue Scarf (OBSOLETE)","وشاح أزرق (ملغى)"
"items.questItems.penelopeAxe.portrait.Description","Elegant portrait of a beautiful woman.","لوحة أنيقة لامرأة جميلة."
"items.questItems.penelopeAxe.portrait.Name","Penelope's Portrait (OBSOLETE)","لوحة بينيلوبي (ملغاة)"
"items.questItems.questItem.DeadtideDocksKey.Description","An old key that unlocks the gate leading to the deadtide docks.","مفتاح قديم يفتح البوابة المؤدية إلى أرصفة المد الميت."
"items.questItems.questItem.DeadtideDocksKey.Name","Deadtide Docks Key","مفتاح أرصفة المد الميت"
"items.questItems.questItem.ionasBloom.Description","A rare and dangerous flower.","زهرة نادرة وخطيرة."
"items.questItems.questItem.ionasBloom.Name","Iona's Bloom OBSOLETE)","زهرة أيونا (ملغاة)"
"items.questItems.questItem.letterForEllsworth.Description","A letter for Ellsworth from the mainland. Stamped with the royal seal.","رسالة لإلسورث من القارة. مختومة بالختم الملكي."
"items.questItems.questItem.letterForEllsworth.Name","Letter for Ellsworth","رسالة لـ إلسورث"
"items.questItems.questItem.lostPendant.Description","Jack has asked you to retrieve this pendant from the fortress.","طلب منك جاك استعادة هذه القلادة من الحصن."
"items.questItems.questItem.lostPendant.Name","Lost Pendant (OBSOLETE)","قلادة مفقودة (ملغاة)"
"items.questItems.questItem.plagueIchor.Description","A gruesome, sickly substance. Some believe it can be used by Cerim to <color=#F2E6BD>enhance their abilities</color>.","مادة بشعة وسقيمة. يعتقد البعض أنه يمكن استخدامها من قِبل السيريم لـ <color=#F2E6BD>تعزيز قدراتهم</color>."
"items.questItems.questItem.plagueIchor.Name","Plague Ichor","إيكور الوباء"
"items.questItems.questItem.refinedIchor.Description","Plague ichor that has been refined by the Watcher. When consumed by Cerim it can <color=#F2E6BD>enhance their abilities</color>.","إيكور الوباء نُقّي على يد المراقب. عند استهلاكه من قِبل السيريم يمكنه <color=#F2E6BD>تعزيز قدراتهم</color>."
"items.questItems.questItem.refinedIchor.Name","Refined Ichor","إيكور منقى"
"items.questItems.rootsThatBind.kestrelClawQuestItem.Description","Odessa says this egg may open the Winged Door and grant access to the treetops of the Balak Taw.","تقول أوديسا إن هذه البيضة قد تفتح الباب المجنح وتمنح حق الوصول إلى قمم أشجار بالاك تاو."
"items.questItems.rootsThatBind.kestrelClawQuestItem.Name","Kestrel's Egg","بيضة العوسق"
"items.questItems.severedHand.rivenTwinsKey.Description","A key to the cell where the Riven Twins were imprisoned, somewhere in Nameless Pass.","مفتاح للزنزانة التي سُجن فيها التوأمان المنقسمان، في مكان ما في الممر المجهول."
"items.questItems.severedHand.rivenTwinsKey.Name","Riven Twins Cell Key","مفتاح زنزانة التوأمين المنقسمين"
"items.questItems.severedHand.rivenTwinsMap.Description","A map that used to belong to the Riven Twins, found inside their cell.","خريطة كانت تخص التوأمين المنقسمين، عُثر عليها داخل زنزانتهما."
"items.questItems.severedHand.rivenTwinsMap.Name","Riven Twins Map","خريطة التوأمين المنقسمين"
"items.questItems.severedHand.savorStashKey.Description","A key to a secret Savor stash in Ship Graveyard.","مفتاح لمخبأ سرّي لمادة اللذة في مقبرة السفن."
"items.questItems.severedHand.savorStashKey.Name","Savor Stash Key","مفتاح مخبأ اللذة"
"items.questItems.severedHand.tortureRoomKey.Description","A key to the torture room inside the Severed Hand's Sanctum.","مفتاح لغرفة التعذيب داخل ملاذ اليد المبتورة."
"items.questItems.severedHand.tortureRoomKey.Name","Torture Room Key","مفتاح غرفة التعذيب"
"items.questItems.sparrowHorn.sparrowHorn.Description","An ornate but weathered horn found washed up on Sacra's coast.","بوق مزخرف لكنه بالٍ جرفته الأمواج إلى ساحل ساكرا."
"items.questItems.sparrowHorn.sparrowHorn.Name","Sparrow Horn","بوق الدوري"
"items.questItems.spokenAndUnspoken.ancientStoneTablet.Description","An intact slab of stone covered in Cerim inscriptions. An expert historian could translate what's written here.","لوح حجري سليم مغطى بنقوش السيريم. يمكن لمؤرخ خبير ترجمة ما كُتب هنا."
"items.questItems.spokenAndUnspoken.ancientStoneTablet.Name","Ancient Stone Tablet","لوح حجري قديم"
"items.questItems.spokenAndUnspoken.oldLeatherTome.Description","An ancient book discovered by Roan in the rookery. It contains a completed inscription sought by the historian Elsa.","كتاب قديم اكتشفه روان في برج الغربان. يحتوي على نقش مكتمل تسعى المؤرخة إلسا للحصول عليه."
"items.questItems.spokenAndUnspoken.oldLeatherTome.Name","Old Leather Tome","مجلد جلدي قديم"
"items.questItems.weepingSisters.sorasLetter.Description","A sealed letter, given by Hunter Sora. To be delivered to Eleanor in Sacrament.","رسالة مختومة، سلّمتها الصيادة سورا. يجب تسليمها إلى إليانور في ساكرامنت."
"items.questItems.weepingSisters.sorasLetter.Name","Sora's Letter","رسالة سورا"
"items.readableItems.books.oldTome.Description","A detailed account of the reigns and deeds of the High Kings, richly illustrated, a treasure for any historian.","سجل مفصل لعهود وأفعال الملوك العظام، غني بالرسوم التوضيحية، وكنز لأي مؤرخ."
"items.readableItems.books.oldTome.Name","Chronicle of the High Kings","سجل الملوك العظام"
"items.readableItems.letters.oldLetter.Description","A letter from the royal court, its contents secured by a wax seal, awaiting the eyes of its intended recipient.","رسالة من البلاط الملكي، محتوياتها مؤمنة بختم شمعي، بانتظار عيني المتلقي المقصود."
"items.readableItems.letters.oldLetter.Name","Sealed Royal Missive","رسالة ملكية مختومة"
"items.readableItems.plaques.oldPlaque.Description","A weathered stone tablet etched with the dense script of ages past, chronicling the deep lore of an ancient civilization.","لوح حجري متآكل نُقش عليه خط كثيف من العصور الغابرة، يروي التاريخ العميق لحضارة قديمة."
"items.readableItems.plaques.oldPlaque.Name","Tablet of Ancestral Chronicles","لوح السجلات السلفية"
"items.readableItems.scrolls.scrollA.Description","Bound by time and mystic twine, these scrolls contain the lost wisdom of a forgotten age, etched onto weathered parchment.","مربوطة بالزمن وخيوط صوفية، تحتوي هذه المخطوطات على الحكمة المفقودة لعصر منسي، منقوشة على رق بالٍ."
"items.readableItems.scrolls.scrollA.Name","Arcane Scrolls of Eld","مخطوطات السحر القديمة"
"items.readableItems.scrolls.scrollB.Description","Three venerable scrolls, each a compendium of forgotten knowledge, wrapped in mystery and history.","ثلاث مخطوطات جليلة، كل واحدة منها موجز لمعرفة منسية، ملفوفة بالغموض والتاريخ."
"items.readableItems.scrolls.scrollB.Name","Triad of Wisdom Scrolls","ثلاثية مخطوطات الحكمة"
"items.readableItems.scrolls.scrollC.Description","A set of scrolls containing the collected decrees and wisdom of the ancient Council, bound in secrecy.","مجموعة من المخطوطات تحتوي على المراسيم المجموعة وحكمة المجلس القديم، ومقيدة بالسرية."
"items.readableItems.scrolls.scrollC.Name","Codex of the Council","مدونة المجلس"
"items.readableItems.scrolls.scrollD.Description","A venerable scroll that has traveled through the hands of wise sages, inscribed with timeless wisdom and philosophical musings.","مخطوطة جليلة تناقلتها أيدي حكماء أجلاء، منقوشة بحكمة خالدة وتأملات فلسفية."
"items.readableItems.scrolls.scrollD.Name","Sage's Scroll of Wisdom","مخطوطة الحكيم"
"items.readableItems.scrolls.scrollE.Description","A timeless codex, its parchments hold truths that have traversed the span of ages unaltered.","مدونة خالدة، تحوي رقوقها حقائق عبرت العصور دون أدنى تغيير."
"items.readableItems.scrolls.scrollE.Name","Codex of Timeless Truths","مدونة الحقائق الخالدة"
"items.readableItems.scrolls.scrollF.Description","A venerable scroll bearing Cerim's enigmatic script, said to unlock the path to ancient wisdom and forgotten lore.","مخطوطة جليلة تحمل خط السيريم الغامض، ويُقال إنها تفتح السبيل إلى الحكمة القديمة والمعارف المنسية."
"items.readableItems.scrolls.scrollF.Name","Cerim's Scroll of Insight","مخطوطة بصيرة السيريم"
"items.runes.advancingFlurry.Description","Slot this Rune into a <color=#F2E6BD>One-Handed Weapon</color> to gain the <color=#F2E6BD>Advancing Flurry</color> Rune Attack.

Advance while unleashing a rapid flurry of strikes, pushing back enemies with each hit.","ركّب هذا الرون في <color=#F2E6BD>سلاح بيد واحدة</color> لاكتساب هجوم الرون <color=#F2E6BD>زوبعة متقدمة</color>.

تقدم للأمام مع إطلاق وابل سريع من الضربات، لتدفع الأعداء إلى الخلف مع كل ضربة."
"items.runes.advancingFlurry.Name","Advancing Flurry","زوبعة متقدمة"
"items.runes.airDodge.Description","Slot this Rune into a <color=#F2E6BD>One-Handed Weapon</color> to gain the <color=#F2E6BD>Air Dodge</color> Rune Attack.

Execute an aerial roll to evade attacks, then immediately counter with a swift, forward stab.","ركّب هذا الرون في <color=#F2E6BD>سلاح بيد واحدة</color> لاكتساب هجوم الرون <color=#F2E6BD>تفادٍ جوي</color>.

نفّذ دحرجة جوية لتفادي الهجمات، ثم قم بهجوم مضاد على الفور بطعنة أمامية سريعة."
"items.runes.airDodge.Name","Air Dodge","تفادٍ جوي"
"items.runes.armageddon.Description","Slot this Rune into a <color=#F2E6BD>Wand</color> or a <color=#F2E6BD>Staff</color> to gain the <color=#F2E6BD>Armageddon</color> Rune Attack.

Call down a devastating inferno in front of you, engulfing the area in a massive explosion of fire.","ركّب هذا الرون في <color=#F2E6BD>عصا سحرية</color> أو <color=#F2E6BD>صولجان</color> لاكتساب هجوم الرون <color=#F2E6BD>هرمجدون</color>.

استدعِ جحيمًا مدمرًا أمامك، ليغمر المنطقة بانفجار ناري هائل."
"items.runes.armageddon.Name","Armageddon","هرمجدون"
"items.runes.arrowstorm.Description","Slot this Rune into a <color=#F2E6BD>Bow</color> to gain the <color=#F2E6BD>Arrowstorm</color> Rune Attack.

Fire a lone arrow skyward, calling down a punishing rain of arrows that showers the battlefield and overwhelms foes caught beneath it.","ركّب هذا الرون في <color=#F2E6BD>قوس</color> لاكتساب هجوم الرون <color=#F2E6BD>عاصفة السهام</color>.

أطلق سهمًا منفردًا نحو السماء، مستدعيًا وابلًا معاقبًا من السهام يُمطر ساحة المعركة ويقهر الأعداء العالقين تحته."
"items.runes.arrowstorm.Name","Arrowstorm","عاصفة السهام"
"items.runes.balanceSmash.Description","Slot this Rune into a <color=#F2E6BD>Two-Handed Weapon</color> to gain the <color=#F2E6BD>Balance Smash</color> Rune Attack.

Balance atop your weapon as you roll over it, then seize it firmly to deliver a ground-shattering smash.","ركّب هذا الرون في <color=#F2E6BD>سلاح بكلتا اليدين</color> لاكتساب هجوم الرون <color=#F2E6BD>سحق التوازن</color>.

توازن فوق سلاحك أثناء التدحرج فوقه، ثم أمسك به بإحكام لتسديد ضربة ساحقة تهز الأرض."
"items.runes.balanceSmash.Name","Balance Smash","سحق التوازن"
"items.runes.bareKnuckle.Description","Slot this Rune into <color=#F2E6BD>Gauntlets</color> to gain the <color=#F2E6BD>Bare Knuckle</color> Rune Attack.

Wind up and lunge forward with explosive force, delivering a powerful punch that knocks enemies clean off their feet.","ركّب هذا الرون في <color=#F2E6BD>قفازات مدرعة</color> لاكتساب هجوم الرون <color=#F2E6BD>قبضة عارية</color>.

استعد واندفع للأمام بقوة متفجرة، مسددًا لكمة قوية تطيح بالأعداء تمامًا عن أقدامهم."
"items.runes.bareKnuckle.Name","Bare Knuckle","قبضة عارية"
"items.runes.berserkFlurry.Description","Slot this Rune into a <color=#F2E6BD>Two-Handed Weapon</color> to gain the <color=#F2E6BD>Berserk Flurry</color> Rune Attack.

Channel the fury of a berserker and surge forward, unleashing four rapid, powerful swings to overwhelm your foes.","ركّب هذا الرون في <color=#F2E6BD>سلاح بكلتا اليدين</color> لاكتساب هجوم الرون <color=#F2E6BD>زوبعة هائجة</color>.

وجّه غضب المحارب الهائج واندفع للأمام، مطلقًا أربع ضربات سريعة وقوية لقهر أعدائك."
"items.runes.berserkFlurry.Name","Berserk Flurry","زوبعة هائجة"
"items.runes.berserkStrike.Description","Slot this Rune into a <color=#F2E6BD>Two-Handed Weapon</color> to gain the <color=#F2E6BD>Berserk Strike</color> Rune Attack.

Thump your chest to fuel your rage, then deliver a devastating strike that crushes the enemy with brutal force.","ركّب هذا الرون في <color=#F2E6BD>سلاح بكلتا اليدين</color> لاكتساب هجوم الرون <color=#F2E6BD>ضربة هائجة</color>.

اضرب صدرك لتشعل غضبك، ثم سدد ضربة مدمرة تسحق العدو بقوة وحشية."
"items.runes.berserkStrike.Name","Berserk Strike","ضربة هائجة"
"items.runes.blazingRupture.Description","Slot this Rune into a <color=#F2E6BD>One-Handed Weapon</color> to gain the <color=#F2E6BD>Blazing Rupture</color> Rune Attack.

Smash your weapon into the ground to create a fiery explosion, then spin in a searing arc to strike nearby enemies with burning force.","ركّب هذا الرون في <color=#F2E6BD>سلاح بيد واحدة</color> لاكتساب هجوم الرون <color=#F2E6BD>تمزق متوهج</color>.

اهوِ بسلاحك على الأرض لإحداث انفجار ناري، ثم در في قوس حارق لضرب الأعداء القريبين بقوة مشتعلة."
"items.runes.blazingRupture.Name","Blazing Rupture","تمزق متوهج"
"items.runes.blink.Description","Slot this Rune into a <color=#F2E6BD>Utility Slot</color> to gain the <color=#F2E6BD>Blink</color> Spell.

Harness mystical energy to teleport forward a short distance, even passing through enemies to evade or position strategically.","ركّب هذا الرون في <color=#F2E6BD>خانة الأدوات</color> لاكتساب تعويذة <color=#F2E6BD>وميض</color>.

سخّر الطاقة الغامضة للانتقال الآني لمسافة قصيرة للأمام، وحتى العبور من خلال الأعداء للتفادي أو التمركز استراتيجيًا."
"items.runes.blink.Name","Blink","وميض"
"items.runes.bolt.Description","Slot this Rune into a <color=#F2E6BD>Staff</color> or a <color=#F2E6BD>Wand</color> to gain the <color=#F2E6BD>Bolt</color> Rune Attack.

Cast a crackling lightning bolt that electrifies enemies on impact. Charge it to increase its shocking power and deal more damage.","ركّب هذا الرون في <color=#F2E6BD>عصا سحرية</color> أو <color=#F2E6BD>صولجان</color> لاكتساب هجوم الرون <color=#F2E6BD>صاعقة</color>.

أطلق صاعقة برق مدوية تكهرب الأعداء عند الاصطدام. اشحنها لزيادة قوتها الصاعقة وإلحاق المزيد من الضرر."
"items.runes.bolt.Name","Bolt","صاعقة"
"items.runes.breakerThrust.Description","Slot this Rune into a <color=#F2E6BD>Two-Handed Weapon</color> to gain the <color=#F2E6BD>Breaker Thrust</color> Rune Attack.

Lunge forward with overwhelming force, thrusting your weapon into enemies to knock them off their feet.","ركّب هذا الرون في <color=#F2E6BD>سلاح بكلتا اليدين</color> لاكتساب هجوم الرون <color=#F2E6BD>طعنة كاسرة</color>.

اندفع للأمام بقوة غامرة، طاعنًا الأعداء بسلاحك لإسقاطهم أرضًا."
"items.runes.breakerThrust.Name","Breaker Thrust","طعنة كاسرة"
"items.runes.breakrush.Description","Slot this Rune into <color=#F2E6BD>Gauntlets</color> to gain the <color=#F2E6BD>Breakrush</color> Rune Attack.

Unleash a barrage of quick strikes in rapid succession, pummeling your opponent with relentless blows.","ركّب هذا الرون في <color=#F2E6BD>قفازات مدرعة</color> لاكتساب هجوم الرون <color=#F2E6BD>اندفاع كاسر</color>.

أطلق وابلًا من الضربات السريعة بتتابع سريع، لتمطر خصمك بضربات لا هوادة فيها."
"items.runes.breakrush.Name","Breakrush","اندفاع كاسر"
"items.runes.breakstep.Description","Slot this Rune into a <color=#F2E6BD>Bow</color> to gain the <color=#F2E6BD>Breakstep</color> Rune Attack.

Drive a sharp kick into your foe, then follow through with three rapid arrows before they can recover.","ركّب هذا الرون في <color=#F2E6BD>قوس</color> لاكتساب هجوم الرون <color=#F2E6BD>خطوة كاسرة</color>.

سدد ركلة حادة لخصمك، ثم أتبعها بثلاثة سهام سريعة قبل أن يتمكن من التعافي."
"items.runes.breakstep.Name","Breakstep","خطوة كاسرة"
"items.runes.brutalReprise.Description","Slot this Rune into a <color=#F2E6BD>One-Handed Weapon</color> to gain the <color=#F2E6BD>Brutal Reprise</color> Rune Attack.

Swing your weapon in a brutal flourish, then unleash three heavy strikes in rapid succession to overpower your enemy.","ركّب هذا الرون في <color=#F2E6BD>سلاح بيد واحدة</color> لاكتساب هجوم الرون <color=#F2E6BD>تكرار وحشي</color>.

لوّح بسلاحك بحركة استعراضية وحشية، ثم أطلق ثلاث ضربات ثقيلة بتتابع سريع للتغلب على عدوك."
"items.runes.brutalReprise.Name","Brutal Reprise","تكرار وحشي"
"items.runes.busterRift.Description","Slot this Rune into <color=#F2E6BD>Gauntlets</color> to gain the <color=#F2E6BD>Buster Rift</color> Technique.

Deliver a ground-tearing punch that launches a tremor wave forward, then slide back and fire a second explosive strike.","ركّب هذا الرون في <color=#F2E6BD>قفازات مدرعة</color> لاكتساب تقنية <color=#F2E6BD>صدع مدمّر</color>.

سدد لكمة تمزق الأرض وتطلق موجة ارتعاش للأمام، ثم تراجع للخلف وأطلق ضربة ثانية متفجرة."
"items.runes.busterRift.Name","Buster Rift","صدع مدمّر"
"items.runes.chainLightning.Description","Slot this Rune into a <color=#F2E6BD>Staff</color> or a <color=#F2E6BD>Wand</color> to gain the <color=#F2E6BD>Chain Lightning</color> Rune Attack.

Unleash a lightning bolt that strikes your target and, when charged, arcs to hit additional nearby enemies, electrifying the battlefield.","ركّب هذا الرون في <color=#F2E6BD>عصا سحرية</color> أو <color=#F2E6BD>صولجان</color> لاكتساب هجوم الرون <color=#F2E6BD>برق متسلسل</color>.

أطلق صاعقة برق تضرب هدفك، وعند شحنها، تتقوس لتصيب أعداء إضافيين قريبين، مكهربة ساحة المعركة."
"items.runes.chainLightning.Name","Chain Lightning","برق متسلسل"
"items.runes.channel.Description","Slot this Rune into a <color=#F2E6BD>Utility Slot</color> to gain the <color=#F2E6BD>Channel</color> Spell.

Charge this spell to draw in sacred energy, sacrificing health to gain focus and amplify your mystical power.","ركّب هذا الرون في <color=#F2E6BD>خانة الأدوات</color> لاكتساب تعويذة <color=#F2E6BD>قناة الطاقة</color>.

اشحن هذه التعويذة لسحب الطاقة المقدسة، مضحياً بالصحة لاكتساب التركيز وتضخيم قوتك الصوفية."
"items.runes.channel.Name","Channel","قناة الطاقة"
"items.runes.chargeStrike.Description","Slot this Rune into a <color=#F2E6BD>One-Handed Weapon</color> to gain the <color=#F2E6BD>Charge Strike</color> Rune Attack.

Charge forward with lethal momentum, culminating in a brutal strike that devastates any foe in your path.","ركّب هذا الرون في <color=#F2E6BD>سلاح بيد واحدة</color> لاكتساب هجوم الرون <color=#F2E6BD>ضربة شاحنة</color>.

اندفع للأمام بزخم فتاك، لتتوج باندفاعة عنيفة تفتك بأي عدو يقف في طريقك."
"items.runes.chargeStrike.Name","Charge Strike","ضربة شاحنة"
"items.runes.chargedBolt.Description","Slot this Rune into a <color=#F2E6BD>Wand</color> or a <color=#F2E6BD>Staff</color> to gain the <color=#F2E6BD>Charged Bolt</color> Rune Attack.

Release bolts of lightning in all directions, shocking nearby enemies with surging energy.","ركّب هذا الرون في <color=#F2E6BD>عصا سحرية</color> أو <color=#F2E6BD>صولجان</color> لاكتساب هجوم الرون <color=#F2E6BD>صاعقة مشحونة</color>.

أطلق صواعق برق في جميع الاتجاهات، لتصعق الأعداء القريبين بطاقة متدفقة."
"items.runes.chargedBolt.Name","Charged Bolt","صاعقة مشحونة"
"items.runes.chargedShot.Description","Slot this Rune into a <color=#F2E6BD>Bow</color> to gain the <color=#F2E6BD>Arrow</color> Rune Attack.

A fundamental archer’s skill, release a swift and precise arrow aimed straight at the heart of your adversary.","ركّب هذا الرون في <color=#F2E6BD>قوس</color> لاكتساب هجوم الرون <color=#F2E6BD>سهم</color>.

مهارة أساسية للرماة؛ أطلق سهمًا سريعًا ودقيقًا موجهًا مباشرة نحو قلب خصمك."
"items.runes.chargedShot.Name","Arrow","سهم"
"items.runes.circular.Description","Slot this Rune into a <color=#F2E6BD>One-Handed Weapon</color> to gain the <color=#F2E6BD>Circular</color> Rune Attack.

Execute a swift spin, striking enemies twice with a powerful circular attack that hits all around you.","ركّب هذا الرون في <color=#F2E6BD>سلاح بيد واحدة</color> لاكتساب هجوم الرون <color=#F2E6BD>دائري</color>.

نفّذ دورة سريعة، ضاربًا الأعداء مرتين بهجوم دائري قوي يصيب كل ما حولك."
"items.runes.circular.Name","Circular","دائري"
"items.runes.coldAffliction.Description","Slot this Rune into a <color=#F2E6BD>Utility Slot</color> to gain the <color=#F2E6BD>Cold Affliction</color> Spell.

Envelop enemies in biting frost, increasing the ice damage and freeze buildup they receive for a short duration.","ركّب هذا الرون في <color=#F2E6BD>خانة الأدوات</color> لاكتساب تعويذة <color=#F2E6BD>بلاء البرد</color>.

طوّق الأعداء بصقيع قارس، مما يزيد من ضرر الجليد وتراكم التجميد الذي يتلقونه لفترة وجيزة."
"items.runes.coldAffliction.Name","Cold Affliction","بلاء البرد"
"items.runes.coldEnchantment.Description","Slot this Rune into a <color=#F2E6BD>Utility Slot</color> to gain the <color=#F2E6BD>Cold Enchantment</color> Spell.

Infuse your weapon with the essence of cold, chilling foes with frosty strikes that slow their advance.","ركّب هذا الرون في <color=#F2E6BD>خانة الأدوات</color> لاكتساب تعويذة <color=#F2E6BD>سحر البرد</color>.

اشحن سلاحك بجوهر البرودة، لتجمّد خصومك بضربات صقيعية تبطئ تقدمهم."
"items.runes.coldEnchantment.Name","Cold Enchantment","سحر البرد"
"items.runes.coldResistance.Description","Slot this Rune into a <color=#F2E6BD>Utility Slot</color> to gain the <color=#F2E6BD>Cold Resistance</color> Spell.

Fortify yourself against cold-based attacks, reducing ice damage and increasing your resilience to freezing effects.","ركّب هذا الرون في <color=#F2E6BD>خانة الأدوات</color> لاكتساب تعويذة <color=#F2E6BD>مقاومة البرد</color>.

حصّن نفسك ضد الهجمات المعتمدة على البرد، مما يقلل ضرر الجليد ويزيد مرونتك أمام تأثيرات التجميد."
"items.runes.coldResistance.Name","Cold Resistance","مقاومة البرد"
"items.runes.coldSling.Description","Slot this Rune into a <color=#F2E6BD>Wand</color> or a <color=#F2E6BD>Staff</color> to gain the <color=#F2E6BD>Cold Sling</color> Rune Attack.

Leap into the air and hurl three icy projectiles in rapid succession toward your target.","ركّب هذا الرون في <color=#F2E6BD>عصا سحرية</color> أو <color=#F2E6BD>صولجان</color> لاكتساب هجوم الرون <color=#F2E6BD>مقلاع البرد</color>.

اقفز في الهواء واقذف ثلاث مقذوفات جليدية بتتابع سريع نحو هدفك."
"items.runes.coldSling.Name","Cold Sling","مقلاع البرد"
"items.runes.coneShot.Description","Slot this Rune into a <color=#F2E6BD>Bow</color> to gain the <color=#F2E6BD>Cone Shot</color> Rune Attack.

Unleash a concentrated burst of arrows in a narrow cone, overwhelming a single target or any in close proximity with a powerful volley.","ركّب هذا الرون في <color=#F2E6BD>قوس</color> لاكتساب هجوم الرون <color=#F2E6BD>رمية مخروطية</color>.

أطلق دفعة مركزة من السهام في مخروط ضيق، لتغمر هدفًا واحدًا أو أي هدف في نطاق قريب بوابل قوي."
"items.runes.coneShot.Name","Cone Shot","رمية مخروطية"
"items.runes.convergingFlame.Description","Slot this Rune into a <color=#F2E6BD>Wand</color> or a <color=#F2E6BD>Staff</color> to gain the <color=#F2E6BD>Converging Flame</color> Rune Attack.

Summon six fireballs that hover before you. Charge to increase their damage, then release to fire them forward in a curving path that converges after a distance, striking enemies with focused burning power.","ركّب هذا الرون في <color=#F2E6BD>عصا سحرية</color> أو <color=#F2E6BD>صولجان</color> لاكتساب هجوم الرون <color=#F2E6BD>لهب متقارب</color>.

استدعِ ست كرات نارية تحوم أمامك. اشحنها لزيادة ضررها، ثم أطلقها للأمام في مسار منحنٍ يتقارب بعد مسافة، ليضرب الأعداء بقوة حارقة مركزة."
"items.runes.convergingFlame.Name","Converging Flame","لهب متقارب"
"items.runes.crosscut.Description","Slot this Rune into a <color=#F2E6BD>Bow</color> to gain the <color=#F2E6BD>Crosscut</color> Rune Attack.

Spin through your target with a sweeping strike, reverse the motion for a second cut, then somersault back and fire a parting arrow.","ركّب هذا الرون في <color=#F2E6BD>قوس</color> لاكتساب هجوم الرون <color=#F2E6BD>قطع متقاطع</color>.

دُر عبر هدفك بضربة كاسحة، ثم اعكس الحركة لضربة قطعية ثانية، ثم شقلب للخلف وأطلق سهمًا وداعيًا."
"items.runes.crosscut.Name","Crosscut","قطع متقاطع"
"items.runes.crush.Description","Slot this Rune into a <color=#F2E6BD>One-Handed Weapon</color> to gain the <color=#F2E6BD>Crush</color> Rune Attack.

Swing your weapon overhead in a forceful spin and deliver a ground-shaking slam, dealing area of effect damage to all surrounding enemies.","ركّب هذا الرون في <color=#F2E6BD>سلاح بيد واحدة</color> لاكتساب هجوم الرون <color=#F2E6BD>سحق</color>.

أرجح سلاحك فوق رأسك في دوران قوي وسدد ضربة ساحقة تهز الأرض، ملحقًا ضررًا واسع النطاق بكافة الأعداء المحيطين."
"items.runes.crush.Name","Crush","سحق"
"items.runes.crushingDash.Description","Slot this Rune into a <color=#F2E6BD>Two-Handed Weapon</color> to gain the <color=#F2E6BD>Crushing Slam</color> Rune Attack.

Leap forward and bring your weapon down with monumental force, slamming into the ground to crush enemies beneath its impact.","ركّب هذا الرون في <color=#F2E6BD>سلاح بكلتا اليدين</color> لاكتساب هجوم الرون <color=#F2E6BD>سحق ساحق</color>.

اقفز للأمام واهوِ بسلاحك بقوة هائلة، سارقًا الأرض بقوة لسحق الأعداء تحت وطأة ضربتك."
"items.runes.crushingDash.Name","Crushing Slam","سحق ساحق"
"items.runes.crushingDodge.Description","Slot this Rune into a <color=#F2E6BD>Two-Handed Weapon</color> to gain the <color=#F2E6BD>Berserk Slam</color> Rune Attack.

Bellow a battle cry and step forward to slam your weapon into the ground, unleashing a devastating impact that rattles nearby foes.","ركّب هذا الرون في <color=#F2E6BD>سلاح بكلتا اليدين</color> لاكتساب هجوم الرون <color=#F2E6BD>سحق هائج</color>.

أطلق صيحة حرب وتقدم للأمام لتضرب سلاحك في الأرض، مطلقًا صدمة مدمرة ترجف الأعداء القريبين."
"items.runes.crushingDodge.Name","Berserk Slam","سحق هائج"
"items.runes.crushingFlurry.Description","Slot this Rune into a <color=#F2E6BD>One-Handed Weapon</color> to gain the <color=#F2E6BD>Crushing Flurry</color> Rune Attack.

Wield your weapon with relentless force, delivering seven consecutive crushing swings that batter any foe with each powerful hit.","ركّب هذا الرون في <color=#F2E6BD>سلاح بيد واحدة</color> لاكتساب هجوم الرون <color=#F2E6BD>زوبعة ساحقة</color>.

استخدم سلاحك بقوة لا هوادة فيها، مسددًا سبع ضربات ساحقة متتالية تنهال على أي عدو مع كل ضربة قوية."
"items.runes.crushingFlurry.Name","Crushing Flurry","زوبعة ساحقة"
"items.runes.crushingQuad.Description","Slot this Rune into a <color=#F2E6BD>Two-Handed Weapon</color> to gain the <color=#F2E6BD>Crushing Quad</color> Rune Attack.

Unleash a wild barrage of swings with your weapon, executing a rapid four-hit combo that devastates foes with each successive strike.","ركّب هذا الرون في <color=#F2E6BD>سلاح بكلتا اليدين</color> لاكتساب هجوم الرون <color=#F2E6BD>رباعية ساحقة</color>.

أطلق وابلًا جامحًا من التأرجحات بسلاحك، منفذًا مجموعة ضربات سريعة من أربع ضربات تدمر الأعداء مع كل ضربة متتالية."
"items.runes.crushingQuad.Name","Crushing Quad","رباعية ساحقة"
"items.runes.crushingTriple.Description","Slot this Rune into a <color=#F2E6BD>Two-Handed Weapon</color> to gain the <color=#F2E6BD>Crushing Triple</color> Rune Attack.

Launch into a powerful three-hit combo, each swing heavier and more forceful than the last, to overpower enemies with crushing force.","ركّب هذا الرون في <color=#F2E6BD>سلاح بكلتا اليدين</color> لاكتساب هجوم الرون <color=#F2E6BD>ثلاثية ساحقة</color>.

انطلق في مجموعة ضربات قوية من ثلاث ضربات، كل تأرجحة أثقل وأقوى من سابقتها، لقهر الأعداء بقوة ساحقة."
"items.runes.crushingTriple.Name","Crushing Triple","ثلاثية ساحقة"
"items.runes.crushingUppercut.Description","Slot this Rune into a <color=#F2E6BD>Two-Handed Weapon</color> to gain the <color=#F2E6BD>Crushing Uppercut</color> Rune Attack.

Twirl into a spin that gathers momentum and then unleash a devastating uppercut swing, propelling enemies upward with crushing force.","ركّب هذا الرون في <color=#F2E6BD>سلاح بكلتا اليدين</color> لاكتساب هجوم الرون <color=#F2E6BD>لكمة صاعدة ساحقة</color>.

دُر في حركة لولبية تجمع الزخم ثم أطلق ضربة صاعدة مدمرة، لتدفع الأعداء للأعلى بقوة ساحقة."
"items.runes.crushingUppercut.Name","Crushing Uppercut","لكمة صاعدة ساحقة"
"items.runes.curse.Description","Slot this Rune into a <color=#F2E6BD>Staff</color> or a <color=#F2E6BD>Wand</color> to gain the <color=#F2E6BD>Curse</color> Rune Attack.

Emit a plague beam, infecting all foes in its path. Active until releasing the Rune button.","ركّب هذا الرون في <color=#F2E6BD>عصا سحرية</color> أو <color=#F2E6BD>صولجان</color> لاكتساب هجوم الرون <color=#F2E6BD>لعنة</color>.

أطلق شعاع طاعون يصيب كافة الأعداء في مساره. يظل نشطًا حتى تحرير زر الرون."
"items.runes.curse.Name","Curse","لعنة"
"items.runes.cycloneKick.Description","Slot this Rune into <color=#F2E6BD>Gauntlets</color> to gain the <color=#F2E6BD>Cyclone Kick</color> Rune Attack.

Leap into the air and spin in a wide arc, delivering a sweeping kick that hits all nearby enemies.","ركّب هذا الرون في <color=#F2E6BD>قفازات مدرعة</color> لاكتساب هجوم الرون <color=#F2E6BD>ركلة الإعصار</color>.

اقفز في الهواء ودُر في قوس واسع، مسددًا ركلة كاسحة تصيب جميع الأعداء القريبين."
"items.runes.cycloneKick.Name","Cyclone Kick","ركلة الإعصار"
"items.runes.cycloneSwipe.Description","Slot this Rune into a <color=#F2E6BD>Two-Handed Weapon</color> to gain the <color=#F2E6BD>Cyclone Swipe</color> Rune Attack.

Swipe your weapon in a circular motion to deal great damage to surrounding enemies.","ركّب هذا الرون في <color=#F2E6BD>سلاح بكلتا اليدين</color> لاكتساب هجوم الرون <color=#F2E6BD>ضربة الإعصار الكاسحة</color>.

أرجح سلاحك بحركة دائرية لإلحاق ضرر جسيم بالأعداء المحيطين."
"items.runes.cycloneSwipe.Name","Cyclone Swipe","ضربة الإعصار الكاسحة"
"items.runes.damage.Description","Slot this Rune into a <color=#F2E6BD>Utility Slot</color> to gain the <color=#F2E6BD>Damage Surge</color> Spell.

Temporarily boost your Attack, unleashing a surge of strength that increases your damage output for 120s.","ركّب هذا الرون في <color=#F2E6BD>خانة الأدوات</color> لاكتساب تعويذة <color=#F2E6BD>فورة الضرر</color>.

عزّز هجومك مؤقتًا، مطلقًا موجة من القوة تزيد من ناتج ضررك لمدة 120 ثانية."
"items.runes.damage.Name","Damage Surge","فورة الضرر"
"items.runes.dashingStab.Description","Slot this Rune into a <color=#F2E6BD>Double Dagger</color> to gain the <color=#F2E6BD>Dashing Stab</color> Rune Attack.

Stab your opponent with a powerful, piercing series of attacks.","ركّب هذا الرون في <color=#F2E6BD>خنجر مزدوج</color> لاكتساب هجوم الرون <color=#F2E6BD>طعنة مندفعة</color>.

اطفر نحو خصمك بسلسلة قوية وخارقة من الهجمات الطاعنة."
"items.runes.dashingStab.Name","Dashing Stab","طعنة مندفعة"
"items.runes.deflect.Description","Slot this Rune into a <color=#F2E6BD>Utility Slot</color> to gain the <color=#F2E6BD>Deflect</color> Spell.","ركّب هذا الرون في <color=#F2E6BD>خانة الأدوات</color> لاكتساب تعويذة <color=#F2E6BD>انحراف</color>."
"items.runes.deflect.Name","Deflect","انحراف"
"items.runes.dodgeSlamdown.Description","Slot this Rune into a <color=#F2E6BD>Two-Handed Weapon</color> to gain the <color=#F2E6BD>Dodge Slamdown</color> Rune Attack.

Bounce forward and land a powerful strike from above.","ركّب هذا الرون في <color=#F2E6BD>سلاح بكلتا اليدين</color> لاكتساب هجوم الرون <color=#F2E6BD>ارتطام مراوغ</color>.

ارتد للأمام وسدد ضربة قوية من الأعلى."
"items.runes.dodgeSlamdown.Name","Dodge Slamdown","ارتطام مراوغ"
"items.runes.doubleCrush.Description","Slot this Rune into a <color=#F2E6BD>Two-Handed Weapon</color> to gain the <color=#F2E6BD>Double Crush</color> Rune Attack.

Bounce forward and land two powerful consecutive strikes.","ركّب هذا الرون في <color=#F2E6BD>سلاح بكلتا اليدين</color> لاكتساب هجوم الرون <color=#F2E6BD>سحق مزدوج</color>.

ارتد للأمام وسدد ضربتين قويتين متتاليتين."
"items.runes.doubleCrush.Name","Double Crush","سحق مزدوج"
"items.runes.doubleSpin.Description","Slot this Rune into a <color=#F2E6BD>One-Handed Weapon</color> to gain the <color=#F2E6BD>Double Spin</color> Rune Attack.

Execute a rapid spinning attack, striking enemies twice with each rotation.","ركّب هذا الرون في <color=#F2E6BD>سلاح بيد واحدة</color> لاكتساب هجوم الرون <color=#F2E6BD>دوران مزدوج</color>.

نفّذ هجوم دوران سريع، ضاربًا الأعداء مرتين مع كل دورة."
"items.runes.doubleSpin.Name","Double Spin","دوران مزدوج"
"items.runes.doubleTake.Description","Slot this Rune into a <color=#F2E6BD>Double Dagger</color> to gain the <color=#F2E6BD>Double Take</color> Rune Attack.

Execute a lightning-fast double strike with your daggers, catching foes off guard with a swift and deadly assault.","ركّب هذا الرون في <color=#F2E6BD>خنجر مزدوج</color> لاكتساب هجوم الرون <color=#F2E6BD>ضربة مباغتة مزدوجة</color>.

نفّذ ضربة مزدوجة خاطفة كالبرق بخناجرك، لتفاجئ الخصوم بهجوم سريع وفتاك."
"items.runes.doubleTake.Name","Double Take","ضربة مباغتة مزدوجة"
"items.runes.dragonflyKick.Description","Slot this Rune into <color=#F2E6BD>Gauntlets</color> to gain the <color=#F2E6BD>Dragonfly Kick</color> Technique.

Ascend in a spinning arc and dive down foot-first, striking with precision and flair.","ركّب هذا الرون في <color=#F2E6BD>قفازات مدرعة</color> لاكتساب تقنية <color=#F2E6BD>ركلة اليعسوب</color>.

ارتفع في قوس دوار واغطس نحو الأسفل بقدمك أولًا، ضاربًا بدقة وبراعة."
"items.runes.dragonflyKick.Name","Dragonfly Kick","ركلة اليعسوب"
"items.runes.driveBreak.Description","Slot this Rune into <color=#F2E6BD>Gauntlets</color> to gain the <color=#F2E6BD>Drive Break</color> Rune Attack.

Charge forward and deliver a crushing punch with unstoppable force, staggering everything in your path.","ركّب هذا الرون في <color=#F2E6BD>قفازات مدرعة</color> لاكتساب هجوم الرون <color=#F2E6BD>كسر دافع</color>.

اندفع للأمام وسدد لكمة ساحقة بقوة لا تقهر، لتزعزع كل ما يقف في طريقك."
"items.runes.driveBreak.Name","Drive Break","كسر دافع"
"items.runes.droneTrap.Description","Slot this Rune into a <color=#F2E6BD>Weapon</color> to gain the <color=#F2E6BD>Drone Trap</color> Technique.

Deploy a drone that homes in on your target and explodes on impact, leaving behind a trap. If enemies approach, the trap detonates with a second blast.","ركّب هذا الرون في <color=#F2E6BD>سلاح</color> لاكتساب تقنية <color=#F2E6BD>فخ الطائرة المسيرة</color>.

انشر مسيرة تتعقب هدفك وتنفجر عند الاصطدام، تاركة خلفها فخًا. إذا اقترب الأعداء، ينفجر الفخ بانفجار ثانٍ."
"items.runes.droneTrap.Name","Drone Trap","فخ الطائرة المسيرة"
"items.runes.dropkick.Description","Slot this Rune into a <color=#F2E6BD>Weapon</color> to gain the <color=#F2E6BD>Dropkick</color> Technique.

Launch yourself feet-first toward your enemy with a brutal dropkick, knocking them back with raw, physical force.","ركّب هذا الرون في <color=#F2E6BD>سلاح</color> لاكتساب تقنية <color=#F2E6BD>ركلة إسقاط</color>.

ألقِ بنفسك نحو عدوك بركلة إسقاط وحشية بقدميك معًا، لتدفعه إلى الخلف بقوة بدنية محضة."
"items.runes.dropkick.Name","Dropkick","ركلة إسقاط"
"items.runes.dualBreaker.Description","Slot this Rune into a <color=#F2E6BD>Double Dagger</color> to gain the <color=#F2E6BD>Dual Breaker</color> Rune Attack.

Strike with both daggers in a devastating cross slash, breaking through enemy defenses with sheer force.","ركّب هذا الرون في <color=#F2E6BD>خنجر مزدوج</color> لاكتساب هجوم الرون <color=#F2E6BD>كاسر مزدوج</color>.

اضرب بكلتا الخنجرين في شق متقاطع مدمر، لتخترق دفاعات العدو بقوة خالصة."
"items.runes.dualBreaker.Name","Dual Breaker","كاسر مزدوج"
"items.runes.dualFlurry.Description","Slot this Rune into a <color=#F2E6BD>Double Dagger</color> to gain the <color=#F2E6BD>Dual Flurry</color> Rune Attack.

Unleash a barrage of daggers strikes, overwhelming your enemies with rapid, relentless piercing attacks.","ركّب هذا الرون في <color=#F2E6BD>خنجر مزدوج</color> لاكتساب هجوم الرون <color=#F2E6BD>زوبعة مزدوجة</color>.

أطلق وابلًا من ضربات الخناجر، لتغمر أعداءك بهجمات طاعنة سريعة ولا هوادة فيها."
"items.runes.dualFlurry.Name","Dual Flurry","زوبعة مزدوجة"
"items.runes.dualSlash.Description","Slot this Rune into a <color=#F2E6BD>Double Dagger</color> to gain the <color=#F2E6BD>Dual Slash</color> Rune Attack.

Strike from above, deeply cleaving your opponent with your daggers.","ركّب هذا الرون في <color=#F2E6BD>خنجر مزدوج</color> لاكتساب هجوم الرون <color=#F2E6BD>شق مزدوج</color>.

اضرب من الأعلى، مشاطرًا خصمك بخناجرك بعمق."
"items.runes.dualSlash.Name","Dual Slash","شق مزدوج"
"items.runes.eagleEye.Description","Slot this Rune into a <color=#F2E6BD>Utility Slot</color> to gain the <color=#F2E6BD>Eagle Eye</color> Spell.","ركّب هذا الرون في <color=#F2E6BD>خانة الأدوات</color> لاكتساب تعويذة <color=#F2E6BD>عين الصقر</color>."
"items.runes.eagleEye.Name","Eagle Eye","عين الصقر"
"items.runes.electricAffliction.Description","Slot this Rune into a <color=#F2E6BD>Utility Slot</color> to gain the <color=#F2E6BD>Electric Affliction</color> Spell.

Jolt enemies with unstable currents, increasing the lightning damage and shock buildup they receive for a short duration.","ركّب هذا الرون في <color=#F2E6BD>خانة الأدوات</color> لاكتساب تعويذة <color=#F2E6BD>بلاء الكهرباء</color>.

اصعق الأعداء بتيارات غير مستقرة، مما يزيد ضرر البرق وتراكم الصدمة الذي يتلقونه لفترة وجيزة."
"items.runes.electricAffliction.Name","Electric Affliction","بلاء الكهرباء"
"items.runes.electricEnchantment.Description","Slot this Rune into a <color=#F2E6BD>Utility Slot</color> to gain the <color=#F2E6BD>Electric Enchantment</color> Spell.

Charge your weapon with electric power, electrifying each strike to shock and stun your adversaries.","ركّب هذا الرون في <color=#F2E6BD>خانة الأدوات</color> لاكتساب تعويذة <color=#F2E6BD>سحر الكهرباء</color>.

اشحن سلاحك بقوة كهربائية، مكهربًا كل ضربة لصعق خصومك وشل حركتهم."
"items.runes.electricEnchantment.Name","Electric Enchantment","سحر الكهرباء"
"items.runes.electricResistance.Description","Slot this Rune into a <color=#F2E6BD>Utility Slot</color> to gain the <color=#F2E6BD>Electric Resistance</color> Spell.

Enhance your defenses against lightning-based attacks, reducing lightning damage and preventing shock status.","ركّب هذا الرون في <color=#F2E6BD>خانة الأدوات</color> لاكتساب تعويذة <color=#F2E6BD>مقاومة الكهرباء</color>.

عزّز دفاعاتك ضد الهجمات المعتمدة على البرق، مما يقلل ضرر البرق ويمنع حالة الصدمة."
"items.runes.electricResistance.Name","Electric Resistance","مقاومة الكهرباء"
"items.runes.eruption.Description","Slot this Rune into a <color=#F2E6BD>Two-Handed Weapon</color> to gain the <color=#F2E6BD>Eruption</color> Rune Attack.

Jump and land with a ground-shaking slam to trigger volcanic eruption, damaging all surrounding enemies in a large radius around you.","ركّب هذا الرون في <color=#F2E6BD>سلاح بكلتا اليدين</color> لاكتساب هجوم الرون <color=#F2E6BD>ثوران</color>.

اقفز واهبط بارتطام يهز الأرض لإشعال ثوران بركاني، مسببًا ضررًا لجميع الأعداء المحيطين في نصف قطر واسع حولك."
"items.runes.eruption.Name","Eruption","ثوران"
"items.runes.evade.Description","Slot this Rune into a <color=#F2E6BD>Weapon</color> to gain the <color=#F2E6BD>Evade</color> Technique.

Swiftly evade attacks, leaving behind a trail of elemental energy that disorients and weakens enemies.","ركّب هذا الرون في <color=#F2E6BD>سلاح</color> لاكتساب تقنية <color=#F2E6BD>مراوغة</color>.

تفادَ الهجمات بخفة، تاركًا خلفك أثرًا من الطاقة العنصرية يربك الأعداء ويضعفهم."
"items.runes.evade.Name","Evade","مراوغة"
"items.runes.evadeJump.Description","Slot this Rune into a <color=#F2E6BD>Weapon</color> to gain the <color=#F2E6BD>Evade Jump</color> Technique.

Swiftly evade attacks, leaving behind a trail of elemental energy that disorients and weakens enemies.","ركّب هذا الرون في <color=#F2E6BD>سلاح</color> لاكتساب تقنية <color=#F2E6BD>قفزة مراوغة</color>.

تفادَ الهجمات بخفة، تاركًا خلفك أثرًا من الطاقة العنصرية يربك الأعداء ويضعفهم."
"items.runes.evadeJump.Name","Evade Jump","قفزة مراوغة"
"items.runes.evasivePierce.Description","Slot this Rune into a <color=#F2E6BD>One-Handed Weapon</color> to gain the <color=#F2E6BD>Evasive Pierce</color> Rune Attack.

Swiftly strike your enemy and retreat.","ركّب هذا الرون في <color=#F2E6BD>سلاح بيد واحدة</color> لاكتساب هجوم الرون <color=#F2E6BD>اختراق مراوغ</color>.

اضرب عدوك بسرعة ثم تراجع للخلف."
"items.runes.evasivePierce.Name","Evasive Pierce","اختراق مراوغ"
"items.runes.evasiveShot.Description","Slot this Rune into a <color=#F2E6BD>Bow</color> to gain the <color=#F2E6BD>Evasive Shot</color> Rune Attack.

Leap back with agile grace, notching and loosing an arrow in one fluid motion to create distance and deal damage simultaneously.","ركّب هذا الرون في <color=#F2E6BD>قوس</color> لاكتساب هجوم الرون <color=#F2E6BD>رمية مراوغة</color>.

اقفز للخلف برشاقة ومرونة، وسدد سهمًا وأطلقه في حركة سلسة واحدة لخلق مسافة وإلحاق الضرر في آن واحد."
"items.runes.evasiveShot.Name","Evasive Shot","رمية مراوغة"
"items.runes.evasiveStrike.Description","Slot this Rune into a <color=#F2E6BD>One-Handed Weapon</color> to gain the <color=#F2E6BD>Evasive Strike</color> Rune Attack.

Take a right step and execute a rapid strike.","ركّب هذا الرون في <color=#F2E6BD>سلاح بيد واحدة</color> لاكتساب هجوم الرون <color=#F2E6BD>ضربة مراوغة</color>.

اتخذ خطوة نحو اليمين ونفّذ ضربة سريعة."
"items.runes.evasiveStrike.Name","Evasive Strike","ضربة مراوغة"
"items.runes.evasiveSwing.Description","Slot this Rune into a <color=#F2E6BD>One-Handed Weapon</color> to gain the <color=#F2E6BD>Evasive Swing</color> Rune Attack.

Swing your weapon in an evasive arc, stepping to the left while dealing damage.","ركّب هذا الرون في <color=#F2E6BD>سلاح بيد واحدة</color> لاكتساب هجوم الرون <color=#F2E6BD>تلويح مراوغ</color>.

أرجح سلاحك في قوس مراوغ، مع اتخاذ خطوة إلى اليسار أثناء إلحاق الضرر."
"items.runes.evasiveSwing.Name","Evasive Swing","تلويح مراوغ"
"items.runes.fierceDash.Description","Slot this Rune into a <color=#F2E6BD>One-Handed Weapon</color> to gain the <color=#F2E6BD>Fierce Dash</color> Rune Attack.

Throw yourself forward with ferocious speed, delivering a single stabbing blow that throws enemies back.","ركّب هذا الرون في <color=#F2E6BD>سلاح بيد واحدة</color> لاكتساب هجوم الرون <color=#F2E6BD>اندفاعة شرسة</color>.

ارمِ بنفسك للأمام بسرعة شرسة، مسددًا ضربة طاعنة واحدة تطيح بالأعداء إلى الخلف."
"items.runes.fierceDash.Name","Fierce Dash","اندفاعة شرسة"
"items.runes.fireArrow.Description","Slot this Rune into a <color=#F2E6BD>Bow</color> to gain the <color=#F2E6BD>Fire Arrow</color> Rune Attack.

Ignite your bowstring, transforming your next shot into a blazing arrow to scorch your targets.","ركّب هذا الرون في <color=#F2E6BD>قوس</color> لاكتساب هجوم الرون <color=#F2E6BD>سهم ناري</color>.

أشعل وتر قوسك، محولًا رميتك التالية إلى سهم ملتهب يحرق أهدافك."
"items.runes.fireArrow.Name","Fire Arrow","سهم ناري"
"items.runes.fireBlast.Description","Slot this Rune into a <color=#F2E6BD>Wand</color> or a <color=#F2E6BD>Staff</color> to gain the <color=#F2E6BD>Fire Blast</color> Rune Attack.

Summon a small explosion of fire in front of you, scorching enemies with intense heat.","ركّب هذا الرون في <color=#F2E6BD>عصا سحرية</color> أو <color=#F2E6BD>صولجان</color> لاكتساب هجوم الرون <color=#F2E6BD>انفجار ناري</color>.

استدعِ انفجارًا ناريًا صغيرًا أمامك، ليحرق الأعداء بحرارة شديدة."
"items.runes.fireBlast.Name","Fire Blast","انفجار ناري"
"items.runes.fireBurst.Description","Slot this Rune into a <color=#F2E6BD>Wand</color> or a <color=#F2E6BD>Staff</color> to gain the <color=#F2E6BD>Fire Burst</color> Rune Attack.

Release a fiery burst that lingers briefly before exploding in a powerful blast of flame.","ركّب هذا الرون في <color=#F2E6BD>عصا سحرية</color> أو <color=#F2E6BD>صولجان</color> لاكتساب هجوم الرون <color=#F2E6BD>دفقة نارية</color>.

أطلق دفقة نارية تبقى لفترة وجيزة قبل أن تنفجر في موجة لهب قوية."
"items.runes.fireBurst.Name","Fire Burst","دفقة نارية"
"items.runes.fireDart.Description","Slot this Rune into a <color=#F2E6BD>Wand</color> or a <color=#F2E6BD>Staff</color> to gain the <color=#F2E6BD>Fire Dart</color> Rune Attack.

Hurl a searing dart of flame toward your enemy, igniting them with a focused burst of fire.","ركّب هذا الرون في <color=#F2E6BD>عصا سحرية</color> أو <color=#F2E6BD>صولجان</color> لاكتساب هجوم الرون <color=#F2E6BD>سهم نار قاذف</color>.

اقذف سهمًا ناريًا حارقًا نحو عدوك، مشعلًا إياه بدفقة نار مركزة."
"items.runes.fireDart.Name","Fire Dart","سهم نار قاذف"
"items.runes.fireDash.Description","Slot this Rune into a <color=#F2E6BD>One-Handed Weapon</color> to gain the <color=#F2E6BD>Fire Dash</color> Rune Attack.

Dash toward your foes with a weapon, engulfed in flames, to land a scorching strike that ignites on impact.","ركّب هذا الرون في <color=#F2E6BD>سلاح بيد واحدة</color> لاكتساب هجوم الرون <color=#F2E6BD>اندفاعة نارية</color>.

اندفع نحو أعدائك بسلاح مغمور باللهب، لتسديد ضربة حارقة تشتعل عند الاصطدام."
"items.runes.fireDash.Name","Fire Dash","اندفاعة نارية"
"items.runes.fireFlurry.Description","Slot this Rune into a <color=#F2E6BD>One-Handed Weapon</color> to gain the <color=#F2E6BD>Fire Flurry</color> Rune Attack.

Unleash a rapid flurry of fiery strikes, engulfing foes in flames and leaving them scorched.","ركّب هذا الرون في <color=#F2E6BD>سلاح بيد واحدة</color> لاكتساب هجوم الرون <color=#F2E6BD>زوبعة نارية</color>.

أطلق وابلًا سريعًا من الضربات النارية، لتغمر الخصوم في ألسنة اللهب وتتركهم محترقين."
"items.runes.fireFlurry.Name","Fire Flurry","زوبعة نارية"
"items.runes.fireNova.Description","Slot this Rune into a <color=#F2E6BD>Staff</color> or a <color=#F2E6BD>Wand</color> to gain the <color=#F2E6BD>Fire Nova</color> Rune Attack.

Unleash a fiery explosion around you, damaging all nearby enemies. Charge it to expand the area of effect and increase its attack power.","ركّب هذا الرون في <color=#F2E6BD>عصا سحرية</color> أو <color=#F2E6BD>صولجان</color> لاكتساب هجوم الرون <color=#F2E6BD>مستعر ناري</color>.

أطلق انفجارًا ناريًا من حولك، مسببًا ضررًا لجميع الأعداء القريبين. اشحنه لتوسيع نطاق التأثير وزيادة قوة الهجوم."
"items.runes.fireNova.Name","Fire Nova","مستعر ناري"
"items.runes.fireSlam.Description","Slot this Rune into a <color=#F2E6BD>Two-Handed Weapon</color> to gain the <color=#F2E6BD>Fire Slam</color> Rune Attack.

Jump and land with a devastating slam to set the area on fire, damaging all surrounding enemies in a small radius around you.","ركّب هذا الرون في <color=#F2E6BD>سلاح بكلتا اليدين</color> لاكتساب هجوم الرون <color=#F2E6BD>ارتطام ناري</color>.

اقفز واهبط بارتطام مدمر لإشعال النار في المنطقة، مسببًا ضررًا لجميع الأعداء المحيطين في نصف قطر صغير حولك."
"items.runes.fireSlam.Name","Fire Slam","ارتطام ناري"
"items.runes.fireSwipe.Description","Slot this Rune into a <color=#F2E6BD>Two-Handed Weapon</color> to gain the <color=#F2E6BD>Fire Swipe</color> Rune Attack.

Infuse your weapon with flames and unleash a sweeping strike, engulfing enemies in flames.","ركّب هذا الرون في <color=#F2E6BD>سلاح بكلتا اليدين</color> لاكتساب هجوم الرون <color=#F2E6BD>ضربة نارية كاسحة</color>.

اشحن سلاحك بالنيران وأطلق ضربة كاسحة تغمر الأعداء في اللهب."
"items.runes.fireSwipe.Name","Fire Swipe","ضربة نارية كاسحة"
"items.runes.fireThrow.Description","Slot this Rune into a <color=#F2E6BD>One-Handed Weapon</color> to gain the <color=#F2E6BD>Fire Throw</color> Rune Attack.

Imbue your weapon with fire and hurl it, smashing through enemies in its path and igniting them before returning to your hand.","ركّب هذا الرون في <color=#F2E6BD>سلاح بيد واحدة</color> لاكتساب هجوم الرون <color=#F2E6BD>رمية نارية</color>.

اشحن سلاحك بالنار واقذفه، ليخترق الأعداء في طريقه ويشعلهم قبل أن يعود إلى يدك."
"items.runes.fireThrow.Name","Fire Throw","رمية نارية"
"items.runes.fireWalk.Description","Slot this Rune into a <color=#F2E6BD>Wand</color> or a <color=#F2E6BD>Staff</color> to gain the <color=#F2E6BD>Fire Walk</color> Rune Attack.

Engulf yourself in flames, then leave a trail of fire behind that burns all who follow.","ركّب هذا الرون في <color=#F2E6BD>عصا سحرية</color> أو <color=#F2E6BD>صولجان</color> لاكتساب هجوم الرون <color=#F2E6BD>مشية النار</color>.

اغمر نفسك باللهب، واترك خلفك أثرًا من النار يحرق كل من يتبعك."
"items.runes.fireWalk.Name","Fire Walk","مشية النار"
"items.runes.fireWall.Description","Slot this Rune into a <color=#F2E6BD>Wand</color> or a <color=#F2E6BD>Staff</color> to gain the <color=#F2E6BD>Fire Wall</color> Rune Attack.

Erect a blazing wall of fire in front of you. Enemies that pass through suffer continuous burning damage.","ركّب هذا الرون في <color=#F2E6BD>عصا سحرية</color> أو <color=#F2E6BD>صولجان</color> لاكتساب هجوم الرون <color=#F2E6BD>جدار ناري</color>.

شيّد جدارًا من اللهب أمامك. يعاني الأعداء الذين يعبرونه من ضرر حرق مستمر."
"items.runes.fireWall.Name","Fire Wall","جدار ناري"
"items.runes.fireWave.Description","Slot this Rune into a <color=#F2E6BD>Staff</color> or a <color=#F2E6BD>Wand</color> to gain the <color=#F2E6BD>Fire Wave</color> Rune Attack.

Launch a wave of fireballs to blaze multiple foes. Charge it to amplify their damage.","ركّب هذا الرون في <color=#F2E6BD>عصا سحرية</color> أو <color=#F2E6BD>صولجان</color> لاكتساب هجوم الرون <color=#F2E6BD>موجة نارية</color>.

أطلق موجة من الكرات النارية لإحراق عدة خصوم. اشحنها لتضخيم ضررها."
"items.runes.fireWave.Name","Fire Wave","موجة نارية"
"items.runes.fireWhirl.Description","Slot this Rune into a <color=#F2E6BD>One-Handed Weapon</color> to gain the <color=#F2E6BD>Fire Whirl</color> Rune Attack.

Spin in a prolonged fiery whirlwind, engulfing enemies with flames and leaving them burned.","ركّب هذا الرون في <color=#F2E6BD>سلاح بيد واحدة</color> لاكتساب هجوم الرون <color=#F2E6BD>دوامة نارية</color>.

دُر في دوامة نارية ممتدة، لتغمر الأعداء باللهب وتتركهم محترقين."
"items.runes.fireWhirl.Name","Fire Whirl","دوامة نارية"
"items.runes.fireWhirlwind.Description","Slot this Rune into a <color=#F2E6BD>Two-Handed Weapon</color> to gain the <color=#F2E6BD>Fire Whirlwind</color> Rune Attack.

Spin in a prolonged fiery whirlwind, engulfing enemies with flames and leaving them burned.","ركّب هذا الرون في <color=#F2E6BD>سلاح بكلتا اليدين</color> لاكتساب هجوم الرون <color=#F2E6BD>إعصار ناري</color>.

دُر في إعصار ناري ممتد، لتغمر الأعداء باللهب وتتركهم محترقين."
"items.runes.fireWhirlwind.Name","Fire Whirlwind","إعصار ناري"
"items.runes.fireball.Description","Slot this Rune into a <color=#F2E6BD>Staff</color> or a <color=#F2E6BD>Wand</color> to gain the <color=#F2E6BD>Fireball</color> Rune Attack.

Cast a blazing fireball that incinerates enemies on impact. Charge it to increase its fiery power and deal more damage.","ركّب هذا الرون في <color=#F2E6BD>عصا سحرية</color> أو <color=#F2E6BD>صولجان</color> لاكتساب هجوم الرون <color=#F2E6BD>كرة نارية</color>.

أطلق كرة نارية مشتعلة تحرق الأعداء عند الاصطدام. اشحنها لزيادة نصف قطر انفجارها وإلحاق المزيد من الضرر."
"items.runes.fireball.Name","Fireball","كرة نارية"
"items.runes.firefall.Description","Slot this Rune into a <color=#F2E6BD>Bow</color> to gain the <color=#F2E6BD>Firefall</color> Rune Attack.

Leap upward and plunge an arrow into the earth, erupting a roaring blast of flame that engulfs all caught nearby.","ركّب هذا الرون في <color=#F2E6BD>قوس</color> لاكتساب هجوم الرون <color=#F2E6BD>سقوط النار</color>.

اقفز عاليًا واغرس سهمًا في الأرض، لتفجر حلقة من النار تحرق كافة الأعداء القريبين."
"items.runes.firefall.Name","Firefall","سقوط النار"
"items.runes.flameSweep.Description","Slot this Rune into a <color=#F2E6BD>Staff</color> or a <color=#F2E6BD>Wand</color> to gain the <color=#F2E6BD>Flame Sweep</color> Rune Attack.

Perform a 360-degree flaming sweep with your staff to break enemy guards and set them ablaze.","ركّب هذا الرون في <color=#F2E6BD>عصا سحرية</color> أو <color=#F2E6BD>صولجان</color> لاكتساب هجوم الرون <color=#F2E6BD>كنس اللهب</color>.

نفّذ ضربة كنس بصولجانك بزاوية 360 درجة لكسر صفوف العدو وإشعال كل من حولك."
"items.runes.flameSweep.Name","Flame Sweep","كنس اللهب"
"items.runes.flipkickBurst.Description","Slot this Rune into a <color=#F2E6BD>Bow</color> to gain the <color=#F2E6BD>Flipkick Burst</color> Rune Attack.

Launch an upward kick to propel yourself into a tight backflip, loosing three rapid arrows mid-rotation to strike your foe as you slip out of reach.","ركّب هذا الرون في <color=#F2E6BD>قوس</color> لاكتساب هجوم الرون <color=#F2E6BD>دفقة ركلة الشقلبة</color>.

أطلق ركلة صاعدة لدفع نفسك في شقلبة خلفية محكمة، مطلقًا سهمين بتتابع سريع."
"items.runes.flipkickBurst.Name","Flipkick Burst","دفقة ركلة الشقلبة"
"items.runes.focus.Description","Slot this Rune into a <color=#F2E6BD>Utility Slot</color> to gain the <color=#F2E6BD>Focus Halo</color> Spell.

Elevate your Focus, enhancing your Cerim abilities by increasing your maximum focus points for 120s.","ركّب هذا الرون في <color=#F2E6BD>خانة الأدوات</color> لاكتساب تعويذة <color=#F2E6BD>هالة التركيز</color>.

ارفع مستوى تركيزك، معززًا قدرات السيريم لديك بزيادة اكتساب التركيز لمدة 120 ثانية."
"items.runes.focus.Name","Focus Halo","هالة التركيز"
"items.runes.frenziedCleave.Description","Slot this Rune into a <color=#F2E6BD>Two-Handed Weapon</color> to gain the <color=#F2E6BD>Frenzied Cleave</color> Rune Attack.

Unleash three rapid, savage swings in quick succession, overwhelming enemies with wild, relentless force.","ركّب هذا الرون في <color=#F2E6BD>سلاح بكلتا اليدين</color> لاكتساب هجوم الرون <color=#F2E6BD>شق محموم</color>.

أطلق ثلاث ضربات وحشية سريعة بتتابع متلاحق، لقهر الأعداء بهجوم لا يهدأ."
"items.runes.frenziedCleave.Name","Frenzied Cleave","شق محموم"
"items.runes.frigidArc.Description","Slot this Rune into a <color=#F2E6BD>Wand</color> or a <color=#F2E6BD>Staff</color> to gain the <color=#F2E6BD>Frigid Arc</color> Rune Attack.

Leap into the air and release a sweeping arc of frost energy, freezing enemies caught in its icy beam from above.","ركّب هذا الرون في <color=#F2E6BD>عصا سحرية</color> أو <color=#F2E6BD>صولجان</color> لاكتساب هجوم الرون <color=#F2E6BD>قوس بارد</color>.

اقفز في الهواء وأطلق قوسًا كاسحًا من طاقة الصقيع لضرب الأعداء وتجميدهم."
"items.runes.frigidArc.Name","Frigid Arc","قوس بارد"
"items.runes.frontflipKick.Description","Slot this Rune into a <color=#F2E6BD>Weapon</color> to gain the <color=#F2E6BD>Frontflip Kick</color> Technique.

Perform a forward somersault and smash your foot down on the enemy, delivering a powerful, crushing blow.","ركّب هذا الرون في <color=#F2E6BD>سلاح</color> لاكتساب تقنية <color=#F2E6BD>ركلة الشقلبة الأمامية</color>.

نفّذ شقلبة أمامية واهوِ بقدمك على الأرض، لتسديد ضربة ساحقة تهز الخصوم القريبين."
"items.runes.frontflipKick.Name","Frontflip Kick","ركلة الشقلبة الأمامية"
"items.runes.frostBlade.Description","Slot this Rune into a <color=#F2E6BD>Wand</color> or a <color=#F2E6BD>Staff</color> to gain the <color=#F2E6BD>Frost Blade</color> Rune Attack.

Manifest a massive frozen blade and spin wildly, striking nearby enemies with chilling force.","ركّب هذا الرون في <color=#F2E6BD>عصا سحرية</color> أو <color=#F2E6BD>صولجان</color> لاكتساب هجوم الرون <color=#F2E6BD>شفرة الصقيع</color>.

جسّد نصلًا جليديًا هائلًا ودُر بجنون، ضاربًا الأعداء القريبين بقوة جليدية ساحقة."
"items.runes.frostBlade.Name","Frost Blade","شفرة الصقيع"
"items.runes.frostDash.Description","Slot this Rune into a <color=#F2E6BD>One-Handed Weapon</color> to gain the <color=#F2E6BD>Frost Dash</color> Rune Attack.

Dash toward your foes with a weapon, cloaked in frost, to land a chilling strike that freezes them in place.","ركّب هذا الرون في <color=#F2E6BD>سلاح بيد واحدة</color> لاكتساب هجوم الرون <color=#F2E6BD>اندفاعة صقيعية</color>.

اندفع نحو أعدائك بسلاح مكسو بالصقيع، لتسديد ضربة جليدية تبطئ العدو عند الاصطدام."
"items.runes.frostDash.Name","Frost Dash","اندفاعة صقيعية"
"items.runes.frostNeedles.Description","Slot this Rune into a <color=#F2E6BD>Wand</color> or a <color=#F2E6BD>Staff</color> to gain the <color=#F2E6BD>Frost Needles</color> Rune Attack.

Unleash a fan of sharp ice shards that pierce and slow your enemies.","ركّب هذا الرون في <color=#F2E6BD>عصا سحرية</color> أو <color=#F2E6BD>صولجان</color> لاكتساب هجوم الرون <color=#F2E6BD>إبر الصقيع</color>.

أطلق مروحة من شظايا الجليد الحادة التي تخترق هدفك وتبطئه بتتابع سريع."
"items.runes.frostNeedles.Name","Frost Needles","إبر الصقيع"
"items.runes.frostNova.Description","Slot this Rune into a <color=#F2E6BD>Staff</color> or a <color=#F2E6BD>Wand</color> to gain the <color=#F2E6BD>Frost Nova</color> Rune Attack.

Unleash a burst of icy energy around you, freezing all nearby enemies. Charge it to expand the area of effect and increase its attack power.","ركّب هذا الرون في <color=#F2E6BD>عصا سحرية</color> أو <color=#F2E6BD>صولجان</color> لاكتساب هجوم الرون <color=#F2E6BD>مستعر صقيعي</color>.

أطلق دفقة من الطاقة الجليدية حولك، لتجمد كافة الأعداء القريبين. اشحنها لتوسيع نطاق التأثير."
"items.runes.frostNova.Name","Frost Nova","مستعر صقيعي"
"items.runes.frostStep.Description","Slot this Rune into a <color=#F2E6BD>Wand</color> or a <color=#F2E6BD>Staff</color> to gain the <color=#F2E6BD>Frost Step</color> Rune Attack.

Dodge out of harm’s way, then counter with a chilling stream of frost that freezes enemies in your path.","ركّب هذا الرون في <color=#F2E6BD>عصا سحرية</color> أو <color=#F2E6BD>صولجان</color> لاكتساب هجوم الرون <color=#F2E6BD>خطوة الصقيع</color>.

تفادَ مبتعدًا عن الخطر، ثم قم بهجوم مضاد بتيار بارد من الصقيع يجمد الخصوم المتقدمين."
"items.runes.frostStep.Name","Frost Step","خطوة الصقيع"
"items.runes.frostStream.Description","Slot this Rune into a <color=#F2E6BD>Staff</color> or a <color=#F2E6BD>Wand</color> to gain the <color=#F2E6BD>Frost Stream</color> Rune Attack.

Unleash a frost stream, chilling all foes in its path. Active until releasing the Rune button.","ركّب هذا الرون في <color=#F2E6BD>عصا سحرية</color> أو <color=#F2E6BD>صولجان</color> لاكتساب هجوم الرون <color=#F2E6BD>تيار الصقيع</color>.

أطلق تيارًا جليديًا يجمد كافة الأعداء في مساره. يظل نشطًا حتى تحرير زر الرون."
"items.runes.frostStream.Name","Frost Stream","تيار الصقيع"
"items.runes.frostStrike.Description","Slot this Rune into a <color=#F2E6BD>One-Handed Weapon</color> to gain the <color=#F2E6BD>Frost Strike</color> Rune Attack.

Imbue your weapon with frost power, delivering a chilling strike that freezes foes in their tracks.","ركّب هذا الرون في <color=#F2E6BD>سلاح بيد واحدة</color> لاكتساب هجوم الرون <color=#F2E6BD>ضربة صقيعية</color>.

اشحن سلاحك بقوة الصقيع، مسددًا ضربة مبردة تبطئ الأعداء وتلحق بهم ضرر الجليد."
"items.runes.frostStrike.Name","Frost Strike","ضربة صقيعية"
"items.runes.glacialSpike.Description","Slot this Rune into a <color=#F2E6BD>Staff</color> or a <color=#F2E6BD>Wand</color> to gain the <color=#F2E6BD>Glacial Spike</color> Rune Attack.

Target an area, leap into the air, and slam down to create a frosty eruption that damages and freezes all enemies within a large radius.","ركّب هذا الرون في <color=#F2E6BD>عصا سحرية</color> أو <color=#F2E6BD>صولجان</color> لاكتساب هجوم الرون <color=#F2E6BD>نتوء جليدي</color>.

حدد منطقة، واثقب الهواء بالقفز ثم اهبط لتكوين نتوء جليدي هائل يطعن الأعداء من الأسفل."
"items.runes.glacialSpike.Name","Glacial Spike","نتوء جليدي"
"items.runes.glideburst.Description","Slot this Rune into a <color=#F2E6BD>Bow</color> to gain the <color=#F2E6BD>Glideburst</color> Rune Attack.

Glide forward in a low, controlled slide, loosing three rapid arrows mid-motion to pressure and punish foes in your path.","ركّب هذا الرون في <color=#F2E6BD>قوس</color> لاكتساب هجوم الرون <color=#F2E6BD>دفقة الانزلاق</color>.

انزلق للأمام في حركة منخفضة محكمة، مطلقًا ثلاثة سهام سريعة نحو هدفك أثناء الحركة."
"items.runes.glideburst.Name","Glideburst","دفقة الانزلاق"
"items.runes.groundSlam.Description","Slot this Rune into a <color=#F2E6BD>Two-Handed Weapon</color> to gain the <color=#F2E6BD>Ground Slam</color> Rune Attack.

Perform a horizontal sweeping blow and finish the combo with an aerial downward slam.","ركّب هذا الرون في <color=#F2E6BD>سلاح بكلتا اليدين</color> لاكتساب هجوم الرون <color=#F2E6BD>ارتطام أرضي</color>.

نفّذ ضربة كاسحة أفقية واختم التتابع بضربة ساحقة قوية ترتطم بالأرض."
"items.runes.groundSlam.Name","Ground Slam","ارتطام أرضي"
"items.runes.gyroSlash.Description","Slot this Rune into a <color=#F2E6BD>One-Handed Weapon</color> to gain the <color=#F2E6BD>Gyro Slash</color> Rune Attack.

Spin forward in a tight, high-speed rotation, turning your weapon into a whirling disc that slices through anything in your path.","ركّب هذا الرون في <color=#F2E6BD>سلاح بيد واحدة</color> لاكتساب هجوم الرون <color=#F2E6BD>شق جيرسكوبي</color>.

دُر للأمام في دوران سريع ومحكم، محولًا سلاحك إلى إعصار قطعي يمزق خطوط العدو."
"items.runes.gyroSlash.Name","Gyro Slash","شق جيرسكوبي"
"items.runes.hail.Description","Slot this Rune into a <color=#F2E6BD>Staff</color> or a <color=#F2E6BD>Wand</color> to gain the <color=#F2E6BD>Hail</color> Rune Attack.

Launch a wave of icebolts to freeze multiple foes. Charge it to amplify their damage.","ركّب هذا الرون في <color=#F2E6BD>عصا سحرية</color> أو <color=#F2E6BD>صولجان</color> لاكتساب هجوم الرون <color=#F2E6BD>بَرَد</color>.

أطلق موجة من السهام الجليدية لتجميد عدة خصوم. اشحنها لزيادة عدد المقذوفات وتكثيف أثرها."
"items.runes.hail.Name","Hail","بَرَد"
"items.runes.heal.Description","Slot this Rune into a <color=#F2E6BD>Utility Slot</color> to gain the <color=#F2E6BD>Heal</color> Spell.

Spend focus to restore your health, calling on inner power to recover from wounds.","ركّب هذا الرون في <color=#F2E6BD>خانة الأدوات</color> لاكتساب تعويذة <color=#F2E6BD>شفاء</color>.

استهلك التركيز لاستعادة صحتك، مستدعيًا القوة الداخلية لتضميد الجراح وتجديد حيويتك."
"items.runes.heal.Name","Heal","شفاء"
"items.runes.healAura.Description","Slot this Rune into a <color=#F2E6BD>Utility Slot</color> to gain the <color=#F2E6BD>Heal Aura</color> Spell.

Charge this spell to convert focus into health, surrounding yourself with a restorative aura that heals you over time.","ركّب هذا الرون في <color=#F2E6BD>خانة الأدوات</color> لاكتساب تعويذة <color=#F2E6BD>هالة الشفاء</color>.

اشحن هذه التعويذة لتحويل التركيز إلى صحة، محيطًا نفسك بحلقة شافية تطبب جراحك بمرور الوقت."
"items.runes.healAura.Name","Heal Aura","هالة الشفاء"
"items.runes.health.Description","Slot this Rune into a <color=#F2E6BD>Utility Slot</color> to gain the <color=#F2E6BD>Pulse of Health</color> Spell.

Restore your Health and increase your maximum health for 120s, ensuring you can withstand more damage in battle.","ركّب هذا الرون في <color=#F2E6BD>خانة الأدوات</color> لاكتساب تعويذة <color=#F2E6BD>نبضة الصحة</color>.

استعد صحتك وزد من الحد الأقصى لصحتك لمدة 120 ثانية، معززًا قدرتك على الصمود في المعركة."
"items.runes.health.Name","Pulse of Health","نبضة الصحة"
"items.runes.heatAffliction.Description","Slot this Rune into a <color=#F2E6BD>Utility Slot</color> to gain the <color=#F2E6BD>Heat Affliction</color> Spell.

Afflict enemies with smoldering heat, increasing the fire damage and fire buildup they receive for a short duration.","ركّب هذا الرون في <color=#F2E6BD>خانة الأدوات</color> لاكتساب تعويذة <color=#F2E6BD>بلاء الحرارة</color>.

أصب الأعداء بحرارة مشتعلة، مما يزيد من ضرر النار وتراكم الحرق الذي يتلقونه لفترة وجيزة."
"items.runes.heatAffliction.Name","Heat Affliction","بلاء الحرارة"
"items.runes.heatEnchantment.Description","Slot this Rune into a <color=#F2E6BD>Utility Slot</color> to gain the <color=#F2E6BD>Heat Enchantment</color> Spell.

Imbue your weapon with fiery energy, igniting your strikes to scorch enemies and set the battlefield ablaze.","ركّب هذا الرون في <color=#F2E6BD>خانة الأدوات</color> لاكتساب تعويذة <color=#F2E6BD>سحر الحرارة</color>.

اشحن سلاحك بطاقة نارية، مشعلًا ضرباتك لإحراق الخصوم مع كل اشتباك."
"items.runes.heatEnchantment.Name","Heat Enchantment","سحر الحرارة"
"items.runes.heatResistance.Description","Slot this Rune into a <color=#F2E6BD>Utility Slot</color> to gain the <color=#F2E6BD>Heat Resistance</color> Spell.

Gain resistance to heat-based attacks, reducing fire damage and improving your survival against fiery blows.","ركّب هذا الرون في <color=#F2E6BD>خانة الأدوات</color> لاكتساب تعويذة <color=#F2E6BD>مقاومة الحرارة</color>.

اكتسب مقاومة ضد الهجمات المعتمدة على النار، مما يقلل ضرر النار ويمنع احتراقك."
"items.runes.heatResistance.Name","Heat Resistance","مقاومة الحرارة"
"items.runes.hellfire.Description","Slot this Rune into a <color=#F2E6BD>Staff</color> or a <color=#F2E6BD>Wand</color> to gain the <color=#F2E6BD>Hellfire</color> Rune Attack.

Target an area, leap into the air, and slam down to create a fiery eruption that damages all enemies within a large radius.","ركّب هذا الرون في <color=#F2E6BD>عصا سحرية</color> أو <color=#F2E6BD>صولجان</color> لاكتساب هجوم الرون <color=#F2E6BD>نار الجحيم</color>.

حدد منطقة، واثقب الهواء بالقفز ثم اهبط لتحدث انفجارًا جحيميًا يشعل ساحة المعركة."
"items.runes.hellfire.Name","Hellfire","نار الجحيم"
"items.runes.homingFrost.Description","Slot this Rune into a <color=#F2E6BD>Staff</color> or a <color=#F2E6BD>Wand</color> to gain the <color=#F2E6BD>Homing Frost</color> Rune Attack.

Summon a ring of icy darts around you. Upon release, the shards home in on your current target, striking them with freezing force.
","ركّب هذا الرون في <color=#F2E6BD>عصا سحرية</color> أو <color=#F2E6BD>صولجان</color> لاكتساب هجوم الرون <color=#F2E6BD>صقيع موجه</color>.

استدعِ حلقة من السهام الجليدية حولك. عند إطلاقها، تتعقب الشظايا أقرب عدو وتصيبه بدقة متجمدة."
"items.runes.homingFrost.Name","Homing Frost","صقيع موجه"
"items.runes.iceArrow.Description","Slot this Rune into a <color=#F2E6BD>Bow</color> to gain the <color=#F2E6BD>Ice Arrow</color> Rune Attack.

Enchant your arrow with frost, striking your target with a shard that chills to the core.","ركّب هذا الرون في <color=#F2E6BD>قوس</color> لاكتساب هجوم الرون <color=#F2E6BD>سهم جليدي</color>.

اسحر سهمك بالصقيع، ضاربًا هدفك بطلقة باردة تخترق وتبكح حركته."
"items.runes.iceArrow.Name","Ice Arrow","سهم جليدي"
"items.runes.iceDart.Description","Slot this Rune into a <color=#F2E6BD>Wand</color> or a <color=#F2E6BD>Staff</color> to gain the <color=#F2E6BD>Ice Dart</color> Rune Attack.

Fire a chilling dart of ice at your enemy, briefly slowing them with frostbite.","ركّب هذا الرون في <color=#F2E6BD>عصا سحرية</color> أو <color=#F2E6BD>صولجان</color> لاكتساب هجوم الرون <color=#F2E6BD>سهم جليد قاذف</color>.

أطلق سهمًا جليديًا مبردًا نحو عدوك، ليبطئه لفترة وجيزة ويلحق به ضرر الصقيع."
"items.runes.iceDart.Name","Ice Dart","سهم جليد قاذف"
"items.runes.iceSweep.Description","Slot this Rune into a <color=#F2E6BD>Staff</color> or a <color=#F2E6BD>Wand</color> to gain the <color=#F2E6BD>Ice Sweep</color> Rune Attack.

Perform a 360-degree sweep with your staff, encased in ice, breaking enemy guards and freezing them solid.","ركّب هذا الرون في <color=#F2E6BD>عصا سحرية</color> أو <color=#F2E6BD>صولجان</color> لاكتساب هجوم الرون <color=#F2E6BD>كنس جليدي</color>.

نفّذ ضربة كنس بصولجانك بزاوية 360 درجة وهو مغلف بالجليد، لتجمد الأعداء وتبعدهم."
"items.runes.iceSweep.Name","Ice Sweep","كنس جليدي"
"items.runes.iceThrow.Description","Slot this Rune into a <color=#F2E6BD>One-Handed Weapon</color> to gain the <color=#F2E6BD>Ice Throw</color> Rune Attack.

Imbue your weapon with ice and hurl it, smashing through enemies in its path and freezing them before returning to your hand.","ركّب هذا الرون في <color=#F2E6BD>سلاح بيد واحدة</color> لاكتساب هجوم الرون <color=#F2E6BD>رمية جليدية</color>.

اشحن سلاحك بالجليد واقذفه، ليخترق الأعداء في طريقه ويزيد تجمدهم قبل أن يعود إلى يدك."
"items.runes.iceThrow.Name","Ice Throw","رمية جليدية"
"items.runes.iceWhirl.Description","Slot this Rune into a <color=#F2E6BD>One-Handed Weapon</color> to gain the <color=#F2E6BD>Ice Whirl</color> Rune Attack.

Spin in a prolonged icy whirlwind, freezing and slowing down enemies.","ركّب هذا الرون في <color=#F2E6BD>سلاح بيد واحدة</color> لاكتساب هجوم الرون <color=#F2E6BD>دوامة جليدية</color>.

دُر في دوامة جليدية ممتدة، لتجمد الأعداء وتبطئ حركتهم أثناء تمزيق صفوفهم."
"items.runes.iceWhirl.Name","Ice Whirl","دوامة جليدية"
"items.runes.icebolt.Description","Slot this Rune into a <color=#F2E6BD>Staff</color> or a <color=#F2E6BD>Wand</color> to gain the <color=#F2E6BD>Icebolt</color> Rune Attack.

Cast a chilling iceball that freezes enemies on impact. Charge it to increase its freezing power and deal more damage.","ركّب هذا الرون في <color=#F2E6BD>عصا سحرية</color> أو <color=#F2E6BD>صولجان</color> لاكتساب هجوم الرون <color=#F2E6BD>صاعقة جليدية</color>.

أطلق كرة جليد مبردة تجمد الأعداء عند الاصطدام. اشحنها لزيادة نصف قطر انفجارها وتأثيرها."
"items.runes.icebolt.Name","Icebolt","صاعقة جليدية"
"items.runes.illuminate.Description","Slot this Rune into a <color=#F2E6BD>Utility Slot</color> to gain the <color=#F2E6BD>Illuminate</color> Spell.

Summon a radiant light that follows you, illuminating dark areas and revealing hidden paths.","ركّب هذا الرون في <color=#F2E6BD>خانة الأدوات</color> لاكتساب تعويذة <color=#F2E6BD>إنارة</color>.

استدعِ ضوءًا مشعًا يتبعك، لينير المناطق المظلمة ويكشف المخاطر الخفية."
"items.runes.illuminate.Name","Illuminate","إنارة"
"items.runes.inferno.Description","Slot this Rune into a <color=#F2E6BD>Staff</color> or a <color=#F2E6BD>Wand</color> to gain the <color=#F2E6BD>Inferno</color> Rune Attack.

Fire a continuous beam of fire, igniting all foes in its path. Active until releasing the Rune button.","ركّب هذا الرون في <color=#F2E6BD>عصا سحرية</color> أو <color=#F2E6BD>صولجان</color> لاكتساب هجوم الرون <color=#F2E6BD>جحيم</color>.

أطلق شعاعًا مستمرًا من النار يشعل كافة الأعداء في مساره. يظل نشطًا حتى تحرير زر الرون."
"items.runes.inferno.Name","Inferno","جحيم"
"items.runes.juggleStrike.Description","Slot this Rune into a <color=#F2E6BD>Two-Handed Weapon</color> to gain the <color=#F2E6BD>Juggle Strike</color> Rune Attack.

Charge and unleash a devastating swinging uppercut.","ركّب هذا الرون في <color=#F2E6BD>سلاح بكلتا اليدين</color> لاكتساب هجوم الرون <color=#F2E6BD>ضربة رفع الخصم</color>.

اشحن هجومك وأطلق ضربة صاعدة متأرجحة ومدمرة ترفع الأعداء عاليًا في الهواء."
"items.runes.juggleStrike.Name","Juggle Strike","ضربة رفع الخصم"
"items.runes.jumpCut.Description","Slot this Rune into a <color=#F2E6BD>One-Handed Weapon</color> to gain the <color=#F2E6BD>Jump Cut</color> Rune Attack.

Leap into the air and deliver a downward slashing strike to enemies below.","ركّب هذا الرون في <color=#F2E6BD>سلاح بيد واحدة</color> لاكتساب هجوم الرون <color=#F2E6BD>قطع بالقفز</color>.

اقفز في الهواء وسدد ضربة قاطعة نحو الأسفل لتقسم دفاعات عدوك إلى نصفين."
"items.runes.jumpCut.Name","Jump Cut","قطع بالقفز"
"items.runes.kickSlash.Description","Slot this Rune into a <color=#F2E6BD>Two-Handed Weapon</color> to gain the <color=#F2E6BD>Kick Slash</color> Rune Attack.

Combine a spinning leg kick with a slashing strike at the end, stunning enemies before delivering a damaging blow.","ركّب هذا الرون في <color=#F2E6BD>سلاح بكلتا اليدين</color> لاكتساب هجوم الرون <color=#F2E6BD>ركلة قاطعة</color>.

اجمع بين ركلة ساق دوارة وضربة قاطعة في نهاية التتابع لزعزعة الخصم وتمزيقه."
"items.runes.kickSlash.Name","Kick Slash","ركلة قاطعة"
"items.runes.knockdownSwirl.Description","Slot this Rune into a <color=#F2E6BD>Two-Handed Weapon</color> to gain the <color=#F2E6BD>Knockdown Swirl</color> Rune Attack.

Gracefully spin your weapon in a devastating whirlwind, smashing and knocking your enemies down with strength, skill and a series of blows.","ركّب هذا الرون في <color=#F2E6BD>سلاح بكلتا اليدين</color> لاكتساب هجوم الرون <color=#F2E6BD>دوامة الإسقاط</color>.

أدر سلاحك برشاقة في إعصار مدمر، لتسحق الأعداء وتطرحهم أرضًا بقوة."
"items.runes.knockdownSwirl.Name","Knockdown Swirl","دوامة الإسقاط"
"items.runes.knockoutShot.Description","Slot this Rune into a <color=#F2E6BD>Bow</color> to gain the <color=#F2E6BD>Knockout Shot</color> Rune Attack.

A forceful arrow designed to strike with such impact that it can topple foes, leaving them vulnerable on the ground.","ركّب هذا الرون في <color=#F2E6BD>قوس</color> لاكتساب هجوم الرون <color=#F2E6BD>رمية الضربة القاضية</color>.

سهم قوي مصمم ليضرب بقوة هائلة قادرة على إفقاد الأعداء اتزانهم أو صرعهم."
"items.runes.knockoutShot.Name","Knockout Shot","رمية الضربة القاضية"
"items.runes.leap.Description","Slot this Rune into a <color=#F2E6BD>One-Handed Weapon</color> to gain the <color=#F2E6BD>Leap</color> Rune Attack.

Leap forward with agility and grace, closing the distance to your enemies and crushing them from above.","ركّب هذا الرون في <color=#F2E6BD>سلاح بيد واحدة</color> لاكتساب هجوم الرون <color=#F2E6BD>وثبة</color>.

اقفز للأمام برشاقة ومرونة، مقلصًا المسافة لمباغتة خصمك بضربة حاسمة."
"items.runes.leap.Name","Leap","وثبة"
"items.runes.lifeLeech.Description","Slot this Rune into a <color=#F2E6BD>Utility Slot</color> to gain the <color=#F2E6BD>Life Leech</color> Spell.","ركّب هذا الرون في <color=#F2E6BD>خانة الأدوات</color> لاكتساب تعويذة <color=#F2E6BD>امتصاص الحياة</color>."
"items.runes.lifeLeech.Name","Life Leech","امتصاص الحياة"
"items.runes.lightningArrow.Description","Slot this Rune into a <color=#F2E6BD>Bow</color> to gain the <color=#F2E6BD>Lightning Arrow</color> Rune Attack.

Charge your arrow with crackling energy, releasing a bolt that seeks your enemy's weaknesses.","ركّب هذا الرون في <color=#F2E6BD>قوس</color> لاكتساب هجوم الرون <color=#F2E6BD>سهم البرق</color>.

اشحن سهمك بطاقة طقطقة كهربائية، مطلقًا صاعقة تصيب وتكهرب الهدف."
"items.runes.lightningArrow.Name","Lightning Arrow","سهم البرق"
"items.runes.lightningAssault.Description","Slot this Rune into a <color=#F2E6BD>Two-Handed Weapon</color> to gain the <color=#F2E6BD>Lightning Assault</color> Rune Attack.

Infuse your weapon with lightning and instantly approach a foe with a sweeping strike, electrifying and making vulnerable.","ركّب هذا الرون في <color=#F2E6BD>سلاح بكلتا اليدين</color> لاكتساب هجوم الرون <color=#F2E6BD>اقتحام البرق</color>.

اشحن سلاحك بالبرق واقترب على الفور من العدو لتسديد ضربة صاعقة خاطفة."
"items.runes.lightningAssault.Name","Lightning Assault","اقتحام البرق"
"items.runes.lightningBarrage.Description","Slot this Rune into a <color=#F2E6BD>Wand</color> or a <color=#F2E6BD>Staff</color> to gain the <color=#F2E6BD>Lightning Barrage</color> Rune Attack.

Dash into your enemies and deliver a rapid series of electrified strikes.","ركّب هذا الرون في <color=#F2E6BD>عصا سحرية</color> أو <color=#F2E6BD>صولجان</color> لاكتساب هجوم الرون <color=#F2E6BD>وابل البرق</color>.

اندفع نحو أعدائك وسدد سلسلة سريعة من الضربات الكهربائية التي تصعقهم بلا هوادة."
"items.runes.lightningBarrage.Name","Lightning Barrage","وابل البرق"
"items.runes.lightningBlast.Description","Slot this Rune into a <color=#F2E6BD>Wand</color> or a <color=#F2E6BD>Staff</color> to gain the <color=#F2E6BD>Lightning Blast</color> Rune Attack.

Electrify the ground beneath your enemies, shocking them with a surge of unstable energy.","ركّب هذا الرون في <color=#F2E6BD>عصا سحرية</color> أو <color=#F2E6BD>صولجان</color> لاكتساب هجوم الرون <color=#F2E6BD>انفجار البرق</color>.

كهرب الأرض تحت أقدام أعدائك، صاعقًا إياهم بطاقة صاعدة تشل حركتهم."
"items.runes.lightningBlast.Name","Lightning Blast","انفجار البرق"
"items.runes.lightningBolt.Description","Slot this Rune into a <color=#F2E6BD>Wand</color> or a <color=#F2E6BD>Staff</color> to gain the <color=#F2E6BD>Lightning Bolt</color> Rune Attack.

Call down a massive bolt of lightning from the sky, striking your target with thunderous force.","ركّب هذا الرون في <color=#F2E6BD>عصا سحرية</color> أو <color=#F2E6BD>صولجان</color> لاكتساب هجوم الرون <color=#F2E6BD>صاعقة البرق</color>.

استدعِ صاعقة برق هائلة من السماء، لتضرب هدفك بانفجار كهربائي مدوٍ."
"items.runes.lightningBolt.Name","Lightning Bolt","صاعقة البرق"
"items.runes.lightningDart.Description","Slot this Rune into a <color=#F2E6BD>Wand</color> or a <color=#F2E6BD>Staff</color> to gain the <color=#F2E6BD>Lightning Dart</color> Rune Attack.

Hurl a crackling dart of lightning toward your target, jolting them on impact.","ركّب هذا الرون في <color=#F2E6BD>عصا سحرية</color> أو <color=#F2E6BD>صولجان</color> لاكتساب هجوم الرون <color=#F2E6BD>سهم برق قاذف</color>.

اقذف سهمًا كهربائيًا سريعًا نحو هدفك، لتصعقه وتخل باتزانه."
"items.runes.lightningDart.Name","Lightning Dart","سهم برق قاذف"
"items.runes.lightningDash.Description","Slot this Rune into a <color=#F2E6BD>One-Handed Weapon</color> to gain the <color=#F2E6BD>Lightning Dash</color> Rune Attack.

Dash toward your foes with a weapon, covered in lightning, to land a shocking strike that staggers.","ركّب هذا الرون في <color=#F2E6BD>سلاح بيد واحدة</color> لاكتساب هجوم الرون <color=#F2E6BD>اندفاعة البرق</color>.

اندفع نحو أعدائك بسلاح مكسو بالبرق، لتسديد ضربة مكهربة تشل حركتهم عند الاصطدام."
"items.runes.lightningDash.Name","Lightning Dash","اندفاعة البرق"
"items.runes.lightningFlash.Description","Slot this Rune into a <color=#F2E6BD>Wand</color> or a <color=#F2E6BD>Staff</color> to gain the <color=#F2E6BD>Lightning Flash</color> Rune Attack.

Fire concentrated lightning bolts forward, stunning enemies struck by their impact.","ركّب هذا الرون في <color=#F2E6BD>عصا سحرية</color> أو <color=#F2E6BD>صولجان</color> لاكتساب هجوم الرون <color=#F2E6BD>وميض البرق</color>.

أطلق صواعق برق مركزة للأمام، لتصعق الأعداء وتثبتهم في أماكنهم."
"items.runes.lightningFlash.Name","Lightning Flash","وميض البرق"
"items.runes.lightningFlurry.Description","Slot this Rune into a <color=#F2E6BD>One-Handed Weapon</color> to gain the <color=#F2E6BD>Lightning Flurry</color> Rune Attack.

Unleash a rapid flurry of lightning strikes, shocking and staggering foes with each electrifying blow.","ركّب هذا الرون في <color=#F2E6BD>سلاح بيد واحدة</color> لاكتساب هجوم الرون <color=#F2E6BD>زوبعة البرق</color>.

أطلق وابلًا سريعًا من ضربات البرق، صاعقًا وشالًا حركة كل من يقف أمامك."
"items.runes.lightningFlurry.Name","Lightning Flurry","زوبعة البرق"
"items.runes.lightningLeap.Description","Slot this Rune into a <color=#F2E6BD>Wand</color> or a <color=#F2E6BD>Staff</color> to gain the <color=#F2E6BD>Lightning Leap</color> Rune Attack.

Leap high into the air, then plunge downward in a surge of lightning that shocks all enemies below.","ركّب هذا الرون في <color=#F2E6BD>عصا سحرية</color> أو <color=#F2E6BD>صولجان</color> لاكتساب هجوم الرون <color=#F2E6BD>وثبة البرق</color>.

اقفز عاليًا في الهواء، ثم اهبط هبوطًا عنيفًا في تدفق من طاقة البرق لتصعق الجميع."
"items.runes.lightningLeap.Name","Lightning Leap","وثبة البرق"
"items.runes.lightningSlam.Description","Slot this Rune into a <color=#F2E6BD>One-Handed Weapon</color> to gain the <color=#F2E6BD>Lightning Slam</color> Rune Attack.

Leap into the air to evade attacks and bring pain to your opponents.","ركّب هذا الرون في <color=#F2E6BD>سلاح بيد واحدة</color> لاكتساب هجوم الرون <color=#F2E6BD>ارتطام البرق</color>.

اقفز في الهواء لتفادي الهجمات وإنزال العقاب بخصمك بضربة كهربائية ساحقة."
"items.runes.lightningSlam.Name","Lightning Slam","ارتطام البرق"
"items.runes.lightningSpin.Description","Slot this Rune into a <color=#F2E6BD>One-Handed Weapon</color> to gain the <color=#F2E6BD>Lightning Spin</color> Rune Attack.

Spin in a whirlwind of lightning, striking all nearby enemies with electrifying force.","ركّب هذا الرون في <color=#F2E6BD>سلاح بيد واحدة</color> لاكتساب هجوم الرون <color=#F2E6BD>دوران البرق</color>.

دُر في إعصار من البرق، ضاربًا كافة الأعداء القريبين بتيارات كهربائية متتالية."
"items.runes.lightningSpin.Name","Lightning Spin","دوران البرق"
"items.runes.lightningStorm.Description","Slot this Rune into a <color=#F2E6BD>Wand</color> or a <color=#F2E6BD>Staff</color> to gain the <color=#F2E6BD>Lightning Storm</color> Rune Attack.

Summon multiple bolts of lightning that cascade forward in quick succession, striking anything in their path.","ركّب هذا الرون في <color=#F2E6BD>عصا سحرية</color> أو <color=#F2E6BD>صولجان</color> لاكتساب هجوم الرون <color=#F2E6BD>عاصفة البرق</color>.

استدعِ صواعق برق متعددة تنهال بتتابع سريع لتطهر ساحة المعركة."
"items.runes.lightningStorm.Name","Lightning Storm","عاصفة البرق"
"items.runes.lightningSweep.Description","Slot this Rune into a <color=#F2E6BD>Staff</color> or a <color=#F2E6BD>Wand</color> to gain the <color=#F2E6BD>Lightning Sweep</color> Rune Attack.

Perform a 360-degree sweep with your staff, charged with electricity, breaking enemy guards and shocking them.","ركّب هذا الرون في <color=#F2E6BD>عصا سحرية</color> أو <color=#F2E6BD>صولجان</color> لاكتساب هجوم الرون <color=#F2E6BD>كنس البرق</color>.

نفّذ ضربة كنس بصولجانك بزاوية 360 درجة وهو مشحون بالكهرباء لتصعق كل ما حولك."
"items.runes.lightningSweep.Name","Lightning Sweep","كنس البرق"
"items.runes.lightningThrow.Description","Slot this Rune into a <color=#F2E6BD>One-Handed Weapon</color> to gain the <color=#F2E6BD>Lightning Throw</color> Rune Attack.

Imbue your weapon with lightning and hurl it, smashing through enemies in its path and electrifying them before returning to your hand.","ركّب هذا الرون في <color=#F2E6BD>سلاح بيد واحدة</color> لاكتساب هجوم الرون <color=#F2E6BD>رمية البرق</color>.

اشحن سلاحك بالبرق واقذفه، ليخترق الأعداء ويصعقهم قبل أن يعود إلى قبضتك."
"items.runes.lightningThrow.Name","Lightning Throw","رمية البرق"
"items.runes.lightningWhirl.Description","Slot this Rune into a <color=#F2E6BD>One-Handed Weapon</color> to gain the <color=#F2E6BD>Lightning Whirl</color> Rune Attack.

Spin in a prolonged electrical whirlwind, stunning and making enemies vulnerable.","ركّب هذا الرون في <color=#F2E6BD>سلاح بيد واحدة</color> لاكتساب هجوم الرون <color=#F2E6BD>دوامة البرق</color>.

دُر في دوامة كهربائية ممتدة، صاعقًا الأعداء وتاركًا إياهم مشلولين تمامًا."
"items.runes.lightningWhirl.Name","Lightning Whirl","دوامة البرق"
"items.runes.limitBreak.Description","Slot this Rune into a <color=#F2E6BD>Two-Handed Weapon</color> to gain the <color=#F2E6BD>Limit Break</color> Rune Attack.

Charge and unleash a 4-hit combo of consecutive slashing strikes with a final overwhelming blow.","ركّب هذا الرون في <color=#F2E6BD>سلاح بكلتا اليدين</color> لاكتساب هجوم الرون <color=#F2E6BD>كسر الحدود</color>.

اشحن وأطلق مجموعة ضربات متتالية من 4 ضربات قاطعة تمزق العدو."
"items.runes.limitBreak.Name","Limit Break","كسر الحدود"
"items.runes.multiSpin.Description","Slot this Rune into a <color=#F2E6BD>Two-Handed Weapon</color> to gain the <color=#F2E6BD>Multi Spin</color> Rune Attack.

Spin slowly six times in a whirlwind powerful attack, striking all nearby enemies with continuous blows.","ركّب هذا الرون في <color=#F2E6BD>سلاح بكلتا اليدين</color> لاكتساب هجوم الرون <color=#F2E6BD>دوران متعدد</color>.

دُر ببطء ست مرات في هجوم إعصاري قوي، ضاربًا كافة الأعداء في طريقك."
"items.runes.multiSpin.Name","Multi Spin","دوران متعدد"
"items.runes.multishot.Description","Slot this Rune into a <color=#F2E6BD>Bow</color> to gain the <color=#F2E6BD>Multi Shot</color> Rune Attack.

Unleash a rapid volley of arrows, striking several foes in a single, breath-taking display of archery prowess.","ركّب هذا الرون في <color=#F2E6BD>قوس</color> لاكتساب هجوم الرون <color=#F2E6BD>رمية متعددة</color>.

أطلق وابلًا سريعًا من السهام، ضاربًا عدة أعداء في قوس واسع أمامك."
"items.runes.multishot.Name","Multi Shot","رمية متعددة"
"items.runes.overrun.Description","Slot this Rune into a <color=#F2E6BD>One-Handed Weapon</color> to gain the <color=#F2E6BD>Overrun</color> Rune Attack.

Strike your enemy with a rapid two-hit combo, then lunge forward with your full body weight to stagger and overwhelm them.","ركّب هذا الرون في <color=#F2E6BD>سلاح بيد واحدة</color> لاكتساب هجوم الرون <color=#F2E6BD>اجتياح</color>.

اضرب عدوك بتتابع سريع من ضربتين، ثم اندفع للأمام بطعنة مدمرة."
"items.runes.overrun.Name","Overrun","اجتياح"
"items.runes.pestilence.Description","Slot this Rune into a <color=#F2E6BD>Staff</color> or a <color=#F2E6BD>Wand</color> to gain the <color=#F2E6BD>Pestilence</color> Rune Attack.

Target an area, leap into the air, and slam down to create a toxic eruption that damages and poisons all enemies within a large radius.","ركّب هذا الرون في <color=#F2E6BD>عصا سحرية</color> أو <color=#F2E6BD>صولجان</color> لاكتساب هجوم الرون <color=#F2E6BD>وباء</color>.

حدد منطقة، واثقب الهواء بالقفز ثم اهبط لتحدث انفجارًا وبائيًا ينشر العدوى."
"items.runes.pestilence.Name","Pestilence","وباء"
"items.runes.pestilentRecoil.Description","Slot this Rune into a <color=#F2E6BD>Two-Handed Weapon</color> to gain the <color=#F2E6BD>Pestilent Recoil</color> Rune Attack.

Strike with two corrupted melee blows, then leap back and unleash a toxic wave of plague energy toward your enemy.","ركّب هذا الرون في <color=#F2E6BD>سلاح بكلتا اليدين</color> لاكتساب هجوم الرون <color=#F2E6BD>ارتداد وبائي</color>.

سدد ضربتين قريبتين فاسدتين، ثم اقفز للخلف وأطلق سهمًا وبائيًا على الخصم."
"items.runes.pestilentRecoil.Name","Pestilent Recoil","ارتداد وبائي"
"items.runes.piercingCrush.Description","Slot this Rune into a <color=#F2E6BD>Double Dagger</color> to gain the <color=#F2E6BD>Tornado Spin</color> Rune Attack.

Spin in a deadly whirlwind that strikes all nearby enemies.","ركّب هذا الرون في <color=#F2E6BD>خنجر مزدوج</color> لاكتساب هجوم الرون <color=#F2E6BD>دوران إعصاري</color>.

دُر في إعصار فتاك يصيب جميع الأعداء القريبين بضربات ساحقة."
"items.runes.piercingCrush.Name","Tornado Spin","دوران إعصاري"
"items.runes.piercingDash.Description","Slot this Rune into a <color=#F2E6BD>One-Handed Weapon</color> to gain the <color=#F2E6BD>Piercing Dash</color> Rune Attack.

Dash forward with piercing momentum, striking enemies with a focused and forceful blow.","ركّب هذا الرون في <color=#F2E6BD>سلاح بيد واحدة</color> لاكتساب هجوم الرون <color=#F2E6BD>اندفاعة خارقة</color>.

اندفع للأمام بزخم خارق، ضاربًا الأعداء بطعنة نافذة تخترق صفوفهم."
"items.runes.piercingDash.Name","Piercing Dash","اندفاعة خارقة"
"items.runes.piercingDodge.Description","Slot this Rune into a <color=#F2E6BD>Double Dagger</color> to gain the <color=#F2E6BD>Piercing Dodge</color> Rune Attack.

Dodge swiftly to evade incoming attacks, then pierce through your enemy with a precise, deadly strike from your daggers.","ركّب هذا الرون في <color=#F2E6BD>خنجر مزدوج</color> لاكتساب هجوم الرون <color=#F2E6BD>مراوغة خارقة</color>.

تفادَ بسرعة لتجنب الهجمات القادمة، ثم اخترق عدوك بطعنة حاسمة."
"items.runes.piercingDodge.Name","Piercing Dodge","مراوغة خارقة"
"items.runes.piercingFlash.Description","Slot this Rune into a <color=#F2E6BD>Double Dagger</color> to gain the <color=#F2E6BD>Lightning Claw</color> Rune Attack.

Electrify your daggers and dash forward, delivering two rapid claw strikes to shock your enemies.","ركّب هذا الرون في <color=#F2E6BD>خنجر مزدوج</color> لاكتساب هجوم الرون <color=#F2E6BD>مخلب البرق</color>.

كهرب خناجرك واندفع للأمام، مسددًا ضربتين سريعتين تخترقان دفاعات العدو."
"items.runes.piercingFlash.Name","Lightning Claw","مخلب البرق"
"items.runes.piercingFlurry.Description","Slot this Rune into a <color=#F2E6BD>One-Handed Weapon</color> to gain the <color=#F2E6BD>Piercing Flurry</color> Rune Attack.

Unleash a flurry of piercing strikes, overwhelming enemies with relentless precision.","ركّب هذا الرون في <color=#F2E6BD>سلاح بيد واحدة</color> لاكتساب هجوم الرون <color=#F2E6BD>زوبعة خارقة</color>.

أطلق وابلًا من الضربات الخارقة، لتغمر الأعداء بسلسلة سريعة من الطعنات."
"items.runes.piercingFlurry.Name","Piercing Flurry","زوبعة خارقة"
"items.runes.piercingSpin.Description","Slot this Rune into a <color=#F2E6BD>One-Handed Weapon</color> to gain the <color=#F2E6BD>Piercing Spin</color> Rune Attack.

Unleash a piercing double-strike whirlwind.","ركّب هذا الرون في <color=#F2E6BD>سلاح بيد واحدة</color> لاكتساب هجوم الرون <color=#F2E6BD>دوران خارق</color>.

أطلق إعصارًا خارقًا بضربة مزدوجة تصيب كل من حولك."
"items.runes.piercingSpin.Name","Piercing Spin","دوران خارق"
"items.runes.plagueAffliction.Description","Slot this Rune into a <color=#F2E6BD>Utility Slot</color> to gain the <color=#F2E6BD>Plague Affliction</color> Spell.

Infect enemies with virulent decay, increasing the plague damage and poison buildup they receive for a short duration.","ركّب هذا الرون في <color=#F2E6BD>خانة الأدوات</color> لاكتساب تعويذة <color=#F2E6BD>بلاء الوباء</color>.

أصب الأعداء بتحلل وبائي خبيث، مما يزيد ضرر الوباء وتراكم العدوى لديهم لفترة وجيزة."
"items.runes.plagueAffliction.Name","Plague Affliction","بلاء الوباء"
"items.runes.plagueArrow.Description","Slot this Rune into a <color=#F2E6BD>Bow</color> to gain the <color=#F2E6BD>Plague Arrow</color> Rune Attack.

Coat your arrow in virulent toxins, causing disease and decay upon impact.","ركّب هذا الرون في <color=#F2E6BD>قوس</color> لاكتساب هجوم الرون <color=#F2E6BD>سهم الوباء</color>.

اطلِ سهمك بسموم وبائية خبيثة، مسببًا المرض والتعفن لأي هدف يصيبه."
"items.runes.plagueArrow.Name","Plague Arrow","سهم الوباء"
"items.runes.plagueBarrage.Description","Slot this Rune into a <color=#F2E6BD>Wand</color> or a <color=#F2E6BD>Staff</color> to gain the <color=#F2E6BD>Plague Barrage</color> Rune Attack.

Charge forward and unleash a flurry of plague-ridden projectiles at nearby enemies.","ركّب هذا الرون في <color=#F2E6BD>عصا سحرية</color> أو <color=#F2E6BD>صولجان</color> لاكتساب هجوم الرون <color=#F2E6BD>وابل الوباء</color>.

اندفع للأمام وأطلق وابلًا من المقذوفات الموبوءة لتنشر العدوى والسموم."
"items.runes.plagueBarrage.Name","Plague Barrage","وابل الوباء"
"items.runes.plagueBreath.Description","Slot this Rune into a <color=#F2E6BD>Staff</color> or a <color=#F2E6BD>Wand</color> to gain the <color=#F2E6BD>Plague Breath</color> Rune Attack.

Cast a virulent plague ball that infects enemies on impact. Charge it to increase its toxic power and deal more damage.","ركّب هذا الرون في <color=#F2E6BD>عصا سحرية</color> أو <color=#F2E6BD>صولجان</color> لاكتساب هجوم الرون <color=#F2E6BD>نَفَس الوباء</color>.

أطلق كرة وبائية خبيثة تصيب الأعداء بالعدوى عند الاصطدام."
"items.runes.plagueBreath.Name","Plague Breath","نَفَس الوباء"
"items.runes.plagueBurst.Description","Slot this Rune into a <color=#F2E6BD>Wand</color> or a <color=#F2E6BD>Staff</color> to gain the <color=#F2E6BD>Plague Burst</color> Rune Attack.

Fire four charged plague projectiles that erupt on contact, spreading infection.","ركّب هذا الرون في <color=#F2E6BD>عصا سحرية</color> أو <color=#F2E6BD>صولجان</color> لاكتساب هجوم الرون <color=#F2E6BD>دفقة الوباء</color>.

أطلق أربع مقذوفات وبائية مشحونة تنفجر عند الاصطدام ناشرة العدوى السامة."
"items.runes.plagueBurst.Name","Plague Burst","دفقة الوباء"
"items.runes.plagueColumn.Description","Slot this Rune into a <color=#F2E6BD>Wand</color> or a <color=#F2E6BD>Staff</color> to gain the <color=#F2E6BD>Plague Column</color> Rune Attack.

Conjure a vertical torrent of plague energy that spits infectious projectiles outward.","ركّب هذا الرون في <color=#F2E6BD>عصا سحرية</color> أو <color=#F2E6BD>صولجان</color> لاكتساب هجوم الرون <color=#F2E6BD>عمود الوباء</color>.

استدعِ سيلًا رأسيًا من طاقة الوباء يقذف المقذوفات المعدية للأعلى."
"items.runes.plagueColumn.Name","Plague Column","عمود الوباء"
"items.runes.plagueCrush.Description","Slot this Rune into a <color=#F2E6BD>Two-Handed Weapon</color> to gain the <color=#F2E6BD>Plague Crush</color> Rune Attack.

Infuse your weapon with virulent toxins and unleash a sweeping strike, causing disease and decay upon impact.","ركّب هذا الرون في <color=#F2E6BD>سلاح بكلتا اليدين</color> لاكتساب هجوم الرون <color=#F2E6BD>سحق الوباء</color>.

اشحن سلاحك بسموم وبائية خبيثة وأطلق ضربة كاسحة تغمر الخصوم بالمرض."
"items.runes.plagueCrush.Name","Plague Crush","سحق الوباء"
"items.runes.plagueDart.Description","Slot this Rune into a <color=#F2E6BD>Wand</color> or a <color=#F2E6BD>Staff</color> to gain the <color=#F2E6BD>Plague Dart</color> Rune Attack.

Launch a diseased dart that infects your target with a slow-acting poison.","ركّب هذا الرون في <color=#F2E6BD>عصا سحرية</color> أو <color=#F2E6BD>صولجان</color> لاكتساب هجوم الرون <color=#F2E6BD>سهم وباء قاذف</color>.

أطلق سهمًا مريضًا يصيب هدفك بعدوى وبائية بطيئة ولكنها قاتلة."
"items.runes.plagueDart.Name","Plague Dart","سهم وباء قاذف"
"items.runes.plagueDash.Description","Slot this Rune into a <color=#F2E6BD>One-Handed Weapon</color> to gain the <color=#F2E6BD>Plague Dash</color> Rune Attack.

Dash toward your foes with a weapon, covered in plague, to land a toxic strike that weakens and poisons.","ركّب هذا الرون في <color=#F2E6BD>سلاح بيد واحدة</color> لاكتساب هجوم الرون <color=#F2E6BD>اندفاعة وبائية</color>.

اندفع نحو أعدائك بسلاح مكسو بالوباء، لتسديد ضربة تنشر الفساد عند الاصطدام."
"items.runes.plagueDash.Name","Plague Dash","اندفاعة وبائية"
"items.runes.plagueEnchantment.Description","Slot this Rune into a <color=#F2E6BD>Utility Slot</color> to gain the <color=#F2E6BD>Plague Enchantment</color> Spell.

Coat your weapon with a virulent plague, enhancing its strikes to rapidly build up plague damage.","ركّب هذا الرون في <color=#F2E6BD>خانة الأدوات</color> لاكتساب تعويذة <color=#F2E6BD>سحر الوباء</color>.

اطلِ سلاحك بوباء خبيث، لتعزيز ضرباتك بنشر التحلل والمرض مع كل إصابة."
"items.runes.plagueEnchantment.Name","Plague Enchantment","سحر الوباء"
"items.runes.plagueExplosion.Description","Slot this Rune into a <color=#F2E6BD>Wand</color> or a <color=#F2E6BD>Staff</color> to gain the <color=#F2E6BD>Plague Explosion</color> Rune Attack.

Detonate festering buboes that poison and corrode everything caught in their vile radius.","ركّب هذا الرون في <color=#F2E6BD>عصا سحرية</color> أو <color=#F2E6BD>صولجان</color> لاكتساب هجوم الرون <color=#F2E6BD>انفجار الوباء</color>.

فجّر دمامل متقيحة لتسميم وتآكل كل ما يقع في نصف قطر الانفجار."
"items.runes.plagueExplosion.Name","Plague Explosion","انفجار الوباء"
"items.runes.plagueLaunch.Description","Slot this Rune into a <color=#F2E6BD>Wand</color> or a <color=#F2E6BD>Staff</color> to gain the <color=#F2E6BD>Plague Launch</color> Rune Attack.

Leap backward and slam down with a shockwave of plague, infecting all enemies on landing.","ركّب هذا الرون في <color=#F2E6BD>عصا سحرية</color> أو <color=#F2E6BD>صولجان</color> لاكتساب هجوم الرون <color=#F2E6BD>إطلاق الوباء</color>.

اقفز للخلف واهبط بموجة صدمة وبائية، لتنشر العدوى وتلحق الضرر بالأعداء المحيطين."
"items.runes.plagueLaunch.Name","Plague Launch","إطلاق الوباء"
"items.runes.plagueNova.Description","Slot this Rune into a <color=#F2E6BD>Staff</color> or a <color=#F2E6BD>Wand</color> to gain the <color=#F2E6BD>Plague Nova</color> Rune Attack.

Unleash a burst of plague energy around you, infecting all nearby enemies. Charge it to expand the area of effect and increase its attack power.","ركّب هذا الرون في <color=#F2E6BD>عصا سحرية</color> أو <color=#F2E6BD>صولجان</color> لاكتساب هجوم الرون <color=#F2E6BD>مستعر وبائي</color>.

أطلق دفقة من طاقة الوباء حولك، لتصيب كافة الأعداء القريبين بعدوى فتاكة."
"items.runes.plagueNova.Name","Plague Nova","مستعر وبائي"
"items.runes.plagueResistance.Description","Slot this Rune into a <color=#F2E6BD>Utility Slot</color> to gain the <color=#F2E6BD>Plague Resistance</color> Spell.

Build up immunity to plague-based attacks, reducing toxin damage and mitigating poison effects.","ركّب هذا الرون في <color=#F2E6BD>خانة الأدوات</color> لاكتساب تعويذة <color=#F2E6BD>مقاومة الوباء</color>.

ابنِ مناعة ضد الهجمات المعتمدة على الوباء، مما يقلل ضرر السموم ويمنع تراكم المرض."
"items.runes.plagueResistance.Name","Plague Resistance","مقاومة الوباء"
"items.runes.plagueRetch.Description","Slot this Rune into <color=#F2E6BD>Gauntlets</color> to gain the <color=#F2E6BD>Plague Retch</color> Rune Attack.

Evade backward in a smooth arc, then fire a plague-infused blast to punish your foe from range.","ركّب هذا الرون في <color=#F2E6BD>قفازات مدرعة</color> لاكتساب هجوم الرون <color=#F2E6BD>قيء الوباء</color>.

تفادَ للخلف في قوس سلس، ثم أطلق مقذوفًا مشحونًا بالوباء يترك الخصم متسممًا."
"items.runes.plagueRetch.Name","Plague Retch","قيء الوباء"
"items.runes.plagueSmite.Description","Slot this Rune into a <color=#F2E6BD>Wand</color> or a <color=#F2E6BD>Staff</color> to gain the <color=#F2E6BD>Plague Smite</color> Rune Attack.

Inflict disease beneath your foes, bursting pestilence from underfoot.","ركّب هذا الرون في <color=#F2E6BD>عصا سحرية</color> أو <color=#F2E6BD>صولجان</color> لاكتساب هجوم الرون <color=#F2E6BD>ضربة الوباء القاصمة</color>.

أنزل المرض تحت أقدام خصومك، مفجرًا طاقة الوباء من الأرض لإصابتهم بالعدوى."
"items.runes.plagueSmite.Name","Plague Smite","ضربة الوباء القاصمة"
"items.runes.plagueSplatter.Description","Slot this Rune into a <color=#F2E6BD>Wand</color> or a <color=#F2E6BD>Staff</color> to gain the <color=#F2E6BD>Plague Splatter</color> Rune Attack.

Summon a massive plague bubble and hurl it at your enemies, bursting on impact in a pool of corruption.","ركّب هذا الرون في <color=#F2E6BD>عصا سحرية</color> أو <color=#F2E6BD>صولجان</color> لاكتساب هجوم الرون <color=#F2E6BD>تناثر الوباء</color>.

استدعِ فقاعة وبائية هائلة واقذفها على أعدائك لتنفجر وتلوث المنطقة."
"items.runes.plagueSplatter.Name","Plague Splatter","تناثر الوباء"
"items.runes.plagueStrike.Description","Slot this Rune into a <color=#F2E6BD>One-Handed Weapon</color> to gain the <color=#F2E6BD>Plague Strike</color> Rune Attack.

Imbue your weapon with plague power, delivering an infectious strike that poisons foes.","ركّب هذا الرون في <color=#F2E6BD>سلاح بيد واحدة</color> لاكتساب هجوم الرون <color=#F2E6BD>ضربة وبائية</color>.

اشحن سلاحك بقوة الوباء، مسددًا ضربة معدية تنشر المرض بين الخصوم."
"items.runes.plagueStrike.Name","Plague Strike","ضربة وبائية"
"items.runes.plagueSweep.Description","Slot this Rune into a <color=#F2E6BD>Staff</color> or a <color=#F2E6BD>Wand</color> to gain the <color=#F2E6BD>Plague Sweep</color> Rune Attack.

Perform a 360-degree sweep with your staff, laced with toxins, breaking enemy guards and poisoning them.","ركّب هذا الرون في <color=#F2E6BD>عصا سحرية</color> أو <color=#F2E6BD>صولجان</color> لاكتساب هجوم الرون <color=#F2E6BD>كنس الوباء</color>.

نفّذ ضربة كنس بصولجانك بزاوية 360 درجة وهو مغلف بالسموم لتصيب كل من حولك."
"items.runes.plagueSweep.Name","Plague Sweep","كنس الوباء"
"items.runes.plagueSwirl.Description","Slot this Rune into a <color=#F2E6BD>One-Handed Weapon</color> to gain the <color=#F2E6BD>Plague Swirl</color> Rune Attack.

Unleash a swirling vortex of virulent energy, infecting nearby enemies with a debilitating plague.","ركّب هذا الرون في <color=#F2E6BD>سلاح بيد واحدة</color> لاكتساب هجوم الرون <color=#F2E6BD>دوامة الوباء</color>.

أطلق دوامة من الطاقة الخبيثة، لتنشر العدوى بالأعداء القريبين وتلحق بهم ضررًا مستمرًا."
"items.runes.plagueSwirl.Name","Plague Swirl","دوامة الوباء"
"items.runes.plagueThrow.Description","Slot this Rune into a <color=#F2E6BD>One-Handed Weapon</color> to gain the <color=#F2E6BD>Plague Throw</color> Rune Attack.

Imbue your weapon with plague and hurl it, smashing through enemies in its path and infecting them before returning to your hand.","ركّب هذا الرون في <color=#F2E6BD>سلاح بيد واحدة</color> لاكتساب هجوم الرون <color=#F2E6BD>رمية الوباء</color>.

اشحن سلاحك بالوباء واقذفه، ليخترق الأعداء وينشر المرض قبل أن يعود إلى يدك."
"items.runes.plagueThrow.Name","Plague Throw","رمية الوباء"
"items.runes.plagueWave.Description","Slot this Rune into a <color=#F2E6BD>Staff</color> or a <color=#F2E6BD>Wand</color> to gain the <color=#F2E6BD>Plague Wave</color> Rune Attack.

Launch a wave of virulent curses to plague multiple enemies. Charge it to amplify their damage.","ركّب هذا الرون في <color=#F2E6BD>عصا سحرية</color> أو <color=#F2E6BD>صولجان</color> لاكتساب هجوم الرون <color=#F2E6BD>موجة الوباء</color>.

أطلق موجة من اللعنات الخبيثة لتصيب أعداء متعددين بالوباء."
"items.runes.plagueWave.Name","Plague Wave","موجة الوباء"
"items.runes.plagueWhirl.Description","Slot this Rune into a <color=#F2E6BD>One-Handed Weapon</color> to gain the <color=#F2E6BD>Plague Whirl</color> Rune Attack.

Spin in a prolonged toxic whirlwind, poisoning enemies to decay.","ركّب هذا الرون في <color=#F2E6BD>سلاح بيد واحدة</color> لاكتساب هجوم الرون <color=#F2E6BD>إعصار الوباء</color>.

دُر في إعصار سام ممتد، مسممًا الأعداء لإلحاق ضرر مستمر وجسيم بهم."
"items.runes.plagueWhirl.Name","Plague Whirl","إعصار الوباء"
"items.runes.poiseDefense.Description","Slot this Rune into a <color=#F2E6BD>Utility Slot</color> to gain the <color=#F2E6BD>Poise Shield</color> Spell.

Bolster your Poise, increasing your stability and resistance to being staggered by enemy attacks for 120s.","ركّب هذا الرون في <color=#F2E6BD>خانة الأدوات</color> لاكتساب تعويذة <color=#F2E6BD>درع الثبات</color>.

عزّز ثباتك، مما يزيد من اتزانك ومقاومتك للترنح أمام ضربات العدو."
"items.runes.poiseDefense.Name","Poise Shield","درع الثبات"
"items.runes.poleDodge.Description","Slot this Rune into a <color=#F2E6BD>Two-Handed Weapon</color> to gain the <color=#F2E6BD>Ice Ram</color> Rune Attack.

Infuse your weapon with frost and unleash a sweeping strike, freezing and slowing enemies down.","ركّب هذا الرون في <color=#F2E6BD>سلاح بكلتا اليدين</color> لاكتساب هجوم الرون <color=#F2E6BD>كبش الجليد</color>.

اشحن سلاحك بالصقيع وأطلق ضربة كاسحة تجمد الأعداء وتفسح لك المجال."
"items.runes.poleDodge.Name","Ice Ram","كبش الجليد"
"items.runes.poleFlurry.Description","Slot this Rune into a <color=#F2E6BD>Two-Handed Weapon</color> to gain the <color=#F2E6BD>Pole Flurry</color> Rune Attack.

Perform two vertical sweeping blows and finish the combo with a downward slam.","ركّب هذا الرون في <color=#F2E6BD>سلاح بكلتا اليدين</color> لاكتساب هجوم الرون <color=#F2E6BD>زوبعة العصا</color>.

نفّذ ضربتين رأسيتين كاسحتين واختم التتابع بضربة ساحقة قوية ترتطم بالأرض."
"items.runes.poleFlurry.Name","Pole Flurry","زوبعة العصا"
"items.runes.ragingSpiral.Description","Slot this Rune into a <color=#F2E6BD>Two-Handed Weapon</color> to gain the <color=#F2E6BD>Raging Spiral</color> Rune Attack.

Spin forward three times with unstoppable momentum, swinging your weapon in wide arcs to shred all enemies in your path.","ركّب هذا الرون في <color=#F2E6BD>سلاح بكلتا اليدين</color> لاكتساب هجوم الرون <color=#F2E6BD>لولب هائج</color>.

دُر للأمام ثلاث مرات بزخم لا يتوقف، ملوحًا بسلاحك لتمزيق خطوط الخصوم."
"items.runes.ragingSpiral.Name","Raging Spiral","لولب هائج"
"items.runes.reap.Description","Slot this Rune into a <color=#F2E6BD>Two-Handed Weapon</color> to gain the <color=#F2E6BD>Reap</color> Rune Attack.

Land two spinning blows on your foe and finish him with a slam strike.","ركّب هذا الرون في <color=#F2E6BD>سلاح بكلتا اليدين</color> لاكتساب هجوم الرون <color=#F2E6BD>حصد</color>.

سدد ضربتين دوارتين لخصمك وأجهز عليه بضربة قاطعة ساحقة."
"items.runes.reap.Name","Reap","حصد"
"items.runes.recoilStrike.Description","Slot this Rune into <color=#F2E6BD>Gauntlets</color> to gain the <color=#F2E6BD>Recoil Strike</color> Rune Attack.

Dash back to avoid danger, then rebound with a lunging uppercut that launches enemies into the air.","ركّب هذا الرون في <color=#F2E6BD>قفازات مدرعة</color> لاكتساب هجوم الرون <color=#F2E6BD>ضربة ارتدادية</color>.

اندفع للخلف لتجنب الخطر، ثم ارتد بلكمة صاعدة متقدمة لمباغتة الخصم."
"items.runes.recoilStrike.Name","Recoil Strike","ضربة ارتدادية"
"items.runes.regurgitate.Description","Slot this Rune into a <color=#F2E6BD>Weapon</color> to gain the <color=#F2E6BD>Regurgitate</color> Technique.

Vomit a stream of toxic bile at your enemy, dousing them in filth and corruption.
","ركّب هذا الرون في <color=#F2E6BD>سلاح</color> لاكتساب تقنية <color=#F2E6BD>تقيؤ</color>.

تقيأ تيارًا من الصفراء السامة على عدوك، لتغمره بفضلات وبائية مسببة للتآكل."
"items.runes.regurgitate.Name","Regurgitate","تقيؤ"
"items.runes.rejuvenate.Description","Slot this Rune into a <color=#F2E6BD>Utility Slot</color> to gain the <color=#F2E6BD>Rejuvenate</color> Spell.

Channels a mystical energy, allowing you to restore fallen foes back to strength.","ركّب هذا الرون في <color=#F2E6BD>خانة الأدوات</color> لاكتساب تعويذة <color=#F2E6BD>إنعاش</color>.

يوجه طاقة صوفية تتيح لك إنعاش الحلفاء الساقطين وإعادتهم إلى المعركة."
"items.runes.rejuvenate.Name","Rejuvenate","إنعاش"
"items.runes.relentlessCleave.Description","Slot this Rune into a <color=#F2E6BD>Two-Handed Weapon</color> to gain the <color=#F2E6BD>Relentless Cleave</color> Rune Attack.

Unleash three brutal swings in rapid succession, then smash your weapon into the ground with overwhelming force to trigger a fiery explosion that devastates nearby enemies.","ركّب هذا الرون في <color=#F2E6BD>سلاح بكلتا اليدين</color> لاكتساب هجوم الرون <color=#F2E6BD>شق لا هوادة فيه</color>.

أطلق ثلاث ضربات وحشية بتتابع سريع، ثم اهوِ بسلاحك في ضربة أرضية ساحقة."
"items.runes.relentlessCleave.Name","Relentless Cleave","شق لا هوادة فيه"
"items.runes.repair.Description","Slot this Rune into a <color=#F2E6BD>Utility Slot</color> to gain the <color=#F2E6BD>Repair</color> Spell.

Channel sacred energy to repair and restore durability to your equipped items, ensuring they remain battle-ready.","ركّب هذا الرون في <color=#F2E6BD>خانة الأدوات</color> لاكتساب تعويذة <color=#F2E6BD>إصلاح</color>.

وجّه الطاقة المقدسة لإصلاح واستعادة متانة عتادك المجهز بالكامل."
"items.runes.repair.Name","Repair","إصلاح"
"items.runes.retreatingTrimshot.Description","Slot this Rune into a <color=#F2E6BD>Bow</color> to gain the <color=#F2E6BD>Retreating Trimshot</color> Rune Attack.

Execute a swift backward somersault while loosing three arrows in rapid succession, maintaining pressure even as you evade danger.","ركّب هذا الرون في <color=#F2E6BD>قوس</color> لاكتساب هجوم الرون <color=#F2E6BD>رمية التراجع الثلاثية</color>.

نفّذ شقلبة خلفية سريعة أثناء إطلاق ثلاثة سهام بدقة عالية لتغطية انسحابك."
"items.runes.retreatingTrimshot.Name","Retreating Trimshot","رمية التراجع الثلاثية"
"items.runes.return.Description","Slot this Rune into a <color=#F2E6BD>Utility Slot</color> to gain the <color=#F2E6BD>Return</color> Spell.

Fast Travel to any unlocked whisper of your choice.","ركّب هذا الرون في <color=#F2E6BD>خانة الأدوات</color> لاكتساب تعويذة <color=#F2E6BD>عودة</color>.

انتقال سريع إلى أي همس مفتوح من اختيارك."
"items.runes.return.Name","Return","عودة"
"items.runes.ripAndTear.Description","Slot this Rune into a <color=#F2E6BD>Two-Handed Weapon</color> to gain the <color=#F2E6BD>Rip and Tear</color> Rune Attack.

Slash forward with brutal force, aiming to inflict massive damage and tear through anything standing in your path.","ركّب هذا الرون في <color=#F2E6BD>سلاح بكلتا اليدين</color> لاكتساب هجوم الرون <color=#F2E6BD>مزق وافترس</color>.

اشق للأمام بقوة وحشية، بهدف إلحاق ضرر جسيم ونزيف فتاك بخصمك."
"items.runes.ripAndTear.Name","Rip and Tear","مزق وافترس"
"items.runes.risingFang.Description","Slot this Rune into <color=#F2E6BD>Gauntlets</color> to gain the <color=#F2E6BD>Rising Fang</color> Rune Attack.

Launch into the air with a blazing uppercut, striking enemies with upward momentum and sending them flying.","ركّب هذا الرون في <color=#F2E6BD>قفازات مدرعة</color> لاكتساب هجوم الرون <color=#F2E6BD>ناب صاعد</color>.

انطلق في الهواء بلكمة صاعدة متوهجة، ضاربًا الأعداء بقوة رافعة."
"items.runes.risingFang.Name","Rising Fang","ناب صاعد"
"items.runes.rotwheel.Description","Slot this Rune into a <color=#F2E6BD>Staff</color> or a <color=#F2E6BD>Wand</color> to gain the <color=#F2E6BD>Rotwheel</color> Rune Attack.

Summon a massive, rolling mass of plague that barrels forward, infecting and corrupting all enemies in its path.","ركّب هذا الرون في <color=#F2E6BD>عصا سحرية</color> أو <color=#F2E6BD>صولجان</color> لاكتساب هجوم الرون <color=#F2E6BD>عجلة العفن</color>.

استدعِ كتلة هائلة متدحرجة من الوباء تندفع للأمام لتسحق وتلوث كل ما في طريقها."
"items.runes.rotwheel.Name","Rotwheel","عجلة العفن"
"items.runes.scream.Description","Slot this Rune into a <color=#F2E6BD>Utility Slot</color> to gain the <color=#F2E6BD>Scream</color> Spell.

Let out a powerful scream that knocks down enemies in front of you, leaving them vulnerable to follow-up attacks.","ركّب هذا الرون في <color=#F2E6BD>خانة الأدوات</color> لاكتساب تعويذة <color=#F2E6BD>صرخة</color>.

أطلق صرخة مدوية تطيح بالأعداء الواقفين أمامك أرضًا وتشل تركيزهم."
"items.runes.scream.Name","Scream","صرخة"
"items.runes.seismicCrush.Description","Slot this Rune into a <color=#F2E6BD>Two-Handed Weapon</color> to gain the <color=#F2E6BD>Seismic Crush</color> Rune Attack.

Smash your weapon into the ground with unstoppable force, unleashing a massive shockwave that knocks down all nearby enemies.","ركّب هذا الرون في <color=#F2E6BD>سلاح بكلتا اليدين</color> لاكتساب هجوم الرون <color=#F2E6BD>سحق زلزالي</color>.

اهوِ بسلاحك على الأرض بقوة لا تقهر، لتطلق موجات صدمة زلزالية تمزق التربة."
"items.runes.seismicCrush.Name","Seismic Crush","سحق زلزالي"
"items.runes.shockNova.Description","Slot this Rune into a <color=#F2E6BD>Staff</color> or a <color=#F2E6BD>Wand</color> to gain the <color=#F2E6BD>Shock Nova</color> Rune Attack.

Unleash a burst of electric energy around you, shocking all nearby enemies. Charge it to expand the area of effect and increase its attack power.","ركّب هذا الرون في <color=#F2E6BD>عصا سحرية</color> أو <color=#F2E6BD>صولجان</color> لاكتساب هجوم الرون <color=#F2E6BD>مستعر الصعق</color>.

أطلق دفقة من الطاقة الكهربائية حولك، لتصعق كافة الأعداء القريبين وتشل حركتهم."
"items.runes.shockNova.Name","Shock Nova","مستعر الصعق"
"items.runes.shockStrike.Description","Slot this Rune into a <color=#F2E6BD>One-Handed Weapon</color> to gain the <color=#F2E6BD>Shock Strike</color> Rune Attack.

Charge your weapon with crackling electricity and stun foes by delivering a shocking strike while jumping back from them.","ركّب هذا الرون في <color=#F2E6BD>سلاح بيد واحدة</color> لاكتساب هجوم الرون <color=#F2E6BD>ضربة الصعق</color>.

اشحن سلاحك بالكهرباء الطقطقة واصعق الخصوم بضربة مكهربة خاطفة."
"items.runes.shockStrike.Name","Shock Strike","ضربة الصعق"
"items.runes.skybreaker.Description","Slot this Rune into a <color=#F2E6BD>Bow</color> to gain the <color=#F2E6BD>Skybreaker</color> Rune Attack.

Leap skyward and drive an arrow straight down, calling a crackling bolt of lightning to erupt on impact and jolt multiple foes at once.","ركّب هذا الرون في <color=#F2E6BD>قوس</color> لاكتساب هجوم الرون <color=#F2E6BD>كاسر السماء</color>.

اقفز نحو السماء واغرس سهمًا في الأرض مباشرة، مستدعيًا صاعقة برق تسقط من الأعلى."
"items.runes.skybreaker.Name","Skybreaker","كاسر السماء"
"items.runes.skyburstVolley.Description","Slot this Rune into a <color=#F2E6BD>Bow</color> to gain the <color=#F2E6BD>Skyburst Volley</color> Rune Attack.

Leap into the air and loose five arrows in a brilliant bursting spread, raining destruction across all caught beneath your descent.","ركّب هذا الرون في <color=#F2E6BD>قوس</color> لاكتساب هجوم الرون <color=#F2E6BD>وابل انفجار السماء</color>.

اقفز في الهواء وأطلق خمسة سهام في دفقة رائعة تمطر الأعداء كوابل فتاك."
"items.runes.skyburstVolley.Name","Skyburst Volley","وابل انفجار السماء"
"items.runes.skyfallShot.Description","Slot this Rune into a <color=#F2E6BD>Bow</color> to gain the <color=#F2E6BD>Skyfall Shot</color> Rune Attack.

Leap high into the air and drive an arrow straight down, unleashing a violent shockwave on impact that ripples outward from the point of impact.","ركّب هذا الرون في <color=#F2E6BD>قوس</color> لاكتساب هجوم الرون <color=#F2E6BD>رمية سقوط السماء</color>.

اقفز عاليًا في الهواء واغرس سهمًا في الأرض، مطلقًا صدمة أرضية مدمرة."
"items.runes.skyfallShot.Name","Skyfall Shot","رمية سقوط السماء"
"items.runes.skyfallSmash.Description","Slot this Rune into <color=#F2E6BD>Gauntlets</color> to gain the <color=#F2E6BD>Skyfall Smash</color> Rune Attack.

Leap into the air and come crashing down with a devastating punch that creates a shockwave on impact.","ركّب هذا الرون في <color=#F2E6BD>قفازات مدرعة</color> لاكتساب هجوم الرون <color=#F2E6BD>سحق سقوط السماء</color>.

اقفز عاليًا في الهواء واهبط بارتطام مدمر يسحق كل من يقف تحتك."
"items.runes.skyfallSmash.Name","Skyfall Smash","سحق سقوط السماء"
"items.runes.slamdown.Description","Slot this Rune into a <color=#F2E6BD>One-Handed Weapon</color> to gain the <color=#F2E6BD>Slamdown</color> Rune Attack.

Leap into the air and slam down with crushing force, chopping enemies in a radius upon impact.","ركّب هذا الرون في <color=#F2E6BD>سلاح بيد واحدة</color> لاكتساب هجوم الرون <color=#F2E6BD>ارتطام أرضي قاصم</color>.

اقفز في الهواء واهوِ بقوة ساحقة، قاطعًا الأعداء إلى نصفين عند الاصطدام."
"items.runes.slamdown.Name","Slamdown","ارتطام أرضي قاصم"
"items.runes.slashingDash.Description","Slot this Rune into a <color=#F2E6BD>One-Handed Weapon</color> to gain the <color=#F2E6BD>Slashing Dash</color> Rune Attack.

Dash forward with a heavy slashing strike, cutting through enemies on your way.","ركّب هذا الرون في <color=#F2E6BD>سلاح بيد واحدة</color> لاكتساب هجوم الرون <color=#F2E6BD>اندفاعة قاطعة</color>.

اندفع للأمام بضربة قاطعة ثقيلة، تمزق صفوف الأعداء وتفسح طريقك."
"items.runes.slashingDash.Name","Slashing Dash","اندفاعة قاطعة"
"items.runes.slashingDodge.Description","Slot this Rune into a <color=#F2E6BD>One-Handed Weapon</color> to gain the <color=#F2E6BD>Slashing Dodge</color> Rune Attack.

Take a step back to evade attacks and then lunge forward with a dissecting strike.","ركّب هذا الرون في <color=#F2E6BD>سلاح بيد واحدة</color> لاكتساب هجوم الرون <color=#F2E6BD>مراوغة قاطعة</color>.

اتخذ خطوة للخلف لتفادي الهجمات ثم اندفع للأمام بضربة قاطعة سريعة."
"items.runes.slashingDodge.Name","Slashing Dodge","مراوغة قاطعة"
"items.runes.slashingFlurry.Description","Slot this Rune into a <color=#F2E6BD>One-Handed Weapon</color> to gain the <color=#F2E6BD>Slashing Flurry</color> Rune Attack.

Unleash a flurry of slashing strikes, shredding enemies with a relentless assault and finishing with a piercing blow.","ركّب هذا الرون في <color=#F2E6BD>سلاح بيد واحدة</color> لاكتساب هجوم الرون <color=#F2E6BD>زوبعة قاطعة</color>.

أطلق وابلًا من الضربات القاطعة، ممزقًا الأعداء بهجمات نصلية سريعة."
"items.runes.slashingFlurry.Name","Slashing Flurry","زوبعة قاطعة"
"items.runes.slashingPirouette.Description","Slot this Rune into a <color=#F2E6BD>One-Handed Weapon</color> to gain the <color=#F2E6BD>Slashing Pirouette</color> Rune Attack.

Perform a graceful double-strike pirouette forward.","ركّب هذا الرون في <color=#F2E6BD>سلاح بيد واحدة</color> لاكتساب هجوم الرون <color=#F2E6BD>دورة قاطعة</color>.

نفّذ دورة رشيقة للأمام بضربة مزدوجة تمزق كل ما يعترض طريقك."
"items.runes.slashingPirouette.Name","Slashing Pirouette","دورة قاطعة"
"items.runes.slashingSpin.Description","Slot this Rune into a <color=#F2E6BD>Two-Handed Weapon</color> to gain the <color=#F2E6BD>Slashing Spin</color> Rune Attack.

Charge and unleash a devastating swinging blow.","ركّب هذا الرون في <color=#F2E6BD>سلاح بكلتا اليدين</color> لاكتساب هجوم الرون <color=#F2E6BD>دوران قاطع</color>.

اشحن هجومك وأطلق ضربة متأرجحة مدمرة تصيب كل ما حولك."
"items.runes.slashingSpin.Name","Slashing Spin","دوران قاطع"
"items.runes.slowAura.Description","Slot this Rune into a <color=#F2E6BD>Utility Slot</color> to gain the <color=#F2E6BD>Slow Aura</color> Spell.","ركّب هذا الرون في <color=#F2E6BD>خانة الأدوات</color> لاكتساب تعويذة <color=#F2E6BD>هالة الإبطاء</color>."
"items.runes.slowAura.Name","Slow Aura","هالة الإبطاء"
"items.runes.somersault.Description","Slot this Rune into a <color=#F2E6BD>One-Handed Weapon</color> to gain the <color=#F2E6BD>Surge Slash</color> Rune Attack.

Charge a powerful spinning strike, unleashing a surge of destructive force.","ركّب هذا الرون في <color=#F2E6BD>سلاح بيد واحدة</color> لاكتساب هجوم الرون <color=#F2E6BD>شق التدفق</color>.

اشحن ضربة دوارة قوية، مطلقًا تدفقًا من الهجمات القاطعة المدمرة."
"items.runes.somersault.Name","Surge Slash","شق التدفق"
"items.runes.spark.Description","Slot this Rune into a <color=#F2E6BD>Staff</color> or a <color=#F2E6BD>Wand</color> to gain the <color=#F2E6BD>Spark</color> Rune Attack.

Launch a wave of lightning bolts to shock multiple foes. Charge it to amplify their damage.","ركّب هذا الرون في <color=#F2E6BD>عصا سحرية</color> أو <color=#F2E6BD>صولجان</color> لاكتساب هجوم الرون <color=#F2E6BD>شرارة</color>.

أطلق موجة من صواعق البرق لصعق أعداء متعددين. اشحنها لتضخيم قوتها الصاعقة."
"items.runes.spark.Name","Spark","شرارة"
"items.runes.spectre.Description","Slot this Rune into a <color=#F2E6BD>Utility Slot</color> to gain the <color=#F2E6BD>Spectre</color> Spell.","ركّب هذا الرون في <color=#F2E6BD>خانة الأدوات</color> لاكتساب تعويذة <color=#F2E6BD>طيف</color>."
"items.runes.spectre.Name","Spectre","طيف"
"items.runes.speed.Description","Slot this Rune into a <color=#F2E6BD>Utility Slot</color> to gain the <color=#F2E6BD>Gale of Speed</color> Spell.

Harness the power of the wind to increase your movement Speed, allowing you to traverse the battlefield swiftly for 120s.","ركّب هذا الرون في <color=#F2E6BD>خانة الأدوات</color> لاكتساب تعويذة <color=#F2E6BD>رياح السرعة</color>.

سخّر قوة الرياح لزيادة سرعة حركتك وسرعة هجومك لمدة 120 ثانية."
"items.runes.speed.Name","Gale of Speed","رياح السرعة"
"items.runes.spin.Description","Slot this Rune into a <color=#F2E6BD>One-Handed Weapon</color> to gain the <color=#F2E6BD>Spin</color> Rune Attack.

Execute a wheel attack, sweeping all enemies on your way.","ركّب هذا الرون في <color=#F2E6BD>سلاح بيد واحدة</color> لاكتساب هجوم الرون <color=#F2E6BD>دوران</color>.

نفّذ هجومًا دوارًا كالعجلة، لتكنس جميع الأعداء في طريقك."
"items.runes.spin.Name","Spin","دوران"
"items.runes.spinCrush.Description","Slot this Rune into a <color=#F2E6BD>Two-Handed Weapon</color> to gain the <color=#F2E6BD>Spin Crush</color> Rune Attack.

Perform a horizontal sweeping blow and finish the combo with a downward strike.","ركّب هذا الرون في <color=#F2E6BD>سلاح بكلتا اليدين</color> لاكتساب هجوم الرون <color=#F2E6BD>سحق دوار</color>.

نفّذ ضربة كاسحة أفقية واختم التتابع بضربة ساحقة قوية ترتطم بالأرض."
"items.runes.spinCrush.Name","Spin Crush","سحق دوار"
"items.runes.spinStrike.Description","Slot this Rune into a <color=#F2E6BD>Wand</color> or a <color=#F2E6BD>Staff</color> to gain the <color=#F2E6BD>Spin Strike</color> Rune Attack.

Spin into a fiery whirlwind, lashing out in all directions and scorching surrounding enemies.","ركّب هذا الرون في <color=#F2E6BD>عصا سحرية</color> أو <color=#F2E6BD>صولجان</color> لاكتساب هجوم الرون <color=#F2E6BD>ضربة دوارة</color>.

دُر في إعصار ناري، ضاربًا في كافة الاتجاهات لتحرق الأعداء القريبين."
"items.runes.spinStrike.Name","Spin Strike","ضربة دوارة"
"items.runes.spiralCrash.Description","Slot this Rune into a <color=#F2E6BD>Two-Handed Weapon</color> to gain the <color=#F2E6BD>Spiral Crash</color> Rune Attack.

Step forward and spin with crushing momentum, then deliver a devastating blow that knocks nearby enemies to the ground.","ركّب هذا الرون في <color=#F2E6BD>سلاح بكلتا اليدين</color> لاكتساب هجوم الرون <color=#F2E6BD>تحطم لولبي</color>.

تقدم للأمام ودُر بزخم ساحق، ثم سدد ضربة ثقيلة تسحق العدو."
"items.runes.spiralCrash.Name","Spiral Crash","تحطم لولبي"
"items.runes.spiritBurst.Description","Slot this Rune into <color=#F2E6BD>Gauntlets</color> to gain the <color=#F2E6BD>Spirit Burst</color> Rune Attack.

Project a focused blast of inner energy from your fists, striking foes at range with pure force.","ركّب هذا الرون في <color=#F2E6BD>قفازات مدرعة</color> لاكتساب هجوم الرون <color=#F2E6BD>دفقة الروح</color>.

أطلق دفقة مركزة من الطاقة الداخلية من قبضتيك، ضاربًا الأعداء بقوة مدمرة."
"items.runes.spiritBurst.Name","Spirit Burst","دفقة الروح"
"items.runes.stamina.Description","Slot this Rune into a <color=#F2E6BD>Utility Slot</color> to gain the <color=#F2E6BD>Stamina Wellspring</color> Spell.

Tap into a wellspring of energy, increasing your Stamina and enabling you to perform more actions for 120s.","ركّب هذا الرون في <color=#F2E6BD>خانة الأدوات</color> لاكتساب تعويذة <color=#F2E6BD>ينبوع قوة التحمل</color>.

استمد الطاقة من ينبوع داخلي، مما يزيد قدرة تحملك ومعدل تعافيها لمدة 120 ثانية."
"items.runes.stamina.Name","Stamina Wellspring","ينبوع قوة التحمل"
"items.runes.static.Description","Slot this Rune into a <color=#F2E6BD>Wand</color> or a <color=#F2E6BD>Staff</color> to gain the <color=#F2E6BD>Static</color> Rune Attack.

Charge your body with static energy, electrocuting enemies who come too close.","ركّب هذا الرون في <color=#F2E6BD>عصا سحرية</color> أو <color=#F2E6BD>صولجان</color> لاكتساب هجوم الرون <color=#F2E6BD>طاقة ساكنة</color>.

اشحن جسدك بطاقة كهروساكنة، لتصعق الأعداء الذين يجرؤون على مهاجمتك."
"items.runes.static.Name","Static","طاقة ساكنة"
"items.runes.stormpiercer.Description","Slot this Rune into a <color=#F2E6BD>One-Handed Weapon</color> to gain the <color=#F2E6BD>Stormpiercer</color> Rune Attack.

Lunge forward to strike your enemy with a lightning-charged blow, then unleash projectiles from your weapon to electrify surrounding foes.","ركّب هذا الرون في <color=#F2E6BD>سلاح بيد واحدة</color> لاكتساب هجوم الرون <color=#F2E6BD>خارق العاصفة</color>.

اندفع للأمام لضرب عدوك بطعنة مشحونة بالبرق تخترق أعتى الدروع."
"items.runes.stormpiercer.Name","Stormpiercer","خارق العاصفة"
"items.runes.swipeKick.Description","Slot this Rune into a <color=#F2E6BD>Weapon</color> to gain the <color=#F2E6BD>Swipe Kick</color> Technique.

Spin into a powerful roundhouse kick, striking enemies with a wide, sweeping arc of force.","ركّب هذا الرون في <color=#F2E6BD>سلاح</color> لاكتساب تقنية <color=#F2E6BD>ركلة كاسحة</color>.

دُر في ركلة دائرية قوية، ضاربًا الأعداء بزخم بدني يطرحهم أرضًا."
"items.runes.swipeKick.Name","Swipe Kick","ركلة كاسحة"
"items.runes.tauntStrike.Description","Slot this Rune into a <color=#F2E6BD>One-Handed Weapon</color> to gain the <color=#F2E6BD>Taunt Strike</color> Rune Attack.

Taunt enemies to draw their attention towards you and land a sudden blow.","ركّب هذا الرون في <color=#F2E6BD>سلاح بيد واحدة</color> لاكتساب هجوم الرون <color=#F2E6BD>ضربة الاستفزاز</color>.

استفز الأعداء لجذب انتباههم نحوك وسدد ضربة مضادة قوية تباغتهم."
"items.runes.tauntStrike.Name","Taunt Strike","ضربة الاستفزاز"
"items.runes.tempestKick.Description","Slot this Rune into <color=#F2E6BD>Gauntlets</color> to gain the <color=#F2E6BD>Tempest Kick</color> Rune Attack.

Launch into a spinning aerial assault, striking multiple times with a whirlwind of kicks.","ركّب هذا الرون في <color=#F2E6BD>قفازات مدرعة</color> لاكتساب هجوم الرون <color=#F2E6BD>ركلة العاصفة</color>.

انطلق في هجوم جوي دوار، ضاربًا عدة مرات بركلات سريعة قبل الهبوط."
"items.runes.tempestKick.Name","Tempest Kick","ركلة العاصفة"
"items.runes.thorns.Description","Slot this Rune into a <color=#F2E6BD>Utility Slot</color> to gain the <color=#F2E6BD>Thorns</color> Spell.

Channel sacred energy to get a mark of protection, reflecting damage back to enemies who strike you.","ركّب هذا الرون في <color=#F2E6BD>خانة الأدوات</color> لاكتساب تعويذة <color=#F2E6BD>أشواك</color>.

وجّه الطاقة المقدسة للحصول على علامة حماية، عاكسًا جزءًا من الضرر المتلقى إلى المهاجمين."
"items.runes.thorns.Name","Thorns","أشواك"
"items.runes.throw.Description","Slot this Rune into a <color=#F2E6BD>One-Handed Weapon</color> to gain the <color=#F2E6BD>Throw</color> Rune Attack.

Hurl your weapon with tremendous force, smashing through enemies in its path before returning to your hand.","ركّب هذا الرون في <color=#F2E6BD>سلاح بيد واحدة</color> لاكتساب هجوم الرون <color=#F2E6BD>رمية</color>.

اقذف سلاحك بقوة هائلة، ليخترق صفوف الأعداء قبل أن يعود إلى يدك."
"items.runes.throw.Name","Throw","رمية"
"items.runes.throwAxe.Description","Slot this Rune into a <color=#F2E6BD>Weapon</color> to gain the <color=#F2E6BD>Throw Axe</color> Technique.

Hurl a spinning axe toward your enemy, dealing heavy damage on impact.","ركّب هذا الرون في <color=#F2E6BD>سلاح</color> لاكتساب تقنية <color=#F2E6BD>رمي الفأس</color>.

اقذف فأسًا دوارًا نحو عدوك، مسببًا ضررًا جسيمًا وقاطعًا من مسافة بعيدة."
"items.runes.throwAxe.Name","Throw Axe","رمي الفأس"
"items.runes.throwKnife.Description","Slot this Rune into a <color=#F2E6BD>Weapon</color> to gain the <color=#F2E6BD>Throw Knife</color> Technique.

Hurl a sharp knife at your enemy with deadly precision.","ركّب هذا الرون في <color=#F2E6BD>سلاح</color> لاكتساب تقنية <color=#F2E6BD>رمي السكين</color>.

اقذف سكينًا حادًا نحو عدوك بدقة فتاكة وخاطفة."
"items.runes.throwKnife.Name","Throw Knife","رمي السكين"
"items.runes.thrust.Description","Slot this Rune into a <color=#F2E6BD>One-Handed Weapon</color> to gain the <color=#F2E6BD>Thrust</color> Rune Attack.

Thrust your weapon forward with a focused strike that knocks your enemy down.","ركّب هذا الرون في <color=#F2E6BD>سلاح بيد واحدة</color> لاكتساب هجوم الرون <color=#F2E6BD>طعنة</color>.

سدد سلاحك للأمام بطعنة مركزة تطيح بالخصوم وتفقدهم اتزانهم."
"items.runes.thrust.Name","Thrust","طعنة"
"items.runes.thunderstrike.Description","Slot this Rune into a <color=#F2E6BD>Staff</color> or a <color=#F2E6BD>Wand</color> to gain the <color=#F2E6BD>Thunderstrike</color> Rune Attack.

Target an area, leap into the air, and slam down to create a thunderous eruption that damages and stuns all enemies within a large radius.","ركّب هذا الرون في <color=#F2E6BD>عصا سحرية</color> أو <color=#F2E6BD>صولجان</color> لاكتساب هجوم الرون <color=#F2E6BD>ضربة الرعد</color>.

حدد منطقة، واثقب الهواء بالقفز ثم اهبط لتحدث انفجارًا رعديًا يهز الأرض."
"items.runes.thunderstrike.Name","Thunderstrike","ضربة الرعد"
"items.runes.tornadoStrike.Description","Slot this Rune into a <color=#F2E6BD>One-Handed Weapon</color> to gain the <color=#F2E6BD>Tornado Strike</color> Rune Attack.

Spin rapidly around your axis, striking enemies with each rotation in a relentless storm of blows.","ركّب هذا الرون في <color=#F2E6BD>سلاح بيد واحدة</color> لاكتساب هجوم الرون <color=#F2E6BD>ضربة الزوبعة</color>.

دُر بسرعة حول محورك، ضاربًا الأعداء مع كل دورة بسلسلة هجمات قاطعة."
"items.runes.tornadoStrike.Name","Tornado Strike","ضربة الزوبعة"
"items.runes.tremorSlam.Description","Slot this Rune into a <color=#F2E6BD>Two-Handed Weapon</color> to gain the <color=#F2E6BD>Tremor Slam</color> Rune Attack.

Smash your weapon into the ground with unstoppable force, unleashing a shockwave that shakes the earth and staggers nearby enemies.","ركّب هذا الرون في <color=#F2E6BD>سلاح بكلتا اليدين</color> لاكتساب هجوم الرون <color=#F2E6BD>ارتطام الارتعاش</color>.

اهوِ بسلاحك على الأرض بقوة لا تقهر، لتطلق موجات ارتعاش تزلزل صفوف العدو."
"items.runes.tremorSlam.Name","Tremor Slam","ارتطام الارتعاش"
"items.runes.tremorWave.Description","Slot this Rune into <color=#F2E6BD>Gauntlets</color> to gain the <color=#F2E6BD>Tremor Wave</color> Rune Attack.

Punch the ground with seismic force, unleashing a shockwave that travels forward and hits enemies from below.","ركّب هذا الرون في <color=#F2E6BD>قفازات مدرعة</color> لاكتساب هجوم الرون <color=#F2E6BD>موجة الارتعاش</color>.

اضرب الأرض بقبضتك بقوة زلزالية، مطلقًا موجة صدمة تطيح بالأعداء."
"items.runes.tremorWave.Name","Tremor Wave","موجة الارتعاش"
"items.runes.trinityBarrage.Description","Slot this Rune into a <color=#F2E6BD>One-Handed Weapon</color> to gain the <color=#F2E6BD>Trinity Barrage</color> Rune Attack.

Unleash a barrage of three consecutive strikes.","ركّب هذا الرون في <color=#F2E6BD>سلاح بيد واحدة</color> لاكتساب هجوم الرون <color=#F2E6BD>وابل ثلاثي</color>.

أطلق وابلًا من ثلاث ضربات متتالية وقوية تنهال على خصمك."
"items.runes.trinityBarrage.Name","Trinity Barrage","وابل ثلاثي"
"items.runes.tripleSwipe.Description","Slot this Rune into a <color=#F2E6BD>One-Handed Weapon</color> to gain the <color=#F2E6BD>Triple Swipe</color> Rune Attack.

Overwhelm your foes by dealing three consecutive slashes. ","ركّب هذا الرون في <color=#F2E6BD>سلاح بيد واحدة</color> لاكتساب هجوم الرون <color=#F2E6BD>ضربة كاسحة ثلاثية</color>.

اقهر خصومك بتسديد ثلاث ضربات قاطعة متتالية تمزق دفاعاتهم."
"items.runes.tripleSwipe.Name","Triple Swipe","ضربة كاسحة ثلاثية"
"items.runes.turnbackKick.Description","Slot this Rune into a <color=#F2E6BD>Weapon</color> to gain the <color=#F2E6BD>Turnback Kick</color> Technique.

Spin around your axis and deliver a powerful backward kick that knocks enemies away.","ركّب هذا الرون في <color=#F2E6BD>سلاح</color> لاكتساب تقنية <color=#F2E6BD>ركلة الالتفاف للخلف</color>.

دُر حول محورك وسدد ركلة خلفية قوية تدفع الأعداء بعيدًا عنك."
"items.runes.turnbackKick.Name","Turnback Kick","ركلة الالتفاف للخلف"
"items.runes.twirlDash.Description","Slot this Rune into a <color=#F2E6BD>One-Handed Weapon</color> to gain the <color=#F2E6BD>Twirl Dash</color> Rune Attack.

Dash forward while twirling in a spiral motion, hitting enemies with spinning strikes.","ركّب هذا الرون في <color=#F2E6BD>سلاح بيد واحدة</color> لاكتساب هجوم الرون <color=#F2E6BD>اندفاعة لولبية</color>.

اندفع للأمام مع الدوران في حركة لولبية، ضاربًا الأعداء في طريقك."
"items.runes.twirlDash.Name","Twirl Dash","اندفاعة لولبية"
"items.runes.twirlSpin.Description","Slot this Rune into a <color=#F2E6BD>One-Handed Weapon</color> to gain the <color=#F2E6BD>Twirl Spin</color> Rune Attack.

Gracefully spin your weapon in a powerful whirlwind, smashing your enemies with dexterity, skill and a series of blows.","ركّب هذا الرون في <color=#F2E6BD>سلاح بيد واحدة</color> لاكتساب هجوم الرون <color=#F2E6BD>دوران لولبي</color>.

أدر سلاحك برشاقة في إعصار قوي، لتسحق دفاعات الأعداء من حولك."
"items.runes.twirlSpin.Name","Twirl Spin","دوران لولبي"
"items.runes.wallbreaker.Description","Slot this Rune into a <color=#F2E6BD>Two-Handed Weapon</color> to gain the <color=#F2E6BD>Wallbreaker</color> Rune Attack.

Pierce through enemy barriers and defenses with a powerful stab, shattering obstacles in your path.","ركّب هذا الرون في <color=#F2E6BD>سلاح بكلتا اليدين</color> لاكتساب هجوم الرون <color=#F2E6BD>كاسر الجدران</color>.

اخترق حواجز العدو ودفاعاته بضربة طاعنة قوية تتجاوز كل صد."
"items.runes.wallbreaker.Name","Wallbreaker","كاسر الجدران"
"items.runes.whirl.Description","Slot this Rune into a <color=#F2E6BD>One-Handed Weapon</color> to gain the <color=#F2E6BD>Whirl</color> Rune Attack.

Spin rapidly six times in a whirlwind attack, striking all nearby enemies with continuous blows.","ركّب هذا الرون في <color=#F2E6BD>سلاح بيد واحدة</color> لاكتساب هجوم الرون <color=#F2E6BD>دوران سريع</color>.

دُر بسرعة ست مرات في هجوم إعصاري، ضاربًا كافة الأعداء القريبين."
"items.runes.whirl.Name","Whirl","دوران سريع"
"items.runes.whirlstepStrike.Description","Slot this Rune into a <color=#F2E6BD>One-Handed Weapon</color> to gain the <color=#F2E6BD>Whirlstep Strike</color> Rune Attack.

Execute a tempestuous whirl, striking with two furious blows.","ركّب هذا الرون في <color=#F2E6BD>سلاح بيد واحدة</color> لاكتساب هجوم الرون <color=#F2E6BD>ضربة خطوة الدوران</color>.

نفّذ دورانًا عاصفًا، ضاربًا بضربتين هائجتين تخلان باتزان الخصم."
"items.runes.whirlstepStrike.Name","Whirlstep Strike","ضربة خطوة الدوران"
"items.runes.whirlwind.Description","Slot this Rune into a <color=#F2E6BD>Two-Handed Weapon</color> to gain the <color=#F2E6BD>Whirlwind</color> Rune Attack.

Spin rapidly in a whirlwind attack, striking all nearby enemies with continuous blows.","ركّب هذا الرون في <color=#F2E6BD>سلاح بكلتا اليدين</color> لاكتساب هجوم الرون <color=#F2E6BD>إعصار</color>.

دُر بسرعة في هجوم إعصاري، لتضرب جميع الأعداء القريبين بقوة ساحقة."
"items.runes.whirlwind.Name","Whirlwind","إعصار"
"items.runes.wildRush.Description","Slot this Rune into a <color=#F2E6BD>Double Dagger</color> to gain the <color=#F2E6BD>Wild Rush</color> Rune Attack.

Charge forward, slashing wildly with your daggers to cut your way through foes.","ركّب هذا الرون في <color=#F2E6BD>خنجر مزدوج</color> لاكتساب هجوم الرون <color=#F2E6BD>اندفاع جامح</color>.

اندفع للأمام ملوحًا بخناجرك بجنون لتمزق طريقك عبر صفوف الأعداء."
"items.runes.wildRush.Name","Wild Rush","اندفاع جامح"
"items.scrolls.blueprintsAndPatterns.bombsAndFlasks.concussiveBombBlueprint.Description","Detailed Instructions for how to craft a <color=#F2E6BD>Concussive Bomb</color>.
This item can only be crafted at an <color=#F2E6BD>Alchemy Table</color>.","تعليمات مفصلة لكيفية صنع <color=#F2E6BD>قنبلة ارتجاجية</color>.
لا يمكن صنع هذا العنصر إلا عند <color=#F2E6BD>طاولة الخيمياء</color>."
"items.scrolls.blueprintsAndPatterns.bombsAndFlasks.concussiveBombBlueprint.Name","Concussive Bomb Blueprint","مخطط قنبلة ارتجاجية"
"items.scrolls.blueprintsAndPatterns.bombsAndFlasks.corrosiveBombBlueprint.Description","Detailed Instructions for how to craft a <color=#F2E6BD>Corrosive Bomb</color>.
This item can only be crafted at an <color=#F2E6BD>Alchemy Table</color>.","تعليمات مفصلة لكيفية صنع <color=#F2E6BD>قنبلة أكّالة</color>.
لا يمكن صنع هذا العنصر إلا عند <color=#F2E6BD>طاولة الخيمياء</color>."
"items.scrolls.blueprintsAndPatterns.bombsAndFlasks.corrosiveBombBlueprint.Name","Corrosive Bomb Blueprint","مخطط قنبلة أكّالة"
"items.scrolls.blueprintsAndPatterns.bombsAndFlasks.flameflaskRecipe.Description","Detailed Instructions for how to craft a <color=#F2E6BD>Flameflask</color>.
This item needs to be crafted at an <color=#F2E6BD>Alchemy Table</color>.","تعليمات مفصلة لكيفية صنع <color=#F2E6BD>قارورة اللهب</color>.
يلزم صنع هذا العنصر عند <color=#F2E6BD>طاولة الخيمياء</color>."
"items.scrolls.blueprintsAndPatterns.bombsAndFlasks.flameflaskRecipe.Name","Flameflask Recipe","وصفة قارورة اللهب"
"items.scrolls.blueprintsAndPatterns.bombsAndFlasks.frostflaskRecipe.Description","Detailed instructions for how to craft a <color=#F2E6BD>Frostflask</color>.
This item needs to be crafted at an <color=#F2E6BD>Alchemy Table</color>.","تعليمات مفصلة لكيفية صنع <color=#F2E6BD>قارورة الصقيع</color>.
يلزم صنع هذا العنصر عند <color=#F2E6BD>طاولة الخيمياء</color>."
"items.scrolls.blueprintsAndPatterns.bombsAndFlasks.frostflaskRecipe.Name","Frostflask Recipe","وصفة قارورة الصقيع"
"items.scrolls.blueprintsAndPatterns.bombsAndFlasks.plagueflaskRecipe.Description","Detailed Instructions for how to craft a <color=#F2E6BD>Plagueflask</color>.
This item needs to be crafted at an <color=#F2E6BD>Alchemy Table</color>.","تعليمات مفصلة لكيفية صنع <color=#F2E6BD>قارورة الوباء</color>.
يلزم صنع هذا العنصر عند <color=#F2E6BD>طاولة الخيمياء</color>."
"items.scrolls.blueprintsAndPatterns.bombsAndFlasks.plagueflaskRecipe.Name","Plagueflask Recipe","وصفة قارورة الوباء"
"items.scrolls.blueprintsAndPatterns.bombsAndFlasks.scrapBombBlueprint.Description","Detailed Instructions for how to craft a <color=#F2E6BD>Scrap Bomb</color>.
This item can only be crafted at an <color=#F2E6BD>Alchemy Table</color>.","تعليمات مفصلة لكيفية صنع <color=#F2E6BD>قنبلة الخردة</color>.
لا يمكن صنع هذا العنصر إلا عند <color=#F2E6BD>طاولة الخيمياء</color>."
"items.scrolls.blueprintsAndPatterns.bombsAndFlasks.scrapBombBlueprint.Name","Scrap Bomb Blueprint","مخطط قنبلة الخردة"
"items.scrolls.blueprintsAndPatterns.bombsAndFlasks.stormflaskRecipe.Description","Detailed Instructions for how to craft a <color=#F2E6BD>Stormflask</color>.
This item needs to be crafted at an <color=#F2E6BD>Alchemy Table</color>.","تعليمات مفصلة لكيفية صنع <color=#F2E6BD>قارورة العاصفة</color>.
يلزم صنع هذا العنصر عند <color=#F2E6BD>طاولة الخيمياء</color>."
"items.scrolls.blueprintsAndPatterns.bombsAndFlasks.stormflaskRecipe.Name","Stormflask Recipe","وصفة قارورة العاصفة"
"items.scrolls.blueprintsAndPatterns.gear.armors.apprentice.apprenticeArmorSetPattern.Description","Detailed Instructions for how to craft a <color=#F2E6BD>Apprentice Armor Set</color>.
This item can only be crafted at a <color=#F2E6BD>Sewing Table</color>.","تعليمات مفصلة لكيفية صنع <color=#F2E6BD>طقم دروع المبتدئ</color>.
لا يمكن صنع هذا العنصر إلا عند <color=#F2E6BD>طاولة الخياطة</color>."
"items.scrolls.blueprintsAndPatterns.gear.armors.apprentice.apprenticeArmorSetPattern.Name","Apprentice Armor Set Pattern","نمط طقم دروع المبتدئ"
"items.scrolls.blueprintsAndPatterns.gear.armors.ashenKnight.ashenKnightArmorSetPattern.Description","Detailed Instructions for how to craft an <color=#F2E6BD>Ashen Knight Armor Set</color>.
This item can only be crafted at an <color=#F2E6BD>Anvil</color>.","تعليمات مفصلة لكيفية صنع <color=#F2E6BD>طقم دروع الفارس الرمادي</color>.
لا يمكن صنع هذا العنصر إلا عند <color=#F2E6BD>السندان</color>."
"items.scrolls.blueprintsAndPatterns.gear.armors.ashenKnight.ashenKnightArmorSetPattern.Name","Ashen Knight Armor Set Pattern","نمط طقم دروع الفارس الرمادي"
"items.scrolls.blueprintsAndPatterns.gear.armors.boleinKnight.boleinKnightArmorSetPattern.Description","Detailed Instructions for how to craft an <color=#F2E6BD>Bolein Knight Armor Set</color>.
This item can only be crafted at an <color=#F2E6BD>Anvil</color>.","تعليمات مفصلة لكيفية صنع <color=#F2E6BD>طقم دروع فارس بولين</color>.
لا يمكن صنع هذا العنصر إلا عند <color=#F2E6BD>السندان</color>."
"items.scrolls.blueprintsAndPatterns.gear.armors.boleinKnight.boleinKnightArmorSetPattern.Name","Bolein Knight Armor Set Pattern","نمط طقم دروع فارس بولين"
"items.scrolls.blueprintsAndPatterns.gear.armors.cleric.clericArmorSetPattern.Description","Detailed Instructions for how to craft a <color=#F2E6BD>Cleric Armor Set</color>.
This item can only be crafted at a <color=#F2E6BD>Sewing Table</color>.","تعليمات مفصلة لكيفية صنع <color=#F2E6BD>طقم دروع رجل الدين</color>.
لا يمكن صنع هذا العنصر إلا عند <color=#F2E6BD>طاولة الخياطة</color>."
"items.scrolls.blueprintsAndPatterns.gear.armors.cleric.clericArmorSetPattern.Name","Cleric Armor Set Pattern","نمط طقم دروع رجل الدين"
"items.scrolls.blueprintsAndPatterns.gear.armors.drabLeatherArmor.drabLeatherArmorSetPattern.Description","Detailed Instructions for how to craft a <color=#F2E6BD>Dark Leather Armor Set</color>.
This item can only be crafted at a <color=#F2E6BD>Sewing Table</color>.","تعليمات مفصلة لكيفية صنع <color=#F2E6BD>طقم دروع الجلد الداكن</color>.
لا يمكن صنع هذا العنصر إلا عند <color=#F2E6BD>طاولة الخياطة</color>."
"items.scrolls.blueprintsAndPatterns.gear.armors.drabLeatherArmor.drabLeatherArmorSetPattern.Name","Dark Leather Armor Set Pattern","نمط طقم دروع الجلد الداكن"
"items.scrolls.blueprintsAndPatterns.gear.armors.dredgeKnight.dredgeKnightArmorSetBlueprint.Description","Detailed Instructions for how to craft a <color=#F2E6BD>Dredge Knight Armor Set</color>.
This item can only be crafted at an <color=#F2E6BD>Anvil</color>.","تعليمات مفصلة لكيفية صنع <color=#F2E6BD>طقم دروع فارس التجريف</color>.
لا يمكن صنع هذا العنصر إلا عند <color=#F2E6BD>السندان</color>."
"items.scrolls.blueprintsAndPatterns.gear.armors.dredgeKnight.dredgeKnightArmorSetBlueprint.Name","Dredge Knight Armor Set Blueprint","مخطط طقم دروع فارس التجريف"
"items.scrolls.blueprintsAndPatterns.gear.armors.duelist.duelistArmorSetPattern.Description","Detailed Instructions for how to craft a <color=#F2E6BD>Duelist Armor Set</color>.
This item can only be crafted at a <color=#F2E6BD>Sewing Table</color>.","تعليمات مفصلة لكيفية صنع <color=#F2E6BD>طقم دروع المبارز</color>.
لا يمكن صنع هذا العنصر إلا عند <color=#F2E6BD>طاولة الخياطة</color>."
"items.scrolls.blueprintsAndPatterns.gear.armors.duelist.duelistArmorSetPattern.Name","Duelist Armor Set Pattern","نمط طقم دروع المبارز"
"items.scrolls.blueprintsAndPatterns.gear.armors.farmer.farmersRagsArmorSetPattern.Description","Detailed Instructions for how to craft a <color=#F2E6BD>Farmer's Rags Armor Set</color>.
This item can only be crafted at a <color=#F2E6BD>Sewing Table</color>.","تعليمات مفصلة لكيفية صنع <color=#F2E6BD>طقم أسمال المزارع</color>.
لا يمكن صنع هذا العنصر إلا عند <color=#F2E6BD>طاولة الخياطة</color>."
"items.scrolls.blueprintsAndPatterns.gear.armors.farmer.farmersRagsArmorSetPattern.Name","Farmer's Rags Armor Set Pattern","نمط طقم أسمال المزارع"
"items.scrolls.blueprintsAndPatterns.gear.armors.primus.primusArmorSetPattern.Description","Detailed Instructions for how to craft an <color=#F2E6BD>Primus Armor Set</color>.
This item can only be crafted at an <color=#F2E6BD>Anvil</color>.","تعليمات مفصلة لكيفية صنع <color=#F2E6BD>طقم دروع البريموس</color>.
لا يمكن صنع هذا العنصر إلا عند <color=#F2E6BD>السندان</color>."
"items.scrolls.blueprintsAndPatterns.gear.armors.primus.primusArmorSetPattern.Name","Primus Armor Set Pattern","نمط طقم دروع البريموس"
"items.scrolls.blueprintsAndPatterns.gear.armors.ranger.paddedFencingArmorPattern.Name","Reckless Tallbear Armor Set Pattern","نمط طقم دروع الدب الفارع المتهور"
"items.scrolls.blueprintsAndPatterns.gear.armors.ranger.paddedFencingArmorSetPattern.Description","Detailed Instructions for how to craft a <color=#F2E6BD>Reckless Tallbear Armor Set</color>.
This item can only be crafted at an <color=#F2E6BD>Anvil</color>.","تعليمات مفصلة لكيفية صنع <color=#F2E6BD>طقم دروع الدب الفارع المتهور</color>.
لا يمكن صنع هذا العنصر إلا عند <color=#F2E6BD>السندان</color>."
"items.scrolls.blueprintsAndPatterns.gear.armors.ranger.rangerArmorSetPattern.Description","Detailed Instructions for how to craft a <color=#F2E6BD>Ranger Armor Set</color>.
This item can only be crafted at a <color=#F2E6BD>Sewing Table</color>.","تعليمات مفصلة لكيفية صنع <color=#F2E6BD>طقم دروع الجوال</color>.
لا يمكن صنع هذا العنصر إلا عند <color=#F2E6BD>طاولة الخياطة</color>."
"items.scrolls.blueprintsAndPatterns.gear.armors.ranger.rangerArmorSetPattern.Name","Ranger Armor Set Pattern","نمط طقم دروع الجوال"
"items.scrolls.blueprintsAndPatterns.gear.armors.scarlet.scarletArmorSetPattern.Description","Detailed Instructions for how to craft an <color=#F2E6BD>Scarlet Armor Set</color>.
This item can only be crafted at an <color=#F2E6BD>Anvil</color>.","تعليمات مفصلة لكيفية صنع <color=#F2E6BD>طقم دروع الحُمر القرمزية</color>.
لا يمكن صنع هذا العنصر إلا عند <color=#F2E6BD>السندان</color>."
"items.scrolls.blueprintsAndPatterns.gear.armors.scarlet.scarletArmorSetPattern.Name","Scarlet Armor Set Pattern","نمط طقم دروع الحُمر القرمزية"
"items.scrolls.blueprintsAndPatterns.gear.armors.scholar.caylenScholarArmorSetPattern.Description","Detailed Instructions for how to craft a <color=#F2E6BD>Caylen Scholar Armor Set</color>.
This item can only be crafted at a <color=#F2E6BD>Sewing Table</color>.","تعليمات مفصلة لكيفية صنع <color=#F2E6BD>طقم دروع باحث كايلن</color>.
لا يمكن صنع هذا العنصر إلا عند <color=#F2E6BD>طاولة الخياطة</color>."
"items.scrolls.blueprintsAndPatterns.gear.armors.scholar.caylenScholarArmorSetPattern.Name","Caylen Scholar Armor Set Pattern","نمط طقم دروع باحث كايلن"
"items.scrolls.blueprintsAndPatterns.gear.armors.scuttlers.scuttlersArmorSetPattern.Description","Detailed Instructions for how to craft a <color=#F2E6BD>Scuttler's Armor Set</color>.
This item can only be crafted at a <color=#F2E6BD>Sewing Table</color>.","تعليمات مفصلة لكيفية صنع <color=#F2E6BD>طقم دروع المتسلل البحري</color>.
لا يمكن صنع هذا العنصر إلا عند <color=#F2E6BD>طاولة الخياطة</color>."
"items.scrolls.blueprintsAndPatterns.gear.armors.scuttlers.scuttlersArmorSetPattern.Name","Scuttler's Armor Set Pattern","نمط طقم دروع المتسلل البحري"
"items.scrolls.blueprintsAndPatterns.gear.armors.seer.seersClothingSetPattern.Description","Detailed Instructions for how to craft a <color=#F2E6BD>Seer's Armor Set</color>.
This item can only be crafted at a <color=#F2E6BD>Sewing Table</color>.","تعليمات مفصلة لكيفية صنع <color=#F2E6BD>طقم دروع العرّاف</color>.
لا يمكن صنع هذا العنصر إلا عند <color=#F2E6BD>طاولة الخياطة</color>."
"items.scrolls.blueprintsAndPatterns.gear.armors.seer.seersClothingSetPattern.Name","Seer's Armor Set Pattern","نمط طقم دروع العرّاف"
"items.scrolls.blueprintsAndPatterns.gear.armors.spearman.spearmanArmorSetBlueprint.Description","Detailed Instructions for how to craft a <color=#F2E6BD>Spearman Armor Set</color>.
This item can only be crafted at an <color=#F2E6BD>Anvil</color>.","تعليمات مفصلة لكيفية صنع <color=#F2E6BD>طقم دروع حامل الرمح</color>.
لا يمكن صنع هذا العنصر إلا عند <color=#F2E6BD>السندان</color>."
"items.scrolls.blueprintsAndPatterns.gear.armors.spearman.spearmanArmorSetBlueprint.Name","Spearman Armor Set Blueprint","مخطط طقم دروع حامل الرمح"
"items.scrolls.blueprintsAndPatterns.gear.armors.squire.squiresArmorSetPattern.Description","Detailed Instructions for how to craft a <color=#F2E6BD>Squire's Armor Set</color>.
This item can only be crafted at a <color=#F2E6BD>Sewing Table</color>.","تعليمات مفصلة لكيفية صنع <color=#F2E6BD>طقم دروع التابع</color>.
لا يمكن صنع هذا العنصر إلا عند <color=#F2E6BD>طاولة الخياطة</color>."
"items.scrolls.blueprintsAndPatterns.gear.armors.squire.squiresArmorSetPattern.Name","Squire's Armor Set Pattern","نمط طقم دروع التابع"
"items.scrolls.blueprintsAndPatterns.gear.offHands.bows.woodlandProtectorBlueprint.Description","Detailed Instructions for how to craft a <color=#F2E6BD>Woodland Protector</color>.
This item can only be crafted at a <color=#F2E6BD>Workbench</color>.","تعليمات مفصلة لكيفية صنع <color=#F2E6BD>حامي الغابات</color>.
لا يمكن صنع هذا العنصر إلا عند <color=#F2E6BD>طاولة العمل</color>."
"items.scrolls.blueprintsAndPatterns.gear.offHands.bows.woodlandProtectorBlueprint.Name","Woodland Protector Blueprint","مخطط حامي الغابات"
"items.scrolls.blueprintsAndPatterns.gear.offHands.lights.simpleTorchBlueprint.Description","Detailed Instructions for how to craft a <color=#F2E6BD>Simple Torch</color>.
This item can only be crafted at a <color=#F2E6BD>Workbench</color>.","تعليمات مفصلة لكيفية صنع <color=#F2E6BD>شعلة بسيطة</color>.
لا يمكن صنع هذا العنصر إلا عند <color=#F2E6BD>طاولة العمل</color>."
"items.scrolls.blueprintsAndPatterns.gear.offHands.lights.simpleTorchBlueprint.Name","Simple Torch Blueprint","مخطط شعلة بسيطة"
"items.scrolls.blueprintsAndPatterns.gear.offHands.shields.beatUpBucklerBlueprint.Description","Detailed Instructions for how to craft a <color=#F2E6BD>Battered Buckler</color>.
This item can only be crafted at an <color=#F2E6BD>Anvil</color>.","تعليمات مفصلة لكيفية صنع <color=#F2E6BD>ترس صغير مهترئ</color>.
لا يمكن صنع هذا العنصر إلا عند <color=#F2E6BD>السندان</color>."
"items.scrolls.blueprintsAndPatterns.gear.offHands.shields.beatUpBucklerBlueprint.Name","Battered Buckler Blueprint","مخطط ترس صغير مهترئ"
"items.scrolls.blueprintsAndPatterns.gear.offHands.shields.crimsonGuardBlueprint.Description","Detailed Instructions for how to craft a <color=#F2E6BD>Crimson Guard</color>.
This item can only be crafted at an <color=#F2E6BD>Anvil</color>.","تعليمات مفصلة لكيفية صنع <color=#F2E6BD>الحرس القرمزي</color>.
لا يمكن صنع هذا العنصر إلا عند <color=#F2E6BD>السندان</color>."
"items.scrolls.blueprintsAndPatterns.gear.offHands.shields.crimsonGuardBlueprint.Name","Crimson Guard Blueprint","مخطط الحرس القرمزي"
"items.scrolls.blueprintsAndPatterns.gear.offHands.shields.glimmeringBulwarkBlueprint.Description","Detailed Instructions for how to craft a <color=#F2E6BD>Glimmering Bulwark</color>.
This item can only be crafted at an <color=#F2E6BD>Anvil</color>.","تعليمات مفصلة لكيفية صنع <color=#F2E6BD>حصن متلألئ</color>.
لا يمكن صنع هذا العنصر إلا عند <color=#F2E6BD>السندان</color>."
"items.scrolls.blueprintsAndPatterns.gear.offHands.shields.glimmeringBulwarkBlueprint.Name","Glimmering Bulwark Blueprint","مخطط حصن متلألئ"
"items.scrolls.blueprintsAndPatterns.gear.offHands.shields.heraldicCrestShieldBlueprint.Description","Detailed Instructions for how to craft a <color=#F2E6BD>Heraldic Crest Shield</color>.
This item can only be crafted at an <color=#F2E6BD>Anvil</color>.","تعليمات مفصلة لكيفية صنع <color=#F2E6BD>ترس الشعار النبالي</color>.
لا يمكن صنع هذا العنصر إلا عند <color=#F2E6BD>السندان</color>."
"items.scrolls.blueprintsAndPatterns.gear.offHands.shields.heraldicCrestShieldBlueprint.Name","Heraldic Crest Shield Blueprint","مخطط ترس الشعار النبالي"
"items.scrolls.blueprintsAndPatterns.gear.offHands.shields.heraldicRivershieldBlueprint.Description","Detailed Instructions for how to craft a <color=#F2E6BD>Heraldic Rivershield</color>.
This item can only be crafted at an <color=#F2E6BD>Anvil</color>.","تعليمات مفصلة لكيفية صنع <color=#F2E6BD>درع النهر الشاراتي</color>.
لا يمكن صنع هذا العنصر إلا عند <color=#F2E6BD>السندان</color>."
"items.scrolls.blueprintsAndPatterns.gear.offHands.shields.heraldicRivershieldBlueprint.Name","Heraldic Rivershield Blueprint","مخطط درع النهر الشاراتي"
"items.scrolls.blueprintsAndPatterns.gear.offHands.shields.immortalNestBlueprint.Description","Detailed Instructions for how to craft an <color=#F2E6BD>Immortal Nest</color>.
This item can only be crafted at an <color=#F2E6BD>Anvil</color>.","تعليمات مفصلة لكيفية صنع <color=#F2E6BD>عش خالد</color>.
لا يمكن صنع هذا العنصر إلا عند <color=#F2E6BD>السندان</color>."
"items.scrolls.blueprintsAndPatterns.gear.offHands.shields.immortalNestBlueprint.Name","Immortal Nest Blueprint","مخطط عش خالد"
"items.scrolls.blueprintsAndPatterns.gear.offHands.shields.roundShieldBlueprint.Description","Detailed Instructions for how to craft a <color=#F2E6BD>Round Shield</color>.
This item can only be crafted at an <color=#F2E6BD>Anvil</color>.","تعليمات مفصلة لكيفية صنع <color=#F2E6BD>ترس مستدير</color>.
لا يمكن صنع هذا العنصر إلا عند <color=#F2E6BD>السندان</color>."
"items.scrolls.blueprintsAndPatterns.gear.offHands.shields.roundShieldBlueprint.Name","Round Shield Blueprint","مخطط ترس مستدير"
"items.scrolls.blueprintsAndPatterns.gear.weapons.ashSoothedDaggersBlueprint.Description","Detailed Instructions for how to craft <color=#F2E6BD>Ash Soothed Daggers</color>.
This item can only be crafted at an <color=#F2E6BD>Anvil</color>.","تعليمات مفصلة لكيفية صنع <color=#F2E6BD>خناجر مهدأة بالرماد</color>.
لا يمكن صنع هذا العنصر إلا عند <color=#F2E6BD>السندان</color>."
"items.scrolls.blueprintsAndPatterns.gear.weapons.ashSoothedDaggersBlueprint.Name","Ash Soothed Daggers Blueprint","مخطط خناجر مهدأة بالرماد"
"items.scrolls.blueprintsAndPatterns.gear.weapons.assegaiBlueprint.Description","Detailed Instructions for how to craft an <color=#F2E6BD>Assegai</color>.
This item can only be crafted at an <color=#F2E6BD>Anvil</color>.","تعليمات مفصلة لكيفية صنع <color=#F2E6BD>أسيجاي</color>.
لا يمكن صنع هذا العنصر إلا عند <color=#F2E6BD>السندان</color>."
"items.scrolls.blueprintsAndPatterns.gear.weapons.assegaiBlueprint.Name","Assegai Blueprint","مخطط أسيجاي"
"items.scrolls.blueprintsAndPatterns.gear.weapons.azureBladeBlueprint.Description","Detailed Instructions for how to craft an <color=#F2E6BD>Azure Blade</color>.
This item can only be crafted at an <color=#F2E6BD>Anvil</color>.","تعليمات مفصلة لكيفية صنع <color=#F2E6BD>نصل أزوردي</color>.
لا يمكن صنع هذا العنصر إلا عند <color=#F2E6BD>السندان</color>."
"items.scrolls.blueprintsAndPatterns.gear.weapons.azureBladeBlueprint.Name","Azure Blade Blueprint","مخطط نصل أزوردي"
"items.scrolls.blueprintsAndPatterns.gear.weapons.bloodRustedSwordBlueprint.Description","Detailed Instructions for how to craft a <color=#F2E6BD>Blood-Rusted Sword</color>.
This item can only be crafted at an <color=#F2E6BD>Anvil</color>.","تعليمات مفصلة لكيفية صنع <color=#F2E6BD>سيف صدئ بالدماء</color>.
لا يمكن صنع هذا العنصر إلا عند <color=#F2E6BD>السندان</color>."
"items.scrolls.blueprintsAndPatterns.gear.weapons.bloodRustedSwordBlueprint.Name","Blood-Rusted Sword Blueprint","مخطط سيف صدئ بالدماء"
"items.scrolls.blueprintsAndPatterns.gear.weapons.brokenFangBlueprint.Description","Detailed Instructions for how to craft a <color=#F2E6BD>Broken Fang</color>.
This item can only be crafted at an <color=#F2E6BD>Anvil</color>.","تعليمات مفصلة لكيفية صنع <color=#F2E6BD>ناب مكسور</color>.
لا يمكن صنع هذا العنصر إلا عند <color=#F2E6BD>السندان</color>."
"items.scrolls.blueprintsAndPatterns.gear.weapons.brokenFangBlueprint.Name","Broken Fang Blueprint","مخطط ناب مكسور"
"items.scrolls.blueprintsAndPatterns.gear.weapons.brothersKeepersBlueprint.Description","Detailed Instructions for how to craft <color=#F2E6BD>Brothers Keepers</color>.
This item can only be crafted at an <color=#F2E6BD>Anvil</color>.","تعليمات مفصلة لكيفية صنع <color=#F2E6BD>حارسا الإخوة</color>.
لا يمكن صنع هذا العنصر إلا عند <color=#F2E6BD>السندان</color>."
"items.scrolls.blueprintsAndPatterns.gear.weapons.brothersKeepersBlueprint.Name","Brothers Keepers Blueprint","مخطط حارسا الإخوة"
"items.scrolls.blueprintsAndPatterns.gear.weapons.brutalMaulBlueprint.Description","Detailed Instructions for how to craft a <color=#F2E6BD>Brutal Maul</color>.
This item can only be crafted at an <color=#F2E6BD>Anvil</color>.","تعليمات مفصلة لكيفية صنع <color=#F2E6BD>مطرقة ثقيلة وحشية</color>.
لا يمكن صنع هذا العنصر إلا عند <color=#F2E6BD>السندان</color>."
"items.scrolls.blueprintsAndPatterns.gear.weapons.brutalMaulBlueprint.Name","Brutal Maul Blueprint","مخطط مطرقة ثقيلة وحشية"
"items.scrolls.blueprintsAndPatterns.gear.weapons.budOfTheEverlastingTreeBlueprint.Description","Detailed Instructions for how to craft a <color=#F2E6BD>Bud of the Everlasting Tree</color>.
This item can only be crafted at a <color=#F2E6BD>Workbench</color>.","تعليمات مفصلة لكيفية صنع <color=#F2E6BD>برعم الشجرة الخالدة</color>.
لا يمكن صنع هذا العنصر إلا عند <color=#F2E6BD>طاولة العمل</color>."
"items.scrolls.blueprintsAndPatterns.gear.weapons.budOfTheEverlastingTreeBlueprint.Name","Bud of the Everlasting Tree Blueprint","مخطط برعم الشجرة الخالدة"
"items.scrolls.blueprintsAndPatterns.gear.weapons.claymoreBlueprint.Description","Detailed Instructions for how to craft a <color=#F2E6BD>Claymore</color>.
This item can only be crafted at an <color=#F2E6BD>Anvil</color>.","تعليمات مفصلة لكيفية صنع <color=#F2E6BD>كلايمور</color>.
لا يمكن صنع هذا العنصر إلا عند <color=#F2E6BD>السندان</color>."
"items.scrolls.blueprintsAndPatterns.gear.weapons.claymoreBlueprint.Name","Claymore Blueprint","مخطط كلايمور"
"items.scrolls.blueprintsAndPatterns.gear.weapons.coiledDawnBlueprint.Description","Detailed Instructions on how to craft a <color=#F2E6BD>Coiled Dawn</color>.
This item can only be crafted at an <color=#F2E6BD>Anvil</color>.","تعليمات مفصلة لكيفية صنع <color=#F2E6BD>فجر ملتف</color>.
لا يمكن صنع هذا العنصر إلا عند <color=#F2E6BD>السندان</color>."
"items.scrolls.blueprintsAndPatterns.gear.weapons.coiledDawnBlueprint.Name","Coiled Dawn Blueprint","مخطط فجر ملتف"
"items.scrolls.blueprintsAndPatterns.gear.weapons.coralPiercerBlueprint.Description","Detailed Instructions for how to craft a <color=#F2E6BD>Coral Piercer</color>.
This item can only be crafted at an <color=#F2E6BD>Anvil</color>.","تعليمات مفصلة لكيفية صنع <color=#F2E6BD>خارق المرجان</color>.
لا يمكن صنع هذا العنصر إلا عند <color=#F2E6BD>السندان</color>."
"items.scrolls.blueprintsAndPatterns.gear.weapons.coralPiercerBlueprint.Name","Coral Piercer Blueprint","مخطط خارق المرجان"
"items.scrolls.blueprintsAndPatterns.gear.weapons.corpseSmearedBladeBlueprint.Description","Detailed Instructions for how to craft a <color=#F2E6BD>Corpse-Smeared Blade</color>.
This item can only be crafted at an <color=#F2E6BD>Anvil</color>.","تعليمات مفصلة لكيفية صنع <color=#F2E6BD>نصل ملطخ بالجثث</color>.
لا يمكن صنع هذا العنصر إلا عند <color=#F2E6BD>السندان</color>."
"items.scrolls.blueprintsAndPatterns.gear.weapons.corpseSmearedBladeBlueprint.Name","Corpse-Smeared Blade Blueprint","مخطط نصل ملطخ بالجثث"
"items.scrolls.blueprintsAndPatterns.gear.weapons.cronusBlueprint.Description","Detailed Instructions for how to craft a <color=#F2E6BD>Cronus</color>.
This item can only be crafted at an <color=#F2E6BD>Anvil</color>.","تعليمات مفصلة لكيفية صنع <color=#F2E6BD>كرونوس</color>.
لا يمكن صنع هذا العنصر إلا عند <color=#F2E6BD>السندان</color>."
"items.scrolls.blueprintsAndPatterns.gear.weapons.cronusBlueprint.Name","Cronus Blueprint","مخطط كرونوس"
"items.scrolls.blueprintsAndPatterns.gear.weapons.emeraldTalonsBlueprint.Description","Detailed Instructions for how to craft <color=#F2E6BD>Emerald Talons</color>.
This item can only be crafted at an <color=#F2E6BD>Anvil</color>.","تعليمات مفصلة لكيفية صنع <color=#F2E6BD>مخالب الزمرد</color>.
لا يمكن صنع هذا العنصر إلا عند <color=#F2E6BD>السندان</color>."
"items.scrolls.blueprintsAndPatterns.gear.weapons.emeraldTalonsBlueprint.Name","Emerald Talons Blueprint","مخطط مخالب الزمرد"
"items.scrolls.blueprintsAndPatterns.gear.weapons.estocBlueprint.Description","Detailed Instructions for how to craft an <color=#F2E6BD>Estoc</color>.
This item can only be crafted at an <color=#F2E6BD>Anvil</color>.","تعليمات مفصلة لكيفية صنع <color=#F2E6BD>سيف الإستوك</color>.
لا يمكن صنع هذا العنصر إلا عند <color=#F2E6BD>السندان</color>."
"items.scrolls.blueprintsAndPatterns.gear.weapons.estocBlueprint.Name","Estoc Blueprint","مخطط سيف الإستوك"
"items.scrolls.blueprintsAndPatterns.gear.weapons.fallingSkyBlueprint.Description","Detailed Instructions for how to craft a <color=#F2E6BD>Falling Sky</color>.
This item can only be crafted at a <color=#F2E6BD>Workbench</color>.","تعليمات مفصلة لكيفية صنع <color=#F2E6BD>سماء ساقطة</color>.
لا يمكن صنع هذا العنصر إلا عند <color=#F2E6BD>طاولة العمل</color>."
"items.scrolls.blueprintsAndPatterns.gear.weapons.fallingSkyBlueprint.Name","Falling Sky Blueprint","مخطط سماء ساقطة"
"items.scrolls.blueprintsAndPatterns.gear.weapons.festeringCleftBlueprint.Description","Detailed Instructions for how to craft a <color=#F2E6BD>Festering Cleft</color>.
This item can only be crafted at an <color=#F2E6BD>Anvil</color>.","تعليمات مفصلة لكيفية صنع <color=#F2E6BD>صدع متقيح</color>.
لا يمكن صنع هذا العنصر إلا عند <color=#F2E6BD>السندان</color>."
"items.scrolls.blueprintsAndPatterns.gear.weapons.festeringCleftBlueprint.Name","Festering Cleft Blueprint","مخطط صدع متقيح"
"items.scrolls.blueprintsAndPatterns.gear.weapons.flameBecomesUsBlueprint.Description","Detailed Instructions for how to craft a <color=#F2E6BD>Flame Becomes Us</color>.
This item can only be crafted at a <color=#F2E6BD>Workbench</color>.","تعليمات مفصلة لكيفية صنع <color=#F2E6BD>اللهب غايتنا</color>.
لا يمكن صنع هذا العنصر إلا عند <color=#F2E6BD>طاولة العمل</color>."
"items.scrolls.blueprintsAndPatterns.gear.weapons.flameBecomesUsBlueprint.Name","Flame Becomes Us Blueprint","مخطط اللهب غايتنا"
"items.scrolls.blueprintsAndPatterns.gear.weapons.freiheitBlueprint.Description","Detailed Instructions for how to craft a <color=#F2E6BD>Freiheit</color>.
This item can only be crafted at an <color=#F2E6BD>Anvil</color>.","تعليمات مفصلة لكيفية صنع <color=#F2E6BD>فرايهايت</color>.
لا يمكن صنع هذا العنصر إلا عند <color=#F2E6BD>السندان</color>."
"items.scrolls.blueprintsAndPatterns.gear.weapons.freiheitBlueprint.Name","Freiheit Blueprint","مخطط فرايهايت"
"items.scrolls.blueprintsAndPatterns.gear.weapons.lordOfTheMuckBlueprint.Description","Detailed Instructions for how to craft a <color=#F2E6BD>Lord of the Muck</color>.
This item can only be crafted at a <color=#F2E6BD>Workbench</color>.","تعليمات مفصلة لكيفية صنع <color=#F2E6BD>سيد الوحل</color>.
لا يمكن صنع هذا العنصر إلا عند <color=#F2E6BD>طاولة العمل</color>."
"items.scrolls.blueprintsAndPatterns.gear.weapons.lordOfTheMuckBlueprint.Name","Lord of the Muck Blueprint","مخطط سيد الوحل"
"items.scrolls.blueprintsAndPatterns.gear.weapons.petaledSpearBlueprint.Description","Detailed Instructions for how to craft a <color=#F2E6BD>Petaled Spear</color>.
This item can only be crafted at an <color=#F2E6BD>Anvil</color>.","تعليمات مفصلة لكيفية صنع <color=#F2E6BD>رمح مروي</color>.
لا يمكن صنع هذا العنصر إلا عند <color=#F2E6BD>السندان</color>."
"items.scrolls.blueprintsAndPatterns.gear.weapons.petaledSpearBlueprint.Name","Petaled Spear Blueprint","مخطط رمح مروي"
"items.scrolls.blueprintsAndPatterns.gear.weapons.pigStickerBlueprint.Description","Detailed Instructions for how to craft a <color=#F2E6BD>Pig Sticker</color>.
This item can only be crafted at an <color=#F2E6BD>Anvil</color>.","تعليمات مفصلة لكيفية صنع <color=#F2E6BD>طاعن الخنازير</color>.
لا يمكن صنع هذا العنصر إلا عند <color=#F2E6BD>السندان</color>."
"items.scrolls.blueprintsAndPatterns.gear.weapons.pigStickerBlueprint.Name","Pig Sticker Blueprint","مخطط طاعن الخنازير"
"items.scrolls.blueprintsAndPatterns.gear.weapons.reachingNailBlueprint.Description","Detailed Instructions on how to craft a <color=#F2E6BD>Reaching Nail</color>.
This item can only be crafted at an <color=#F2E6BD>Anvil</color>.","تعليمات مفصلة لكيفية صنع <color=#F2E6BD>مسمار باسط</color>.
لا يمكن صنع هذا العنصر إلا عند <color=#F2E6BD>السندان</color>."
"items.scrolls.blueprintsAndPatterns.gear.weapons.reachingNailBlueprint.Name","Reaching Nail Blueprint","مخطط مسمار باسط"
"items.scrolls.blueprintsAndPatterns.gear.weapons.singingPealBlueprint.Description","Detailed Instructions for how to craft a <color=#F2E6BD>Singing Peal</color>.
This item can only be crafted at an <color=#F2E6BD>Anvil</color>.","تعليمات مفصلة لكيفية صنع <color=#F2E6BD>رنين شادٍ</color>.
لا يمكن صنع هذا العنصر إلا عند <color=#F2E6BD>السندان</color>."
"items.scrolls.blueprintsAndPatterns.gear.weapons.singingPealBlueprint.Name","Singing Peal Blueprint","مخطط رنين شادٍ"
"items.scrolls.blueprintsAndPatterns.gear.weapons.spalledAxeBlueprint.Description","Detailed Instructions for how to craft a <color=#F2E6BD>Spalled Axe</color>.
This item can only be crafted at an <color=#F2E6BD>Anvil</color>.","تعليمات مفصلة لكيفية صنع <color=#F2E6BD>فأس مفلوقة</color>.
لا يمكن صنع هذا العنصر إلا عند <color=#F2E6BD>السندان</color>."
"items.scrolls.blueprintsAndPatterns.gear.weapons.spalledAxeBlueprint.Name","Spalled Axe Blueprint","مخطط فأس مفلوقة"
"items.scrolls.blueprintsAndPatterns.gear.weapons.spherinBlueprint.Description","Detailed Instructions for how to craft a <color=#F2E6BD>Spherin</color>.
This item can only be crafted at a <color=#F2E6BD>Workbench</color>.","تعليمات مفصلة لكيفية صنع <color=#F2E6BD>سفيرين</color>.
لا يمكن صنع هذا العنصر إلا عند <color=#F2E6BD>طاولة العمل</color>."
"items.scrolls.blueprintsAndPatterns.gear.weapons.spherinBlueprint.Name","Spherin Blueprint","مخطط سفيرين"
"items.scrolls.blueprintsAndPatterns.gear.weapons.sunbeamBlueprint.Description","Detailed Instructions for how to craft a <color=#F2E6BD>Sunbeam</color>.
This item can only be crafted at an <color=#F2E6BD>Anvil</color>.","تعليمات مفصلة لكيفية صنع <color=#F2E6BD>شعاع الشمس</color>.
لا يمكن صنع هذا العنصر إلا عند <color=#F2E6BD>السندان</color>."
"items.scrolls.blueprintsAndPatterns.gear.weapons.sunbeamBlueprint.Name","Sunbeam Blueprint","مخطط شعاع الشمس"
"items.scrolls.blueprintsAndPatterns.gear.weapons.sunsScornBlueprint.Description","Detailed Instructions for how to craft <color=#F2E6BD>Sun's Scorn</color>.
This item can only be crafted at an <color=#F2E6BD>Anvil</color>.","تعليمات مفصلة لكيفية صنع <color=#F2E6BD>ازدراء الشمس</color>.
لا يمكن صنع هذا العنصر إلا عند <color=#F2E6BD>السندان</color>."
"items.scrolls.blueprintsAndPatterns.gear.weapons.sunsScornBlueprint.Name","Sun's Scorn Blueprint","مخطط ازدراء الشمس"
"items.scrolls.blueprintsAndPatterns.gear.weapons.tongueSplitterBlueprint.Description","Detailed Instructions for how to craft a <color=#F2E6BD>Tongue Splitter</color>.
This item can only be crafted at an <color=#F2E6BD>Anvil</color>.","تعليمات مفصلة لكيفية صنع <color=#F2E6BD>شاطر اللسان</color>.
لا يمكن صنع هذا العنصر إلا عند <color=#F2E6BD>السندان</color>."
"items.scrolls.blueprintsAndPatterns.gear.weapons.tongueSplitterBlueprint.Name","Tongue Splitter Blueprint","مخطط شاطر اللسان"
"items.scrolls.blueprintsAndPatterns.gear.weapons.weepingEarthBlueprint.Description","Detailed Instructions for how to craft a <color=#F2E6BD>Weeping Earth</color>.
This item can only be crafted at an <color=#F2E6BD>Anvil</color>.","تعليمات مفصلة لكيفية صنع <color=#F2E6BD>الأرض الباكية</color>.
لا يمكن صنع هذا العنصر إلا عند <color=#F2E6BD>السندان</color>."
"items.scrolls.blueprintsAndPatterns.gear.weapons.weepingEarthBlueprint.Name","Weeping Earth Blueprint","مخطط الأرض الباكية"
"items.scrolls.blueprintsAndPatterns.housing.craftingTables.adeptAlchemyTableBlueprint.Description","Detailed instructions for how to craft an <color=#F2E6BD>Adept Alchemy Table</color>.
Allows the creation of more advanced <color=#F2E6BD>potions and elixirs</color> beyond the Apprentice Alchemy Table.
This item can only be crafted at a <color=#F2E6BD>Workbench</color>.","تعليمات مفصلة لكيفية صنع <color=#F2E6BD>طاولة الخيمياء للمتمرسين</color>.
تتيح صنع <color=#F2E6BD>الجرعات والإكسيرات</color> أكثر تقدمًا مقارنةً بطاولة الخيمياء للمبتدئين.
لا يمكن صنع هذا العنصر إلا عند <color=#F2E6BD>طاولة العمل</color>."
"items.scrolls.blueprintsAndPatterns.housing.craftingTables.adeptAlchemyTableBlueprint.Name","Adept Alchemy Table Blueprint","مخطط طاولة خيمياء خبير"
"items.scrolls.blueprintsAndPatterns.housing.craftingTables.adeptScribeTableBlueprint.Description","Detailed instructions for how to craft an <color=#F2E6BD>Adept Scribe Table</color>.
Allows <color=#F2E6BD>research into more advanced schematics</color> beyond the Novice Scribe Table.
This item can only be crafted at a <color=#F2E6BD>Workbench</color>.","تعليمات مفصلة لكيفية صنع <color=#F2E6BD>طاولة الناسخ المتمرس</color>.
تتيح <color=#F2E6BD>البحث في مخططات أكثر تقدمًا</color> مقارنةً بطاولة الناسخ للمبتدئين.
لا يمكن صنع هذا العنصر إلا عند <color=#F2E6BD>طاولة العمل</color>."
"items.scrolls.blueprintsAndPatterns.housing.craftingTables.adeptScribeTableBlueprint.Name","Adept Scribe Table Blueprint","مخطط طاولة نَسّاخ خبير"
"items.scrolls.blueprintsAndPatterns.housing.craftingTables.apprenticeAlchemyTableBlueprint.Description","Detailed instructions for how to craft an <color=#F2E6BD>Apprentice Alchemy Table</color>.
Unlocks the ability to <color=#F2E6BD>craft potions and elixirs</color> within your home.
This item can only be crafted at a <color=#F2E6BD>Workbench</color>.","تعليمات مفصلة لكيفية صنع <color=#F2E6BD>طاولة الخيمياء للمبتدئين</color>.
تفتح القدرة على <color=#F2E6BD>صنع الجرعات والإكسيرات</color> داخل منزلك.
لا يمكن صنع هذا العنصر إلا عند <color=#F2E6BD>طاولة العمل</color>."
"items.scrolls.blueprintsAndPatterns.housing.craftingTables.apprenticeAlchemyTableBlueprint.Name","Apprentice Alchemy Table Blueprint","مخطط طاولة خيمياء مبتدئ"
"items.scrolls.blueprintsAndPatterns.housing.craftingTables.apprenticeSewingTableBlueprint.Description","Detailed instructions for how to craft an <color=#F2E6BD>Apprentice Sewing Table</color>.
Unlocks the ability to <color=#F2E6BD>craft cloth and leather armor</color> within your home.
This item can only be crafted at a <color=#F2E6BD>Workbench</color>.","تعليمات مفصلة لكيفية صنع <color=#F2E6BD>طاولة خياطة المبتدئين</color>.
تفتح القدرة على <color=#F2E6BD>صنع الدروع القماشية والجلدية</color> داخل منزلك.
لا يمكن صنع هذا العنصر إلا عند <color=#F2E6BD>طاولة العمل</color>."
"items.scrolls.blueprintsAndPatterns.housing.craftingTables.apprenticeSewingTableBlueprint.Name","Apprentice Sewing Table Blueprint","مخطط طاولة خياطة مبتدئ"
"items.scrolls.blueprintsAndPatterns.housing.craftingTables.architectsWorkbenchBlueprint.Description","Detailed instructions for how to craft an <color=#F2E6BD>Architect’s Workbench</color>.
Enables <color=#F2E6BD>crafting of intricate and high-tier designs</color> beyond the Builder’s Workbench.
This item can only be crafted at a <color=#F2E6BD>Workbench</color>.","تعليمات مفصلة لكيفية صنع <color=#F2E6BD>طاولة عمل المهندس المعماري</color>.
تتيح <color=#F2E6BD>صنع تصميمات معقدة وعالية المستوى</color> مقارنةً بطاولة عمل البنّاء.
لا يمكن صنع هذا العنصر إلا عند <color=#F2E6BD>طاولة العمل</color>."
"items.scrolls.blueprintsAndPatterns.housing.craftingTables.architectsWorkbenchBlueprint.Name","Architect’s Workbench Blueprint","مخطط طاولة عمل المهندس المعماري"
"items.scrolls.blueprintsAndPatterns.housing.craftingTables.archivistScribeTableBlueprint.Description","Detailed instructions for how to craft an <color=#F2E6BD>Archivist Scribe Table</color>.
Unlocks <color=#F2E6BD>complex and refined blueprints</color> beyond the Adept Scribe Table.
This item can only be crafted at a <color=#F2E6BD>Workbench</color>.","تعليمات مفصلة لكيفية صنع <color=#F2E6BD>طاولة الناسخ للأرشيف</color>.
تفتح <color=#F2E6BD>مخططات معقدة ومتقنة</color> مقارنةً بطاولة الناسخ المتمرس.
لا يمكن صنع هذا العنصر إلا عند <color=#F2E6BD>طاولة العمل</color>."
"items.scrolls.blueprintsAndPatterns.housing.craftingTables.archivistScribeTableBlueprint.Name","Archivist Scribe Table Blueprint","مخطط طاولة نَسّاخ الأرشيفي"
"items.scrolls.blueprintsAndPatterns.housing.craftingTables.basicWorkbenchBlueprint.Description","Detailed instructions for how to craft a <color=#F2E6BD>Basic Workbench</color>.
Unlocks the ability to <color=#F2E6BD>craft furniture and structures</color> within your home.
This item can only be crafted at a <color=#F2E6BD>Workbench</color>.","تعليمات مفصلة لكيفية صنع <color=#F2E6BD>طاولة العمل الأساسية</color>.
تفتح القدرة على <color=#F2E6BD>صنع الأثاث والهياكل</color> داخل منزلك.
لا يمكن صنع هذا العنصر إلا عند <color=#F2E6BD>طاولة العمل</color>."
"items.scrolls.blueprintsAndPatterns.housing.craftingTables.basicWorkbenchBlueprint.Name","Basic Workbench Blueprint","مخطط طاولة عمل أساسية"
"items.scrolls.blueprintsAndPatterns.housing.craftingTables.buildersWorkbenchBlueprint.Description","Detailed instructions for how to craft a <color=#F2E6BD>Builder’s Workbench</color>.
Allows <color=#F2E6BD>construction of more advanced furnishings</color> than the Basic Workbench.
This item can only be crafted at a <color=#F2E6BD>Workbench</color>.","تعليمات مفصلة لكيفية صنع <color=#F2E6BD>طاولة عمل البنّاء</color>.
تتيح <color=#F2E6BD>بناء أثاث ومفروشات أكثر تقدمًا</color> مقارنةً بطاولة العمل الأساسية.
لا يمكن صنع هذا العنصر إلا عند <color=#F2E6BD>طاولة العمل</color>."
"items.scrolls.blueprintsAndPatterns.housing.craftingTables.buildersWorkbenchBlueprint.Name","Builder’s Workbench Blueprint","مخطط طاولة عمل البنّاء"
"items.scrolls.blueprintsAndPatterns.housing.craftingTables.chefsStoveBlueprint.Description","Detailed instructions for how to craft a <color=#F2E6BD>Chef’s Stove</color>.
Enables <color=#F2E6BD>cooking of rare and complex recipes</color> beyond the Cook’s Stove.
This item can only be crafted at a <color=#F2E6BD>Workbench</color>.","تعليمات مفصلة لكيفية صنع <color=#F2E6BD>موقد الطاهي الكبير</color>.
تتيح <color=#F2E6BD>طهي وصفات نادرة ومعقدة</color> مقارنةً بموقد الطاهي.
لا يمكن صنع هذا العنصر إلا عند <color=#F2E6BD>طاولة العمل</color>."
"items.scrolls.blueprintsAndPatterns.housing.craftingTables.chefsStoveBlueprint.Name","Chef’s Stove Blueprint","مخطط فرن كبير الطهاة"
"items.scrolls.blueprintsAndPatterns.housing.craftingTables.cooksStoveBlueprint.Description","Detailed instructions for how to craft a <color=#F2E6BD>Cook’s Stove</color>.
Allows <color=#F2E6BD>preparation of refined and hearty dishes</color> beyond the Hearth Stove.
This item can only be crafted at a <color=#F2E6BD>Workbench</color>.","تعليمات مفصلة لكيفية صنع <color=#F2E6BD>موقد الطاهي</color>.
تتيح <color=#F2E6BD>إعداد أطباق دسمة ومتقنة</color> مقارنةً بموقد البيت.
لا يمكن صنع هذا العنصر إلا عند <color=#F2E6BD>طاولة العمل</color>."
"items.scrolls.blueprintsAndPatterns.housing.craftingTables.cooksStoveBlueprint.Name","Cook’s Stove Blueprint","مخطط فرن الطاهي"
"items.scrolls.blueprintsAndPatterns.housing.craftingTables.crudeAnvilBlueprint.Description","Detailed instructions for how to craft a <color=#F2E6BD>Crude Anvil</color>.
Unlocks the ability to <color=#F2E6BD>forge basic weapons and armor</color> within your home.
This item can only be crafted at a <color=#F2E6BD>Workbench</color>.","تعليمات مفصلة لكيفية صنع <color=#F2E6BD>السندان البدائي</color>.
تفتح القدرة على <color=#F2E6BD>طرق الأسلحة والدروع الأساسية</color> داخل منزلك.
لا يمكن صنع هذا العنصر إلا عند <color=#F2E6BD>طاولة العمل</color>."
"items.scrolls.blueprintsAndPatterns.housing.craftingTables.crudeAnvilBlueprint.Name","Crude Anvil Blueprint","مخطط سندان بدائي"
"items.scrolls.blueprintsAndPatterns.housing.craftingTables.fineArtificerTableBlueprint.Description","Detailed Instructions for how to craft an <color=#F2E6BD>Fine Artificer Table</color>.
This item can only be crafted at a <color=#F2E6BD>Workbench</color>.","تعليمات مفصلة لكيفية صنع <color=#F2E6BD>طاولة الصانع الفاخرة</color>.
لا يمكن صنع هذا العنصر إلا عند <color=#F2E6BD>طاولة العمل</color>."
"items.scrolls.blueprintsAndPatterns.housing.craftingTables.fineArtificerTableBlueprint.Name","Fine Artificer Table Blueprint","مخطط طاولة الصانع الفاخرة"
"items.scrolls.blueprintsAndPatterns.housing.craftingTables.forgedAnvilBlueprint.Description","Detailed instructions for how to craft a <color=#F2E6BD>Forged Anvil</color>.
Allows the <color=#F2E6BD>forging of stronger and more refined gear</color> than the Crude Anvil.
This item can only be crafted at a <color=#F2E6BD>Workbench</color>.","تعليمات مفصلة لكيفية صنع <color=#F2E6BD>السندان المطروق</color>.
تتيح <color=#F2E6BD>طرق عتاد أقوى وأكثر إتقانًا</color> مقارنةً بالسندان البدائي.
لا يمكن صنع هذا العنصر إلا عند <color=#F2E6BD>طاولة العمل</color>."
"items.scrolls.blueprintsAndPatterns.housing.craftingTables.forgedAnvilBlueprint.Name","Forged Anvil Blueprint","مخطط سندان مصروق"
"items.scrolls.blueprintsAndPatterns.housing.craftingTables.grandmasterAlchemyTableBlueprint.Description","Detailed instructions for how to craft a <color=#F2E6BD>Grandmaster Alchemy Table</color>.
Enables the brewing of rare and complex <color=#F2E6BD>alchemical recipes</color> beyond the Adept Alchemy Table.
This item can only be crafted at a <color=#F2E6BD>Workbench</color>.","تعليمات مفصلة لكيفية صنع <color=#F2E6BD>طاولة الخيمياء للمعلم الأكبر</color>.
تتيح تخمير <color=#F2E6BD>وصفات خيميائية</color> نادرة ومعقدة مقارنةً بطاولة الخيمياء للمتمرسين.
لا يمكن صنع هذا العنصر إلا عند <color=#F2E6BD>طاولة العمل</color>."
"items.scrolls.blueprintsAndPatterns.housing.craftingTables.grandmasterAlchemyTableBlueprint.Name","Grandmaster Alchemy Table Blueprint","مخطط طاولة خيمياء معلم كبير"
"items.scrolls.blueprintsAndPatterns.housing.craftingTables.hearthStoveBlueprint.Description","Detailed instructions for how to craft a <color=#F2E6BD>Hearth Stove</color>.
Unlocks the ability to <color=#F2E6BD>cook advanced meals</color> within your home.
This item can only be crafted at a <color=#F2E6BD>Workbench</color>.","تعليمات مفصلة لكيفية صنع <color=#F2E6BD>موقد البيت</color>.
تفتح القدرة على <color=#F2E6BD>طهي وجبات متقدمة</color> داخل منزلك.
لا يمكن صنع هذا العنصر إلا عند <color=#F2E6BD>طاولة العمل</color>."
"items.scrolls.blueprintsAndPatterns.housing.craftingTables.hearthStoveBlueprint.Name","Hearth Stove Blueprint","مخطط موقد الفرن المنزلي"
"items.scrolls.blueprintsAndPatterns.housing.craftingTables.masterSewingTableBlueprint.Description","Detailed instructions for how to craft a <color=#F2E6BD>Master Sewing Table</color>.
Enables <color=#F2E6BD>tailoring of superior and ornate outfits</color> beyond the Spinner’s Sewing Table.
This item can only be crafted at a <color=#F2E6BD>Workbench</color>.","تعليمات مفصلة لكيفية صنع <color=#F2E6BD>طاولة خياطة المعلم</color>.
تتيح <color=#F2E6BD>حياكة أزياء فاخرة ومزخرفة</color> مقارنةً بطاولة خياطة الغزّال.
لا يمكن صنع هذا العنصر إلا عند <color=#F2E6BD>طاولة العمل</color>."
"items.scrolls.blueprintsAndPatterns.housing.craftingTables.masterSewingTableBlueprint.Name","Master Sewing Table Blueprint","مخطط طاولة خياطة معلم"
"items.scrolls.blueprintsAndPatterns.housing.craftingTables.noviceScribeTableBlueprint.Description","Detailed instructions for how to craft a <color=#F2E6BD>Novice Scribe Table</color>.
Unlocks the ability to <color=#F2E6BD>research and document new item designs</color>.
This item can only be crafted at a <color=#F2E6BD>Workbench</color>.","تعليمات مفصلة لكيفية صنع <color=#F2E6BD>طاولة الناسخ للمبتدئين</color>.
تفتح القدرة على <color=#F2E6BD>البحث وتوثيق تصميمات عناصر جديدة</color>.
لا يمكن صنع هذا العنصر إلا عند <color=#F2E6BD>طاولة العمل</color>."
"items.scrolls.blueprintsAndPatterns.housing.craftingTables.noviceScribeTableBlueprint.Name","Novice Scribe Table Blueprint","مخطط طاولة نَسّاخ مبتدئ"
"items.scrolls.blueprintsAndPatterns.housing.craftingTables.runedAnvilBlueprint.Description","Detailed instructions for how to craft a <color=#F2E6BD>Runed Anvil</color>.
Enables the <color=#F2E6BD>creation of master-quality arms and armor</color> beyond the Forged Anvil.
This item can only be crafted at a <color=#F2E6BD>Workbench</color>.","تعليمات مفصلة لكيفية صنع <color=#F2E6BD>السندان المنقوش بالرون</color>.
تتيح <color=#F2E6BD>صنع أسلحة ودروع بجودة متقنة</color> مقارنةً بالسندان المطروق.
لا يمكن صنع هذا العنصر إلا عند <color=#F2E6BD>طاولة العمل</color>."
"items.scrolls.blueprintsAndPatterns.housing.craftingTables.runedAnvilBlueprint.Name","Runed Anvil Blueprint","مخطط سندان منقوش بالرونات"
"items.scrolls.blueprintsAndPatterns.housing.craftingTables.simpleArtificerTableBlueprint.Description","Detailed Instructions for how to craft an <color=#F2E6BD>Simple Artificer Table</color>.
This item can only be crafted at a <color=#F2E6BD>Workbench</color>.","تعليمات مفصلة لكيفية صنع <color=#F2E6BD>طاولة الصانع البسيطة</color>.
لا يمكن صنع هذا العنصر إلا عند <color=#F2E6BD>طاولة العمل</color>."
"items.scrolls.blueprintsAndPatterns.housing.craftingTables.simpleArtificerTableBlueprint.Name","Simple Artificer Table Blueprint","مخطط طاولة الصانع البسيطة"
"items.scrolls.blueprintsAndPatterns.housing.craftingTables.spinnersSewingTableBlueprint.Description","Detailed instructions for how to craft a <color=#F2E6BD>Spinner’s Sewing Table</color>.
Allows <color=#F2E6BD>creation of finer garments</color> beyond the Apprentice Sewing Table.
This item can only be crafted at a <color=#F2E6BD>Workbench</color>.","تعليمات مفصلة لكيفية صنع <color=#F2E6BD>طاولة خياطة الغزّال</color>.
تتيح <color=#F2E6BD>صنع ملابس وأردية أرقى</color> مقارنةً بطاولة خياطة المبتدئين.
لا يمكن صنع هذا العنصر إلا عند <color=#F2E6BD>طاولة العمل</color>."
"items.scrolls.blueprintsAndPatterns.housing.craftingTables.spinnersSewingTableBlueprint.Name","Spinner’s Sewing Table Blueprint","مخطط طاولة خياطة الغزّال"
"items.scrolls.blueprintsAndPatterns.housing.craftingTables.sturdyArtificerTableBlueprint.Description","Detailed Instructions for how to craft an <color=#F2E6BD>Sturdy Artificer Table</color>.
This item can only be crafted at a <color=#F2E6BD>Workbench</color>.","تعليمات مفصلة لكيفية صنع <color=#F2E6BD>طاولة الصانع المتينة</color>.
لا يمكن صنع هذا العنصر إلا عند <color=#F2E6BD>طاولة العمل</color>."
"items.scrolls.blueprintsAndPatterns.housing.craftingTables.sturdyArtificerTableBlueprint.Name","Sturdy Artificer Table Blueprint","مخطط طاولة الصانع المتينة"
"items.scrolls.blueprintsAndPatterns.housing.decorativeItems.basicCandleHolderBlueprint.Description","Detailed Instructions for how to craft a <color=#F2E6BD>Basic Candle Holder</color>.
This item can only be crafted at a <color=#F2E6BD>Workbench</color>.","تعليمات مفصلة لكيفية صنع <color=#F2E6BD>حامل شموع أساسي</color>.
لا يمكن صنع هذا العنصر إلا عند <color=#F2E6BD>طاولة العمل</color>."
"items.scrolls.blueprintsAndPatterns.housing.decorativeItems.basicCandleHolderBlueprint.Name","Basic Candle Holder Blueprint","مخطط حامل شموع أساسي"
"items.scrolls.blueprintsAndPatterns.housing.decorativeItems.chimneyBlueprint.Description","Detailed Instructions for how to craft a <color=#F2E6BD>Chimney</color>.
This item can only be crafted at a <color=#F2E6BD>Workbench</color>.","تعليمات مفصلة لكيفية صنع <color=#F2E6BD>مدخنة</color>.
لا يمكن صنع هذا العنصر إلا عند <color=#F2E6BD>طاولة العمل</color>."
"items.scrolls.blueprintsAndPatterns.housing.decorativeItems.chimneyBlueprint.Name","Chimney Blueprint","مخطط مدخنة"
"items.scrolls.blueprintsAndPatterns.housing.decorativeItems.crimsonTulipVaseBlueprint.Description","Detailed Instructions for how to craft a <color=#F2E6BD>Crimson Tulip Vase</color>.
This item can only be crafted at a <color=#F2E6BD>Workbench</color>.","تعليمات مفصلة لكيفية صنع <color=#F2E6BD>مزهرية خزامى قرمزية</color>.
لا يمكن صنع هذا العنصر إلا عند <color=#F2E6BD>طاولة العمل</color>."
"items.scrolls.blueprintsAndPatterns.housing.decorativeItems.crimsonTulipVaseBlueprint.Name","Crimson Tulip Vase Blueprint","مخطط مزهرية خزامى قرمزية"
"items.scrolls.blueprintsAndPatterns.housing.decorativeItems.flimsyJuteCarpetBlueprint.Description","Detailed Instructions for how to craft a <color=#F2E6BD>Flimsy Jute Carpet</color>.
This item can only be crafted at a <color=#F2E6BD>Workbench</color>.","تعليمات مفصلة لكيفية صنع <color=#F2E6BD>سجادة خيش خفيفة</color>.
لا يمكن صنع هذا العنصر إلا عند <color=#F2E6BD>طاولة العمل</color>."
"items.scrolls.blueprintsAndPatterns.housing.decorativeItems.flimsyJuteCarpetBlueprint.Name","Flimsy Jute Carpet Blueprint","مخطط سجادة خيش خفيفة"
"items.scrolls.blueprintsAndPatterns.housing.decorativeItems.grayClayVaseBlueprint.Description","Detailed Instructions for how to craft a <color=#F2E6BD>Gray Clay Vase</color>.
This item can only be crafted at a <color=#F2E6BD>Workbench</color>.","تعليمات مفصلة لكيفية صنع <color=#F2E6BD>مزهرية طين رمادي</color>.
لا يمكن صنع هذا العنصر إلا عند <color=#F2E6BD>طاولة العمل</color>."
"items.scrolls.blueprintsAndPatterns.housing.decorativeItems.grayClayVaseBlueprint.Name","Gray Clay Vase Blueprint","مخطط مزهرية طين رمادي"
"items.scrolls.blueprintsAndPatterns.housing.decorativeItems.homesteadLuchinaBlueprint.Description","Detailed Instructions for how to craft a <color=#F2E6BD>Homestead Luchina</color>.
This item can only be crafted at a <color=#F2E6BD>Workbench</color>.","تعليمات مفصلة لكيفية صنع <color=#F2E6BD>شعلة لوتشينا منزلية</color>.
لا يمكن صنع هذا العنصر إلا عند <color=#F2E6BD>طاولة العمل</color>."
"items.scrolls.blueprintsAndPatterns.housing.decorativeItems.homesteadLuchinaBlueprint.Name","Homestead Luchina Blueprint","مخطط شعلة لوتشينا منزلية"
"items.scrolls.blueprintsAndPatterns.housing.decorativeItems.ironBrazierBlueprint.Description","Detailed Instructions for how to craft an <color=#F2E6BD>Iron Brazier</color>.
This item can only be crafted at a <color=#F2E6BD>Workbench</color>.","تعليمات مفصلة لكيفية صنع <color=#F2E6BD>مجمرة حديدية</color>.
لا يمكن صنع هذا العنصر إلا عند <color=#F2E6BD>طاولة العمل</color>."
"items.scrolls.blueprintsAndPatterns.housing.decorativeItems.ironBrazierBlueprint.Name","Iron Brazier Blueprint","مخطط مجمرة حديدية"
"items.scrolls.blueprintsAndPatterns.housing.decorativeItems.lavenderVaseBlueprint.Description","Detailed Instructions for how to craft a <color=#F2E6BD>Lavender Vase</color>.
This item can only be crafted at a <color=#F2E6BD>Workbench</color>.","تعليمات مفصلة لكيفية صنع <color=#F2E6BD>مزهرية الخزامى العطرة</color>.
لا يمكن صنع هذا العنصر إلا عند <color=#F2E6BD>طاولة العمل</color>."
"items.scrolls.blueprintsAndPatterns.housing.decorativeItems.lavenderVaseBlueprint.Name","Lavender Vase Blueprint","مخطط مزهرية الخزامى العطرة"
"items.scrolls.blueprintsAndPatterns.housing.decorativeItems.lumberStackBlueprint.Description","Detailed Instructions for how to craft a <color=#F2E6BD>Lumber Stack</color>.
This item can only be crafted at a <color=#F2E6BD>Workbench</color>.","تعليمات مفصلة لكيفية صنع <color=#F2E6BD>كومة خشب</color>.
لا يمكن صنع هذا العنصر إلا عند <color=#F2E6BD>طاولة العمل</color>."
"items.scrolls.blueprintsAndPatterns.housing.decorativeItems.lumberStackBlueprint.Name","Lumber Stack Blueprint","مخطط كومة خشب"
"items.scrolls.blueprintsAndPatterns.housing.decorativeItems.minstrelsTimelessLuteBlueprint.Description","Detailed Instructions for how to craft a <color=#F2E6BD>Minstrel's Timeless Lute</color>.
This item can only be crafted at a <color=#F2E6BD>Workbench</color>.","تعليمات مفصلة لكيفية صنع <color=#F2E6BD>عود المنشد الخالد</color>.
لا يمكن صنع هذا العنصر إلا عند <color=#F2E6BD>طاولة العمل</color>."
"items.scrolls.blueprintsAndPatterns.housing.decorativeItems.minstrelsTimelessLuteBlueprint.Name","Minstrel's Timeless Lute Blueprint","مخطط عود المنشد الخالد"
"items.scrolls.blueprintsAndPatterns.housing.decorativeItems.nobleCandleHolderBlueprint.Description","Detailed Instructions for how to craft a <color=#F2E6BD>Noble Candle Holder</color>.
This item can only be crafted at a <color=#F2E6BD>Workbench</color>.","تعليمات مفصلة لكيفية صنع <color=#F2E6BD>حامل شموع نبيل</color>.
لا يمكن صنع هذا العنصر إلا عند <color=#F2E6BD>طاولة العمل</color>."
"items.scrolls.blueprintsAndPatterns.housing.decorativeItems.nobleCandleHolderBlueprint.Name","Noble Candle Holder Blueprint","مخطط حامل شموع نبيل"
"items.scrolls.blueprintsAndPatterns.housing.decorativeItems.redCottonCarpetBlueprint.Description","Detailed Instructions for how to craft a <color=#F2E6BD>Red Cotton Carpet</color>.
This item can only be crafted at a <color=#F2E6BD>Workbench</color>.","تعليمات مفصلة لكيفية صنع <color=#F2E6BD>سجادة قطنية حمراء</color>.
لا يمكن صنع هذا العنصر إلا عند <color=#F2E6BD>طاولة العمل</color>."
"items.scrolls.blueprintsAndPatterns.housing.decorativeItems.redCottonCarpetBlueprint.Name","Red Cotton Carpet Blueprint","مخطط سجادة قطنية حمراء"
"items.scrolls.blueprintsAndPatterns.housing.decorativeItems.refinedCandleHolderBlueprint.Description","Detailed Instructions for how to craft a <color=#F2E6BD>Refined Candle Holder</color>.
This item can only be crafted at a <color=#F2E6BD>Workbench</color>.","تعليمات مفصلة لكيفية صنع <color=#F2E6BD>حامل شموع أنيق</color>.
لا يمكن صنع هذا العنصر إلا عند <color=#F2E6BD>طاولة العمل</color>."
"items.scrolls.blueprintsAndPatterns.housing.decorativeItems.refinedCandleHolderBlueprint.Name","Refined Candle Holder Blueprint","مخطط حامل شموع أنيق"
"items.scrolls.blueprintsAndPatterns.housing.decorativeItems.stackOfTomesBlueprint.Description","Detailed Instructions for how to craft a <color=#F2E6BD>Stack of Tomes</color>.
This item can only be crafted at a <color=#F2E6BD>Workbench</color>.","تعليمات مفصلة لكيفية صنع <color=#F2E6BD>كومة مجلدات</color>.
لا يمكن صنع هذا العنصر إلا عند <color=#F2E6BD>طاولة العمل</color>."
"items.scrolls.blueprintsAndPatterns.housing.decorativeItems.stackOfTomesBlueprint.Name","Stack of Tomes Blueprint","مخطط كومة مجلدات"
"items.scrolls.blueprintsAndPatterns.housing.decorativeItems.sunfireVaseBlueprint.Description","Detailed Instructions for how to craft a <color=#F2E6BD>Sunfire Vase</color>.
This item can only be crafted at a <color=#F2E6BD>Workbench</color>.","تعليمات مفصلة لكيفية صنع <color=#F2E6BD>مزهرية نار الشمس</color>.
لا يمكن صنع هذا العنصر إلا عند <color=#F2E6BD>طاولة العمل</color>."
"items.scrolls.blueprintsAndPatterns.housing.decorativeItems.sunfireVaseBlueprint.Name","Sunfire Vase Blueprint","مخطط مزهرية نار الشمس"
"items.scrolls.blueprintsAndPatterns.housing.decorativeItems.verdantBloomVaseBlueprint.Description","Detailed Instructions for how to craft a <color=#F2E6BD>Verdant Bloom Vase</color>.
This item can only be crafted at a <color=#F2E6BD>Workbench</color>.","تعليمات مفصلة لكيفية صنع <color=#F2E6BD>مزهرية أزهار يانعة</color>.
لا يمكن صنع هذا العنصر إلا عند <color=#F2E6BD>طاولة العمل</color>."
"items.scrolls.blueprintsAndPatterns.housing.decorativeItems.verdantBloomVaseBlueprint.Name","Verdant Bloom Vase Blueprint","مخطط مزهرية أزهار يانعة"
"items.scrolls.blueprintsAndPatterns.housing.furniture.beds.adventurersRespiteBedBlueprint.Description","Detailed Instructions for how to craft a <color=#F2E6BD>Adventurer's Respite Bed</color>.
This item can only be crafted at a <color=#F2E6BD>Workbench</color>.","تعليمات مفصلة لكيفية صنع <color=#F2E6BD>سرير راحة المغامر</color>.
لا يمكن صنع هذا العنصر إلا عند <color=#F2E6BD>طاولة العمل</color>."
"items.scrolls.blueprintsAndPatterns.housing.furniture.beds.adventurersRespiteBedBlueprint.Name","Adventurer's Respite Bed Blueprint","مخطط سرير راحة المغامر"
"items.scrolls.blueprintsAndPatterns.housing.furniture.beds.voyagersRejuvenationBedBlueprint.Description","Detailed Instructions for how to craft a <color=#F2E6BD>Voyager's Rejuvenation Bed</color>.
This item can only be crafted at a <color=#F2E6BD>Workbench</color>.","تعليمات مفصلة لكيفية صنع <color=#F2E6BD>سرير تجديد الرحالة</color>.
لا يمكن صنع هذا العنصر إلا عند <color=#F2E6BD>طاولة العمل</color>."
"items.scrolls.blueprintsAndPatterns.housing.furniture.beds.voyagersRejuvenationBedBlueprint.Name","Voyager's Rejuvenation Bed Blueprint","مخطط سرير تجديد الرحالة"
"items.scrolls.blueprintsAndPatterns.housing.furniture.beds.wayfarersRestBedBlueprint.Description","Detailed Instructions for how to craft a <color=#F2E6BD>Wayfarer's Rest Bed</color>.
This item can only be crafted at a <color=#F2E6BD>Workbench</color>.","تعليمات مفصلة لكيفية صنع <color=#F2E6BD>سرير راحة عابر السبيل</color>.
لا يمكن صنع هذا العنصر إلا عند <color=#F2E6BD>طاولة العمل</color>."
"items.scrolls.blueprintsAndPatterns.housing.furniture.beds.wayfarersRestBedBlueprint.Name","Wayfarer's Rest Bed Blueprint","مخطط سرير راحة عابر السبيل"
"items.scrolls.blueprintsAndPatterns.housing.furniture.benches.naturalContourBenchBlueprint.Description","Detailed Instructions for how to craft a <color=#F2E6BD>Natural Contour Bench</color>.
This item can only be crafted at a <color=#F2E6BD>Workbench</color>.","تعليمات مفصلة لكيفية صنع <color=#F2E6BD>مقعد ذو انحناءات طبيعية</color>.
لا يمكن صنع هذا العنصر إلا عند <color=#F2E6BD>طاولة العمل</color>."
"items.scrolls.blueprintsAndPatterns.housing.furniture.benches.naturalContourBenchBlueprint.Name","Natural Contour Bench Blueprint","مخطط مقعد ذو انحناءات طبيعية"
"items.scrolls.blueprintsAndPatterns.housing.furniture.benches.simplisticPlankBenchBlueprint.Description","Detailed Instructions for how to craft a <color=#F2E6BD>Simplistic Plank Bench</color>.
This item can only be crafted at a <color=#F2E6BD>Workbench</color>.","تعليمات مفصلة لكيفية صنع <color=#F2E6BD>مقعد ألواح بسيط</color>.
لا يمكن صنع هذا العنصر إلا عند <color=#F2E6BD>طاولة العمل</color>."
"items.scrolls.blueprintsAndPatterns.housing.furniture.benches.simplisticPlankBenchBlueprint.Name","Simplistic Plank Bench Blueprint","مخطط مقعد ألواح بسيط"
"items.scrolls.blueprintsAndPatterns.housing.furniture.benches.whittledShortBenchBlueprint.Description","Detailed Instructions for how to craft a <color=#F2E6BD>Whittled Short Bench</color>.
This item can only be crafted at a <color=#F2E6BD>Workbench</color>.","تعليمات مفصلة لكيفية صنع <color=#F2E6BD>مقعد قصير منحوت</color>.
لا يمكن صنع هذا العنصر إلا عند <color=#F2E6BD>طاولة العمل</color>."
"items.scrolls.blueprintsAndPatterns.housing.furniture.benches.whittledShortBenchBlueprint.Name","Whittled Short Bench Blueprint","مخطط مقعد قصير منحوت"
"items.scrolls.blueprintsAndPatterns.housing.furniture.cabinets.simpleWineCabinetBlueprint.Description","Detailed Instructions for how to craft a <color=#F2E6BD>Simple Wine Cabinet</color>.
This item can only be crafted at a <color=#F2E6BD>Workbench</color>.","تعليمات مفصلة لكيفية صنع <color=#F2E6BD>خزانة نبيذ بسيطة</color>.
لا يمكن صنع هذا العنصر إلا عند <color=#F2E6BD>طاولة العمل</color>."
"items.scrolls.blueprintsAndPatterns.housing.furniture.cabinets.simpleWineCabinetBlueprint.Name","Simple Wine Cabinet Blueprint","مخطط خزانة نبيذ بسيطة"
"items.scrolls.blueprintsAndPatterns.housing.furniture.chairs.charredSolitudeChairBlueprint.Description","Detailed Instructions for how to craft a <color=#F2E6BD>Charred Solitude Chair</color>.
This item can only be crafted at a <color=#F2E6BD>Workbench</color>.","تعليمات مفصلة لكيفية صنع <color=#F2E6BD>كرسي العزلة المتفحم</color>.
لا يمكن صنع هذا العنصر إلا عند <color=#F2E6BD>طاولة العمل</color>."
"items.scrolls.blueprintsAndPatterns.housing.furniture.chairs.charredSolitudeChairBlueprint.Name","Charred Solitude Chair Blueprint","مخطط كرسي العزلة المتفحم"
"items.scrolls.blueprintsAndPatterns.housing.furniture.chairs.engravedHearthguardChairBlueprint.Description","Detailed Instructions for how to craft a <color=#F2E6BD>Engraved Hearthguard Chair</color>.
This item can only be crafted at a <color=#F2E6BD>Workbench</color>.","تعليمات مفصلة لكيفية صنع <color=#F2E6BD>كرسي حارس الموقد المنقوش</color>.
لا يمكن صنع هذا العنصر إلا عند <color=#F2E6BD>طاولة العمل</color>."
"items.scrolls.blueprintsAndPatterns.housing.furniture.chairs.engravedHearthguardChairBlueprint.Name","Engraved Hearthguard Chair Blueprint","مخطط كرسي حارس الموقد المنقوش"
"items.scrolls.blueprintsAndPatterns.housing.furniture.chairs.sculptedEleganceChairBlueprint.Description","Detailed Instructions for how to craft a <color=#F2E6BD>Simple Elegance Chair</color>.
This item can only be crafted at a <color=#F2E6BD>Workbench</color>.","تعليمات مفصلة لكيفية صنع <color=#F2E6BD>كرسي البساطة الأنيقة</color>.
لا يمكن صنع هذا العنصر إلا عند <color=#F2E6BD>طاولة العمل</color>."
"items.scrolls.blueprintsAndPatterns.housing.furniture.chairs.sculptedEleganceChairBlueprint.Name","Simple Elegance Chair Blueprint","مخطط كرسي البساطة الأنيقة"
"items.scrolls.blueprintsAndPatterns.housing.furniture.chairs.simpleChairBlueprint.Description","Detailed Instructions for how to craft a <color=#F2E6BD>Simple Chair</color>.
This item can only be crafted at a <color=#F2E6BD>Workbench</color>.","تعليمات مفصلة لكيفية صنع <color=#F2E6BD>كرسي بسيط</color>.
لا يمكن صنع هذا العنصر إلا عند <color=#F2E6BD>طاولة العمل</color>."
"items.scrolls.blueprintsAndPatterns.housing.furniture.chairs.simpleChairBlueprint.Name","Simple Chair Blueprint","مخطط كرسي بسيط"
"items.scrolls.blueprintsAndPatterns.housing.furniture.chests.engravedHearthsideChestBlueprint.Description","Detailed Instructions for how to craft an <color=#F2E6BD>Engraved Hearthside Chest</color>.
This item can only be crafted at a <color=#F2E6BD>Workbench</color>.","تعليمات مفصلة لكيفية صنع <color=#F2E6BD>صندوق جانب الموقد المنقوش</color>.
لا يمكن صنع هذا العنصر إلا عند <color=#F2E6BD>طاولة العمل</color>."
"items.scrolls.blueprintsAndPatterns.housing.furniture.chests.engravedHearthsideChestBlueprint.Name","Engraved Hearthside Chest Blueprint","مخطط صندوق جانب الموقد المنقوش"
"items.scrolls.blueprintsAndPatterns.housing.furniture.chests.mediumChestBlueprint.Description","Detailed Instructions for how to craft a <color=#F2E6BD>Medium Chest</color>.
This item can only be crafted at a <color=#F2E6BD>Workbench</color>.","تعليمات مفصلة لكيفية صنع <color=#F2E6BD>صندوق متوسط</color>.
لا يمكن صنع هذا العنصر إلا عند <color=#F2E6BD>طاولة العمل</color>."
"items.scrolls.blueprintsAndPatterns.housing.furniture.chests.mediumChestBlueprint.Name","Medium Chest Blueprint","مخطط صندوق متوسط"
"items.scrolls.blueprintsAndPatterns.housing.furniture.chests.smallChestBlueprint.Description","Detailed Instructions for how to craft a <color=#F2E6BD>Small Chest</color>.
This item can only be crafted at a <color=#F2E6BD>Workbench</color>.","تعليمات مفصلة لكيفية صنع <color=#F2E6BD>صندوق صغير</color>.
لا يمكن صنع هذا العنصر إلا عند <color=#F2E6BD>طاولة العمل</color>."
"items.scrolls.blueprintsAndPatterns.housing.furniture.chests.smallChestBlueprint.Name","Small Chest Blueprint","مخطط صندوق صغير"
"items.scrolls.blueprintsAndPatterns.housing.furniture.cupboards.largeCupboardBlueprint.Description","Detailed Instructions for how to craft a <color=#F2E6BD>Large Cupboard</color>.
This item can only be crafted at a <color=#F2E6BD>Workbench</color>.","تعليمات مفصلة لكيفية صنع <color=#F2E6BD>خزانة كبيرة</color>.
لا يمكن صنع هذا العنصر إلا عند <color=#F2E6BD>طاولة العمل</color>."
"items.scrolls.blueprintsAndPatterns.housing.furniture.cupboards.largeCupboardBlueprint.Name","Large Cupboard Blueprint","مخطط خزانة كبيرة"
"items.scrolls.blueprintsAndPatterns.housing.furniture.cupboards.largeNobleCupboardBlueprint.Description","Detailed Instructions for how to craft a <color=#F2E6BD>Large Noble Cupboard</color>.
This item can only be crafted at a <color=#F2E6BD>Workbench</color>.","تعليمات مفصلة لكيفية صنع <color=#F2E6BD>خزانة نبلاء كبيرة</color>.
لا يمكن صنع هذا العنصر إلا عند <color=#F2E6BD>طاولة العمل</color>."
"items.scrolls.blueprintsAndPatterns.housing.furniture.cupboards.largeNobleCupboardBlueprint.Name","Large Noble Cupboard Blueprint","مخطط خزانة نبلاء كبيرة"
"items.scrolls.blueprintsAndPatterns.housing.furniture.cupboards.mediumCupboardBlueprint.Description","Detailed Instructions for how to craft a <color=#F2E6BD>Medium Cupboard</color>.
This item can only be crafted at a <color=#F2E6BD>Workbench</color>.","تعليمات مفصلة لكيفية صنع <color=#F2E6BD>خزانة متوسطة</color>.
لا يمكن صنع هذا العنصر إلا عند <color=#F2E6BD>طاولة العمل</color>."
"items.scrolls.blueprintsAndPatterns.housing.furniture.cupboards.mediumCupboardBlueprint.Name","Medium Cupboard Blueprint","مخطط خزانة متوسطة"
"items.scrolls.blueprintsAndPatterns.housing.furniture.cupboards.mediumNobleCupboardBlueprint.Description","Detailed Instructions for how to craft a <color=#F2E6BD>Medium Noble Cupboard</color>.
This item can only be crafted at a <color=#F2E6BD>Workbench</color>.","تعليمات مفصلة لكيفية صنع <color=#F2E6BD>خزانة نبلاء متوسطة</color>.
لا يمكن صنع هذا العنصر إلا عند <color=#F2E6BD>طاولة العمل</color>."
"items.scrolls.blueprintsAndPatterns.housing.furniture.cupboards.mediumNobleCupboardBlueprint.Name","Medium Noble Cupboard Blueprint","مخطط خزانة نبلاء متوسطة"
"items.scrolls.blueprintsAndPatterns.housing.furniture.cupboards.smallCupboardBlueprint.Description","Detailed Instructions for how to craft a <color=#F2E6BD>Small Cupboard</color>.
This item can only be crafted at a <color=#F2E6BD>Workbench</color>.","تعليمات مفصلة لكيفية صنع <color=#F2E6BD>خزانة صغيرة</color>.
لا يمكن صنع هذا العنصر إلا عند <color=#F2E6BD>طاولة العمل</color>."
"items.scrolls.blueprintsAndPatterns.housing.furniture.cupboards.smallCupboardBlueprint.Name","Small Cupboard Blueprint","مخطط خزانة صغيرة"
"items.scrolls.blueprintsAndPatterns.housing.furniture.cupboards.smallNobleCupboardBlueprint.Description","Detailed Instructions for how to craft a <color=#F2E6BD>Small Noble Cupboard</color>.
This item can only be crafted at a <color=#F2E6BD>Workbench</color>.","تعليمات مفصلة لكيفية صنع <color=#F2E6BD>خزانة نبلاء صغيرة</color>.
لا يمكن صنع هذا العنصر إلا عند <color=#F2E6BD>طاولة العمل</color>."
"items.scrolls.blueprintsAndPatterns.housing.furniture.cupboards.smallNobleCupboardBlueprint.Name","Small Noble Cupboard Blueprint","مخطط خزانة نبلاء صغيرة"
"items.scrolls.blueprintsAndPatterns.housing.furniture.pedestals.acanthusCarvedPedestalBlueprint.Description","Detailed Instructions for how to craft an <color=#F2E6BD>Acanthus Carved Pedestal</color>.
This item can only be crafted at a <color=#F2E6BD>Workbench</color>.","تعليمات مفصلة لكيفية صنع <color=#F2E6BD>قاعدة منحوتة بورق الأقنثا</color>.
لا يمكن صنع هذا العنصر إلا عند <color=#F2E6BD>طاولة العمل</color>."
"items.scrolls.blueprintsAndPatterns.housing.furniture.pedestals.acanthusCarvedPedestalBlueprint.Name","Acanthus Carved Pedestal Blueprint","مخطط قاعدة منحوتة بورق الأقنثا"
"items.scrolls.blueprintsAndPatterns.housing.furniture.pedestals.carvedLecternStandBlueprint.Description","Detailed Instructions for how to craft a <color=#F2E6BD>Carved Lectern Stand</color>.
This item can only be crafted at a <color=#F2E6BD>Workbench</color>.","تعليمات مفصلة لكيفية صنع <color=#F2E6BD>منصة قراءة منحوتة</color>.
لا يمكن صنع هذا العنصر إلا عند <color=#F2E6BD>طاولة العمل</color>."
"items.scrolls.blueprintsAndPatterns.housing.furniture.pedestals.carvedLecternStandBlueprint.Name","Carved Lectern Stand Blueprint","مخطط منصة قراءة منحوتة"
"items.scrolls.blueprintsAndPatterns.housing.furniture.stools.carvedSentinelStoolBlueprint.Description","Detailed Instructions for how to craft a <color=#F2E6BD>Carved Sentinel Stool</color>.
This item can only be crafted at a <color=#F2E6BD>Workbench</color>.","تعليمات مفصلة لكيفية صنع <color=#F2E6BD>مقعد الحارس المنحوت</color>.
لا يمكن صنع هذا العنصر إلا عند <color=#F2E6BD>طاولة العمل</color>."
"items.scrolls.blueprintsAndPatterns.housing.furniture.stools.carvedSentinelStoolBlueprint.Name","Carved Sentinel Stool Blueprint","مخطط مقعد الحارس المنحوت"
"items.scrolls.blueprintsAndPatterns.housing.furniture.stools.carvedThroneStoolBlueprint.Description","Detailed Instructions for how to craft a <color=#F2E6BD>Carved Throne Stool</color>.
This item can only be crafted at a <color=#F2E6BD>Workbench</color>.","تعليمات مفصلة لكيفية صنع <color=#F2E6BD>مقعد العرش المنحوت</color>.
لا يمكن صنع هذا العنصر إلا عند <color=#F2E6BD>طاولة العمل</color>."
"items.scrolls.blueprintsAndPatterns.housing.furniture.stools.carvedThroneStoolBlueprint.Name","Carved Throne Stool Blueprint","مخطط مقعد العرش المنحوت"
"items.scrolls.blueprintsAndPatterns.housing.furniture.stools.jadeWovenStoolBlueprint.Description","Detailed Instructions for how to craft a <color=#F2E6BD>Jade-Woven Stool</color>.
This item can only be crafted at a <color=#F2E6BD>Workbench</color>.","تعليمات مفصلة لكيفية صنع <color=#F2E6BD>مقعد منسوج باليشم</color>.
لا يمكن صنع هذا العنصر إلا عند <color=#F2E6BD>طاولة العمل</color>."
"items.scrolls.blueprintsAndPatterns.housing.furniture.stools.jadeWovenStoolBlueprint.Name","Jade-Woven Stool Blueprint","مخطط مقعد منسوج باليشم"
"items.scrolls.blueprintsAndPatterns.housing.furniture.stools.whittledNestStoolBlueprint.Description","Detailed Instructions for how to craft a <color=#F2E6BD>Whittled Nest Stool</color>.
This item can only be crafted at a <color=#F2E6BD>Workbench</color>.","تعليمات مفصلة لكيفية صنع <color=#F2E6BD>مقعد العش المنحوت</color>.
لا يمكن صنع هذا العنصر إلا عند <color=#F2E6BD>طاولة العمل</color>."
"items.scrolls.blueprintsAndPatterns.housing.furniture.stools.whittledNestStoolBlueprint.Name","Whittled Nest Stool Blueprint","مخطط مقعد العش المنحوت"
"items.scrolls.blueprintsAndPatterns.housing.furniture.tables.simpleDinnerTableBlueprint.Description","Detailed Instructions for how to craft a <color=#F2E6BD>Simple Dinner Table</color>.
This item can only be crafted at a <color=#F2E6BD>Workbench</color>.","تعليمات مفصلة لكيفية صنع <color=#F2E6BD>طاولة عشاء بسيطة</color>.
لا يمكن صنع هذا العنصر إلا عند <color=#F2E6BD>طاولة العمل</color>."
"items.scrolls.blueprintsAndPatterns.housing.furniture.tables.simpleDinnerTableBlueprint.Name","Simple Dinner Table Blueprint","مخطط طاولة عشاء بسيطة"
"items.scrolls.blueprintsAndPatterns.housing.furniture.tables.simpleRoundTableBlueprint.Description","Detailed Instructions for how to craft a <color=#F2E6BD>Simple Round Table</color>.
This item can only be crafted at a <color=#F2E6BD>Workbench</color>.","تعليمات مفصلة لكيفية صنع <color=#F2E6BD>طاولة مستديرة بسيطة</color>.
لا يمكن صنع هذا العنصر إلا عند <color=#F2E6BD>طاولة العمل</color>."
"items.scrolls.blueprintsAndPatterns.housing.furniture.tables.simpleRoundTableBlueprint.Name","Simple Round Table Blueprint","مخطط طاولة مستديرة بسيطة"
"items.scrolls.blueprintsAndPatterns.housing.furniture.tables.simpleTableBlueprint.Description","Detailed Instructions for how to craft a <color=#F2E6BD>Simple Table</color>.
This item can only be crafted at a <color=#F2E6BD>Workbench</color>.","تعليمات مفصلة لكيفية صنع <color=#F2E6BD>طاولة بسيطة</color>.
لا يمكن صنع هذا العنصر إلا عند <color=#F2E6BD>طاولة العمل</color>."
"items.scrolls.blueprintsAndPatterns.housing.furniture.tables.simpleTableBlueprint.Name","Simple Table Blueprint","مخطط طاولة بسيطة"
"items.scrolls.blueprintsAndPatterns.housing.furniture.toys.whittledRockingHorseBlueprint.Description","Detailed Instructions for how to craft a <color=#F2E6BD>Whittled Rocking Horse</color>.
This item can only be crafted at a <color=#F2E6BD>Workbench</color>.","تعليمات مفصلة لكيفية صنع <color=#F2E6BD>حصان هزاز منحوت</color>.
لا يمكن صنع هذا العنصر إلا عند <color=#F2E6BD>طاولة العمل</color>."
"items.scrolls.blueprintsAndPatterns.housing.furniture.toys.whittledRockingHorseBlueprint.Name","Whittled Rocking Horse Blueprint","مخطط حصان هزاز منحوت"
"items.scrolls.blueprintsAndPatterns.housing.refineries.fineFurnaceBlueprint.Description","Detailed Instructions for how to craft a <color=#F2E6BD>Fine Furnace</color>.
This item can only be crafted at a <color=#F2E6BD>Workbench</color>.","تعليمات مفصلة لكيفية صنع <color=#F2E6BD>فرن صهر فاخر</color>.
لا يمكن صنع هذا العنصر إلا عند <color=#F2E6BD>طاولة العمل</color>."
"items.scrolls.blueprintsAndPatterns.housing.refineries.fineFurnaceBlueprint.Name","Fine Furnace Blueprint","مخطط فرن صهر فاخر"
"items.scrolls.blueprintsAndPatterns.housing.refineries.fineSawmillBlueprint.Description","Detailed Instructions for how to craft a <color=#F2E6BD>Fine Sawmill</color>.
This item can only be crafted at a <color=#F2E6BD>Workbench</color>.","تعليمات مفصلة لكيفية صنع <color=#F2E6BD>منشرة خشب فاخرة</color>.
لا يمكن صنع هذا العنصر إلا عند <color=#F2E6BD>طاولة العمل</color>."
"items.scrolls.blueprintsAndPatterns.housing.refineries.fineSawmillBlueprint.Name","Fine Sawmill Blueprint","مخطط منشرة خشب فاخرة"
"items.scrolls.blueprintsAndPatterns.housing.refineries.fineSpinningWheelBlueprint.Description","Detailed Instructions for how to craft a <color=#F2E6BD>Fine Spinning Wheel</color>.
This item can only be crafted at a <color=#F2E6BD>Workbench</color>.","تعليمات مفصلة لكيفية صنع <color=#F2E6BD>عجلة غزل فاخرة</color>.
لا يمكن صنع هذا العنصر إلا عند <color=#F2E6BD>طاولة العمل</color>."
"items.scrolls.blueprintsAndPatterns.housing.refineries.fineSpinningWheelBlueprint.Name","Fine Spinning Wheel Blueprint","مخطط عجلة غزل فاخرة"
"items.scrolls.blueprintsAndPatterns.housing.refineries.fineTanningRackBlueprint.Description","Detailed Instructions for how to craft a <color=#F2E6BD>Fine Tanning Rack</color>.
This item can only be crafted at a <color=#F2E6BD>Workbench</color>.","تعليمات مفصلة لكيفية صنع <color=#F2E6BD>حامل دباغة فاخر</color>.
لا يمكن صنع هذا العنصر إلا عند <color=#F2E6BD>طاولة العمل</color>."
"items.scrolls.blueprintsAndPatterns.housing.refineries.fineTanningRackBlueprint.Name","Fine Tanning Rack Blueprint","مخطط حامل دباغة فاخر"
"items.scrolls.blueprintsAndPatterns.housing.refineries.masterworkFurnaceBlueprint.Description","Detailed Instructions for how to craft a <color=#F2E6BD>Masterwork Furnace</color>.
This item can only be crafted at a <color=#F2E6BD>Workbench</color>.","تعليمات مفصلة لكيفية صنع <color=#F2E6BD>فرن صهر متقن الصنع</color>.
لا يمكن صنع هذا العنصر إلا عند <color=#F2E6BD>طاولة العمل</color>."
"items.scrolls.blueprintsAndPatterns.housing.refineries.masterworkFurnaceBlueprint.Name","Masterwork Furnace Blueprint","مخطط فرن صهر متقن الصنع"
"items.scrolls.blueprintsAndPatterns.housing.refineries.masterworkSawmillBlueprint.Description","Detailed Instructions for how to craft a <color=#F2E6BD>Masterwork Sawmill</color>.
This item can only be crafted at a <color=#F2E6BD>Workbench</color>.","تعليمات مفصلة لكيفية صنع <color=#F2E6BD>منشرة خشب متقنة الصنع</color>.
لا يمكن صنع هذا العنصر إلا عند <color=#F2E6BD>طاولة العمل</color>."
"items.scrolls.blueprintsAndPatterns.housing.refineries.masterworkSawmillBlueprint.Name","Masterwork Sawmill Blueprint","مخطط منشرة خشب متقنة الصنع"
"items.scrolls.blueprintsAndPatterns.housing.refineries.masterworkSpinningWheelBlueprint.Description","Detailed Instructions for how to craft a <color=#F2E6BD>Masterwork Spinning Wheel</color>.
This item can only be crafted at a <color=#F2E6BD>Workbench</color>.","تعليمات مفصلة لكيفية صنع <color=#F2E6BD>عجلة غزل متقنة الصنع</color>.
لا يمكن صنع هذا العنصر إلا عند <color=#F2E6BD>طاولة العمل</color>."
"items.scrolls.blueprintsAndPatterns.housing.refineries.masterworkSpinningWheelBlueprint.Name","Masterwork Spinning Wheel Blueprint","مخطط عجلة غزل متقنة الصنع"
"items.scrolls.blueprintsAndPatterns.housing.refineries.masterworkTanningRackBlueprint.Description","Detailed Instructions for how to craft a <color=#F2E6BD>Masterwork Tanning Rack</color>.
This item can only be crafted at a <color=#F2E6BD>Workbench</color>.","تعليمات مفصلة لكيفية صنع <color=#F2E6BD>حامل دباغة متقن الصنع</color>.
لا يمكن صنع هذا العنصر إلا عند <color=#F2E6BD>طاولة العمل</color>."
"items.scrolls.blueprintsAndPatterns.housing.refineries.masterworkTanningRackBlueprint.Name","Masterwork Tanning Rack Blueprint","مخطط حامل دباغة متقن الصنع"
"items.scrolls.blueprintsAndPatterns.housing.refineries.ornateFurnaceBlueprint.Description","Detailed Instructions for how to craft a <color=#F2E6BD>Ornate Furnace</color>.
This item can only be crafted at a <color=#F2E6BD>Workbench</color>.","تعليمات مفصلة لكيفية صنع <color=#F2E6BD>فرن صهر مزخرف</color>.
لا يمكن صنع هذا العنصر إلا عند <color=#F2E6BD>طاولة العمل</color>."
"items.scrolls.blueprintsAndPatterns.housing.refineries.ornateFurnaceBlueprint.Name","Ornate Furnace Blueprint","مخطط فرن صهر مزخرف"
"items.scrolls.blueprintsAndPatterns.housing.refineries.ornateSawmillBlueprint.Description","Detailed Instructions for how to craft a <color=#F2E6BD>Ornate Sawmill</color>.
This item can only be crafted at a <color=#F2E6BD>Workbench</color>.","تعليمات مفصلة لكيفية صنع <color=#F2E6BD>منشرة خشب مزخرفة</color>.
لا يمكن صنع هذا العنصر إلا عند <color=#F2E6BD>طاولة العمل</color>."
"items.scrolls.blueprintsAndPatterns.housing.refineries.ornateSawmillBlueprint.Name","Ornate Sawmill Blueprint","مخطط منشرة خشب مزخرفة"
"items.scrolls.blueprintsAndPatterns.housing.refineries.ornateSpinningWheelBlueprint.Description","Detailed Instructions for how to craft a <color=#F2E6BD>Ornate Spinning Wheel</color>.
This item can only be crafted at a <color=#F2E6BD>Workbench</color>.","تعليمات مفصلة لكيفية صنع <color=#F2E6BD>عجلة غزل مزخرفة</color>.
لا يمكن صنع هذا العنصر إلا عند <color=#F2E6BD>طاولة العمل</color>."
"items.scrolls.blueprintsAndPatterns.housing.refineries.ornateSpinningWheelBlueprint.Name","Ornate Spinning Wheel Blueprint","مخطط عجلة غزل مزخرفة"
"items.scrolls.blueprintsAndPatterns.housing.refineries.ornateTanningRackBlueprint.Description","Detailed Instructions for how to craft a <color=#F2E6BD>Ornate Tanning Rack</color>.
This item can only be crafted at a <color=#F2E6BD>Workbench</color>.","تعليمات مفصلة لكيفية صنع <color=#F2E6BD>حامل دباغة مزخرف</color>.
لا يمكن صنع هذا العنصر إلا عند <color=#F2E6BD>طاولة العمل</color>."
"items.scrolls.blueprintsAndPatterns.housing.refineries.ornateTanningRackBlueprint.Name","Ornate Tanning Rack Blueprint","مخطط حامل دباغة مزخرف"
"items.scrolls.blueprintsAndPatterns.housing.refineries.polishedFurnaceBlueprint.Description","Detailed Instructions for how to craft a <color=#F2E6BD>Polished Furnace</color>.
This item can only be crafted at a <color=#F2E6BD>Workbench</color>.","تعليمات مفصلة لكيفية صنع <color=#F2E6BD>فرن صهر مصقول</color>.
لا يمكن صنع هذا العنصر إلا عند <color=#F2E6BD>طاولة العمل</color>."
"items.scrolls.blueprintsAndPatterns.housing.refineries.polishedFurnaceBlueprint.Name","Polished Furnace Blueprint","مخطط فرن صهر مصقول"
"items.scrolls.blueprintsAndPatterns.housing.refineries.polishedSawmillBlueprint.Description","Detailed Instructions for how to craft a <color=#F2E6BD>Polished Sawmill</color>.
This item can only be crafted at a <color=#F2E6BD>Workbench</color>.","تعليمات مفصلة لكيفية صنع <color=#F2E6BD>منشرة خشب مصقولة</color>.
لا يمكن صنع هذا العنصر إلا عند <color=#F2E6BD>طاولة العمل</color>."
"items.scrolls.blueprintsAndPatterns.housing.refineries.polishedSawmillBlueprint.Name","Polished Sawmill Blueprint","مخطط منشرة خشب مصقولة"
"items.scrolls.blueprintsAndPatterns.housing.refineries.polishedSpinningWheelBlueprint.Description","Detailed Instructions for how to craft a <color=#F2E6BD>Polished Spinning Wheel</color>.
This item can only be crafted at a <color=#F2E6BD>Workbench</color>.","تعليمات مفصلة لكيفية صنع <color=#F2E6BD>عجلة غزل مصقولة</color>.
لا يمكن صنع هذا العنصر إلا عند <color=#F2E6BD>طاولة العمل</color>."
"items.scrolls.blueprintsAndPatterns.housing.refineries.polishedSpinningWheelBlueprint.Name","Polished Spinning Wheel Blueprint","مخطط عجلة غزل مصقولة"
"items.scrolls.blueprintsAndPatterns.housing.refineries.polishedTanningRackBlueprint.Description","Detailed Instructions for how to craft a <color=#F2E6BD>Polished Tanning Rack</color>.
This item can only be crafted at a <color=#F2E6BD>Workbench</color>.","تعليمات مفصلة لكيفية صنع <color=#F2E6BD>حامل دباغة مصقول</color>.
لا يمكن صنع هذا العنصر إلا عند <color=#F2E6BD>طاولة العمل</color>."
"items.scrolls.blueprintsAndPatterns.housing.refineries.polishedTanningRackBlueprint.Name","Polished Tanning Rack Blueprint","مخطط حامل دباغة مصقول"
"items.scrolls.blueprintsAndPatterns.housing.refineries.simpleFurnaceBlueprint.Description","Detailed Instructions for how to craft a <color=#F2E6BD>Simple Furnace</color>.
This item can only be crafted at a <color=#F2E6BD>Workbench</color>.","تعليمات مفصلة لكيفية صنع <color=#F2E6BD>فرن صهر بسيط</color>.
لا يمكن صنع هذا العنصر إلا عند <color=#F2E6BD>طاولة العمل</color>."
"items.scrolls.blueprintsAndPatterns.housing.refineries.simpleFurnaceBlueprint.Name","Simple Furnace Blueprint","مخطط فرن صهر بسيط"
"items.scrolls.blueprintsAndPatterns.housing.refineries.simpleSawmillBlueprint.Description","Detailed Instructions for how to craft a <color=#F2E6BD>Simple Sawmill</color>.
This item can only be crafted at a <color=#F2E6BD>Workbench</color>.","تعليمات مفصلة لكيفية صنع <color=#F2E6BD>منشرة خشب بسيطة</color>.
لا يمكن صنع هذا العنصر إلا عند <color=#F2E6BD>طاولة العمل</color>."
"items.scrolls.blueprintsAndPatterns.housing.refineries.simpleSawmillBlueprint.Name","Simple Sawmill Blueprint","مخطط منشرة خشب بسيطة"
"items.scrolls.blueprintsAndPatterns.housing.refineries.simpleSpinningWheelBlueprint.Description","Detailed Instructions for how to craft a <color=#F2E6BD>Simple Spinning Wheel</color>.
This item can only be crafted at a <color=#F2E6BD>Workbench</color>.","تعليمات مفصلة لكيفية صنع <color=#F2E6BD>عجلة غزل بسيطة</color>.
لا يمكن صنع هذا العنصر إلا عند <color=#F2E6BD>طاولة العمل</color>."
"items.scrolls.blueprintsAndPatterns.housing.refineries.simpleSpinningWheelBlueprint.Name","Simple Spinning Wheel Blueprint","مخطط عجلة غزل بسيطة"
"items.scrolls.blueprintsAndPatterns.housing.refineries.simpleTanningRackBlueprint.Description","Detailed Instructions for how to craft a <color=#F2E6BD>Simple Tanning Rack</color>.
This item can only be crafted at a <color=#F2E6BD>Workbench</color>.","تعليمات مفصلة لكيفية صنع <color=#F2E6BD>حامل دباغة بسيط</color>.
لا يمكن صنع هذا العنصر إلا عند <color=#F2E6BD>طاولة العمل</color>."
"items.scrolls.blueprintsAndPatterns.housing.refineries.simpleTanningRackBlueprint.Name","Simple Tanning Rack Blueprint","مخطط حامل دباغة بسيط"
"items.scrolls.blueprintsAndPatterns.housing.refineries.sturdyFurnaceBlueprint.Description","Detailed Instructions for how to craft a <color=#F2E6BD>Sturdy Furnace</color>.
This item can only be crafted at a <color=#F2E6BD>Workbench</color>.","تعليمات مفصلة لكيفية صنع <color=#F2E6BD>فرن صهر متين</color>.
لا يمكن صنع هذا العنصر إلا عند <color=#F2E6BD>طاولة العمل</color>."
"items.scrolls.blueprintsAndPatterns.housing.refineries.sturdyFurnaceBlueprint.Name","Sturdy Furnace Blueprint","مخطط فرن صهر متين"
"items.scrolls.blueprintsAndPatterns.housing.refineries.sturdySawmillBlueprint.Description","Detailed Instructions for how to craft a <color=#F2E6BD>Sturdy Sawmill</color>.
This item can only be crafted at a <color=#F2E6BD>Workbench</color>.","تعليمات مفصلة لكيفية صنع <color=#F2E6BD>منشرة خشب متينة</color>.
لا يمكن صنع هذا العنصر إلا عند <color=#F2E6BD>طاولة العمل</color>."
"items.scrolls.blueprintsAndPatterns.housing.refineries.sturdySawmillBlueprint.Name","Sturdy Sawmill Blueprint","مخطط منشرة خشب متينة"
"items.scrolls.blueprintsAndPatterns.housing.refineries.sturdySpinningWheelBlueprint.Description","Detailed Instructions for how to craft a <color=#F2E6BD>Sturdy Spinning Wheel</color>.
This item can only be crafted at a <color=#F2E6BD>Workbench</color>.","تعليمات مفصلة لكيفية صنع <color=#F2E6BD>عجلة غزل متينة</color>.
لا يمكن صنع هذا العنصر إلا عند <color=#F2E6BD>طاولة العمل</color>."
"items.scrolls.blueprintsAndPatterns.housing.refineries.sturdySpinningWheelBlueprint.Name","Sturdy Spinning Wheel Blueprint","مخطط عجلة غزل متينة"
"items.scrolls.blueprintsAndPatterns.housing.refineries.sturdyTanningRackBlueprint.Description","Detailed Instructions for how to craft a <color=#F2E6BD>Sturdy Tanning Rack</color>.
This item can only be crafted at a <color=#F2E6BD>Workbench</color>.","تعليمات مفصلة لكيفية صنع <color=#F2E6BD>حامل دباغة متين</color>.
لا يمكن صنع هذا العنصر إلا عند <color=#F2E6BD>طاولة العمل</color>."
"items.scrolls.blueprintsAndPatterns.housing.refineries.sturdyTanningRackBlueprint.Name","Sturdy Tanning Rack Blueprint","مخطط حامل دباغة متين"
"items.scrolls.blueprintsAndPatterns.tools.birchFishingRodBlueprint.Description","Detailed Instructions for how to craft a <color=#F2E6BD>Birch Fishing Rod</color>.
This item can only be crafted at a <color=#F2E6BD>Workbench</color>.","تعليمات مفصلة لكيفية صنع <color=#F2E6BD>صنارة صيد من خشب البتولا</color>.
لا يمكن صنع هذا العنصر إلا عند <color=#F2E6BD>طاولة العمل</color>."
"items.scrolls.blueprintsAndPatterns.tools.birchFishingRodBlueprint.Name","Birch Fishing Rod Blueprint","مخطط صنارة صيد من خشب البتولا"
"items.scrolls.blueprintsAndPatterns.tools.birchHoeBlueprint.Description","Detailed Instructions for how to craft a <color=#F2E6BD>Birch Hoe</color>.
This item can only be crafted at a <color=#F2E6BD>Workbench</color>.","تعليمات مفصلة لكيفية صنع <color=#F2E6BD>معزقة من خشب البتولا</color>.
لا يمكن صنع هذا العنصر إلا عند <color=#F2E6BD>طاولة العمل</color>."
"items.scrolls.blueprintsAndPatterns.tools.birchHoeBlueprint.Name","Birch Hoe Blueprint","مخطط معزقة من خشب البتولا"
"items.scrolls.blueprintsAndPatterns.tools.copperPickaxeBlueprint.Description","Detailed Instructions for how to craft a <color=#F2E6BD>Copper Pickaxe</color>.
This item can only be crafted at a <color=#F2E6BD>Workbench</color>.","تعليمات مفصلة لكيفية صنع <color=#F2E6BD>معول نحاسي</color>.
لا يمكن صنع هذا العنصر إلا عند <color=#F2E6BD>طاولة العمل</color>."
"items.scrolls.blueprintsAndPatterns.tools.copperPickaxeBlueprint.Name","Copper Pickaxe Blueprint","مخطط معول نحاسي"
"items.scrolls.blueprintsAndPatterns.tools.copperShovelBlueprint.Description","Detailed Instructions for how to craft a <color=#F2E6BD>Copper Shovel</color>.
This item can only be crafted at a <color=#F2E6BD>Workbench</color>.","تعليمات مفصلة لكيفية صنع <color=#F2E6BD>مجرفة نحاسية</color>.
لا يمكن صنع هذا العنصر إلا عند <color=#F2E6BD>طاولة العمل</color>."
"items.scrolls.blueprintsAndPatterns.tools.copperShovelBlueprint.Name","Copper Shovel Blueprint","مخطط مجرفة نحاسية"
"items.scrolls.blueprintsAndPatterns.tools.copperWateringCanBlueprint.Description","Detailed Instructions for how to craft a <color=#F2E6BD>Copper Watering Can</color>.
This item can only be crafted at a <color=#F2E6BD>Workbench</color>.","تعليمات مفصلة لكيفية صنع <color=#F2E6BD>مرشة ماء نحاسية</color>.
لا يمكن صنع هذا العنصر إلا عند <color=#F2E6BD>طاولة العمل</color>."
"items.scrolls.blueprintsAndPatterns.tools.copperWateringCanBlueprint.Name","Copper Watering Can Blueprint","مخطط مرشة ماء نحاسية"
"items.scrolls.blueprintsAndPatterns.tools.copperWoodcuttersAxeBlueprint.Description","Detailed Instructions for how to craft a <color=#F2E6BD>Copper Woodcutter's Axe</color>.
This item can only be crafted at a <color=#F2E6BD>Workbench</color>.","تعليمات مفصلة لكيفية صنع <color=#F2E6BD>فأس حطاب نحاسية</color>.
لا يمكن صنع هذا العنصر إلا عند <color=#F2E6BD>طاولة العمل</color>."
"items.scrolls.blueprintsAndPatterns.tools.copperWoodcuttersAxeBlueprint.Name","Copper Woodcutter's Axe Blueprint","مخطط فأس حطاب نحاسية"
"items.scrolls.blueprintsAndPatterns.tools.darkOakFishingRodBlueprint.Description","Detailed Instructions for how to craft a <color=#F2E6BD>Dark Oak Fishing Rod</color>.
This item can only be crafted at a <color=#F2E6BD>Workbench</color>.","تعليمات مفصلة لكيفية صنع <color=#F2E6BD>صنارة صيد من البلوط الداكن</color>.
لا يمكن صنع هذا العنصر إلا عند <color=#F2E6BD>طاولة العمل</color>."
"items.scrolls.blueprintsAndPatterns.tools.darkOakFishingRodBlueprint.Name","Dark Oak Fishing Rod Blueprint","مخطط صنارة صيد من البلوط الداكن"
"items.scrolls.blueprintsAndPatterns.tools.darkOakHoeBlueprint.Description","Detailed Instructions for how to craft a <color=#F2E6BD>Dark Oak Hoe</color>.
This item can only be crafted at a <color=#F2E6BD>Workbench</color>.","تعليمات مفصلة لكيفية صنع <color=#F2E6BD>معزقة من البلوط الداكن</color>.
لا يمكن صنع هذا العنصر إلا عند <color=#F2E6BD>طاولة العمل</color>."
"items.scrolls.blueprintsAndPatterns.tools.darkOakHoeBlueprint.Name","Dark Oak Hoe Blueprint","مخطط معزقة من البلوط الداكن"
"items.scrolls.blueprintsAndPatterns.tools.goldenPickaxeBlueprint.Description","Detailed Instructions for how to craft a <color=#F2E6BD>Golden Pickaxe</color>.
This item can only be crafted at a <color=#F2E6BD>Workbench</color>.","تعليمات مفصلة لكيفية صنع <color=#F2E6BD>معول ذهبي</color>.
لا يمكن صنع هذا العنصر إلا عند <color=#F2E6BD>طاولة العمل</color>."
"items.scrolls.blueprintsAndPatterns.tools.goldenPickaxeBlueprint.Name","Golden Pickaxe Blueprint","مخطط معول ذهبي"
"items.scrolls.blueprintsAndPatterns.tools.goldenShovelBlueprint.Description","Detailed Instructions for how to craft a <color=#F2E6BD>Golden Shovel</color>.
This item can only be crafted at a <color=#F2E6BD>Workbench</color>.","تعليمات مفصلة لكيفية صنع <color=#F2E6BD>مجرفة ذهبية</color>.
لا يمكن صنع هذا العنصر إلا عند <color=#F2E6BD>طاولة العمل</color>."
"items.scrolls.blueprintsAndPatterns.tools.goldenShovelBlueprint.Name","Golden Shovel Blueprint","مخطط مجرفة ذهبية"
"items.scrolls.blueprintsAndPatterns.tools.goldenWateringCanBlueprint.Description","Detailed Instructions for how to craft a <color=#F2E6BD>Golden Watering Can</color>.
This item can only be crafted at a <color=#F2E6BD>Workbench</color>.","تعليمات مفصلة لكيفية صنع <color=#F2E6BD>مرشة ماء ذهبية</color>.
لا يمكن صنع هذا العنصر إلا عند <color=#F2E6BD>طاولة العمل</color>."
"items.scrolls.blueprintsAndPatterns.tools.goldenWateringCanBlueprint.Name","Golden Watering Can Blueprint","مخطط مرشة ماء ذهبية"
"items.scrolls.blueprintsAndPatterns.tools.goldenWoodcuttersAxeBlueprint.Description","Detailed Instructions for how to craft a <color=#F2E6BD>Golden Woodcutter's Axe</color>.
This item can only be crafted at a <color=#F2E6BD>Workbench</color>.","تعليمات مفصلة لكيفية صنع <color=#F2E6BD>فأس حطاب ذهبية</color>.
لا يمكن صنع هذا العنصر إلا عند <color=#F2E6BD>طاولة العمل</color>."
"items.scrolls.blueprintsAndPatterns.tools.goldenWoodcuttersAxeBlueprint.Name","Golden Woodcutter's Axe Blueprint","مخطط فأس حطاب ذهبية"
"items.scrolls.blueprintsAndPatterns.tools.ironPickaxeBlueprint.Description","Detailed Instructions for how to craft a <color=#F2E6BD>Iron Pickaxe</color>.
This item can only be crafted at a <color=#F2E6BD>Workbench</color>.","تعليمات مفصلة لكيفية صنع <color=#F2E6BD>معول حديدي</color>.
لا يمكن صنع هذا العنصر إلا عند <color=#F2E6BD>طاولة العمل</color>."
"items.scrolls.blueprintsAndPatterns.tools.ironPickaxeBlueprint.Name","Iron Pickaxe Blueprint","مخطط معول حديدي"
"items.scrolls.blueprintsAndPatterns.tools.ironShovelBlueprint.Description","Detailed Instructions for how to craft a <color=#F2E6BD>Iron Shovel</color>.
This item can only be crafted at a <color=#F2E6BD>Workbench</color>.","تعليمات مفصلة لكيفية صنع <color=#F2E6BD>مجرفة حديدية</color>.
لا يمكن صنع هذا العنصر إلا عند <color=#F2E6BD>طاولة العمل</color>."
"items.scrolls.blueprintsAndPatterns.tools.ironShovelBlueprint.Name","Iron Shovel Blueprint","مخطط مجرفة حديدية"
"items.scrolls.blueprintsAndPatterns.tools.ironWateringCanBlueprint.Description","Detailed Instructions for how to craft a <color=#F2E6BD>Iron Watering Can</color>.
This item can only be crafted at a <color=#F2E6BD>Workbench</color>.","تعليمات مفصلة لكيفية صنع <color=#F2E6BD>مرشة ماء حديدية</color>.
لا يمكن صنع هذا العنصر إلا عند <color=#F2E6BD>طاولة العمل</color>."
"items.scrolls.blueprintsAndPatterns.tools.ironWateringCanBlueprint.Name","Iron Watering Can Blueprint","مخطط مرشة ماء حديدية"
"items.scrolls.blueprintsAndPatterns.tools.ironWoodcuttersAxeBlueprint.Description","Detailed Instructions for how to craft a <color=#F2E6BD>Iron Woodcutter's Axe</color>.
This item can only be crafted at a <color=#F2E6BD>Workbench</color>.","تعليمات مفصلة لكيفية صنع <color=#F2E6BD>فأس حطاب حديدية</color>.
لا يمكن صنع هذا العنصر إلا عند <color=#F2E6BD>طاولة العمل</color>."
"items.scrolls.blueprintsAndPatterns.tools.ironWoodcuttersAxeBlueprint.Name","Iron Woodcutter's Axe Blueprint","مخطط فأس حطاب حديدية"
"items.scrolls.blueprintsAndPatterns.tools.mapleFishingRodBlueprint.Description","Detailed Instructions for how to craft a <color=#F2E6BD>Maple Fishing Rod</color>.
This item can only be crafted at a <color=#F2E6BD>Workbench</color>.","تعليمات مفصلة لكيفية صنع <color=#F2E6BD>صنارة صيد من خشب القيقب</color>.
لا يمكن صنع هذا العنصر إلا عند <color=#F2E6BD>طاولة العمل</color>."
"items.scrolls.blueprintsAndPatterns.tools.mapleFishingRodBlueprint.Name","Maple Fishing Rod Blueprint","مخطط صنارة صيد من خشب القيقب"
"items.scrolls.blueprintsAndPatterns.tools.mapleHoeBlueprint.Description","Detailed Instructions for how to craft a <color=#F2E6BD>Maple Hoe</color>.
This item can only be crafted at a <color=#F2E6BD>Workbench</color>.","تعليمات مفصلة لكيفية صنع <color=#F2E6BD>معزقة من خشب القيقب</color>.
لا يمكن صنع هذا العنصر إلا عند <color=#F2E6BD>طاولة العمل</color>."
"items.scrolls.blueprintsAndPatterns.tools.mapleHoeBlueprint.Name","Maple Hoe Blueprint","مخطط معزقة من خشب القيقب"
"items.scrolls.blueprintsAndPatterns.tools.oakFishingRodBlueprint.Description","Detailed Instructions for how to craft a <color=#F2E6BD>Oak Fishing Rod</color>.
This item can only be crafted at a <color=#F2E6BD>Workbench</color>.","تعليمات مفصلة لكيفية صنع <color=#F2E6BD>صنارة صيد من خشب البلوط</color>.
لا يمكن صنع هذا العنصر إلا عند <color=#F2E6BD>طاولة العمل</color>."
"items.scrolls.blueprintsAndPatterns.tools.oakFishingRodBlueprint.Name","Oak Fishing Rod Blueprint","مخطط صنارة صيد من خشب البلوط"
"items.scrolls.blueprintsAndPatterns.tools.oakHoeBlueprint.Description","Detailed Instructions for how to craft a <color=#F2E6BD>Oak Hoe</color>.
This item can only be crafted at a <color=#F2E6BD>Workbench</color>.","تعليمات مفصلة لكيفية صنع <color=#F2E6BD>معزقة من خشب البلوط</color>.
لا يمكن صنع هذا العنصر إلا عند <color=#F2E6BD>طاولة العمل</color>."
"items.scrolls.blueprintsAndPatterns.tools.oakHoeBlueprint.Name","Oak Hoe Blueprint","مخطط معزقة من خشب البلوط"
"items.scrolls.blueprintsAndPatterns.tools.obsidianPickaxeBlueprint.Description","Detailed Instructions for how to craft a <color=#F2E6BD>Obsidian Pickaxe</color>.
This item can only be crafted at a <color=#F2E6BD>Workbench</color>.","تعليمات مفصلة لكيفية صنع <color=#F2E6BD>معول سبجي (أوبسيديان)</color>.
لا يمكن صنع هذا العنصر إلا عند <color=#F2E6BD>طاولة العمل</color>."
"items.scrolls.blueprintsAndPatterns.tools.obsidianPickaxeBlueprint.Name","Obsidian Pickaxe Blueprint","مخطط معول سبجي (أوبسيديان)"
"items.scrolls.blueprintsAndPatterns.tools.obsidianShovelBlueprint.Description","Detailed Instructions for how to craft a <color=#F2E6BD>Obsidian Shovel</color>.
This item can only be crafted at a <color=#F2E6BD>Workbench</color>.","تعليمات مفصلة لكيفية صنع <color=#F2E6BD>مجرفة سبجية (أوبسيديان)</color>.
لا يمكن صنع هذا العنصر إلا عند <color=#F2E6BD>طاولة العمل</color>."
"items.scrolls.blueprintsAndPatterns.tools.obsidianShovelBlueprint.Name","Obsidian Shovel Blueprint","مخطط مجرفة سبجية (أوبسيديان)"
"items.scrolls.blueprintsAndPatterns.tools.obsidianWateringCanBlueprint.Description","Detailed Instructions for how to craft a <color=#F2E6BD>Obsidian Watering Can</color>.
This item can only be crafted at a <color=#F2E6BD>Workbench</color>.","تعليمات مفصلة لكيفية صنع <color=#F2E6BD>مرشة ماء سبجية (أوبسيديان)</color>.
لا يمكن صنع هذا العنصر إلا عند <color=#F2E6BD>طاولة العمل</color>."
"items.scrolls.blueprintsAndPatterns.tools.obsidianWateringCanBlueprint.Name","Obsidian Watering Can Blueprint","مخطط مرشة ماء سبجية (أوبسيديان)"
"items.scrolls.blueprintsAndPatterns.tools.obsidianWoodcuttersAxeBlueprint.Description","Detailed Instructions for how to craft a <color=#F2E6BD>Obsidian Woodcutter's Axe</color>.
This item can only be crafted at a <color=#F2E6BD>Workbench</color>.","تعليمات مفصلة لكيفية صنع <color=#F2E6BD>فأس حطاب سبجية (أوبسيديان)</color>.
لا يمكن صنع هذا العنصر إلا عند <color=#F2E6BD>طاولة العمل</color>."
"items.scrolls.blueprintsAndPatterns.tools.obsidianWoodcuttersAxeBlueprint.Name","Obsidian Woodcutter's Axe Blueprint","مخطط فأس حطاب سبجية (أوبسيديان)"
"items.scrolls.blueprintsAndPatterns.tools.pineFishingRodBlueprint.Description","Detailed Instructions for how to craft a <color=#F2E6BD>Pine Fishing Rod</color>.
This item can only be crafted at a <color=#F2E6BD>Workbench</color>.","تعليمات مفصلة لكيفية صنع <color=#F2E6BD>صنارة صيد من خشب الصنوبر</color>.
لا يمكن صنع هذا العنصر إلا عند <color=#F2E6BD>طاولة العمل</color>."
"items.scrolls.blueprintsAndPatterns.tools.pineFishingRodBlueprint.Name","Pine Fishing Rod Blueprint","مخطط صنارة صيد من خشب الصنوبر"
"items.scrolls.blueprintsAndPatterns.tools.pineHoeBlueprint.Description","Detailed Instructions for how to craft a <color=#F2E6BD>Pine Hoe</color>.
This item can only be crafted at a <color=#F2E6BD>Workbench</color>.","تعليمات مفصلة لكيفية صنع <color=#F2E6BD>معزقة من خشب الصنوبر</color>.
لا يمكن صنع هذا العنصر إلا عند <color=#F2E6BD>طاولة العمل</color>."
"items.scrolls.blueprintsAndPatterns.tools.pineHoeBlueprint.Name","Pine Hoe Blueprint","مخطط معزقة من خشب الصنوبر"
"items.scrolls.blueprintsAndPatterns.tools.silverPickaxeBlueprint.Description","Detailed Instructions for how to craft a <color=#F2E6BD>Silver Pickaxe</color>.
This item can only be crafted at a <color=#F2E6BD>Workbench</color>.","تعليمات مفصلة لكيفية صنع <color=#F2E6BD>معول فضي</color>.
لا يمكن صنع هذا العنصر إلا عند <color=#F2E6BD>طاولة العمل</color>."
"items.scrolls.blueprintsAndPatterns.tools.silverPickaxeBlueprint.Name","Silver Pickaxe Blueprint","مخطط معول فضي"
"items.scrolls.blueprintsAndPatterns.tools.silverShovelBlueprint.Description","Detailed Instructions for how to craft a <color=#F2E6BD>Silver Shovel</color>.
This item can only be crafted at a <color=#F2E6BD>Workbench</color>.","تعليمات مفصلة لكيفية صنع <color=#F2E6BD>مجرفة فضية</color>.
لا يمكن صنع هذا العنصر إلا عند <color=#F2E6BD>طاولة العمل</color>."
"items.scrolls.blueprintsAndPatterns.tools.silverShovelBlueprint.Name","Silver Shovel Blueprint","مخطط مجرفة فضية"
"items.scrolls.blueprintsAndPatterns.tools.silverWateringCanBlueprint.Description","Detailed Instructions for how to craft a <color=#F2E6BD>Silver Watering Can</color>.
This item can only be crafted at a <color=#F2E6BD>Workbench</color>.","تعليمات مفصلة لكيفية صنع <color=#F2E6BD>مرشة ماء فضية</color>.
لا يمكن صنع هذا العنصر إلا عند <color=#F2E6BD>طاولة العمل</color>."
"items.scrolls.blueprintsAndPatterns.tools.silverWateringCanBlueprint.Name","Silver Watering Can Blueprint","مخطط مرشة ماء فضية"
"items.scrolls.blueprintsAndPatterns.tools.silverWoodcuttersAxeBlueprint.Description","Detailed Instructions for how to craft a <color=#F2E6BD>Silver Woodcutter's Axe</color>.
This item can only be crafted at a <color=#F2E6BD>Workbench</color>.","تعليمات مفصلة لكيفية صنع <color=#F2E6BD>فأس حطاب فضية</color>.
لا يمكن صنع هذا العنصر إلا عند <color=#F2E6BD>طاولة العمل</color>."
"items.scrolls.blueprintsAndPatterns.tools.silverWoodcuttersAxeBlueprint.Name","Silver Woodcutter's Axe Blueprint","مخطط فأس حطاب فضية"
"items.scrolls.blueprintsAndPatterns.tools.spruceFishingRodBlueprint.Description","Detailed Instructions for how to craft a <color=#F2E6BD>Spruce Fishing Rod</color>.
This item can only be crafted at a <color=#F2E6BD>Workbench</color>.","تعليمات مفصلة لكيفية صنع <color=#F2E6BD>صنارة صيد من خشب التنوب</color>.
لا يمكن صنع هذا العنصر إلا عند <color=#F2E6BD>طاولة العمل</color>."
"items.scrolls.blueprintsAndPatterns.tools.spruceFishingRodBlueprint.Name","Spruce Fishing Rod Blueprint","مخطط صنارة صيد من خشب التنوب"
"items.scrolls.blueprintsAndPatterns.tools.spruceHoeBlueprint.Description","Detailed Instructions for how to craft a <color=#F2E6BD>Spruce Hoe</color>.
This item can only be crafted at a <color=#F2E6BD>Workbench</color>.","تعليمات مفصلة لكيفية صنع <color=#F2E6BD>معزقة من خشب التنوب</color>.
لا يمكن صنع هذا العنصر إلا عند <color=#F2E6BD>طاولة العمل</color>."
"items.scrolls.blueprintsAndPatterns.tools.spruceHoeBlueprint.Name","Spruce Hoe Blueprint","مخطط معزقة من خشب التنوب"
"items.scrolls.blueprintsAndPatterns.tools.titanitePickaxeBlueprint.Description","Detailed Instructions for how to craft a <color=#F2E6BD>Titanite Pickaxe</color>.
This item can only be crafted at a <color=#F2E6BD>Workbench</color>.","تعليمات مفصلة لكيفية صنع <color=#F2E6BD>معول التيتانيت</color>.
لا يمكن صنع هذا العنصر إلا عند <color=#F2E6BD>طاولة العمل</color>."
"items.scrolls.blueprintsAndPatterns.tools.titanitePickaxeBlueprint.Name","Titanite Pickaxe Blueprint","مخطط معول التيتانيت"
"items.scrolls.blueprintsAndPatterns.tools.titaniteShovelBlueprint.Description","Detailed Instructions for how to craft a <color=#F2E6BD>Titanite Shove</color>.
This item can only be crafted at a <color=#F2E6BD>Workbench</color>.","تعليمات مفصلة لكيفية صنع <color=#F2E6BD>مجرفة التيتانيت</color>.
لا يمكن صنع هذا العنصر إلا عند <color=#F2E6BD>طاولة العمل</color>."
"items.scrolls.blueprintsAndPatterns.tools.titaniteShovelBlueprint.Name","Titanite Shovel Blueprint","مخطط مجرفة التيتانيت"
"items.scrolls.blueprintsAndPatterns.tools.titaniteWateringCanBlueprint.Description","Detailed Instructions for how to craft a <color=#F2E6BD>Titanite Watering Can</color>.
This item can only be crafted at a <color=#F2E6BD>Workbench</color>.","تعليمات مفصلة لكيفية صنع <color=#F2E6BD>مرشة ماء التيتانيت</color>.
لا يمكن صنع هذا العنصر إلا عند <color=#F2E6BD>طاولة العمل</color>."
"items.scrolls.blueprintsAndPatterns.tools.titaniteWateringCanBlueprint.Name","Titanite Watering Can Blueprint","مخطط مرشة ماء التيتانيت"
"items.scrolls.blueprintsAndPatterns.tools.titaniteWoodcuttersAxeBlueprint.Description","Detailed Instructions for how to craft a <color=#F2E6BD>Titanite Woodcutter's Axe</color>.
This item can only be crafted at a <color=#F2E6BD>Workbench</color>.","تعليمات مفصلة لكيفية صنع <color=#F2E6BD>فأس حطاب التيتانيت</color>.
لا يمكن صنع هذا العنصر إلا عند <color=#F2E6BD>طاولة العمل</color>."
"items.scrolls.blueprintsAndPatterns.tools.titaniteWoodcuttersAxeBlueprint.Name","Titanite Woodcutter's Axe Blueprint","مخطط فأس حطاب التيتانيت"
"items.scrolls.blueprintsAndPatterns.tools.veridiumPickaxeBlueprint.Description","Detailed Instructions for how to craft a <color=#F2E6BD>Veridium Pickaxe</color>.
This item can only be crafted at a <color=#F2E6BD>Workbench</color>.","تعليمات مفصلة لكيفية صنع <color=#F2E6BD>معول الفيريديوم</color>.
لا يمكن صنع هذا العنصر إلا عند <color=#F2E6BD>طاولة العمل</color>."
"items.scrolls.blueprintsAndPatterns.tools.veridiumPickaxeBlueprint.Name","Veridium Pickaxe Blueprint","مخطط معول الفيريديوم"
"items.scrolls.blueprintsAndPatterns.tools.veridiumShovelBlueprint.Description","Detailed Instructions for how to craft a <color=#F2E6BD>Veridium Shovel</color>.
This item can only be crafted at a <color=#F2E6BD>Workbench</color>.","تعليمات مفصلة لكيفية صنع <color=#F2E6BD>مجرفة الفيريديوم</color>.
لا يمكن صنع هذا العنصر إلا عند <color=#F2E6BD>طاولة العمل</color>."
"items.scrolls.blueprintsAndPatterns.tools.veridiumShovelBlueprint.Name","Veridium Shovel Blueprint","مخطط مجرفة الفيريديوم"
"items.scrolls.blueprintsAndPatterns.tools.veridiumWateringCanBlueprint.Description","Detailed Instructions for how to craft a <color=#F2E6BD>Veridium Watering Can</color>.
This item can only be crafted at a <color=#F2E6BD>Workbench</color>.","تعليمات مفصلة لكيفية صنع <color=#F2E6BD>مرش مياه الفيريديوم</color>.
لا يمكن صنع هذا العنصر إلا عند <color=#F2E6BD>طاولة العمل</color>."
"items.scrolls.blueprintsAndPatterns.tools.veridiumWateringCanBlueprint.Name","Veridium Watering Can Blueprint","مخطط مرش مياه الفيريديوم"
"items.scrolls.blueprintsAndPatterns.tools.veridiumWoodcuttersAxeBlueprint.Description","Detailed Instructions for how to craft a <color=#F2E6BD>Veridium Woodcutter's Axe</color>.
This item can only be crafted at a <color=#F2E6BD>Workbench</color>.","تعليمات مفصلة لكيفية صنع <color=#F2E6BD>فأس حطاب الفيريديوم</color>.
لا يمكن صنع هذا العنصر إلا عند <color=#F2E6BD>طاولة العمل</color>."
"items.scrolls.blueprintsAndPatterns.tools.veridiumWoodcuttersAxeBlueprint.Name","Veridium Woodcutter's Axe Blueprint","مخطط فأس حطاب الفيريديوم"
"items.scrolls.blueprintsAndPatterns.traps.snapTrapBlueprint.Description","Detailed instructions for how to craft a <color=#F2E6BD>Snap Trap</color>.
This item can only be crafted at an <color=#F2E6BD>Anvil</color>.","تعليمات مفصلة لكيفية صنع <color=#F2E6BD>فخ الانطباق</color>.
لا يمكن صنع هذا العنصر إلا عند <color=#F2E6BD>السندان</color>."
"items.scrolls.blueprintsAndPatterns.traps.snapTrapBlueprint.Name","Snap Trap Blueprint","مخطط فخ الانطباق"
"items.scrolls.foodRecipes.elegantPlatter.anglersDelightChowderFoodRecipe.Description","Teaches the reader how to prepare a <color=#F2E6BD>Angler's Delight Chowder</color>.
This recipe needs to be prepared at a <color=#F2E6BD>Fire Pit</color>.","تعلّم القارئ كيفية إعداد <color=#F2E6BD>حساء بهجة الصياد</color>.
يلزم إعداد هذه الوصفة عند <color=#F2E6BD>موقد النار</color>."
"items.scrolls.foodRecipes.elegantPlatter.anglersDelightChowderFoodRecipe.Name","Angler's Delight Chowder Recipe","وصفة حساء بهجة الصياد"
"items.scrolls.foodRecipes.elegantPlatter.fishSaladFoodRecipe.Description","Teaches the reader how to prepare a <color=#F2E6BD>Fish Salad</color>.
This recipe needs to be prepared at a <color=#F2E6BD>Fire Pit</color>.","تعلّم القارئ كيفية إعداد <color=#F2E6BD>سلطة سمك</color>.
يلزم إعداد هذه الوصفة عند <color=#F2E6BD>موقد النار</color>."
"items.scrolls.foodRecipes.elegantPlatter.fishSaladFoodRecipe.Name","Fish Salad Recipe","وصفة سلطة سمك"
"items.scrolls.foodRecipes.elegantPlatter.fishSkewerFoodRecipe.Description","Teaches the reader how to prepare a <color=#F2E6BD>Fish Skewer</color>.
This recipe needs to be prepared at a <color=#F2E6BD>Fire Pit</color>.","تعلّم القارئ كيفية إعداد <color=#F2E6BD>سيخ سمك</color>.
يلزم إعداد هذه الوصفة عند <color=#F2E6BD>موقد النار</color>."
"items.scrolls.foodRecipes.elegantPlatter.fishSkewerFoodRecipe.Name","Fish Skewer Recipe","وصفة سيخ سمك"
"items.scrolls.foodRecipes.elegantPlatter.mushroomAndMeatCurryFoodRecipe.Description","Teaches the reader how to prepare a <color=#F2E6BD>Mushroom and Meat Curry</color>.
This recipe needs to be prepared at a <color=#F2E6BD>Fire Pit</color>.","تعلّم القارئ كيفية إعداد <color=#F2E6BD>كاري الفطر واللحم</color>.
يلزم إعداد هذه الوصفة عند <color=#F2E6BD>موقد النار</color>."
"items.scrolls.foodRecipes.elegantPlatter.mushroomAndMeatCurryFoodRecipe.Name","Mushroom and Meat Curry Recipe","وصفة كاري الفطر واللحم"
"items.scrolls.foodRecipes.elegantPlatter.potatoSoupFoodRecipe.Description","Teaches the reader how to prepare a <color=#F2E6BD>Herder's Hearth Stew</color>.
This recipe needs to be prepared at a <color=#F2E6BD>Fire Pit</color>.","تعلّم القارئ كيفية إعداد <color=#F2E6BD>يخنة موقد الراعي</color>.
يلزم إعداد هذه الوصفة عند <color=#F2E6BD>موقد النار</color>."
"items.scrolls.foodRecipes.elegantPlatter.potatoSoupFoodRecipe.Name","Herder's Hearth Stew Recipe","وصفة يخنة موقد الراعي"
"items.scrolls.foodRecipes.elegantPlatter.shepherdsPieFoodRecipe.Description","Teaches the reader how to prepare a <color=#F2E6BD>Shepherd's Pie</color>.
This recipe needs to be prepared at a <color=#F2E6BD>Stove</color>.","تعلّم القارئ كيفية إعداد <color=#F2E6BD>فطيرة الراعي</color>.
يلزم إعداد هذه الوصفة عند <color=#F2E6BD>موقد الطهي</color>."
"items.scrolls.foodRecipes.elegantPlatter.shepherdsPieFoodRecipe.Name","Shepherd's Pie Recipe","وصفة فطيرة الراعي"
"items.scrolls.foodRecipes.elegantPlatter.tomatoAndMeatStewFoodRecipe.Description","Teaches the reader how to prepare a <color=#F2E6BD>Hearty Harvest Ragout</color>.
This recipe needs to be prepared at a <color=#F2E6BD>Fire Pit</color>.","تعلّم القارئ كيفية إعداد <color=#F2E6BD>يخنة الحصاد الدسمة</color>.
يلزم إعداد هذه الوصفة عند <color=#F2E6BD>موقد النار</color>."
"items.scrolls.foodRecipes.elegantPlatter.tomatoAndMeatStewFoodRecipe.Name","Hearty Harvest Ragout Recipe","وصفة يخنة الحصاد الدسمة"
"items.scrolls.foodRecipes.elegantPlatter.tomatoBisqueFoodRecipe.Description","Teaches the reader how to prepare a <color=#F2E6BD>Tomato Bisque</color>.
This recipe needs to be prepared at a <color=#F2E6BD>Fire Pit</color>.","تعلّم القارئ كيفية إعداد <color=#F2E6BD>حساء الطماطم الغليظ</color>.
يلزم إعداد هذه الوصفة عند <color=#F2E6BD>موقد النار</color>."
"items.scrolls.foodRecipes.elegantPlatter.tomatoBisqueFoodRecipe.Name","Tomato Bisque Recipe","وصفة حساء الطماطم الغليظ"
"items.scrolls.foodRecipes.simpleMeal.chewySteakFoodRecipe.Description","Teaches the reader how to prepare a <color=#F2E6BD>Chewy Steak</color>.
This recipe needs to be prepared at a <color=#F2E6BD>Fire Pit</color>.","تعلّم القارئ كيفية إعداد <color=#F2E6BD>شريحة لحم مطاطية</color>.
يلزم إعداد هذه الوصفة عند <color=#F2E6BD>موقد النار</color>."
"items.scrolls.foodRecipes.simpleMeal.chewySteakFoodRecipe.Name","Chewy Steak Recipe","وصفة شريحة لحم مطاطية"
"items.scrolls.foodRecipes.simpleMeal.crabChowderFoodRecipe.Description","Teaches the reader how to prepare a <color=#F2E6BD>Crab Chowder</color>.
This recipe needs to be prepared at a <color=#F2E6BD>Fire Pit</color>.","تعلّم القارئ كيفية إعداد <color=#F2E6BD>حساء السلطعون</color>.
يلزم إعداد هذه الوصفة عند <color=#F2E6BD>موقد النار</color>."
"items.scrolls.foodRecipes.simpleMeal.crabChowderFoodRecipe.Name","Crab Chowder Recipe","وصفة حساء السلطعون"
"items.scrolls.foodRecipes.simpleMeal.dracaenaDumplingFoodRecipe.Description","Teaches the reader how to prepare a <color=#F2E6BD>Dracaena Dumpling</color>.
This recipe needs to be prepared at a <color=#F2E6BD>Fire Pit</color>.","تعلّم القارئ كيفية إعداد <color=#F2E6BD>زلابية عشبة التنين</color>.
يلزم إعداد هذه الوصفة عند <color=#F2E6BD>موقد النار</color>."
"items.scrolls.foodRecipes.simpleMeal.dracaenaDumplingFoodRecipe.Name","Dracaena Dumpling Recipe","وصفة زلابية عشبة التنين"
"items.scrolls.foodRecipes.succulentFeast.applePieFoodRecipe.Description","Teaches the reader how to prepare an <color=#F2E6BD>Apple Pie</color>.
This recipe needs to be prepared at a <color=#F2E6BD>Stove</color>.","تعلّم القارئ كيفية إعداد <color=#F2E6BD>فطيرة تفاح</color>.
يلزم إعداد هذه الوصفة عند <color=#F2E6BD>موقد الطهي</color>."
"items.scrolls.foodRecipes.succulentFeast.applePieFoodRecipe.Name","Apple Pie Recipe","وصفة فطيرة تفاح"
"items.scrolls.foodRecipes.succulentFeast.crabStuffedMushroomFoodRecipe.Description","Teaches the reader how to prepare a <color=#F2E6BD>Crab-Stuffed Mushroom</color>.
This recipe needs to be prepared at a <color=#F2E6BD>Stove</color>.","تعلّم القارئ كيفية إعداد <color=#F2E6BD>فطر محشو بالسلطعون</color>.
يلزم إعداد هذه الوصفة عند <color=#F2E6BD>موقد الطهي</color>."
"items.scrolls.foodRecipes.succulentFeast.crabStuffedMushroomFoodRecipe.Name","Crab-stuffed Mushroom Recipe","وصفة فطر محشو بالسلطعون"
"items.scrolls.foodRecipes.succulentFeast.fruitPieFoodRecipe.Description","Teaches the reader how to prepare a <color=#F2E6BD>Fruit Pie</color>.
This recipe needs to be prepared at a <color=#F2E6BD>Stove</color>.","تعلّم القارئ كيفية إعداد <color=#F2E6BD>فطيرة فواكه</color>.
يلزم إعداد هذه الوصفة عند <color=#F2E6BD>موقد الطهي</color>."
"items.scrolls.foodRecipes.succulentFeast.fruitPieFoodRecipe.Name","Fruit Pie Recipe","وصفة فطيرة فواكه"
"items.scrolls.foodRecipes.succulentFeast.scallopAndFiletFoodRecipe.Description","Teaches the reader how to prepare a <color=#F2E6BD>Herb-Infused Riverfeast</color>.
This recipe needs to be prepared at a <color=#F2E6BD>Stove</color>.","تعلّم القارئ كيفية إعداد <color=#F2E6BD>وليمة نهرية بالأعشاب</color>.
يلزم إعداد هذه الوصفة عند <color=#F2E6BD>موقد الطهي</color>."
"items.scrolls.foodRecipes.succulentFeast.scallopAndFiletFoodRecipe.Name","Herb-Infused Riverfeast Recipe","وصفة وليمة نهرية بالأعشاب"
"items.scrolls.foodRecipes.succulentFeast.sirloinPlatterFoodRecipe.Description","Teaches the reader how to prepare a <color=#F2E6BD>Sirloin Platter</color>.
This recipe needs to be prepared at a <color=#F2E6BD>Stove</color>.","تعلّم القارئ كيفية إعداد <color=#F2E6BD>طبق شريحة لحم الخاصرة</color>.
يلزم إعداد هذه الوصفة عند <color=#F2E6BD>موقد الطهي</color>."
"items.scrolls.foodRecipes.succulentFeast.sirloinPlatterFoodRecipe.Name","Sirloin Platter Recipe","وصفة طبق شريحة لحم الخاصرة"
"items.scrolls.foodRecipes.succulentFeast.vegetableCakeFoodRecipe.Description","Teaches the reader how to prepare a <color=#F2E6BD>Vegetable Cake</color>.
This recipe needs to be prepared at a <color=#F2E6BD>Stove</color>.","تعلّم القارئ كيفية إعداد <color=#F2E6BD>كعكة خضار</color>.
يلزم إعداد هذه الوصفة عند <color=#F2E6BD>موقد الطهي</color>."
"items.scrolls.foodRecipes.succulentFeast.vegetableCakeFoodRecipe.Name","Vegetable Cake Recipe","وصفة كعكة خضار"
"items.scrolls.potionAndOilRecipes.oils.bladeOilRecipe.Description","Teaches the reader how to brew <color=#F2E6BD>Blade Oil</color>.
This item can only be crafted at an <color=#F2E6BD>Alchemy Table</color>.","تعلّم القارئ كيفية تخمير <color=#F2E6BD>زيت الشفرة</color>.
لا يمكن صنع هذا العنصر إلا عند <color=#F2E6BD>طاولة الخيمياء</color>."
"items.scrolls.potionAndOilRecipes.oils.bladeOilRecipe.Name","Blade Oil Recipe","وصفة زيت الشفرة"
"items.scrolls.potionAndOilRecipes.oils.flamescaleOilRecipe.Description","Teaches the reader how to brew <color=#F2E6BD>Flamescale Oil</color>.
This item can only be crafted at an <color=#F2E6BD>Alchemy Table</color>.","تعلّم القارئ كيفية تخمير <color=#F2E6BD>زيت قشور اللهب</color>.
لا يمكن صنع هذا العنصر إلا عند <color=#F2E6BD>طاولة الخيمياء</color>."
"items.scrolls.potionAndOilRecipes.oils.flamescaleOilRecipe.Name","Flamescale Oil Recipe","وصفة زيت قشور اللهب"
"items.scrolls.potionAndOilRecipes.oils.frostscaleOilRecipe.Description","Teaches the reader how to brew <color=#F2E6BD>Frostscale Oil</color>.
This item can only be crafted at an <color=#F2E6BD>Alchemy Table</color>.","تعلّم القارئ كيفية تخمير <color=#F2E6BD>زيت قشور الصقيع</color>.
لا يمكن صنع هذا العنصر إلا عند <color=#F2E6BD>طاولة الخيمياء</color>."
"items.scrolls.potionAndOilRecipes.oils.frostscaleOilRecipe.Name","Frostscale Oil Recipe","وصفة زيت قشور الصقيع"
"items.scrolls.potionAndOilRecipes.oils.sparkscaleOilRecipe.Description","Teaches the reader how to brew <color=#F2E6BD>Sparkscale Oil</color>.
This item can only be crafted at an <color=#F2E6BD>Alchemy Table</color>.","تعلّم القارئ كيفية تخمير <color=#F2E6BD>زيت قشور الشرر</color>.
لا يمكن صنع هذا العنصر إلا عند <color=#F2E6BD>طاولة الخيمياء</color>."
"items.scrolls.potionAndOilRecipes.oils.sparkscaleOilRecipe.Name","Sparkscale Oil Recipe","وصفة زيت قشور الشرر"
"items.scrolls.potionAndOilRecipes.oils.toxicOilRecipe.Description","Teaches the reader how to brew <color=#F2E6BD>Plaguescale Oil</color>.
This item can only be crafted at an <color=#F2E6BD>Alchemy Table</color>.","تعلّم القارئ كيفية تخمير <color=#F2E6BD>زيت قشور الوباء</color>.
لا يمكن صنع هذا العنصر إلا عند <color=#F2E6BD>طاولة الخيمياء</color>."
"items.scrolls.potionAndOilRecipes.oils.toxicOilRecipe.Name","Plaguescale Oil Recipe","وصفة زيت قشور الوباء"
"items.scrolls.potionAndOilRecipes.potions.largeAntidotePotionRecipe.Description","Teaches the reader how to brew a <color=#F2E6BD>Large Antidote Potion</color>.
This item can only be crafted at an <color=#F2E6BD>Alchemy Table</color>.","تعلّم القارئ كيفية تخمير <color=#F2E6BD>جرعة ترياق كبيرة</color>.
لا يمكن صنع هذا العنصر إلا عند <color=#F2E6BD>طاولة الخيمياء</color>."
"items.scrolls.potionAndOilRecipes.potions.largeAntidotePotionRecipe.Name","Large Antidote Potion Recipe","وصفة جرعة ترياق كبيرة"
"items.scrolls.potionAndOilRecipes.potions.largeExperiencePotionRecipe.Description","Teaches the reader how to brew a <color=#F2E6BD>Large Experience Potion Recipe</color>.
This item can only be crafted at an <color=#F2E6BD>Alchemy Table</color>.","تعلّم القارئ كيفية تخمير <color=#F2E6BD>جرعة خبرة كبيرة</color>.
لا يمكن صنع هذا العنصر إلا عند <color=#F2E6BD>طاولة الخيمياء</color>."
"items.scrolls.potionAndOilRecipes.potions.largeExperiencePotionRecipe.Name","Large Experience Potion Recipe","وصفة جرعة خبرة كبيرة"
"items.scrolls.potionAndOilRecipes.potions.largeRepairPowderRecipe.Description","Teaches the reader how to craft a <color=#F2E6BD>Large Repair Powder</color>.
This item can only be crafted at an <color=#F2E6BD>Alchemy Table</color>.","تعلّم القارئ كيفية صنع <color=#F2E6BD>مسحوق إصلاح كبير</color>.
لا يمكن صنع هذا العنصر إلا عند <color=#F2E6BD>طاولة الخيمياء</color>."
"items.scrolls.potionAndOilRecipes.potions.largeRepairPowderRecipe.Name","Large Repair Powder Recipe","وصفة مسحوق إصلاح كبير"
"items.scrolls.potionAndOilRecipes.potions.largeVialOfDefenseRecipe.Description","Teaches the reader how to brew a <color=#F2E6BD>Large Vial of Defense</color>.
This item can only be crafted at an <color=#F2E6BD>Alchemy Table</color>.","تعلّم القارئ كيفية تخمير <color=#F2E6BD>قارورة دفاع كبيرة</color>.
لا يمكن صنع هذا العنصر إلا عند <color=#F2E6BD>طاولة الخيمياء</color>."
"items.scrolls.potionAndOilRecipes.potions.largeVialOfDefenseRecipe.Name","Large Vial of Defense Recipe","وصفة قارورة دفاع كبيرة"
"items.scrolls.potionAndOilRecipes.potions.largeVialOfFocusRecipe.Description","Teaches the reader how to brew a <color=#F2E6BD>Large Vial of Focus</color>.
This item can only be crafted at an <color=#F2E6BD>Alchemy Table</color>.","تعلّم القارئ كيفية تخمير <color=#F2E6BD>قارورة تركيز كبيرة</color>.
لا يمكن صنع هذا العنصر إلا عند <color=#F2E6BD>طاولة الخيمياء</color>."
"items.scrolls.potionAndOilRecipes.potions.largeVialOfFocusRecipe.Name","Large Vial of Focus Recipe","وصفة قارورة تركيز كبيرة"
"items.scrolls.potionAndOilRecipes.potions.largeVialOfRejuvenationRecipe.Description","Teaches the reader how to brew a <color=#F2E6BD>Large Vial of Rejuvenation</color>.
This item can only be crafted at an <color=#F2E6BD>Alchemy Table</color>.","تعلّم القارئ كيفية تخمير <color=#F2E6BD>قارورة إنعاش كبيرة</color>.
لا يمكن صنع هذا العنصر إلا عند <color=#F2E6BD>طاولة الخيمياء</color>."
"items.scrolls.potionAndOilRecipes.potions.largeVialOfRejuvenationRecipe.Name","Large Vial of Rejuvenation Recipe","وصفة قارورة إنعاش كبيرة"
"items.scrolls.potionAndOilRecipes.potions.largeVialOfStaminaRecipe.Description","Teaches the reader how to brew a <color=#F2E6BD>Large Vial of Stamina</color>.
This item can only be crafted at an <color=#F2E6BD>Alchemy Table</color>.","تعلّم القارئ كيفية تخمير <color=#F2E6BD>قارورة قدرة تحمل كبيرة</color>.
لا يمكن صنع هذا العنصر إلا عند <color=#F2E6BD>طاولة الخيمياء</color>."
"items.scrolls.potionAndOilRecipes.potions.largeVialOfStaminaRecipe.Name","Large Vial of Stamina Recipe","وصفة قارورة قدرة تحمل كبيرة"
"items.scrolls.potionAndOilRecipes.potions.mediumAntidotePotionRecipe.Description","Teaches the reader how to brew a <color=#F2E6BD>Medium Antidote Potion</color>.
This item can only be crafted at an <color=#F2E6BD>Alchemy Table</color>.","تعلّم القارئ كيفية تخمير <color=#F2E6BD>جرعة ترياق متوسطة</color>.
لا يمكن صنع هذا العنصر إلا عند <color=#F2E6BD>طاولة الخيمياء</color>."
"items.scrolls.potionAndOilRecipes.potions.mediumAntidotePotionRecipe.Name","Medium Antidote Potion Recipe","وصفة جرعة ترياق متوسطة"
"items.scrolls.potionAndOilRecipes.potions.mediumExperiencePotionRecipe.Description","Teaches the reader how to brew a <color=#F2E6BD>Medium Experience Potion</color>.
This item can only be crafted at an <color=#F2E6BD>Alchemy Table</color>.","تعلّم القارئ كيفية تخمير <color=#F2E6BD>جرعة خبرة متوسطة</color>.
لا يمكن صنع هذا العنصر إلا عند <color=#F2E6BD>طاولة الخيمياء</color>."
"items.scrolls.potionAndOilRecipes.potions.mediumExperiencePotionRecipe.Name","Medium Experience Potion Recipe","وصفة جرعة خبرة متوسطة"
"items.scrolls.potionAndOilRecipes.potions.mediumRepairPowderRecipe.Description","Teaches the reader how to craft a <color=#F2E6BD>Medium Repair Powder</color>.
This item can only be crafted at an <color=#F2E6BD>Alchemy Table</color>.","تعلّم القارئ كيفية صنع <color=#F2E6BD>مسحوق إصلاح متوسط</color>.
لا يمكن صنع هذا العنصر إلا عند <color=#F2E6BD>طاولة الخيمياء</color>."
"items.scrolls.potionAndOilRecipes.potions.mediumRepairPowderRecipe.Name","Medium Repair Powder Recipe","وصفة مسحوق إصلاح متوسط"
"items.scrolls.potionAndOilRecipes.potions.mediumVialOfDefenseRecipe.Description","Teaches the reader how to brew a <color=#F2E6BD>Medium Vial of Defense</color>.
This item can only be crafted at an <color=#F2E6BD>Alchemy Table</color>.","تعلّم القارئ كيفية تخمير <color=#F2E6BD>قارورة دفاع متوسطة</color>.
لا يمكن صنع هذا العنصر إلا عند <color=#F2E6BD>طاولة الخيمياء</color>."
"items.scrolls.potionAndOilRecipes.potions.mediumVialOfDefenseRecipe.Name","Medium Vial of Defense Recipe","وصفة قارورة دفاع متوسطة"
"items.scrolls.potionAndOilRecipes.potions.mediumVialOfFocusRecipe.Description","Teaches the reader how to brew a <color=#F2E6BD>Medium Vial of Focus</color>.
This item can only be crafted at an <color=#F2E6BD>Alchemy Table</color>.","تعلّم القارئ كيفية تخمير <color=#F2E6BD>قارورة تركيز متوسطة</color>.
لا يمكن صنع هذا العنصر إلا عند <color=#F2E6BD>طاولة الخيمياء</color>."
"items.scrolls.potionAndOilRecipes.potions.mediumVialOfFocusRecipe.Name","Medium Vial of Focus Recipe","وصفة قارورة تركيز متوسطة"
"items.scrolls.potionAndOilRecipes.potions.mediumVialOfRejuvenationRecipe.Description","Teaches the reader how to brew a <color=#F2E6BD>Medium Vial of Rejuvenation</color>.
This item can only be crafted at an <color=#F2E6BD>Alchemy Table</color>.","تعلّم القارئ كيفية تخمير <color=#F2E6BD>قارورة إنعاش متوسطة</color>.
لا يمكن صنع هذا العنصر إلا عند <color=#F2E6BD>طاولة الخيمياء</color>."
"items.scrolls.potionAndOilRecipes.potions.mediumVialOfRejuvenationRecipe.Name","Medium Vial of Rejuvenation Recipe","وصفة قارورة إنعاش متوسطة"
"items.scrolls.potionAndOilRecipes.potions.mediumVialOfStaminaRecipe.Description","Teaches the reader how to brew a <color=#F2E6BD>Medium Vial of Stamina</color>.
This item can only be crafted at an <color=#F2E6BD>Alchemy Table</color>.","تعلّم القارئ كيفية تخمير <color=#F2E6BD>قارورة قدرة تحمل متوسطة</color>.
لا يمكن صنع هذا العنصر إلا عند <color=#F2E6BD>طاولة الخيمياء</color>."
"items.scrolls.potionAndOilRecipes.potions.mediumVialOfStaminaRecipe.Name","Medium Vial of Stamina Recipe","وصفة قارورة قدرة تحمل متوسطة"
"items.scrolls.potionAndOilRecipes.potions.smallAntidotePotionRecipe.Description","Teaches the reader how to brew a <color=#F2E6BD>Small Antidote Potion</color>.
This item can only be crafted at an <color=#F2E6BD>Alchemy Table</color>.","تعلّم القارئ كيفية تخمير <color=#F2E6BD>جرعة ترياق صغيرة</color>.
لا يمكن صنع هذا العنصر إلا عند <color=#F2E6BD>طاولة الخيمياء</color>."
"items.scrolls.potionAndOilRecipes.potions.smallAntidotePotionRecipe.Name","Small Antidote Potion Recipe","وصفة جرعة ترياق صغيرة"
"items.scrolls.potionAndOilRecipes.potions.smallExperiencePotionRecipe.Description","Teaches the reader how to brew a <color=#F2E6BD>Small Experience Potion</color>.
This item can only be crafted at an <color=#F2E6BD>Alchemy Table</color>.","تعلّم القارئ كيفية تخمير <color=#F2E6BD>جرعة خبرة صغيرة</color>.
لا يمكن صنع هذا العنصر إلا عند <color=#F2E6BD>طاولة الخيمياء</color>."
"items.scrolls.potionAndOilRecipes.potions.smallExperiencePotionRecipe.Name","Small Experience Potion Recipe","وصفة جرعة خبرة صغيرة"
"items.scrolls.potionAndOilRecipes.potions.smallRepairPowderRecipe.Description","Teaches the reader how to craft a <color=#F2E6BD>Small Repair Powder</color>.
This item can only be crafted at an <color=#F2E6BD>Alchemy Table</color>.","تعلّم القارئ كيفية صنع <color=#F2E6BD>مسحوق إصلاح صغير</color>.
لا يمكن صنع هذا العنصر إلا عند <color=#F2E6BD>طاولة الخيمياء</color>."
"items.scrolls.potionAndOilRecipes.potions.smallRepairPowderRecipe.Name","Small Repair Powder Recipe","وصفة مسحوق إصلاح صغير"
"items.scrolls.potionAndOilRecipes.potions.smallVialOfDefenseRecipe.Description","Teaches the reader how to brew a <color=#F2E6BD>Small Vial of Defense</color>.
This item can only be crafted at an <color=#F2E6BD>Alchemy Table</color>.","تعلّم القارئ كيفية تخمير <color=#F2E6BD>قارورة دفاع صغيرة</color>.
لا يمكن صنع هذا العنصر إلا عند <color=#F2E6BD>طاولة الخيمياء</color>."
"items.scrolls.potionAndOilRecipes.potions.smallVialOfDefenseRecipe.Name","Small Vial of Defense Recipe","وصفة قارورة دفاع صغيرة"
"items.scrolls.potionAndOilRecipes.potions.smallVialOfFocusRecipe.Description","Teaches the reader how to brew a <color=#F2E6BD>Small Vial of Focus</color>.
This item can only be crafted at an <color=#F2E6BD>Alchemy Table</color>.","تعلّم القارئ كيفية تخمير <color=#F2E6BD>قارورة تركيز صغيرة</color>.
لا يمكن صنع هذا العنصر إلا عند <color=#F2E6BD>طاولة الخيمياء</color>."
"items.scrolls.potionAndOilRecipes.potions.smallVialOfFocusRecipe.Name","Small Vial of Focus Recipe","وصفة قارورة تركيز صغيرة"
"items.scrolls.potionAndOilRecipes.potions.smallVialOfRejuvenationRecipe.Description","Teaches the reader how to brew a <color=#F2E6BD>Small Vial of Rejuvenation</color>.
This item can only be crafted at an <color=#F2E6BD>Alchemy Table</color>.","تعلّم القارئ كيفية تخمير <color=#F2E6BD>قارورة إنعاش صغيرة</color>.
لا يمكن صنع هذا العنصر إلا عند <color=#F2E6BD>طاولة الخيمياء</color>."
"items.scrolls.potionAndOilRecipes.potions.smallVialOfRejuvenationRecipe.Name","Small Vial of Rejuvenation Recipe","وصفة قارورة إنعاش صغيرة"
"items.scrolls.potionAndOilRecipes.potions.smallVialOfStaminaRecipe.Description","Teaches the reader how to brew a <color=#F2E6BD>Small Vial of Stamina</color>.
This item can only be crafted at an <color=#F2E6BD>Alchemy Table</color>.","تعلّم القارئ كيفية تخمير <color=#F2E6BD>قارورة قدرة تحمل صغيرة</color>.
لا يمكن صنع هذا العنصر إلا عند <color=#F2E6BD>طاولة الخيمياء</color>."
"items.scrolls.potionAndOilRecipes.potions.smallVialOfStaminaRecipe.Name","Small Vial of Stamina Recipe","وصفة قارورة قدرة تحمل صغيرة"
"items.tools.fishingRods.birchFishingRod.Description","A refined tool used to <color=#F2E6BD>catch fish</color>.","أداة مصقولة تُستخدم لـ <color=#F2E6BD>صيد الأسماك</color>."
"items.tools.fishingRods.birchFishingRod.Name","Birch Fishing Rod","صنارة صيد من خشب البتولا"
"items.tools.fishingRods.darkOakFishingRod.Description","An exceptionally strong tool used to <color=#F2E6BD>catch fish</color>.","أداة قوية للغاية تُستخدم لـ <color=#F2E6BD>صيد الأسماك</color>."
"items.tools.fishingRods.darkOakFishingRod.Name","Dark Oak Fishing Rod","صنارة صيد من البلوط الداكن"
"items.tools.fishingRods.mapleFishingRod.Description","An elegantly crafted tool used to <color=#F2E6BD>catch fish</color>.","أداة مصنوعة بأناقة تُستخدم لـ <color=#F2E6BD>صيد الأسماك</color>."
"items.tools.fishingRods.mapleFishingRod.Name","Maple Fishing Rod","صنارة صيد من خشب القيقب"
"items.tools.fishingRods.oakFishingRod.Description","A robust and finely crafted tool used to <color=#F2E6BD>catch fish</color>.","أداة متينة ومصنوعة بإتقان تُستخدم لـ <color=#F2E6BD>صيد الأسماك</color>."
"items.tools.fishingRods.oakFishingRod.Name","Oak Fishing Rod","صنارة صيد من خشب البلوط"
"items.tools.fishingRods.pineFishingRod.Description","A basic tool used to <color=#F2E6BD>catch fish</color>.","أداة أساسية تُستخدم لـ <color=#F2E6BD>صيد الأسماك</color>."
"items.tools.fishingRods.pineFishingRod.Name","Pine Fishing Rod","صنارة صيد من خشب الصنوبر"
"items.tools.fishingRods.spruceFishingRod.Description","A superior tool used to <color=#F2E6BD>catch fish</color>.","أداة ممتازة تُستخدم لـ <color=#F2E6BD>صيد الأسماك</color>."
"items.tools.fishingRods.spruceFishingRod.Name","Spruce Fishing Rod","صنارة صيد من خشب التنوب"
"items.tools.hoes.birchHoe.Description","A refined tool used to <color=#F2E6BD>till soil</color>.","أداة مصقولة تُستخدم لـ <color=#F2E6BD>عزق التربة</color>."
"items.tools.hoes.birchHoe.Name","Birch Hoe","معزقة من خشب البتولا"
"items.tools.hoes.darkOakHoe.Description","An exceptionally strong tool used to <color=#F2E6BD>till soil</color>.","أداة قوية للغاية تُستخدم لـ <color=#F2E6BD>عزق التربة</color>."
"items.tools.hoes.darkOakHoe.Name","Dark Oak Hoe","معزقة من البلوط الداكن"
"items.tools.hoes.mapleHoe.Description","An elegantly crafted tool used to <color=#F2E6BD>till soil</color>.","أداة مصنوعة بأناقة تُستخدم لـ <color=#F2E6BD>عزق التربة</color>."
"items.tools.hoes.mapleHoe.Name","Maple Hoe","معزقة من خشب القيقب"
"items.tools.hoes.oakHoe.Description","A robust and finely crafted tool used to <color=#F2E6BD>till soil</color>.","أداة متينة ومصنوعة بإتقان تُستخدم لـ <color=#F2E6BD>عزق التربة</color>."
"items.tools.hoes.oakHoe.Name","Oak Hoe","معزقة من خشب البلوط"
"items.tools.hoes.pineHoe.Description","A basic tool used to <color=#F2E6BD>till soil</color>.","أداة أساسية تُستخدم لـ <color=#F2E6BD>عزق التربة</color>."
"items.tools.hoes.pineHoe.Name","Pine Hoe","معزقة من خشب الصنوبر"
"items.tools.hoes.spruceHoe.Description","A superior tool used to <color=#F2E6BD>till soil</color>.","أداة ممتازة تُستخدم لـ <color=#F2E6BD>عزق التربة</color>."
"items.tools.hoes.spruceHoe.Name","Spruce Hoe","معزقة من خشب التنوب"
"items.tools.pickaxes.copperPickaxe.Description","A basic tool used to <color=#F2E6BD>harvest ore from ore veins</color>.","أداة أساسية تُستخدم لـ <color=#F2E6BD>استخراج الخام من عروق المعادن</color>."
"items.tools.pickaxes.copperPickaxe.Name","Copper Pickaxe","معول نحاسي"
"items.tools.pickaxes.goldenPickaxe.Description","A sturdy yet elegant tool used to <color=#F2E6BD>harvest ore from ore veins</color>.","أداة متينة وأنيقة تُستخدم لـ <color=#F2E6BD>استخراج الخام من عروق المعادن</color>."
"items.tools.pickaxes.goldenPickaxe.Name","Golden Pickaxe","معول ذهبي"
"items.tools.pickaxes.ironPickaxe.Description","A superior tool used to <color=#F2E6BD>harvest ore from ore veins</color>.","أداة ممتازة تُستخدم لـ <color=#F2E6BD>استخراج الخام من عروق المعادن</color>."
"items.tools.pickaxes.ironPickaxe.Name","Iron Pickaxe","معول حديدي"
"items.tools.pickaxes.obsidianPickaxe.Description","A sleek and powerful tool used to <color=#F2E6BD>harvest ore from ore veins</color>.","أداة مصقولة وقوية تُستخدم لـ <color=#F2E6BD>استخراج الخام من عروق المعادن</color>."
"items.tools.pickaxes.obsidianPickaxe.Name","Obsidian Pickaxe","معول سبجي (أوبسيديان)"
"items.tools.pickaxes.silverPickaxe.Description","A formidable tool used to <color=#F2E6BD>harvest ore from ore veins</color>.","أداة هائلة تُستخدم لـ <color=#F2E6BD>استخراج الخام من عروق المعادن</color>."
"items.tools.pickaxes.silverPickaxe.Name","Silver Pickaxe","معول فضي"
"items.tools.pickaxes.titanitePickaxe.Description","An exceptionally hardy tool used to <color=#F2E6BD>harvest ore from ore veins</color>.","أداة صلبة للغاية تُستخدم لـ <color=#F2E6BD>استخراج الخام من عروق المعادن</color>."
"items.tools.pickaxes.titanitePickaxe.Name","Titanite Pickaxe","معول التيتانيت"
"items.tools.shovels.copperShovel.Description","A basic tool used to <color=#F2E6BD>dig out roots from the ground</color>.","أداة أساسية تُستخدم لـ <color=#F2E6BD>استخراج الجذور من الأرض</color>."
"items.tools.shovels.copperShovel.Name","Copper Shovel","مجرفة نحاسية"
"items.tools.shovels.goldenShovel.Description","A sturdy yet elegant tool used to <color=#F2E6BD>dig out roots from the ground</color>.","أداة متينة وأنيقة تُستخدم لـ <color=#F2E6BD>استخراج الجذور من الأرض</color>."
"items.tools.shovels.goldenShovel.Name","Golden Shovel","مجرفة ذهبية"
"items.tools.shovels.ironShovel.Description","A superior tool used to <color=#F2E6BD>dig out roots from the ground</color>.","أداة ممتازة تُستخدم لـ <color=#F2E6BD>استخراج الجذور من الأرض</color>."
"items.tools.shovels.ironShovel.Name","Iron Shovel","مجرفة حديدية"
"items.tools.shovels.obsidianShovel.Description","A sleek and powerful tool used to <color=#F2E6BD>dig out roots from the ground</color>.","أداة مصقولة وقوية تُستخدم لـ <color=#F2E6BD>استخراج الجذور من الأرض</color>."
"items.tools.shovels.obsidianShovel.Name","Obsidian Shovel","مجرفة سبجية (أوبسيديان)"
"items.tools.shovels.silverShovel.Description","A formidable tool used to <color=#F2E6BD>dig out roots from the ground</color>.","أداة هائلة تُستخدم لـ <color=#F2E6BD>استخراج الجذور من الأرض</color>."
"items.tools.shovels.silverShovel.Name","Silver Shovel","مجرفة فضية"
"items.tools.shovels.titaniteShovel.Description","An exceptionally hardy tool used to <color=#F2E6BD>dig out roots from the ground</color>.","أداة صلبة للغاية تُستخدم لـ <color=#F2E6BD>استخراج الجذور من الأرض</color>."
"items.tools.shovels.titaniteShovel.Name","Titanite Shovel","مجرفة التيتانيت"
"items.tools.wateringCans.copperWateringCan.Description","A simple handheld can used to <color=#F2E6BD>water crops</color>.","مرشة يدوية بسيطة تُستخدم لـ <color=#F2E6BD>ري المحاصيل</color>."
"items.tools.wateringCans.copperWateringCan.Name","Copper Watering Can","مرشة ماء نحاسية"
"items.tools.wateringCans.goldenWateringCan.Description","A superior can used to  <color=#F2E6BD>water crops</color>.","مرشة ممتازة تُستخدم لـ <color=#F2E6BD>ري المحاصيل</color>."
"items.tools.wateringCans.goldenWateringCan.Name","Golden Watering Can","مرشة ماء ذهبية"
"items.tools.wateringCans.ironWateringCan.Description","An exceptionally hardy can used to <color=#F2E6BD>water crops</color>.","مرشة صلبة للغاية تُستخدم لـ <color=#F2E6BD>ري المحاصيل</color>."
"items.tools.wateringCans.ironWateringCan.Name","Iron Watering Can","مرشة ماء حديدية"
"items.tools.wateringCans.obsidianWateringCan.Description","A partcularly sleek can used to  <color=#F2E6BD>water crops</color>.","مرشة أنيقة ومصقولة تُستخدم لـ <color=#F2E6BD>ري المحاصيل</color>."
"items.tools.wateringCans.obsidianWateringCan.Name","Obsidian Watering Can","مرشة ماء سبجية (أوبسيديان)"
"items.tools.wateringCans.silverWateringCan.Description","A refined and elegant can used to <color=#F2E6BD>water crops</color>.","مرشة راقية وأنيقة تُستخدم لـ <color=#F2E6BD>ري المحاصيل</color>."
"items.tools.wateringCans.silverWateringCan.Name","Silver Watering Can","مرشة ماء فضية"
"items.tools.wateringCans.titaniteWateringCan.Description","A rare and formidable can used to <color=#F2E6BD>water crops</color>.","مرشة نادرة وهائلة تُستخدم لـ <color=#F2E6BD>ري المحاصيل</color>."
"items.tools.wateringCans.titaniteWateringCan.Name","Titanite Watering Can","مرشة ماء التيتانيت"
"items.tools.woodcuttersAxes.copperWoodcuttersAxe.Description","A basic tool used to <color=#F2E6BD>cut down trees</color>.","أداة أساسية تُستخدم لـ <color=#F2E6BD>قطع الأشجار</color>."
"items.tools.woodcuttersAxes.copperWoodcuttersAxe.Name","Copper Woodcutter's Axe","فأس حطاب نحاسية"
"items.tools.woodcuttersAxes.goldenWoodcuttersAxe.Description","A sturdy yet elegant tool used to <color=#F2E6BD>cut down trees</color>.","أداة متينة وأنيقة تُستخدم لـ <color=#F2E6BD>قطع الأشجار</color>."
"items.tools.woodcuttersAxes.goldenWoodcuttersAxe.Name","Golden Woodcutter's Axe","فأس حطاب ذهبية"
"items.tools.woodcuttersAxes.ironWoodcuttersAxe.Description","A superior tool used to <color=#F2E6BD>cut down trees</color>.","أداة ممتازة تُستخدم لـ <color=#F2E6BD>قطع الأشجار</color>."
"items.tools.woodcuttersAxes.ironWoodcuttersAxe.Name","Iron Woodcutter's Axe","فأس حطاب حديدية"
"items.tools.woodcuttersAxes.obsidianWoodcuttersAxe.Description","A sleek and powerful tool used to <color=#F2E6BD>cut down trees</color>.","أداة مصقولة وقوية تُستخدم لـ <color=#F2E6BD>قطع الأشجار</color>."
"items.tools.woodcuttersAxes.obsidianWoodcuttersAxe.Name","Obsidian Woodcutter's Axe","فأس حطاب سبجية (أوبسيديان)"
"items.tools.woodcuttersAxes.silverWoodcuttersAxe.Description","A formidable tool used to <color=#F2E6BD>cut down trees</color>.","أداة هائلة تُستخدم لـ <color=#F2E6BD>قطع الأشجار</color>."
"items.tools.woodcuttersAxes.silverWoodcuttersAxe.Name","Silver Woodcutter's Axe","فأس حطاب فضية"
"items.tools.woodcuttersAxes.titaniteWoodcuttersAxe.Description","An exceptionally hardy tool used to <color=#F2E6BD>cut down trees</color>.","أداة صلبة للغاية تُستخدم لـ <color=#F2E6BD>قطع الأشجار</color>."
"items.tools.woodcuttersAxes.titaniteWoodcuttersAxe.Name","Titanite Woodcutter's Axe","فأس حطاب التيتانيت"
"items.traps.snapTrap.Description","Places a trap that deals {0:0} piercing damage and knocks the target down.","ينصب فخاً يُلحق {0:0} من ضرر الطعن ويُسقط الهدف أرضاً."
"items.traps.snapTrap.Name","Snap Trap","فخ الانطباق"
"items.type.amulet","Amulet","تميمة"
"items.type.axe","Axe","فأس"
"items.type.boStaff","Bo Staff","عصا بو"
"items.type.body","Body","درع الصدر"
"items.type.bomb","Bomb","قنبلة"
"items.type.bow","Bow","قوس"
"items.type.bowgun","Bowgun","بندقية قوس"
"items.type.brick","Brick","طوب"
"items.type.cloth","Cloth","قماش"
"items.type.club","Club","هراوة"
"items.type.component","Component","مكون"
"items.type.cooking","Cooking","الطبخ"
"items.type.crafting","Crafting","التصنيع"
"items.type.crossbow","Crossbow","القوس والنشاب"
"items.type.curvedGreatsword","Curved Greatsword","سيف عظيم منحنٍ"
"items.type.curvedSword","Curved Sword","سيف منحنٍ"
"items.type.doubleDagger","Double Dagger","خنجر مزدوج"
"items.type.dualWielding","Dual Wielding","استخدام مزدوج"
"items.type.elegantPlatter","Elegant Platter","طبق فاخر"
"items.type.ember","Ember","الجمر"
"items.type.energy","Energy","طاقة"
"items.type.farmedVegetation","Farmed Vegetation","نباتات مزروعة"
"items.type.fertilizer","Fertilizer","سماد"
"items.type.fishingRod","Fishing Rod","صنارة صيد"
"items.type.focus","Focus","التركيز"
"items.type.foragedVegetation","Foraged Vegetation","نباتات مجمعة"
"items.type.garment","Garment","رداء"
"items.type.gauntlet","Gauntlet","قفاز فولاذي"
"items.type.gloves","Gloves","القفازات"
"items.type.grateShield","Great Shield","ترس عظيم"
"items.type.greatAxe","Great Axe","فأس عظيمة"
"items.type.greatClub","Great Club","هراوة عظيمة"
"items.type.greatHammer","Great Hammer","مطرقة عظيمة"
"items.type.greatSword","Great Sword","سيف عظيم"
"items.type.halberd","Halberd","فأس ساطورية (هالبيرد)"
"items.type.hammer","Hammer","مطرقة"
"items.type.health","Health","الصحة"
"items.type.helmet","Helmet","خوذة"
"items.type.hoe","Hoe","معزقة"
"items.type.ingot","Ingot","سبيكة"
"items.type.ingridient","Ingredient","مكون"
"items.type.katana","Katana","كاتانا"
"items.type.key","Key","مفتاح"
"items.type.knife","Knife","سكين"
"items.type.landMeat","Land Meat","لحم بري"
"items.type.leather","Leather","جلد"
"items.type.light","Light","خفيف"
"items.type.lightShield","Light Shield","ترس خفيف"
"items.type.mace","Mace","صولجان"
"items.type.mediumShield","Medium Shield","ترس متوسط"
"items.type.mesh","Mesh","شبكة معدنية"
"items.type.nunchaku","Nunchaku","نونشاكو"
"items.type.oneHanded","One-Handed","يد واحدة"
"items.type.orb","Orb","كرة سحرية"
"items.type.pants","Pants","السراويل"
"items.type.pickaxe","Pickaxe","معول"
"items.type.pipe","Pipe","أنبوب"
"items.type.planks","Planks","ألواح خشبية"
"items.type.plate","Plate","صفائح معدنية"
"items.type.potion","Potion","جرعة"
"items.type.questItem","Quest Item","عنصر مهمة"
"items.type.rapier","Rapier","سيف المبارزة (رابير)"
"items.type.rawMeal","Raw Meal","وجبة نيئة"
"items.type.resourceLeather","Leather","جلد"
"items.type.ring","Ring","خاتم"
"items.type.rune","Rune","رون"
"items.type.scepter","Scepter","صولجان حكم"
"items.type.scythe","Scythe","منجل"
"items.type.seaMeat","Sea Meat","لحم بحري"
"items.type.shovel","Shovel","مجرفة"
"items.type.simpleMeal","Simple Meal","وجبة بسيطة"
"items.type.spear","Spear","رمح"
"items.type.staff","Staff","عصا سحرية"
"items.type.stamina","Stamina","التحمل"
"items.type.straightSword","Straight Sword","سيف مستقيم"
"items.type.succulentFeasts","Succulent Feast","وليمة شهية"
"items.type.tome","Tome","مجلد"
"items.type.trap","Trap","فخ"
"items.type.twoHanded","Two-Handed","يدان"
"items.type.unarmed","Unarmed","أعزل"
"items.type.wakizashi","Wakizashi","واكيزاشي"
"items.type.wand","Wand","عصا سحرية قصيرة"
"items.type.wateringCan","Watering Can","مرشة ماء"
"items.type.weaponOil","Weapon Oil","زيت سلاح"
"items.type.whip","Whip","سوط"
"items.type.woodcuttingAxe","Axe","فأس"
"items.upgradeMaterials.gearComponents.armorComponent.armorPlate.Description","Used to upgrade or craft <color=#F2E6BD>armors</color>.","تُستخدم لترقية أو تصنيع <color=#F2E6BD>الدروع</color>."
"items.upgradeMaterials.gearComponents.armorComponent.armorPlate.Name","Armor Shard","شظية درع"
"items.upgradeMaterials.gearComponents.armorComponent.wornRingShank.Description","Can be crafted into <color=#F2E6BD>rings</color>.","يمكن تصنيعها إلى <color=#F2E6BD>خواتم</color>."
"items.upgradeMaterials.gearComponents.armorComponent.wornRingShank.Name","Worn Ring Shank","ساق خاتم مهترئة"
"items.upgradeMaterials.gearComponents.armorComponent.wornStud.Description","Can be crafted into <color=#F2E6BD>shields</color>.","يمكن تصنيعه إلى <color=#F2E6BD>تروس</color>."
"items.upgradeMaterials.gearComponents.armorComponent.wornStud.Name","Worn Stud","مسمار تثبيت مهترئ"
"items.upgradeMaterials.gearComponents.weaponComponent.flimsyString.Description","Used to upgrade or craft <color=#F2E6BD>Bows and Crossbows</color>.","يُستخدم لترقية أو تصنيع <color=#F2E6BD>الأقواس والأقواس المستعرضة</color>."
"items.upgradeMaterials.gearComponents.weaponComponent.flimsyString.Name","Flimsy String","وتر واهن"
"items.upgradeMaterials.gearComponents.weaponComponent.hollowCounterweight.Description","Used to upgrade or craft <color=#F2E6BD>blunt weapons</color>.","يُستخدم لترقية أو تصنيع <color=#F2E6BD>الأسلحة غير الحادة</color>."
"items.upgradeMaterials.gearComponents.weaponComponent.hollowCounterweight.Name","Hollow Counterweight","ثقل موازن مجوف"
"items.upgradeMaterials.gearComponents.weaponComponent.timewornRune.Description","Used to upgrade or craft <color=#F2E6BD>arcane weapons</color>.","يُستخدم لترقية أو تصنيع <color=#F2E6BD>الأسلحة السحرية</color>."
"items.upgradeMaterials.gearComponents.weaponComponent.timewornRune.Name","Timeworn Rune","رون عفا عليه الزمن"
"items.upgradeMaterials.gearComponents.weaponComponent.wornPikeFragment.Description","Used to upgrade or craft <color=#F2E6BD>piercing weapons</color>.","تُستخدم لترقية أو تصنيع <color=#F2E6BD>الأسلحة الطاعنة</color>."
"items.upgradeMaterials.gearComponents.weaponComponent.wornPikeFragment.Name","Worn Pike Fragment","شظية رمح مهترئة"
"items.upgradeMaterials.gearComponents.weaponShard.Description","Used to upgrade or craft <color=#F2E6BD>weapons</color>.","تُستخدم لترقية أو تصنيع <color=#F2E6BD>الأسلحة</color>."
"items.upgradeMaterials.gearComponents.weaponShard.Name","Weapon Shard","شظية سلاح"
"items.upgradeMaterials.parts.boar.boarHoof.Description","Hairy and putrid. But at least it can be used to <color=#F2E6BD>craft or upgrade gear</color>.","مشعر وكريه الرائحة. لكن يمكن على الأقل استخدامه لـ <color=#F2E6BD>صناعة العتاد أو ترقيته</color>."
"items.upgradeMaterials.parts.boar.boarHoof.Name","Boar Hoof","حافر خنزير بري"
"items.upgradeMaterials.parts.boar.boarSkull.Description","Intimidatingly large, even in death. This trophy can be used to <color=#F2E6BD>craft or upgrade gear</color>.","ضخمة ومهيبة حتى في الموت. يمكن استخدام هذه الغنيمة لـ <color=#F2E6BD>صناعة العتاد أو ترقيته</color>."
"items.upgradeMaterials.parts.boar.boarSkull.Name","Boar Skull","جمجمة خنزير بري"
"items.upgradeMaterials.parts.boar.boarTusk.Description","Elegant but deadly; it can be used to <color=#F2E6BD>craft or upgrade gear</color>.","أنيق لكنه فتاك؛ يمكن استخدامه لـ <color=#F2E6BD>صناعة العتاد أو ترقيته</color>."
"items.upgradeMaterials.parts.boar.boarTusk.Name","Boar Tusk","ناب خنزير بري"
"items.upgradeMaterials.parts.capercaillie.capercaillieFoot.Description","Whether good luck or bad, no one knows; but it can be used to <color=#F2E6BD>craft consumables</color>.","سواء كانت تجلب الحظ الجيد أو السيئ، لا أحد يعلم؛ لكن يمكن استخدامها لـ <color=#F2E6BD>صناعة المواد المستهلكة</color>."
"items.upgradeMaterials.parts.capercaillie.capercaillieFoot.Name","Capercaillie Foot","قدم طائر الغاب"
"items.upgradeMaterials.parts.capercaillie.capercaillieHead.Description","These feathered remains can be used to <color=#F2E6BD>craft consumables</color>.","يمكن استخدام هذه البقايا المغطاة بالريش لـ <color=#F2E6BD>صناعة المواد المستهلكة</color>."
"items.upgradeMaterials.parts.capercaillie.capercaillieHead.Name","Capercaillie Head","رأس طائر الغاب"
"items.upgradeMaterials.parts.capercaillie.capercaillieWing.Description","This vibrant plumage can be used to <color=#F2E6BD>craft consumables</color>.","يمكن استخدام هذا الريش الزاهي لـ <color=#F2E6BD>صناعة المواد المستهلكة</color>."
"items.upgradeMaterials.parts.capercaillie.capercaillieWing.Name","Capercaillie Wing","جناح طائر الغاب"
"items.upgradeMaterials.parts.deadtide.brineScale.Description","Encrusted with salt and barnacles, impossibly tough. It can be used to <color=#F2E6BD>craft or upgrade gear</color>.","مغطاة بالملح والبرنقيل، وصلبة لدرجة لا تُصدق. يمكن استخدامها لـ <color=#F2E6BD>صناعة العتاد أو ترقيته</color>."
"items.upgradeMaterials.parts.deadtide.brineScale.Name","Brine Scale","حرشفة ملحية"
"items.upgradeMaterials.parts.deadtide.deadtideSkull.Description","Barnacle-covered and hollow-eyed, a trophy from the abyss. It can be used to <color=#F2E6BD>craft or upgrade gear</color>.","مغطاة بالبرنقيل وغائرة العينين، غنيمة من الهاوية. يمكن استخدامها لـ <color=#F2E6BD>صناعة العتاد أو ترقيته</color>."
"items.upgradeMaterials.parts.deadtide.deadtideSkull.Name","Deadtide Skull","جمجمة المد الميت"
"items.upgradeMaterials.parts.deadtide.rotfinMembrane.Description","A translucent tissue that reeks of the deep. It can be used to <color=#F2E6BD>craft consumables</color>.","نسيج شبه شفاف يفوح برائحة الأعماق. يمكن استخدامه لـ <color=#F2E6BD>صناعة المواد المستهلكة</color>."
"items.upgradeMaterials.parts.deadtide.rotfinMembrane.Name","Rotfin Membrane","غشاء الزعنفة العفنة"
"items.upgradeMaterials.parts.deadtide.tidelurkerClaw.Description","A crustacean pincer, still snapping reflexively. It can be used to <color=#F2E6BD>craft or upgrade gear</color>.","مخلب قشري لا يزال يطبق بانعكاس لاإرادي. يمكن استخدامه لـ <color=#F2E6BD>صناعة العتاد أو ترقيته</color>."
"items.upgradeMaterials.parts.deadtide.tidelurkerClaw.Name","Tidelurker Claw","مخلب متربص المد"
"items.upgradeMaterials.parts.fish.scales.belugaScales.Description","Exceedingly rare and beautiful, these can be used to <color=#F2E6BD>craft consumables</color>.","نادرة وجميلة للغاية، يمكن استخدامها لـ <color=#F2E6BD>صناعة المواد المستهلكة</color>."
"items.upgradeMaterials.parts.fish.scales.belugaScales.Name","Beluga Scales","حراشف بيلوغا"
"items.upgradeMaterials.parts.goat.goatBlood.Description","Often used during Dasha rituals, the effects of goat blood have never been fully understood.","كثيرًا ما يُستخدم في طقوس داشا، ولم تُفهم تأثيرات دم الماعز تمامًا قط."
"items.upgradeMaterials.parts.goat.goatBlood.Name","Goat Blood","دم ماعز"
"items.upgradeMaterials.parts.hollowborn.hollowbornSinew.Description","Desiccated muscle fiber that still twitches with unnatural life. It can be used to <color=#F2E6BD>craft or upgrade gear</color>.","ألياف عضلية مجففة لا تزال تنتفض بحياة غير طبيعية. يمكن استخدامها لـ <color=#F2E6BD>صناعة العتاد أو ترقيته</color>."
"items.upgradeMaterials.parts.hollowborn.hollowbornSinew.Name","Hollowborn Sinew","وتر المجوفين"
"items.upgradeMaterials.parts.hollowborn.hollowbornSkull.Description","An empty vessel, stripped of memory and purpose. This trophy can be used to <color=#F2E6BD>craft or upgrade gear</color>.","وعاء فارغ جُرّد من الذكريات والغاية. يمكن استخدام هذه الغنيمة لـ <color=#F2E6BD>صناعة العتاد أو ترقيته</color>."
"items.upgradeMaterials.parts.hollowborn.hollowbornSkull.Name","Hollowborn Skull","جمجمة المجوفين"
"items.upgradeMaterials.parts.humanoids.humanBone.Description","The remains of those who fall in battle can be used to <color=#F2E6BD>craft or upgrade gear</color>.","بقايا أولئك الذين سقطوا في المعركة يمكن استخدامها لـ <color=#F2E6BD>صناعة العتاد أو ترقيته</color>."
"items.upgradeMaterials.parts.humanoids.humanBone.Name","Human Bone","عظم بشري"
"items.upgradeMaterials.parts.humanoids.humanHand.Description","A grotesque trophy that can be used to <color=#F2E6BD>craft or upgrade gear</color>.","غنيمة بشعة يمكن استخدامها لـ <color=#F2E6BD>صناعة العتاد أو ترقيته</color>."
"items.upgradeMaterials.parts.humanoids.humanHand.Name","Human Hand","يد بشرية"
"items.upgradeMaterials.parts.humanoids.malformedSkull.Description","A pitiful and disturbing specimen; but it can be used to <color=#F2E6BD>craft or upgrade gear</color>.","عينة بائسة ومثيرة للقلق؛ لكن يمكن استخدامها لـ <color=#F2E6BD>صناعة العتاد أو ترقيته</color>."
"items.upgradeMaterials.parts.humanoids.malformedSkull.Name","Malformed Skull","جمجمة مشوهة"
"items.upgradeMaterials.parts.inquisition.inquisitorsBrand.Description","A sigil seared into flesh, marking one's devotion. It can be used to <color=#F2E6BD>craft consumables</color>.","رمز محفور بالنار في اللحم، يدل على إخلاص المرء. يمكن استخدامه لـ <color=#F2E6BD>صناعة المواد المستهلكة</color>."
"items.upgradeMaterials.parts.inquisition.inquisitorsBrand.Name","Inquisitor's Brand","وسم محقق التفتيش"
"items.upgradeMaterials.parts.inquisition.penitentSkull.Description","The hollow gaze of one who believed too strongly. This trophy can be used to <color=#F2E6BD>craft or upgrade gear</color>.","النظرة الخاوية لشخص آمن بشدة مفرطة. يمكن استخدام هذه الغنيمة لـ <color=#F2E6BD>صناعة العتاد أو ترقيته</color>."
"items.upgradeMaterials.parts.inquisition.penitentSkull.Name","Penitent Skull","جمجمة التائب"
"items.upgradeMaterials.parts.inquisition.zealotsHand.Description","Even in death, the grip remains firm. This can be used to <color=#F2E6BD>craft or upgrade gear</color>.","حتى في الموت، تظل القبضة محكمة. يمكن استخدام هذه لـ <color=#F2E6BD>صناعة العتاد أو ترقيته</color>."
"items.upgradeMaterials.parts.inquisition.zealotsHand.Name","Zealot's Hand","يد المتعصب"
"items.upgradeMaterials.parts.plaguedBear.bearHeart.Description","Can be used to <color=#F2E6BD>craft consumables</color> - provided it has stopped beating.","يمكن استخدامه لـ <color=#F2E6BD>صناعة المواد المستهلكة</color> - شريطة أن يكون قد توقف عن النبض."
"items.upgradeMaterials.parts.plaguedBear.bearHeart.Name","Bear Heart","قلب دب"
"items.upgradeMaterials.parts.plaguedBear.bearPaw.Description","A rare memento, difficult to come by. It can be used to <color=#F2E6BD>craft consumables</color>.","تذكار نادر يصعب الحصول عليه. يمكن استخدامه لـ <color=#F2E6BD>صناعة المواد المستهلكة</color>."
"items.upgradeMaterials.parts.plaguedBear.bearPaw.Name","Bear Paw","مخلب دب"
"items.upgradeMaterials.parts.plaguedBear.bearSkull.Description","Picked clean of flesh, this can be kept as a souvenir or used to <color=#F2E6BD>craft or upgrade gear</color>.","نُظفت تمامًا من اللحم، ويمكن الاحتفاظ بها كتذكار أو استخدامها لـ <color=#F2E6BD>صناعة العتاد أو ترقيته</color>."
"items.upgradeMaterials.parts.plaguedBear.bearSkull.Name","Bear Skull","جمجمة دب"
"items.upgradeMaterials.parts.siren.sirenClaw.Description","The talon of Sacra's most reviled water dweller. This can be used to <color=#F2E6BD>craft or upgrade gear</color>.","مخلب أكثر ساكني مياه ساكرا إثارة للاشمئزاز. يمكن استخدامه لـ <color=#F2E6BD>صناعة العتاد أو ترقيته</color>."
"items.upgradeMaterials.parts.siren.sirenClaw.Name","Siren Claw","مخلب الحورية"
"items.upgradeMaterials.parts.siren.sirenSkull.Description","The grimy skull of a creature native to Sacra, but loved by none. It can be used to <color=#F2E6BD>craft or upgrade gear</color>.","الجمجمة القذرة لمخلوق أصيل في ساكرا، لكن لا يحبه أحد. يمكن استخدامها لـ <color=#F2E6BD>صناعة العتاد أو ترقيته</color>."
"items.upgradeMaterials.parts.siren.sirenSkull.Name","Siren Skull","جمجمة الحورية"
"items.upgradeMaterials.parts.siren.sirenTail.Description","Sharp as a whip and slimy as a liver, this can be used to <color=#F2E6BD>craft consumables</color>.","حاد كالسوط ولزج كالكبد، يمكن استخدامه لـ <color=#F2E6BD>صناعة المواد المستهلكة</color>."
"items.upgradeMaterials.parts.siren.sirenTail.Name","Siren Tail","ذيل الحورية"
"items.upgradeMaterials.parts.stag.stagAntler.Description","A majestic trophy that can be used to <color=#F2E6BD>craft or upgrade gear</color>.","غنيمة مهيبة يمكن استخدامها لـ <color=#F2E6BD>صناعة العتاد أو ترقيته</color>."
"items.upgradeMaterials.parts.stag.stagAntler.Name","Stag Antlers","قرون أيل"
"items.upgradeMaterials.parts.stag.stagHoof.Description","The severed foot of a stately beast; it can be used to <color=#F2E6BD>craft or upgrade gear</color>.","القدم المبتورة لوحش مهيب؛ يمكن استخدامها لـ <color=#F2E6BD>صناعة العتاد أو ترقيته</color>."
"items.upgradeMaterials.parts.stag.stagHoof.Name","Stag Hoof","حافر أيل"
"items.upgradeMaterials.parts.stag.stagSkull.Description","A grinning reminder of nature's beauty. It can be used to <color=#F2E6BD>craft or upgrade gear</color>.","تذكير مبتسم بجمال الطبيعة. يمكن استخدامه لـ <color=#F2E6BD>صناعة العتاد أو ترقيته</color>."
"items.upgradeMaterials.parts.stag.stagSkull.Name","Stag Skull","جمجمة أيل"
"items.upgradeMaterials.parts.theDevout.broodChitin.Description","Hardened shell from the worm-like spawn of the Devout. It can be used to <color=#F2E6BD>craft or upgrade gear</color>.","صدفة صلبة من النسل الشبيه بالدود للورعين. يمكن استخدامها لـ <color=#F2E6BD>صناعة العتاد أو ترقيته</color>."
"items.upgradeMaterials.parts.theDevout.broodChitin.Name","Brood Chitin","كايتين السلالة"
"items.upgradeMaterials.parts.theDevout.corvidFeather.Description","Dark plumage from beings that serve something ancient. It can be used to <color=#F2E6BD>craft or upgrade gear</color>.","ريش داكن من كائنات تخدم شيئًا قديمًا. يمكن استخدامه لـ <color=#F2E6BD>صناعة العتاد أو ترقيته</color>."
"items.upgradeMaterials.parts.theDevout.corvidFeather.Name","Corvid Feather","ريشة غرابية"
"items.upgradeMaterials.parts.theDevout.devoutHeart.Description","Blackened by faith turned foul. A rare component for <color=#F2E6BD>crafting consumables</color>.","اسودّ بفعل إيمان تحول إلى فساد. مكون نادر لـ <color=#F2E6BD>صناعة المواد المستهلكة</color>."
"items.upgradeMaterials.parts.theDevout.devoutHeart.Name","Devout Heart","قلب الورع"
"items.upgradeMaterials.parts.theDevout.grovelerTongue.Description","A grotesque, elongated appendage. It can be used to <color=#F2E6BD>craft consumables</color>.","عضو غريب مستطيل وبشع. يمكن استخدامه لـ <color=#F2E6BD>صناعة المواد المستهلكة</color>."
"items.upgradeMaterials.parts.theDevout.grovelerTongue.Name","Groveler Tongue","لسان المتذلل"
"items.upgradeMaterials.parts.theDevout.witnessEye.Description","It still watches, even severed from the body. It can be used to <color=#F2E6BD>craft consumables</color>.","لا تزال تراقب حتى بعد بترها عن الجسد. يمكن استخدامها لـ <color=#F2E6BD>صناعة المواد المستهلكة</color>."
"items.upgradeMaterials.parts.theDevout.witnessEye.Name","Witness Eye","عين الشاهد"
"items.upgradeMaterials.parts.turkey.turkeyFeet.Description","They may be ragged and bony, but these feet can be used to <color=#F2E6BD>craft consumables</color>.","قد تكون رثة وعظمية، لكن يمكن استخدام هذه الأقدام لـ <color=#F2E6BD>صناعة المواد المستهلكة</color>."
"items.upgradeMaterials.parts.turkey.turkeyFeet.Name","Turkey Feet","أقدام ديك رومي"
"items.upgradeMaterials.parts.turkey.turkeyHead.Description","Repugnant though it may be, this can be used to <color=#F2E6BD>craft consumables</color>.","مهما كان مثيرًا للاشمئزاز، يمكن استخدام هذا لـ <color=#F2E6BD>صناعة المواد المستهلكة</color>."
"items.upgradeMaterials.parts.turkey.turkeyHead.Name","Turkey Head","رأس ديك رومي"
"items.upgradeMaterials.parts.turkey.turkeyTail.Description","This impressive array of feathers can be used to <color=#F2E6BD>craft consumables</color>.","يمكن استخدام هذه التشكيلة الرائعة من الريش لـ <color=#F2E6BD>صناعة المواد المستهلكة</color>."
"items.upgradeMaterials.parts.turkey.turkeyTail.Name","Turkey Tail","ذيل ديك رومي"
"items.upgradeMaterials.parts.wingedBrood.wingedBroodClaw.Description","A curved talon, created by God for the carving of flesh. It can be used to <color=#F2E6BD>craft or upgrade gear</color>.","مخلب معقوف، خلقه الرب لنحت اللحم. يمكن استخدامه لـ <color=#F2E6BD>صناعة العتاد أو ترقيته</color>."
"items.upgradeMaterials.parts.wingedBrood.wingedBroodClaw.Name","Winged Brood Claw","مخلب السلالة المجنحة"
"items.upgradeMaterials.parts.wingedBrood.wingedBroodSkull.Description","Although the true origin of these creatures is unknown, their bones can be used to <color=#F2E6BD>craft or upgrade gear</color>.","رغم أن الأصل الحقيقي لهذه المخلوقات مجهول، يمكن استخدام عظامها لـ <color=#F2E6BD>صناعة العتاد أو ترقيته</color>."
"items.upgradeMaterials.parts.wingedBrood.wingedBroodSkull.Name","Winged Brood Skull","جمجمة السلالة المجنحة"
"items.upgradeMaterials.parts.wingedBrood.wingedBroodWing.Description","A foul remnant of the threat that lurks in the skies since the Gate was opened. It can be used to <color=#F2E6BD>craft or upgrade gear</color>.","بقايا خبيثة للتهديد الذي يتربص في السماء منذ فُتحت البوابة. يمكن استخدامها لـ <color=#F2E6BD>صناعة العتاد أو ترقيته</color>."
"items.upgradeMaterials.parts.wingedBrood.wingedBroodWing.Name","Winged Brood Wing","جناح السلالة المجنحة"
"items.upgradeMaterials.parts.wolf.wolfClaw.Description","Sleek and deadly, now rendered harmless. It can be used to <color=#F2E6BD>craft or upgrade gear</color>.","أملس وفتاك، وقد أصبح الآن غير ضار. يمكن استخدامه لـ <color=#F2E6BD>صناعة العتاد أو ترقيته</color>."
"items.upgradeMaterials.parts.wolf.wolfClaw.Name","Wolf Claw","مخلب ذئب"
"items.upgradeMaterials.parts.wolf.wolfKidneys.Description","Swollen and rotten; it has a foul smell to it. But at least it can be used to <color=#F2E6BD>craft or upgrade gear</color>.","متورمة وعفنة؛ ولها رائحة كريهة. لكن يمكن على الأقل استخدامها لـ <color=#F2E6BD>صناعة العتاد أو ترقيته</color>."
"items.upgradeMaterials.parts.wolf.wolfKidneys.Name","Wolf Kidney","كلية ذئب"
"items.upgradeMaterials.parts.wolf.wolfSkull.Description","Lethal in life, useful in death. This skull can be used to <color=#F2E6BD>craft or upgrade gear</color>.","فتاكة في الحياة، ومفيدة في الممات. يمكن استخدام هذه الجمجمة لـ <color=#F2E6BD>صناعة العتاد أو ترقيته</color>."
"items.upgradeMaterials.parts.wolf.wolfSkull.Name","Wolf Skull","جمجمة ذئب"
"items.upgradeMaterials.plaguedResources.tornEffigy.Description","A totem of sinew, husk, and marrow, it pulls like a compass toward flame. But will its burning challenge the plague, or succumb to it?","طوطم من العصب والقشرة والنخاع، ينجذب نحو اللهب كالبوصلة. ولكن هل سيتحدى احتراقه الطاعون، أم سيستسلم له؟"
"items.upgradeMaterials.plaguedResources.tornEffigy.Name","Torn Effigy","تمثال الممزقين"
"items.upgradeMaterials.plaguedResources.tornHusk.Description","The carapace of a pestilence-infected being, its foul architecture holds a great and terrible strength.

This remnant can be used to <color=#F2E6BD>upgrade gear</color> or <color=#F2E6BD>craft an Effigy</color>.","درع واقٍ لكائن مصاب بالوباء، تحوي بنيته الخبيثة قوة عظيمة ورهيبة.

يمكن استخدام هذه البقايا لـ <color=#F2E6BD>ترقية العتاد</color> أو <color=#F2E6BD>صناعة تمثال</color>."
"items.upgradeMaterials.plaguedResources.tornHusk.Name","Torn Husk","قشرة الممزقين"
"items.upgradeMaterials.plaguedResources.tornMarrow.Description","What flows in a Torn creature’s veins if not blood? What nourishes them if not food? Can a being live off rage alone?

This remnant can be used to <color=#F2E6BD>upgrade gear</color> or <color=#F2E6BD>craft an Effigy</color>.","ما الذي يتدفق في عروق مخلوق ممزق إن لم يكن دمًا؟ وما الذي يغذيه إن لم يكن طعامًا؟ وهل يمكن لكائن أن يعيش على الغضب وحده؟

يمكن استخدام هذه البقايا لـ <color=#F2E6BD>ترقية العتاد</color> أو <color=#F2E6BD>صناعة تمثال</color>."
"items.upgradeMaterials.plaguedResources.tornMarrow.Name","Torn Marrow","نخاع الممزقين"
"items.upgradeMaterials.plaguedResources.tornSinew.Description","Like the tangled threads of some demon’s loom, this sinew stitched a plagued monstrosity into being.

This remnant can be used to <color=#F2E6BD>upgrade gear</color> or <color=#F2E6BD>craft an Effigy</color>.","كخيوط متشابكة على منول شيطان، نسج هذا العصب وحشًا موبوءًا إلى الوجود.

يمكن استخدام هذه البقايا لـ <color=#F2E6BD>ترقية العتاد</color> أو <color=#F2E6BD>صناعة تمثال</color>."
"items.upgradeMaterials.plaguedResources.tornSinew.Name","Torn Sinew","عصب الممزقين"
