"key","source","target"
"NPCs.crucibleVendorSeneschal.firstInteractionLine1","There was an oath I took. A pact perhaps. Yes...","كان هناك قسمٌ أقسمته. ربما ميثاق. نعم..."
"NPCs.crucibleVendorSeneschal.firstInteractionLine2","But the hunger. How could I have known there’d be such hunger? ","ولكن هذا الجوع. كيف كان لي أن أعلم أنه سيكون جشعاً إلى هذا الحد؟"
"NPCs.crucibleVendorSeneschal.firstInteractionLine3","Please. Bring me the glow. The glimmer. The shine off their backs.","أرجوك. أحضر لي ذلك التوهج. ذلك البريق. ذلك اللمعان عن ظهورهم."
"NPCs.crucibleVendorSeneschal.firstInteractionLine4","And I will open every door.","وسأفتح كل باب."
"NPCs.crucibleVendorSeneschal.firstInteractionLine5","And I will open every door.","وسأفتح كل باب."
"NPCs.crucibleVendorSeneschal.killEchoKnight.interactionLine1","You Quiet Ones dug too deep. You asked too much of the world.","أنتم معشر الصامتين حفرتم عميقاً للغاية. طلبتم الكثير من هذا العالم."
"NPCs.crucibleVendorSeneschal.killEchoKnight.interactionLine2","But there is no answer. No bottom. No atonement.","لكن لا جواب. لا قاع. لا كفارة."
"NPCs.crucibleVendorSeneschal.killEchoKnight.interactionLine3","You struck down the Echo Knight. But are still here. Why?","صرعتَ فارس الصدى. ومع ذلك ما زلت هنا. لماذا؟"
"NPCs.crucibleVendorSeneschal.killEchoKnight.interactionLine4","Because you are the Echo Knight.","لأنك أنت هو فارس الصدى."
"NPCs.crucibleVendorSeneschal.killExecutioner.interactionLine1","I heard him fall. The Knight, by your stroke. And later I heard him rise again.","سمعتُ سقوطه. الفارس، بضربة منك. ثم سمعته ينهض مجدداً."
"NPCs.crucibleVendorSeneschal.killExecutioner.interactionLine2","You Quiet Ones were born for dying. But this pit steals away your true death.","أنتم معشر الصامتين خُلقتم لتموتوا. لكن هذه الهاوية تسلب منكم موتكم الحقيقي."
"NPCs.crucibleVendorSeneschal.killExecutioner.interactionLine3","What could remain but madness.","وما الذي يمكن أن يتبقى سوى الجنون."
"NPCs.crucibleVendorSeneschal.meetEchoKnight.interactionLine1","You have seen your champion, Quiet One. Your plague breaker. Was he beautiful?","لقد رأيت بطلكم، أيها الصامت. قاهر وبائكم. أكان جميلاً؟"
"NPCs.crucibleVendorSeneschal.meetEchoKnight.interactionLine2","Cyvion the Sayer’s Chosen. Trampler of the Dead. Warden of the Whispers. He who set the first stone in the Great Gate.","سيفيون، مختار الناطق. واطئ الأموات. حارس الهمسات. ذاك الذي وضع الحجر الأول في البوابة الكبرى."
"NPCs.crucibleVendorSeneschal.meetEchoKnight.interactionLine3","He is but a voice to me, from a throat long silenced. Still echoing off the stone.","ليس سوى صوت بالنسبة لي، يخرج من حنجرة أُسكتت منذ زمن. ولا يزال يتردد صداه على الحجر."
"NPCs.crucibleVendorSeneschal.meetExecutioner.interactionLine1","You met one. I smell it on you. A shade. A remnant. A Once Was.","لقد التقيت بأحدهم. أشم رائحته فيك. طيف. أثر باقٍ. كائنٌ كان يوماً ما."
"NPCs.crucibleVendorSeneschal.meetExecutioner.interactionLine2","Eldric, the Broken Vow, dressed in the dead. The first to drink the blackened blood and bend it to his will.","إلدريك، ناكث العهد، المتشح بالموتى. أول من تجرع الدم الأسود وأخضعه لإرادته."
"NPCs.crucibleVendorSeneschal.meetExecutioner.interactionLine3","He does not remember. Many here get lost. And then become lost. I remember for them... what I can.","هو لا يذكر. كثيرون هنا يضلون السبيل. ثم يصبحون ضائعين للأبد. وأنا أذكر بالنيابة عنهم... ما استطعت."
"NPCs.crucibleVendorSeneschal.menuTalk1","Was I a Quiet One once? Was this a bargain I made? For what, I wonder...","أكنتُ أحد الصامتين يوماً ما؟ أكان هذا ميثاقاً أبرمته؟ ولأجل ماذا، يا ترى..."
"NPCs.crucibleVendorSeneschal.menuTalk2","So long since there was another. Perhaps that means we won. Or lost. Could it be both?","مضى وقت طويل مذ كان هنا شخص آخر. ربما يعني هذا أننا انتصرنا. أو خسرنا. أيمكن أن يكون كلاهما؟"
"NPCs.crucibleVendorSeneschal.menuTalk3","This is where I fit. One key, one lock, one purpose. What is yours?","هذا هو مكاني المناسب. مفتاح واحد، قفل واحد، غاية واحدة. فما هي غايتك أنت؟"
"NPCs.crucibleVendorSeneschal.respecChamber.interactionLine1","So. The Quiet One will see itself reborn...","إذن. الصامت سيرى نفسه يولد من جديد..."
"NPCs.crucibleVendorSeneschal.respecChamber.interactionLine2","I wonder what it will become.","أتساءل إلى ماذا سيؤول أمره."
"NPCs.crucibleVendorSeneschal.respecChamber.interactionLine3","I will see you again, in the darkness.","سألقاك مجدداً، في الظلام."
"NPCs.quests.aSmallMercy.eleanor.questKickoffEavesdropLine1","The Pestilence. It's already among us, Cerim.","الوباء... لقد بات بيننا بالفعل يا سيريم."
"NPCs.quests.aSmallMercy.eleanor.questKickoffInteractionLine2","I knew with the Pestilence returned, it wouldn't be long before your kind did as well. ","علمتُ أنه مع عودة الوباء، لن يمر وقت طويل قبل أن يعود بنو جنسك أيضاً."
"NPCs.quests.aSmallMercy.eleanor.questKickoffInteractionLine3","But I fear the plague has already crept within Sacrament’s walls. ","لكنني أخشى أن الطاعون قد تسلل بالفعل إلى ما وراء أسوار ساكرامنت."
"NPCs.quests.aSmallMercy.eleanor.questKickoffInteractionLine4","Two days ago I offered a potent rune to a woman who said her husband was ill. ","قبل يومين، قدمتُ رونية قوية لامرأة قالت إن زوجها مريض طريح الفراش."
"NPCs.quests.aSmallMercy.eleanor.questKickoffInteractionLine5","A small mercy, but I have not heard from them since, and I worry he was worse than she let on. ","رحمة بسيطة، لكنني لم أسمع عنهما أي خبر منذ ذلك الحين، وأخشى أن حالته كانت أسوأ بكثير مما أبدت."
"NPCs.quests.aSmallMercy.eleanor.questKickoffInteractionLine6","Please visit their home in Beggar’s Alley. You can find me at the marketplace after. ","أرجوك زر منزلهما في زقاق المتسولين، ويمكنك أن تجدني في السوق بعد ذلك."
"NPCs.quests.aSmallMercy.eleanor.questKickoffInteractionLine6alt","Please visit their home in Beggar’s Alley.","أرجوك زر منزلهما في زقاق المتسولين."
"NPCs.quests.aSmallMercy.eleanor.questKickoffInteractionLine7","The plague knows we are weakest when alone. But we are not alone, Cerim, not even you. ","يعلم الوباء أننا نكون في أضعف حالاتنا حين نكون فرادى. لكننا لسنا وحدنا يا سيريم، ولا حتى أنت."
"NPCs.quests.aSmallMercy.eleanor.questKickoffRetalkLine1","Visit their home near Beggar’s Alley - the one with the red door - and put my fears to rest. Or confirm them. ","زر منزلهما بالقرب من زقاق المتسولين - ذاك الذي يحمل باباً أحمر - وبدد مخاوفي، أو أكدها."
"NPCs.quests.aSmallMercy.eleanor.questReminderFirstInteractLine1","Have you checked on the house in Beggar’s Alley? I worry for their safety. And ours. ","هل تفقدت المنزل في زقاق المتسولين؟ يساورني قلق بالغ على سلامتهم، وسلامتنا جميعاً."
"NPCs.quests.aSmallMercy.eleanor.returnRuneInteractionLine1","So it was as I feared. Our stone walls mean nothing to the plague. ","إذن فقد صدقت مخاوفي. أسوارنا الحجرية لا تعني شيئاً أمام الطاعون."
"NPCs.quests.aSmallMercy.eleanor.returnRuneInteractionLine2","I… I didn’t even know their names. I never thought to ask. ","أنا... لم أكن أعرف حتى اسميهما. لم يخطر ببالي أن أسأل."
"NPCs.quests.aSmallMercy.eleanor.returnRuneInteractionLine3","I will look after the girl. We are, all of us, the children of those who survived. ","سأعتني بالصغيرة. فنحن جميعاً أبناء أولئك الذين كُتبت لهم النجاة."
"NPCs.quests.aSmallMercy.eleanor.returnRuneInteractionLine4","And the rune, I see you have it now. They are potent things, yet fickle. Each carries its own blessing. ","وأما الرونية، فأرى أنها معك الآن. إنها أشياء قوية، لكنها متقلبة، ولكل منها بركتها الخاصة."
"NPCs.quests.aSmallMercy.eleanor.runeHintInteractionLine1","Runes can be bonded to your weapon, or to your being itself. But removing them carries its own cost. ","يمكن ربط الرونات بسلاحك، أو بكيانك ذاته. لكن نزعها يتطلب ثمناً خاصاً به."
"NPCs.quests.aSmallMercy.eleanor.runeHintInteractionLine2","We are all soldiers now, in the one true war. The one my mother and her mother and hers spoke of in whispers. ","كلنا جنود الآن في الحرب الحقيقية الوحيدة، تلك التي همست بها أمي وأمها وأسلافها."
"NPCs.quests.aSmallMercy.eleanor.runeHintInteractionLine3","A door was opened a thousand years ago. Perhaps together we can close it. ","فُتح باب قبل ألف عام، ولعلنا معاً قادرون على إيصاده."
"NPCs.quests.aSmallMercy.eleanor.stallUpgradeFirstInteractLine1","She is quarrelsome. She has nightmares. And I do not know if she has the talent, nor the patience, to learn to enchant. ","إنها كثيرة الشجار، وتراودها الكوابيس. ولا أعلم إن كانت تملك الموهبة أو الصبر لتعلم السحر والتبريم."
"NPCs.quests.aSmallMercy.eleanor.stallUpgradeFirstInteractLine2","But still, the rise and fall of her chest when she sleeps…","ومع ذلك، فإن هبوط صدرها وعلوه حين تنام بسلام..."
"NPCs.quests.aSmallMercy.eleanor.stallUpgradeFirstInteractLine3","She can stay. As long as she wishes.","يمكنها البقاء هنا ما طاب لها ذلك."
"NPCs.quests.aSmallMercy.maeve.eavesdropLine1","They’ll be out soon…","سيخرجون قريباً..."
"NPCs.quests.aSmallMercy.maeve.interaction1Line1","They told me to wait out here. Is it supper time yet? I hope momma makes dumpling soup.","أخبروني أن أنتظر هنا في الخارج. أحان وقت العشاء؟ آمل أن تعد أمي حساء الزلابية."
"NPCs.quests.aSmallMercy.maeve.interaction2Line1","They gave me this. Said it would keep me safe. ","لقد أعطوني هذا، وقالوا إنه سيبقيني في أمان."
"NPCs.quests.aSmallMercy.maeve.interaction2Line2","You can take it back to Eleanor. I need to stay here. In case they wake up. ","يمكنك إعادته إلى إليانور. عليّ أن أبقى هنا، تحسباً لاستيقاظهم."
"NPCs.quests.aSmallMercy.maeve.retalk2Line1","I have to stay here. Do you think they’ll wake up soon? ","يجب أن أبقى هنا. أتظن أنهم سيستيقظون عما قريب؟"
"NPCs.quests.aSmallMercy.maeve.stallUpgradeLine1","Eleanor cooks me dumpling soup. It’s not the same as my mother’s. ","تطهو إليانور حساء الزلابية لأجلي. إنه ليس كحساء أمي تماماً."
"NPCs.quests.aSmallMercy.maeve.stallUpgradeLine2","But that’s alright. It doesn’t have to be. ","لكن لا بأس في ذلك، ليس من الضروري أن يكون مثله."
"NPCs.quests.aSmallMercy.maeve.stallUpgradeLine3","Do you think I’ll always remember the difference? ","أتظن أنني سأتذكر الفرق بينهما دائماً؟"
"NPCs.quests.aSmallMercy.maeve.stallUpgradeRetalkLine1","She says I need to control my bad dreams instead of let them control me. That even dreams can be weapons. ","تقول لي إنه يجب عليّ التحكم في كوابيسي بدلاً من تركها تتحكم بي، وأن الأحلام بحد ذاتها يمكن أن تكون أسلحة."
"NPCs.quests.aSmallMercy.maeve.stallUpgradeRetalkLine2","I like the sound of that. ","يعجبني سماع ذلك كثيراً."
"NPCs.quests.balakTaw.theGreatBeak.interact1Line1","……........?","……........؟"
"NPCs.quests.balakTaw.theGreatBeak.interact2Line1","……................?","……................؟"
"NPCs.quests.balakTaw.theGreatBeak.line01","……........?","……........؟"
"NPCs.quests.balakTaw.theGreatBeak.line03","…....…........?","…....…........؟"
"NPCs.quests.balakTaw.theGreatBeak.line04","….....?","….....؟"
"NPCs.quests.balakTaw.theGreatBeak.retalkLine1","……....................?","……....................؟"
"NPCs.quests.balakTaw.theGreatBeak.returnInteract1Line1","……............?","……............؟"
"NPCs.quests.balakTaw.theGreatBeak.returnInteract1Line2","……....................?","……....................؟"
"NPCs.quests.balakTaw.theGreatBeak.returnRetalkLine1","......?","......؟"
"NPCs.quests.balakTaw.theGreatBeak.returnVignette","……............?","……............؟"
"NPCs.quests.faithAndFlame.avalancheInquisitor.interact1line1","Next to God's will, the stone is weak as clay.","أمام مشيئة الإله، يغدو الحجر هشاً كالصلصال."
"NPCs.quests.faithAndFlame.avalancheInquisitor.interact1line2","See how it crumbles.","انظر كيف يتفتت ويتداعى."
"NPCs.quests.faithAndFlame.avalancheInquisitor.interact1line3","It has no strength, because it has no conviction.","لا قوة له، لأنه يفتقر إلى اليقين والإيمان."
"NPCs.quests.faithAndFlame.avalancheInquisitor.retalk","Soon the mountain will follow. Deliverance is an avalanche.","قريباً سيلحق الجبل به. فالخلاص انهيار جارف لا يُرد."
"NPCs.quests.faithAndFlame.desertersEncounter.alerted.line1","Look out - someone’s coming!","احذر - هناك من يقترب!"
"NPCs.quests.faithAndFlame.desertersEncounter.alerted.line2","I won’t go back!","لن أعود أدراجي أبداً!"
"NPCs.quests.faithAndFlame.desertersEncounter.eavesdrop.line1","Once in Sacrament, we pawn our armor and catch the first ship off this wretched isle.","ما إن نصل إلى ساكرامنت، حتى نرهن دروعنا ونستقل أول سفينة تغادر هذه الجزيرة البائسة."
"NPCs.quests.faithAndFlame.desertersEncounter.eavesdrop.line2","That simple, eh?","بهذه البساطة، هاه؟"
"NPCs.quests.faithAndFlame.desertersEncounter.eavesdrop.line3","Hard part’s already done.","الجزء الأصعب قد أنجزناه بالفعل."
"NPCs.quests.faithAndFlame.inquisitorsJointInteract.interactLine1","You do not belong here, Unspoken.","أنت لا تنتمي إلى هنا، أيها الصامت."
"NPCs.quests.faithAndFlame.inquisitorsJointInteract.interactLine2","Nor do you deserve to bear witness to the fall of the Heretic’s Gate.","ولا تستحق حتى أن تشهد سقوط بوابة المهرطقين."
"NPCs.quests.faithAndFlame.inquisitorsJointInteract.interactLine3","It is but a relic, dead on its feet. Like you.","ما هي إلا أطلال بالية، تحتضر وهي واقفة. تماماً مثلك."
"NPCs.quests.faithAndFlame.inquisitorsJointInteract.retalkLine1","Bainbridge was unworthy of God’s Embrace.","لم يكن بينبريدج جديراً بعناق الإله ورعايته."
"NPCs.quests.faithAndFlame.inquisitorsJointInteract.retalkLine2","A quality perhaps you both share.","وهي خصلة ربما تشتركان فيها معاً."
"NPCs.quests.faithAndFlame.optionalBoleinSoldiers.boleinSoldier1.eavesdrop","The pass is shut.","الممر مغلق تماماً."
"NPCs.quests.faithAndFlame.optionalBoleinSoldiers.boleinSoldier1.retalkLine1","Entry to the pass is barred on order of the Madrigal.","الدخول إلى الممر محظور بأمر من المادريغال."
"NPCs.quests.faithAndFlame.optionalBoleinSoldiers.boleinSoldier10.interactLine1","The many-eyed God. The Dasha’s pagan four. Whatever it is you worship, Cerim - the Sayer I think it’s called?","الإله ذو العيون المتعددة، أو آلهة الدوشا الوثنية الأربعة، أو أياً كان ما تعبده يا سيريم - الناطق كما أظنه يُدعى؟"
"NPCs.quests.faithAndFlame.optionalBoleinSoldiers.boleinSoldier10.interactLine2","All the same. Grown men playing make believe.","كلها سواء. مجرد رجال ناضجين يلعبون ألعاب التخيل والخرافة."
"NPCs.quests.faithAndFlame.optionalBoleinSoldiers.boleinSoldier10.interactLine3","The god I worship spans a half million leagues and two hundred islands. She’s called empire. ","الإلهة التي أعبدها تمتد عبر نصف مليون فرسخ ومائتي جزيرة. وتُدعى الإمبراطورية."
"NPCs.quests.faithAndFlame.optionalBoleinSoldiers.boleinSoldier10.retalkLine1","No glory but the might of men, and all monuments in her name.","لا مجد إلا لبطش الرجال، وكل الصروح تُشاد باسمها."
"NPCs.quests.faithAndFlame.optionalBoleinSoldiers.boleinSoldier2.eavesdrop","Move along.  For your own safety.","امضِ في طريقك. حفاظاً على سلامتك الشخصية."
"NPCs.quests.faithAndFlame.optionalBoleinSoldiers.boleinSoldier2.retalkLine1","Haven’t you heard? The Gate’s comin’ down. Best stay clear.","ألم تسمع؟ البوابة على وشك الانهيار. من الأفضل لك الابتعاد."
"NPCs.quests.faithAndFlame.optionalBoleinSoldiers.boleinSoldier3.eavesdrop","No outsiders permitted.","ممنوع دخول الغرباء."
"NPCs.quests.faithAndFlame.optionalBoleinSoldiers.boleinSoldier3.retalkLine1","Are you deaf? No entry til the holy city’s been freed from the stone.","أأنت أصم؟ لا دخول حتى تتحرر المدينة المقدسة من قبضة الحجر."
"NPCs.quests.faithAndFlame.optionalBoleinSoldiers.boleinSoldier4.eavesdrop","Lift’s for official use only. If you wanna pass, speak with Primus Bainbridge.","المصعد مخصص للاستخدام الرسمي فقط. إن كنت تريد العبور، فتحدث إلى القائد بينبريدج."
"NPCs.quests.faithAndFlame.optionalBoleinSoldiers.boleinSoldier4.retalkLine1","Take it up with Bainbridge, not me.","راجع بينبريدج في هذا الشأن، لست أنا المسؤول."
"NPCs.quests.faithAndFlame.optionalBoleinSoldiers.boleinSoldier5.eavesdrop","Bainbridge himself came down to secure the area. And to track down deserters.","نزل بينبريدج بنفسه لتأمين المنطقة وتعقب الفارين."
"NPCs.quests.faithAndFlame.optionalBoleinSoldiers.boleinSoldier5.retalkLine1","Don’t matter if you want in or want out - no one’s slipping his net.","لا يهم إن كنت تريد الدخول أو الخروج - لن يفلت أحد من شباكه."
"NPCs.quests.faithAndFlame.optionalBoleinSoldiers.boleinSoldier6.interactLine1","I’m a man of faith! Put copper in every one of God’s palms, and not just on my son’s naming day.","أنا رجل مؤمن! أضع النحاس في كفوف الإله كلها، وليس فقط في يوم تسمية ابني."
"NPCs.quests.faithAndFlame.optionalBoleinSoldiers.boleinSoldier6.interactLine2","But the Inquisition - I’m not sure I see my faith in them.","لكن محاكم التفتيش هذه - لست متأكداً من أنني أرى إيماني فيها."
"NPCs.quests.faithAndFlame.optionalBoleinSoldiers.boleinSoldier6.interactLine3","I suppose if God has hands, he has claws. If he has eyes, he has teeth.","أفترض أنه إن كان لله أيادٍ، فلا بد أن له مخالب. وإن كان له عيون، فله أنياب."
"NPCs.quests.faithAndFlame.optionalBoleinSoldiers.boleinSoldier6.retalkLine1","Make the hair stand up on my neck, they do. I’ll be glad to be back on the mainland soon. ","إنهم يقشعرون أبداني حقاً. سأكون سعيداً للغاية بالعودة إلى القارة قريباً."
"NPCs.quests.faithAndFlame.optionalBoleinSoldiers.boleinSoldier7.interactLine1","Inquisition serves the Church. Church serves the King. King serves God. ","محاكم التفتيش تخدم الكنيسة، والكنيسة تخدم الملك، والملك يخدم الإله."
"NPCs.quests.faithAndFlame.optionalBoleinSoldiers.boleinSoldier7.interactLine2","And somehow I end up working for all of ‘em.","وبطريقة ما ينتهي بي المطاف بالعمل لأجلهم جميعاً."
"NPCs.quests.faithAndFlame.optionalBoleinSoldiers.boleinSoldier7.retalkLine1","Whatever I pictured when I was crowned a knight of House Bolein - it wasn’t this.","مهما كان ما تخيلته يوم تُوجت فارساً في بيت بولين - فبالتأكيد لم يكن هذا."
"NPCs.quests.faithAndFlame.optionalBoleinSoldiers.boleinSoldier8.interactLine1","I’m no deserter. If there’s work to be done, I’ll see it through. ","لستُ بفارٍ من الجندية. إن كان ثمة عمل يجب إنجازه، فسأتمه حتى النهاية."
"NPCs.quests.faithAndFlame.optionalBoleinSoldiers.boleinSoldier8.interactLine2","But... I understand. Backwater job like this, far from home, farmed out to the Inquisition.","لكن... أنا أتفهم موقفهم. مهمة في بقعة نائية كهذه، بعيداً عن الديار، معارين لمحاكم التفتيش."
"NPCs.quests.faithAndFlame.optionalBoleinSoldiers.boleinSoldier8.interactLine3","Up to our ankles in shit, scratching at a big door. Know what’s on the other side? More shit.","غارقون حتى كواحلنا في القذارة، ونخربش على باب ضخم. أتعلم ما يكمن على الجانب الآخر؟ المزيد من القذارة."
"NPCs.quests.faithAndFlame.optionalBoleinSoldiers.boleinSoldier8.retalkLine1","Not one to complain, myself, of course. Just... sympathetic to the grievances of others.","لست ممن يتذمرون بطبيعة الحال، لكنني فقط... أتعاطف مع مظالم الآخرين."
"NPCs.quests.faithAndFlame.optionalBoleinSoldiers.boleinSoldier9.interactLine1","We knights parade about in our armor, flashing the broadsword in our scabbard, but have you seen the Madrigal?","نتبختر نحن الفرسان في دروعنا، ونتباهى بالسيوف العريضة في أغمادنا، لكن هل رأيت المادريغال؟"
"NPCs.quests.faithAndFlame.optionalBoleinSoldiers.boleinSoldier9.interactLine2","That’s real power. She’s got King Magnus's ear, and God has hers. ","تلك هي القوة الحقيقية بعينها. إنها تحظى بمسامع الملك ماغنوس، والإله يستمع إليها."
"NPCs.quests.faithAndFlame.optionalBoleinSoldiers.boleinSoldier9.interactLine3","The weak always speak the loudest. While those in charge need barely whisper.","الضعفاء دائماً هم الأعلى صوتاً، بينما لا يحتاج أصحاب السلطة الحقيقيون سوى للهمس."
"NPCs.quests.faithAndFlame.optionalBoleinSoldiers.boleinSoldier9.retalkLine1","Magnus's Bolein army is more than 10,000 strong. But what’s that against the word of God.","جيش ماغنوس من فرسان بولين يتجاوز قوامه عشرة آلاف مقاتل، لكن ماذا يساوي كل ذلك أمام كلمة الإله؟"
"NPCs.quests.faithAndFlame.orvynEncounter.interactLine1","Well they’ve done it. They’ve finally done it.","حسناً، لقد فعلوها. فعلوها أخيراً."
"NPCs.quests.faithAndFlame.orvynEncounter.interactLine2","Survived floods and fires, foul abominations, not to mention the fickle winds of commerce. But Orvyn can only take so much.","نجوتُ من الفيضانات والحرائق، والوحوش البشعة، ناهيك عن تقلبات التجارة الغادرة. لكن لأورفين طاقة محدودة."
"NPCs.quests.faithAndFlame.orvynEncounter.interactLine3","Phalen’s “finest” have blocked the few roads that remain, save the lift just north of here.","«علية قوم» فالن سدوا الطرق القليلة المتبقية، باستثناء المصعد الواقع شمالاً من هنا مباشرة."
"NPCs.quests.faithAndFlame.orvynEncounter.interactLine4","And that damn pounding - can’t sleep, can’t eat without jangling my teeth. Shakes my turnips right out of the ground!","وهذا الدق اللعين - لا أستطيع النوم ولا الأكل دون أن تصطك أسناني. إنه يقتلع اللفت من أرضي!"
"NPCs.quests.faithAndFlame.orvynEncounter.interactLine5","Next time you’re here, stranger, I surely won’t be.","في المرة القادمة التي تأتي فيها إلى هنا، أيها الغريب، لن تجدني بكل تأكيد."
"NPCs.quests.faithAndFlame.orvynEncounter.retalkLine1","What’s that dwindling speck, sailing away on the horizon? It’s Orvyn.","أترى تلك النقطة الضئيلة المتلاشية وهي تبحر بعيداً في الأفق؟ إنه أورفين."
"NPCs.quests.faithAndFlame.primusAndInquisitors.line1","I am pleased to hear of the deserters' fate. I will inform the Madrigal.","يسرني سماع مصير الفارين. سأبلغ المادريغال بذلك."
"NPCs.quests.faithAndFlame.primusAndInquisitors.line10","Curse your God. The fire awaits us both.","اللعنة على إلهكم. النار بانتظارنا كلانا."
"NPCs.quests.faithAndFlame.primusAndInquisitors.line11","In time, yes.","مع الوقت، نعم."
"NPCs.quests.faithAndFlame.primusAndInquisitors.line12","The many hands.","الأيادي المتعددة."
"NPCs.quests.faithAndFlame.primusAndInquisitors.line13","The eye within.","العين الباطنة."
"NPCs.quests.faithAndFlame.primusAndInquisitors.line2","We serve at her pleasure. I can assure you that any others will meet the same end.","نحن في خدمتها طوع أمرها. وأؤكد لك أن أي شخص آخر سيلقى المصير ذاته."
"NPCs.quests.faithAndFlame.primusAndInquisitors.line3","No. We will not tolerate any more doubt within your ranks, Primus. Not while we knock on salvation’s door.","كلا. لن نتسامح مع ذرة شك أخرى في صفوفك، أيها القائد. ليس ونحن نقرع أبواب الخلاص."
"NPCs.quests.faithAndFlame.primusAndInquisitors.line4","Discipline takes time. It’s earned, not bought.","الانضباط يتطلب وقتاً. يُكتسب ولا يُشترى."
"NPCs.quests.faithAndFlame.primusAndInquisitors.line5","The Born God disagrees. Discipline is forged. It is a tool, molded in flame...","الإله المولود يخالفك الرأي. فالانضباط يُصاغ صياغة، كأداة تشكلها ألسنة اللهب..."
"NPCs.quests.faithAndFlame.primusAndInquisitors.line6","I... It will not happen again. I assure you.","أنا... لن يتكرر هذا مجدداً، أعدك بذلك."
"NPCs.quests.faithAndFlame.primusAndInquisitors.line7","...and sometimes, an effigy is needed. The weakness must burn, so the rest will kneel.","...وفي بعض الأحيان، تكون هناك حاجة لمجسم يحترق ليكون عبرة. يجب أن يحترق الضعف كي يركع الباقون."
"NPCs.quests.faithAndFlame.primusAndInquisitors.line8","Speaker. The sigil of House Bolein is the phoenix. Born of flame...","أيها المتحدث. شعار بيت بولين هو طائر الفينيق. مولودٌ من اللهب..."
"NPCs.quests.faithAndFlame.primusAndInquisitors.line9","You cannot burn what was born in the ashes... Please! I am a servant of the king!","لا يمكنك إحراق ما وُلد من الرماد... أرجوك! أنا خادم للملك!"
"NPCs.quests.faithAndFlame.primusBainbridge.afterKillingDeserters.interact1Line1","So justice caught up with the deserters? Hmm, fair enough. Saves me the trouble.","إذن فقد نالت العدالة من أولئك الفارين؟ همم، منصف تماماً. وفرتم عليّ العناء."
"NPCs.quests.faithAndFlame.primusBainbridge.afterKillingDeserters.interact1Line2","I’ll have my men strip the uniforms from those dogs. All cowards deserve to meet their maker naked. ","سآمر رجالي بتجريد أولئك الكلاب من بزاتهم العسكرية. فكل الجبناء يستحقون لقاء بارئهم عرايا."
"NPCs.quests.faithAndFlame.primusBainbridge.afterKillingDeserters.interact1Line3","And I’ll inform the Inquisition that my ranks have been sewn up tight.","وسأبلغ محاكم التفتيش بأن صفوفي باتت منضبطة ومحكمة كالسيف."
"NPCs.quests.faithAndFlame.primusBainbridge.afterKillingDeserters.interact1Line4","Consider my gaze averted.","اعتبرني غضضت الطرف عنك."
"NPCs.quests.faithAndFlame.primusBainbridge.firstInteraction.interact1Line1","You can hear it, can’t you? Feel it in your feet as well. And not a moment too soon if you ask me.","يمكنك سماع ذلك، أليس كذلك؟ وتشعر به تحت قدميك أيضاً. وليس مبكراً أبداً إن سألتني."
"NPCs.quests.faithAndFlame.primusBainbridge.firstInteraction.interact1Line2","None may pass. Not even your kind, Cerim. The Madrigal’s “divine work” must not be disturbed.","لا يُسمح لأحد بالمرور. ولا حتى لجنسك، أيها السيريم. «العمل الإلهي» للمادريغال يجب ألا يعكره أي تشويش."
"NPCs.quests.faithAndFlame.primusBainbridge.firstInteraction.interact1Line3","Although...","مع أن..."
"NPCs.quests.faithAndFlame.primusBainbridge.firstInteraction.interact1Line4","I confess, some of my men proved to be anything but. Fled rather than see their duty through. A stain on the Bolein sigil.","أعترف بأن بعض رجالي أثبتوا أنهم ليسوا رجالاً على الإطلاق. لاذوا بالفرار بدلاً من أداء واجبهم. وصمة عار على شعار بولين."
"NPCs.quests.faithAndFlame.primusBainbridge.firstInteraction.interact1Line5","Now I’ve the Inquisition breathing down my neck, going on about heresy and devotion.","والآن تتنفس محاكم التفتيش في عنقي، ثرثرة متواصلة عن الهرطقة والولاء."
"NPCs.quests.faithAndFlame.primusBainbridge.firstInteraction.interact1Line6","I lost their trail in the caves to the west. Punish their cowardice and I might... step away from my post?","فقدت أثرهم في الكهوف إلى الغرب. عاقب جبنهم وقد... أتنحى قليلاً عن موقع حراستي؟"
"NPCs.quests.faithAndFlame.primusBainbridge.firstInteraction.interact1Line7","Just to notify our friends in red, of course.","فقط لإخطار أصدقائنا ذوي الأردية الحمراء، بطبيعة الحال."
"NPCs.quests.faithAndFlame.primusBainbridge.firstInteraction.interact2Line1","We’ve lingered too long already on this backwater. My men grow hungry, sick, tired of stone.","لقد مكثنا طويلاً في هذه البقعة المعزولة. رجالي جياع، مرضى، وسئموا الحجارة الصماء."
"NPCs.quests.faithAndFlame.primusBainbridge.firstInteraction.interact2Line2","Not the Inquisitors though. They seem to thrive off it. Whispering prayers around the firepit’s flames, cherishing their own suffering.","أما المحققون فلا. يبدو أنهم ينتعشون بهذه الظروف؛ يهمسون بالصلوات حول ألسنة حفرة النار، ويتلذذون بمعاناتهم."
"NPCs.quests.faithAndFlame.primusBainbridge.firstInteraction.interact2Line3","Answer me this: if everyone’s a martyr, then who’s left to get anything done?","أجبني بربك: إن كان الجميع شهداء، فمن ذا الذي يتبقى لإنجاز العمل؟"
"NPCs.quests.faithAndFlame.primusBainbridge.firstInteraction.retalkLine1","Mercy is a virtue. Or so I’m told. But there can be no leniency for abandoning one’s duty.","الرحمة فضيلة، أو هكذا قيل لي. لكن لا تهاون ولا تسامح مع من يتخلى عن واجبه."
"NPCs.quests.faithAndFlame.selineOverlookingCaylen.seline.NewCinematicLine1","Can you not hear them...","ألا تستطيع سماعهم..."
"NPCs.quests.faithAndFlame.selineOverlookingCaylen.seline.NewCinematicLine2","I can. The voices of the city.","أنا أسمعهم. أصوات المدينة."
"NPCs.quests.faithAndFlame.selineOverlookingCaylen.seline.NewCinematicLine3","The cobbler in Tannis Square, setting up for the morning market. And the clerics, singing at Morrow Hall.","الإسكافي في ساحة تانيس وهو يرتب بضاعته لسوق الصباح. والكهنة وهم ينشدون في قاعة مورو."
"NPCs.quests.faithAndFlame.selineOverlookingCaylen.seline.NewCinematicLine4","The weaver humming to her loom. The horses, in the stables where I...","الحائكة وهي تدندن لنولها. والخيول في الإسطبلات حيث كنت..."
"NPCs.quests.faithAndFlame.selineOverlookingCaylen.seline.NewCinematicLine5","They’re gone. All of them.","لقد رحلوا جميعاً. كلهم دون استثناء."
"NPCs.quests.faithAndFlame.selineOverlookingCaylen.seline.NewInteract1Line1","The Vestals would always say the grace of God is like the sun on your face.","كانت العذارى يقلن دوماً إن رحمة الإله ونعمته تشبه دفء الشمس على وجهك."
"NPCs.quests.faithAndFlame.selineOverlookingCaylen.seline.NewInteract1Line2","There was a moment, this brief moment, when I thought... I really thought...","كانت هناك لحظة، لحظة خاطفة، ظننت فيها... ظننت حقاً..."
"NPCs.quests.faithAndFlame.selineOverlookingCaylen.seline.NewInteract1Line3","But no. I don’t know where I’m meant to be if not right here.","لكن لا. لست أدري أين كُتب عليّ أن أكون إن لم يكن هنا في هذا المكان تحديداً."
"NPCs.quests.faithAndFlame.selineOverlookingCaylen.seline.RetalkLine2","Leave me, Cerim. Before my Keepers send you to the next life.","اتركني وشأني يا سيريم، قبل أن يرسلك حراسي إلى الدار الآخرة."
"NPCs.quests.holdstates.bribableGuardGodwin.afterServantOfGodRetalk","You again? Don’t linger too long, or it might be your head and my job.","أنت مجدداً؟ لا تطل المكوث هنا، وإلا طار رأسك وخسرتُ أنا عملي."
"NPCs.quests.holdstates.bribableGuardGodwin.beforeServantOfGodRetalkAfterTalkingToOdessa","Have a nice chat with the traitor?","هل كانت محادثتك ممتعة مع تلك الخائنة؟"
"NPCs.quests.holdstates.bribableGuardGodwin.beforeServantOfGodRetalkHasMoney","Ah! That’s the one. 
...Now make it quick.","آه! هذا هو المطلوب بالتحديد.
...والآن، أنهِ الأمر سريعاً."
"NPCs.quests.holdstates.bribableGuardGodwin.beforeServantOfGodRetalkNoMoneyLine1","I don’t know what to tell you. The old spinning wheel ain’t what it used to be.","لا أدري ما أقوله لك. دولاب الحظ القديم هذا لم يعد يدور كما كان."
"NPCs.quests.holdstates.bribableGuardGodwin.beforeServantOfGodRetalkNoMoneyLine2","If I only had a few coppers, I might be able to let you in.","لو أن معي بضع قطع نحاسية فحسب، لكنتُ قادراً على السماح لك بالدخول."
"NPCs.quests.holdstates.bribableGuardGodwin.beforeServantOfGodTalkLine1","The prisoner is to be kept in the War Room until the Governor returns.","يجب أن تبقى السجينة في غرفة الحرب إلى أن يعود الحاكم."
"NPCs.quests.holdstates.bribableGuardGodwin.beforeServantOfGodTalkLine2","I would allow you in to interrogate her...","بإمكاني أن أسمح لك بالدخول لاستجوابها..."
"NPCs.quests.holdstates.bribableGuardGodwin.beforeServantOfGodTalkLine3","But I've so many keys with me. I can’t seem to remember which one opens this door.","لكنني أحمل مفاتيح كثيرة جداً. ولا أكاد أتذكر أيها يفتح هذا الباب."
"NPCs.quests.holdstates.bribableGuardGodwin.beforeServantOfGodTalkLine4","Huh. Maybe a few coppers would spur my memory.","حسناً. ربما بضع قطع نحاسية تنعش ذاكرتي."
"NPCs.quests.holdstates.ellsworth.afterEllsworthSpeech.interaction1Line1","They’re stronger than you know, Cerim. Stronger even than they know.","إنهم أقوى مما تتخيل، أيها السيريم. بل أقوى حتى مما يتخيلون هم أنفسهم."
"NPCs.quests.holdstates.ellsworth.afterEllsworthSpeech.interaction1Line2","When I first came to Sacra, I was told it was a godless, uncivilized place.","حين وطأت قدماي ساكرا لأول مرة، قيل لي إنها أرض كافرة وبدائية."
"NPCs.quests.holdstates.ellsworth.afterEllsworthSpeech.interaction1Line3","Instead I found a people full of grace and resilience - both qualities sorely lacking in Phalen.","لكنني وجدتُ بدلاً من ذلك شعباً ينبض بالوقار والصمود؛ صفتان تفتقر إليهما فالن بشدة."
"NPCs.quests.holdstates.ellsworth.afterEllsworthSpeech.interaction1Line4","I found... something else here too. If only for a time.","وجدتُ... شيئاً آخر هنا أيضاً. وإن كان ذلك لحين فقط."
"NPCs.quests.holdstates.ellsworth.afterEllsworthSpeech.interaction1Line5","If you need me, you can find me in the War Room. But I pray you will not need me.","إن احتجتَ إليّ، فستجدني في غرفة الحرب. لكنني أدعو ألا تحتاج إليّ."
"NPCs.quests.holdstates.ellsworth.inCemeteryAfterMountainGateBreach.interaction1Line1","I come here at times, Cerim, for a moment of peace. Or what passes for peace of late.","آتي إلى هنا بين الحين والآخر، أيها السيريم، التماساً لبرهة من السكينة. أو ما يشبه السكينة في الآونة الأخيرة."
"NPCs.quests.holdstates.ellsworth.inCemeteryAfterMountainGateBreach.interaction1Line2","There’s much to do. I need to send envoys to Tir and Havenport, warn them of the Gate’s breach.","ثمة الكثير مما ينبغي فعله. عليّ إرسال مبعوثين إلى تير وهافنبورت، لتحذيرهم من اختراق البوابة."
"NPCs.quests.holdstates.ellsworth.inCemeteryAfterMountainGateBreach.interaction1Line3","I need to double the men on the ramparts. Check the reserves of grain, of swords and pikes, of medicine.","عليّ مضاعفة الحراس على الأسوار. وتفقد مخزون الحبوب، والسيوف والرماح، والأدوية."
"NPCs.quests.holdstates.ellsworth.inCemeteryAfterMountainGateBreach.interaction1Line4","I need to... find my daughter.","وعليّ أن... أجد ابنتي."
"NPCs.quests.holdstates.ellsworth.inCemeteryAfterMountainGateBreach.interaction2Line1","A man once told me that we don’t learn to fight for what we love, we learn we love it because we fight.","قال لي رجل ذات مرة إننا لا نتعلم القتال لأجل ما نحب، بل ندرك أننا نحبه لأننا نقاتل لأجله."
"NPCs.quests.holdstates.ellsworth.inCemeteryAfterMountainGateBreach.interaction2Line2","Of course then he tried to ram a sword through my back.","وبالطبع، حاول بعد ذلك غرس نصل سيفه في ظهري."
"NPCs.quests.holdstates.ellsworth.inCemeteryAfterMountainGateBreach.interaction2Line3","Still, good advice is good advice.","ومع ذلك، تظل النصيحة السديدة سديدة."
"NPCs.quests.holdstates.ellsworth.inCemeteryAfterMountainGateBreach.retalk","Fifty men on the wall, and I’d trade them all for one more Cerim.","خمسون رجلاً على السور، وأنا على استعداد لمبادلتهم جميعاً بمحارب سيريم إضافي واحد."
"NPCs.quests.holdstates.ellsworth.rookeryAfterServantOfGod.interaction1Line1","I’m glad you made it back through the Nameless Pass unscathed.","يسرني أنك عدتَ من الممر المجهول سالماً معافى."
"NPCs.quests.holdstates.ellsworth.rookeryAfterServantOfGod.interaction1Line2","When the plague arrived, I tried to free the prisoners working in the quarry.","حين حلّ الوباء، حاولتُ تحرير السجناء الذين يكدحون في المحجر."
"NPCs.quests.holdstates.ellsworth.rookeryAfterServantOfGod.interaction1Line3","They were criminals, yes, but none of their crimes merited such punishment.","كانوا مجرمين، نعم، لكن أياً من جرائمهم لم تكن تستحق هذا العذاب."
"NPCs.quests.holdstates.ellsworth.rookeryAfterServantOfGod.interaction1Line4","Those that weren’t monsters already became them.","أولئك الذين لم يكونوا وحوشاً بالفعل، مسخهم الوباء إلى مسوخ ضارية."
"NPCs.quests.holdstates.ellsworth.rookeryAfterServantOfGod.interaction1Line5","I saved as many as I could. But it’s never enough, is it?","أنقذتُ أكبر عدد استطعتُ إنقاذه. لكن الأمر لا يكفي أبداً، أليس كذلك؟"
"NPCs.quests.holdstates.ellsworth.rookeryAfterServantOfGod.retalkLine1","I know the Madrigal’s arrival means an ally in the fight against the plague.","أعلم أن قدوم المادريغال يعني حليفاً في حربنا ضد الوباء."
"NPCs.quests.holdstates.ellsworth.rookeryAfterServantOfGod.retalkLine2","But then why does my hand linger on my hilt?","ولكن لمَ تظل يدي إذاً معلقة بقبضة سيفي؟"
"NPCs.quests.holdstates.ellsworth.warRoomAfterSpeech.interaction1Line1","Cerim. I came here for some solitude to collect myself. ","أيها السيريم. جئتُ إلى هنا التماساً لبعض العزلة لأستجمع شتات نفسي."
"NPCs.quests.holdstates.ellsworth.warRoomAfterSpeech.interaction1Line2","And instead I received a most... troubling letter from one of the Watcher’s crows.","وبدلاً من ذلك تلقيتُ رسالة... مقلقة للغاية من أحد غربان المراقب."
"NPCs.quests.holdstates.ellsworth.warRoomAfterSpeech.interaction1Line3","It seems a governor’s duties involve walking into the lion’s mouth over and over.","يبدو أن واجبات الحاكم تقتضي الإلقاء بنفسه في شدق الأسد مراراً وتكراراً."
"NPCs.quests.holdstates.ellsworth.warRoomAfterSpeech.interaction1Line4","Not so different from a father’s duty.","ولا يختلف ذلك كثيراً عن واجب الأب."
"NPCs.quests.holdstates.ellsworth.warRoomAfterSpeech.interaction1Line6","Odessa can’t wait forever.","لا يمكن لأوديسا أن تنتظر إلى الأبد."
"NPCs.quests.holdstates.ellsworth.warRoomAfterSpeech.retalkLine1","At times I envy the... cleanliness of your justice. Find the sickness. Cut it out.","في بعض الأحيان أحسدكم على... نقاء عدالتكم وحسمها. تجدون السقم والعلة، فتستأصلونها."
"NPCs.quests.holdstates.ellsworth.warRoomAfterSpeech.retalkLine2","Still, many visitors to Sacra end up tangled in her affairs and stay longer than intended.","ومع ذلك، ينتهي المطاف بكثير من زائري ساكرا عالقين في شؤونها ويمكثون أطول مما نووا."
"NPCs.quests.holdstates.ellsworth.warRoomAfterSpeech.retalkLine3","Mine was a nine day visit. Twenty eight years ago.","كانت زيارتي أنا مدتها تسعة أيام فقط. قبل ثمانية وعشرين عاماً."
"NPCs.quests.holdstates.ellsworth.warRoomAfterWeepingSisters.interaction2Line1","The hunters were stocking food for The Rites of the Fallen. It’s an important tradition. A gathering, to honor those we’ve lost.","كان الصيادون يجمعون المؤن لطقوس الساقطين. إنها تقاليد جليلة؛ تجمع مهيب لتكريم الراحلين الذين فقدناهم."
"NPCs.quests.holdstates.ellsworth.warRoomAfterWeepingSisters.interaction2Line2","Too damn many lately.","وقد غدوا أكثر مما ينبغي في الآونة الأخيرة."
"NPCs.quests.holdstates.ellsworth.warRoomAfterWeepingSisters.interaction3Line1","The last time I saw Harol, he told me I was a traitor to both my blood and my God.","آخر مرة رأيتُ فيها هارول، نعتني بالخائن لدمائي ولإلهي على حد سواء."
"NPCs.quests.holdstates.ellsworth.warRoomAfterWeepingSisters.interaction3Line2","I thought Sacra was far enough from the throne to put all that behind. Maybe I was wrong.","ظننتُ أن ساكرا بعيدة بما يكفي عن العرش لأترك كل ذلك خلف ظهري. ربما كنتُ واهماً."
"NPCs.quests.holdstates.ellsworth.warRoomAfterWeepingSisters.interactionLine1","Cerim. I’m glad to see you still standing. I thank you again for helping to... dispose of that poor wretch in the forest.","أيها السيريم. يسرني أن أراك صامداً على قدميك. أشكرك مجدداً على مساعدتك في... تخليصنا من ذلك البائس المسكين في الغابة."
"NPCs.quests.holdstates.ellsworth.warRoomAfterWeepingSisters.interactionLine2","There was a time when I would have fought alongside you. But, these days, I’m afraid my sword rusts in its sheath.","كان هناك زمن كنتُ لأقاتل فيه إلى جوارك. أما هذه الأيام، فأخشى أن سيفي قد علاه الصدأ في غمده."
"NPCs.quests.holdstates.ellsworth.warRoomAfterWeepingSisters.interactionLine3","Baurus’s warning. The Inquisition. The coming Rites. And all I can think of is Reed and his daughter.","تحذير باورس. ومحاكم التفتيش. واقتراب موعد الطقوس. ومع ذلك، لا يشغل بالي سوى ريد وابنته."
"NPCs.quests.holdstates.ellsworth.warRoomAfterWeepingSisters.interactionLine4","If he finds the creature’s remains, do you think he’ll even recognize her? I hope not.","إن عثر على بقايا ذلك المسخ، أتظنه سيميزها أصلاً؟ أرجو ألا يفعل."
"NPCs.quests.holdstates.ellsworth.warRoomAfterWeepingSisters.interactionLine5","No man should live to see his child lost.","ما من إنسان ينبغي أن يمتد به العمر ليشهد هلاك ضناه."
"NPCs.quests.holdstates.ellsworth.warRoomAfterWeepingSisters.retalkLine1","Sometimes I see the worst of myself in Odessa, and the best of... Nevermind.","أحياناً أرى أسوأ ما في نفسي متمثلاً في أوديسا، وأفضل ما في... لا يهم."
"NPCs.quests.holdstates.ellsworth.warRoomAfterWeepingSisters.retalkLine2","I wonder if I may come to envy you, Cerim. No home, no family. Perhaps you have no fear as well?","أتساءل إن كنتُ سأحسدك يوماً، أيها السيريم. لا بيت، ولا عائلة. لعلك حُرمتَ من الخوف أيضاً؟"
"NPCs.quests.holdstates.ellsworth.warRoomAfterWeepingSisters.retalkLine3","...No. No, I think you do understand fear.","...كلا. لا، أظنك تفهم الخوف جيداً."
"NPCs.quests.holdstates.elsa.inTheCrytpsAfterMountainGateBreach.interaction1Line1","This clamor of shouts and cries from outside keeps interrupting my focus.","هذا الصخب من الصيحات والصرخات القادمة من الخارج يقطع تركيزي باستمرار."
"NPCs.quests.holdstates.elsa.inTheCrytpsAfterMountainGateBreach.interaction1Line2","Has something happened? Nevermind, I don’t want to know.","هل وقع مكروه؟ لا يهم، لا أريد أن أعرف."
"NPCs.quests.holdstates.elsa.inTheCrytpsAfterMountainGateBreach.interaction1Line3","Anything worth happening has already happened.","كل ما كان يستحق الحدوث قد حدث بالفعل."
"NPCs.quests.holdstates.elsa.inTheCrytpsAfterMountainGateBreach.interaction1Line4","If the present mattered as much as the past, someone would’ve carved it in stone.","لو كان الحاضر يضاهي الماضي أهمية، لنقشه أحدهم على الحجر."
"NPCs.quests.holdstates.elsa.inTheCrytpsAfterMountainGateBreach.interaction2Line1","Sometimes I tell myself that all of history is a wave. Crests and troughs. Rise and fall.","أحياناً أقول لنفسي إن التاريخ بأسره كالموجة. قمم وقيعان. صعود وهبوط."
"NPCs.quests.holdstates.elsa.inTheCrytpsAfterMountainGateBreach.interaction2Line2","But where are we upon it? On the rise, or on the fall?","ولكن أين نقف نحن فوقها؟ أفي الصعود، أم في الهبوط والانهيار؟"
"NPCs.quests.holdstates.irmgard.inMarinVillageAfterMountainGateBreach.interaction1Line1","They look to me, Cerim. For answers, for solace, for hope.","إنهم يتطلعون إليّ، أيها السيريم. التماساً للأجوبة، والسلوان، والأمل."
"NPCs.quests.holdstates.irmgard.inMarinVillageAfterMountainGateBreach.interaction1Line2","I can’t see the future. I can hardly see the herbs in my own garden.","أنا لا أرى المستقبل. بل بالكاد أرى الأعشاب في حديقتي الخاصة."
"NPCs.quests.holdstates.irmgard.inMarinVillageAfterMountainGateBreach.interaction1Line3","Still I know that Marin will weather any storm. I may be old, but hope is older still.","ومع ذلك، أعلم يقيناً أن مارين ستصمد في وجه أي عاصفة. قد أكون طاعنة في السن، لكن الأمل أقدم وأعرق مني."
"NPCs.quests.holdstates.irmgard.inMarinVillageAfterMountainGateBreach.interaction2Line1","What do I do, when the skies are clear and the breeze is warm?","ماذا أصنع حين تكون السماء صافية والنسيم عليلاً ودافئاً؟"
"NPCs.quests.holdstates.irmgard.inMarinVillageAfterMountainGateBreach.interaction2Line2","I make tea.","أصنع الشاي."
"NPCs.quests.holdstates.irmgard.inMarinVillageAfterMountainGateBreach.interaction2Line3","And when the darkness spreads and the air smells of blood and death seems all but certain?","وحين يستفحل الظلام وتفوح في الهواء رائحة الدماء ويبدو الموت أمراً محتوماً؟"
"NPCs.quests.holdstates.irmgard.inMarinVillageAfterMountainGateBreach.interaction2Line4","I make tea.","أصنع الشاي أيضاً."
"NPCs.quests.holdstates.irmgard.inMarinVillageAfterMountainGateBreach.rotatingEavesdrop1","We Dasha survived the plague a thousand years ago. And we will again.","نحن الداشا نجونا من الوباء قبل ألف عام. وسننجو منه مجدداً."
"NPCs.quests.holdstates.irmgard.inMarinVillageAfterMountainGateBreach.rotatingEavesdrop2","You have come far, warrior. And yet you have much farther to go.","لقد قطعتَ درباً طويلاً، أيها المحارب. ومع ذلك، لا يزال أمامك درب أطول بكثير."
"NPCs.quests.holdstates.irmgard.inMarinVillageAfterMountainGateBreach.rotatingEavesdrop3","I’m always glad to see you again, Cerim. You carry hope in your wake.","يسرني دوماً لقاؤك مجدداً، أيها السيريم. فأنت تحمل الأمل حيثما حللت."
"NPCs.quests.holdstates.irmgard.inMarinVillageAfterMountainGateBreach.rotatingEavesdrop4","Marin’s doors are always open to you, Cerim. Even in dark times. Especially in dark times.","أبواب مارين مشرعة لك دوماً، أيها السيريم. حتى في أحلك الأوقات. بل في أحلك الأوقات على وجه الخصوص."
"NPCs.quests.holdstates.irmgard.inMarinVillageAfterRootsThatBind.interaction1Line1","I don’t suppose you’ve done much gardening, have you, Cerim.","لا أظنك مارستَ الزراعة كثيراً، أليس كذلك يا سيريم؟"
"NPCs.quests.holdstates.irmgard.inMarinVillageAfterRootsThatBind.interaction1Line2","There’s a moment... just before a seedling pokes its leaves above the earth.","ثمة لحظة... تسبق مباشرة بزوغ أوراق الشتلة من تحت الثرى."
"NPCs.quests.holdstates.irmgard.inMarinVillageAfterRootsThatBind.interaction1Line3","When all you can see is dry, barren dirt. A wasteland.","حين لا تبصر عيناك سوى تراب جاف وموحش. قفار لا حياة فيها."
"NPCs.quests.holdstates.irmgard.inMarinVillageAfterRootsThatBind.interaction1Line4","But life is there. Waiting to emerge.","لكن الحياة هناك كامنة. تتربص لتخرج إلى النور."
"NPCs.quests.holdstates.irmgard.inMarinVillageAfterRootsThatBind.interaction1Line5","I never thought I could learn from a seedling.","لم يخطر ببالي قط أنني سأتعلم درساً من بذرة ضئيلة."
"NPCs.quests.holdstates.irmgard.inMarinVillageRevisit.eavesdropLine1","The Cerim again. That’s interesting...","السيريم مجدداً. هذا أمر مثير للاهتمام..."
"NPCs.quests.holdstates.irmgard.inMarinVillageRevisit.eavesdropLine2","<i> Batee han lavasha bath’el. </i> May you always be hungry, and always be fed.","<i> Batee han lavasha bath’el. </i> عساك تجوع دوماً، وتجد دوماً ما يطعمك."
"NPCs.quests.holdstates.irmgard.inMarinVillageRevisit.interaction1Line1","Listen. Do you hear the voices?","أنصت. أتسمع تلك الأصوات؟"
"NPCs.quests.holdstates.irmgard.inMarinVillageRevisit.interaction1Line2","The true ones. Of our village. Those silenced before.","الأصوات الحقيقية. لأهل قريتنا. تلك التي أُخرست من قبل."
"NPCs.quests.holdstates.irmgard.inMarinVillageRevisit.interaction1Line3","I hear Cyriel, peddling his wares. And Francis, grumbling about his garden. And Greta, her pride in our ways.","أسمع سيريل ينادي على بضاعته. وفرانسيس يتذمر من حديقته. وغريتا واعتزازها بتقاليدنا."
"NPCs.quests.holdstates.irmgard.inMarinVillageRevisit.interaction1Line4","We are healing, Cerim. Each of us.","إننا نتماثل للشفاء، أيها السيريم. كل واحد منا."
"NPCs.quests.holdstates.irmgard.inMarinVillageRevisit.interaction2Line1","You seem to have made this island your home.","يبدو أنك اتخذتَ من هذه الجزيرة موطناً لك."
"NPCs.quests.holdstates.irmgard.inMarinVillageRevisit.interaction2Line2","If that’s true, I hope you’ll join us in Sacrament for the Rites of the Fallen.","إن كان الأمر كذلك، فآمل أن تنضم إلينا في ساكرامنت لحضور طقوس الساقطين."
"NPCs.quests.holdstates.irmgard.inMarinVillageRevisit.interaction2Line3","It’s a... moment of grace, for all of Sacra.","إنها... برهة من النعمة والسكينة لساكرا بأسرها."
"NPCs.quests.holdstates.irmgard.inMarinVillageRevisit.interaction2Line4","Ellsworth may be a fool, but he’s a noble fool, may the Seeker protect him.","قد يكون إلسورث أحمق، لكنه أحمق نبيل، فليحمهِ الساعي برعايته."
"NPCs.quests.holdstates.laraAndReed.inSacramentBeforeWeepingSisters.eavesdrop","Ah, look who it is!","آه، انظر من هنا!"
"NPCs.quests.holdstates.laraAndReed.inSacramentBeforeWeepingSisters.interaction1Line1","You're the talk of the town, you know. I think my father is a touch jealous.","أنت حديث البلدة بأسرها، كما تعلم. أظن والدي يشعر بشيء من الغيرة."
"NPCs.quests.holdstates.laraAndReed.inSacramentBeforeWeepingSisters.interaction1Line2","Me? Of course not. The Cerim and I are fellow hunters. Kindred spirits!","أنا؟ بالطبع لا. السيريم وأنا صيادان ورفيقا درب. روحان متآلفتان!"
"NPCs.quests.holdstates.laraAndReed.inSacramentBeforeWeepingSisters.interaction1Line3","A kindred spirit you nearly confused with a brigand in the Glades. Your eyesight -","روح متآلفة كدتَ تخلط بينها وبين أحد قطاع الطرق في الغابات! إن بصرك..."
"NPCs.quests.holdstates.laraAndReed.inSacramentBeforeWeepingSisters.interaction1Line4","- Was plenty sharp enough to fell an elk across the river!","- كان حاداً بما يكفي لإسقاط أيل عبر النهر!"
"NPCs.quests.holdstates.laraAndReed.inSacramentBeforeWeepingSisters.interaction1Line5","It was really more of a creek.","في الحقيقة لم يكن سوى جدول ماء صغير."
"NPCs.quests.holdstates.laraAndReed.inSacramentBeforeWeepingSisters.interaction1Line6","Betrayed by my own flesh and blood. I’ll feed you to the next wolf I see.","طعنة من لحمي ودمي! سأطعمك لأول ذئب أراه."
"NPCs.quests.holdstates.laraAndReed.inSacramentBeforeWeepingSisters.interaction1Line7","Oh so I’m safe then.","أوه، إذاً أنا بأمان تام."
"NPCs.quests.holdstates.laraAndReed.inSacramentBeforeWeepingSisters.interaction1Line8","Well, enjoy Sacrament, Cerim. We're headed for the Lowland Meadows soon, to rejoin the rest of our hunting party.","حسناً، استمتع بوقتك في ساكرامنت، أيها السيريم. سنمضي نحو السهول المنخفضة قريباً، لنلتحق ببقية جماعة الصيد."
"NPCs.quests.holdstates.laraAndReed.inSacramentBeforeWeepingSisters.interaction2Line1","We'll be hunting for the Rites of the Fallen. It's a ceremony to honor those we've lost.","سنصطاد من أجل طقوس الساقطين. إنها مراسم مهيبة لتكريم الراحلين الذين فقدناهم."
"NPCs.quests.holdstates.laraAndReed.inSacramentBeforeWeepingSisters.interaction2Line2","I'm not sure the Cerim care about our affairs.","لستُ متأكدة من أن السيريم يبالون بشؤوننا."
"NPCs.quests.holdstates.laraAndReed.inSacramentBeforeWeepingSisters.interaction2Line3","They will once we return to Sacrament pulling a wagon piled high with meat and pelts.","سيبالون حين نعود إلى ساكرامنت نجر عربة مكدسة باللحوم والفراء."
"NPCs.quests.holdstates.laraAndReed.inSacramentBeforeWeepingSisters.interaction2Line4","Such spirit - I wonder where she gets it.","يا لها من روح وثابة... أتساءل من أين ورثتها."
"NPCs.quests.holdstates.laraAndReed.inSacramentBeforeWeepingSisters.retalkLine1","I hope we see you soon. Maybe next time you can teach me something?","أتمنى أن نراك قريباً. ربما في المرة القادمة يمكنك تعليمي بعض المهارات؟"
"NPCs.quests.holdstates.laraAndReed.inSacramentBeforeWeepingSisters.retalkLine2","Anything worth learning, you can learn from me.","أي شيء يستحق التعلم، بإمكانكِ أن تتعلميه مني أنا."
"NPCs.quests.holdstates.odessa.gallows.afterRatsAndRaiders.interaction1Line1","I was right, wasn’t I?","كنتُ محقة، أليس كذلك؟"
"NPCs.quests.holdstates.odessa.gallows.afterRatsAndRaiders.interaction1Line2","Winnick won’t meet my eye. He only does that when I’m right.","وينيك يشيح بنظره عني. وهو لا يفعل ذلك إلا حين أكون على حق."
"NPCs.quests.holdstates.odessa.gallows.afterRatsAndRaiders.interaction1Line3","So... Darak’s gone. A rough end, to rot down there in the dark, even for him.","إذاً... هلك داراك. نهاية قاسية، أن يتعفن هناك في الظلمات، حتى بالنسبة له."
"NPCs.quests.holdstates.odessa.gallows.afterRatsAndRaiders.interaction1Line4","All those poor souls he convinced to join him. Giving their lives for what? To burn Sacrament to the ground?","كل أولئك المساكين الذين أقنعهم بالانضمام إليه. يبذلون أرواحهم لأجل ماذا؟ لإحراق ساكرامنت عن بكرة أبيها؟"
"NPCs.quests.holdstates.odessa.gallows.afterRatsAndRaiders.interaction1Line5","That’s not the way. Any more than groveling under the mainland’s yoke. Why can’t they see?","ليس هذا هو السبيل، ولا الرضوخ المذل تحت نير القارة الأم سبيل أيضاً. لِمَ لا يبصرون؟"
"NPCs.quests.holdstates.odessa.gallows.afterRatsAndRaiders.interaction1Line6","I hear the passing guards remark “Sacrament endures.” By the skin of her teeth, eh?","أسمع الحراس العابرين يرددون «ساكرامنت تصمد». تصمد بشق الأنفس، أليس كذلك؟"
"NPCs.quests.holdstates.odessa.gallows.afterRatsAndRaiders.interaction3Line1","I’ve noticed the blacksmith’s apprentice Will keeps lingering around my cell.","لاحظتُ أن ويل، صبي الحداد، يواصل التسكع حول زنزانتي."
"NPCs.quests.holdstates.odessa.gallows.afterRatsAndRaiders.interaction3Line2","Do me a favor and tell him I’m alright. And if that doesn’t work, tell him I don’t want to see him.","أسدِ إليّ معروفاً وأخبره أنني بخير. وإن لم ينفع ذلك، فأخبره أنني لا أريد رؤيته."
"NPCs.quests.holdstates.odessa.gallows.afterRatsAndRaiders.interaction3Line3","Whatever keeps him distant. It’s better that way.","أي شيء يبقيه بعيداً. فهذا أسلم له."
"NPCs.quests.holdstates.odessa.gallows.afterRatsAndRaiders.retalkLine1","Please, go. I will await my judgment, and you do... whatever it is you came here to do.","أرجوك، ارحل. سأنتظر حكمي، وأنت امضِ لتفعل... أياً كان ما جئتَ إلى هنا لأجله."
"NPCs.quests.holdstates.odessa.gallows.afterRatsAndRaiders.retalkLine2","We all walk our own path. Even if mine is just circles around this damn cell.","كل منا يسلك دربه الخاص. حتى وإن كان دربي مجرد دوائر أدورها داخل هذه الزنزانة اللعينة."
"NPCs.quests.holdstates.odessa.gallows.beforeDarakFight.eavesdrop","Cerim! Look what the tide washed in. I didn’t think you survived.","سيريم! انظر ماذا جرف المد معه. لم أظن أنك نجوت."
"NPCs.quests.holdstates.odessa.gallows.beforeDarakFight.interaction1Line1","Seems our fortunes have changed since we last spoke.","يبدو أن أحوالنا انقلبت منذ آخر حديث لنا."
"NPCs.quests.holdstates.odessa.gallows.beforeDarakFight.interaction1Line2","I’m afraid we might have to postpone our fight.","أخشى أنه قد يتعين علينا تأجيل قتالنا."
"NPCs.quests.holdstates.odessa.gallows.beforeDarakFight.interaction1Line3","But if I’m spared the gallows, perhaps we can finish what we started.","ولكن إن نجوتُ من حبل المشنقة، فربما ننهي ما بدأناه بيننا."
"NPCs.quests.holdstates.odessa.gallows.beforeDarakFight.interaction1Line4","Although judgment might take awhile.","مع أن صدور الحكم قد يستغرق وقتاً طويلاً."
"NPCs.quests.holdstates.odessa.gallows.beforeDarakFight.interaction1Line5","My father would rather play servant to the Madrigal than speak with me.","فأبي يفضل أن يلعب دور الخادم للمادريغال على أن يتحدث معي."
"NPCs.quests.holdstates.odessa.gallows.beforeDarakFight.interaction1Line6","It could be worse. We could be at the bottom of the sea.","كان يمكن للوضع أن يكون أسوأ. كان يمكن أن نكون في قاع البحر."
"NPCs.quests.holdstates.odessa.gallows.beforeDarakFight.retalkLine1","I wish I could see the Madrigal’s face as she looks upon the Mountain Gate.","كم أود لو رأيتُ وجه المادريغال وهي تحدق في بوابة الجبل."
"NPCs.quests.holdstates.odessa.gallows.beforeDarakFight.retalkLine2","Maybe she can pray her way through a thousand years of stone.","لعلها تستطيع أن تشق طريقها بالصلاة عبر صخور صمدت ألف عام."
"NPCs.quests.holdstates.odessa.marinVillage.afterRootsThatBind.interaction1Line1","I never imagined I would say this, but...","لم أتخيل قط أنني سأقول هذا يوماً، ولكن..."
"NPCs.quests.holdstates.odessa.marinVillage.afterRootsThatBind.interaction1Line2","I’m glad our paths have crossed.","يسرني أن دروبنا قد تقاطعت."
"NPCs.quests.holdstates.odessa.marinVillage.afterRootsThatBind.interaction1Line3","You should know, I - I had no idea there were Cerim on that ship. Not that it would’ve stopped me.","عليك أن تعلم، لم... لم يكن لدي أدنى فكرة بوجود سيريم على تلك السفينة. ليس وأن ذلك كان ليوقفني بالطبع."
"NPCs.quests.holdstates.odessa.marinVillage.afterRootsThatBind.interaction1Line4","We attacked for good reason. Lives were lost, but far more would’ve died if it made landfall.","هاجمنا لسبب وجيه. أُزهقت أرواح، نعم، لكن أعداداً أكبر بكثير كانت لتهلك لو بلغت السفينة الشاطئ."
"NPCs.quests.holdstates.odessa.marinVillage.afterRootsThatBind.interaction1Line5","Let’s call it water under the bridge. And over the deck.","دعنا نعتبر ما مضى قد ولّى مع الريح. وغرق في لجة البحر."
"NPCs.quests.holdstates.odessa.warRoom.afterServantOfGod.eavesdrop","If it’s another bowl of porridge, I’ll take the gallows instead, thank you.","إن كان هذا صحناً آخر من العصيدة، فسأختار المشنقة بدلاً منه، مع جزيل الشكر."
"NPCs.quests.holdstates.odessa.warRoom.afterServantOfGod.interaction1Line1","Oh, you. Alive and well I see. And it looks as though you’ve been to the Pass.","أوه، أنت. حي تُرزق كما أرى. ويبدو أنك ذهبتَ إلى الممر."
"NPCs.quests.holdstates.odessa.warRoom.afterServantOfGod.interaction1Line2","I wish I could’ve seen the Madrigal’s face when she saw the Mountain Gate shut.","كم وددتُ لو رأيتُ وجه المادريغال حين رأت بوابة الجبل موصدة."
"NPCs.quests.holdstates.odessa.warRoom.afterServantOfGod.interaction1Line3","Maybe she can pray her way through a thousand years of stone.","لعلها تستطيع أن تشق طريقها بالصلاة عبر صخور صمدت ألف عام."
"NPCs.quests.holdstates.odessa.warRoom.afterServantOfGod.interaction1Line4","Your weapon looks like it saw use in the quarry. You should take it to the blacksmith for repairs.","يبدو على سلاحك أنه خاض قتالاً ضارياً في المحجر. ينبغي أن تأخذه إلى الحداد لإصلاحه."
"NPCs.quests.holdstates.odessa.warRoom.afterServantOfGod.interaction1Line5","If you do, there’s a boy there. His apprentice, Will. Tell him I’m alright. And that I’m...","إن فعلت، فهناك صبي هناك. متدربه ويل. أخبره أنني بخير. وأنني..."
"NPCs.quests.holdstates.odessa.warRoom.afterServantOfGod.interaction1Line6","Nevermind. Don’t trouble him.","لا يهم. لا تشغل باله بي."
"NPCs.quests.holdstates.odessa.warRoom.afterServantOfGod.interaction2Line1","You shouldn’t help them, Cerim, even if their cause seems to be your own.","ينبغي ألا تساعدهم، أيها السيريم، حتى وإن بدت قضيتهم متفقة مع قضيتك."
"NPCs.quests.holdstates.odessa.warRoom.afterServantOfGod.interaction2Line2","You can’t serve the lesser of two evils without being lesser yourself.","لا يمكنك خدمة أهون الشرين دون أن تصبح أنت نفسك هيناً وضيعاً."
"NPCs.quests.holdstates.odessa.warRoom.afterServantOfGod.interaction2Line3","No one really knows what they’re fighting for. But at least the Risen know what we’re fighting against.","ما من أحد يدري حقاً لأجل ماذا يقاتل. لكن على الأقل نحن الناهضين نعلم ضد ماذا نقاتل."
"NPCs.quests.holdstates.odessa.warRoom.afterServantOfGod.interaction2Line4","Ugh. When did I become so dry? I sound like my father.","أوف. متى صرتُ جافة ومملة هكذا؟ كأنني أسمع والدي يتحدث."
"NPCs.quests.holdstates.odessa.warRoom.afterServantOfGod.interaction2Line5","Forgive my lecturing. Talk is meaningless.","اعذرني على وعظي. فالكلام لا طائل منه."
"NPCs.quests.holdstates.odessa.warRoom.afterServantOfGod.interaction2Line6","...A truth you seem to have taken to heart.","...حقيقة يبدو أنك أخذتها على محمل الجد وعملتَ بها."
"NPCs.quests.holdstates.odessa.warRoom.afterServantOfGod.interaction2Line7","You walk your path, I’ll walk mine.","امضِ في دربك، وسأمضي في دربي."
"NPCs.quests.holdstates.odessa.warRoom.afterServantOfGod.interaction2Line8","Even if mine is just circles around this damn room.","حتى لو كان دربي مجرد دوائر أدورها داخل هذه الغرفة اللعينة."
"NPCs.quests.holdstates.odessa.warRoom.afterServantOfGod.retalk","The Inquisition blames the Dasha for bringing back the Pestilence. Funny how the strong always fear the weak.","تلوم محاكم التفتيش الداشا على عودة الوباء. من المضحك كيف يخاف الأقوياء دوماً من الضعفاء."
"NPCs.quests.holdstates.odessa.warRoom.beforeServantOfGod.eavesdropLine1","Cerim! How did you get in here?","سيريم! كيف استطعتَ الدخول إلى هنا؟"
"NPCs.quests.holdstates.odessa.warRoom.beforeServantOfGod.eavesdropLine2","Come to finish what we started? It might be a fair fight with me in chains!","أجئتَ لتنهي ما بدأناه؟ قد يكون نزالاً عادلاً وأنا مقيدة بالأصفاد!"
"NPCs.quests.holdstates.odessa.warRoom.beforeServantOfGod.interaction1Line1","You’re a strange one, Cerim. You talk when you should fight. Fight when you should run.","أمرك غريب حقاً، أيها السيريم. تتحدث حين يتعين عليك القتال. وتقاتل حين يتعين عليك الهرب."
"NPCs.quests.holdstates.odessa.warRoom.beforeServantOfGod.interaction1Line2","A word of advice - the people here don’t like those they don’t understand. Trust me.","نصيحة لك؛ أهل هذه الديار ينفرون ممن يعجزون عن فهمه. صدقني."
"NPCs.quests.holdstates.odessa.warRoom.beforeServantOfGod.interaction1Line3","If you’re looking for my father, he left with the vanguard. They’ll be at the Mountain Gate by now.","إن كنتَ تبحث عن والدي، فقد خرج مع الطليعة. سيكونون عند بوابة الجبل الآن."
"NPCs.quests.holdstates.odessa.warRoom.beforeServantOfGod.interaction1Line4","As a child I used to think he was so tall. But how could he be, when he's always kneeling before Phalen?","حين كنتُ طفلة كنتُ أحسبه عملاقاً مهيباً. ولكن كيف له أن يكون كذلك وهو راكع دوماً عند أقدام فالن؟"
"NPCs.quests.holdstates.odessa.warRoom.beforeServantOfGod.interaction1Line5","Bring him back and I might get these shackles off.","أعده إلى هنا ولعلي أتحرر من هذه الأغلال."
"NPCs.quests.holdstates.odessa.warRoom.beforeServantOfGod.interaction1Line6","And then maybe we’ll finish our fight.","وحينها ربما ننهي قتالنا."
"NPCs.quests.holdstates.odessa.warRoom.beforeServantOfGod.interaction2Line1","If you head through the quarry to the Mountain Gate, keep your eyes open.","إن توجهتَ عبر المحجر إلى بوابة الجبل، فابقَ يقظاً ومفتوح العينين."
"NPCs.quests.holdstates.odessa.warRoom.beforeServantOfGod.interaction2Line2","See just what type of protection Sacrament provides its own.","لترى بأم عينك أي نوع من الحماية توفره ساكرامنت لأهلها."
"NPCs.quests.holdstates.odessa.warRoom.beforeServantOfGod.retalk","I don’t know why you would come to a place like this, Cerim. Where the dead outnumber the living.","لا أدري لمَ قد تأتي إلى مكان كهذا، أيها السيريم. حيث يفوق عدد الموتى عدد الأحياء بمراحل."
"NPCs.quests.holdstates.reed.inLowlandMeadowsAfterTheWeepingSisters.eavesdrop","Expecting some kind of thanks?","أتنتظر مني كلمة شكر؟"
"NPCs.quests.holdstates.reed.inLowlandMeadowsAfterTheWeepingSisters.interactionLine1","I tried cutting Lara free from what was left of that thing, but...","حاولتُ قطع ما يربط لارا بما تبقى من ذلك المسخ، ولكن..."
"NPCs.quests.holdstates.reed.inLowlandMeadowsAfterTheWeepingSisters.interactionLine2","It wouldn't let her go, even in death. ","لم يتركها حتى بعد هلاكه."
"NPCs.quests.holdstates.reed.inLowlandMeadowsAfterTheWeepingSisters.interactionLine3","So I burned the lot of 'em.","لذا أحرقتهم جميعاً عن بكرة أبيهم."
"NPCs.quests.holdstates.reed.inLowlandMeadowsAfterTheWeepingSisters.interactionLine4","I know it's a sin, but I'll be damned if my Lara rests forever coiled in the teeth of that beast.","أعلم أن هذا إثم عظيم، لكن تباً لكل شيء، لن أدع لارا ترقد إلى الأبد بين أنياب ذلك الوحش."
"NPCs.quests.holdstates.reed.inLowlandMeadowsAfterTheWeepingSisters.interactionLine5","These meadows are full of the Torn. And I'll put every last one of them down until I fall myself.","هذه السهول تعج بالممزقين. وسأقضي على كل واحد منهم حتى أسقط صريعاً بنفسي."
"NPCs.quests.holdstates.reed.inLowlandMeadowsAfterTheWeepingSisters.interactionLine6","She died afraid. But worse, she died alone. Least I can do is the same.","ماتت وهي مرعوبة. والأسوأ من ذلك أنها ماتت وحيدة. وأقل ما يمكنني فعله هو أن ألقى المصير ذاته."
"NPCs.quests.holdstates.reed.inLowlandMeadowsAfterTheWeepingSisters.retalk","Leave me be, Cerim. There's nothing for me back in Sacrament.","دعني وشأني، أيها السيريم. لم يعد لي أي شيء هناك في ساكرامنت."
"NPCs.quests.holdstates.roan.activatedThreeQuests.retalkLine1","Should you find any more ichor, bring it here. Something still stirs within the Watcher. ","إن عثرتَ على المزيد من الإيكور، فأحضره إلى هنا. ما زال ثمة شيء يتحرك في أعماق المراقب."
"NPCs.quests.holdstates.roan.activatedThreeQuests.retalkLine2","The work, it... gives him focus. I think your triumphs are d - d - d - drawing him back into the world.","العمل... يمنحه تركيزاً وهدفاً. أظن أن انتصاراتك تـ-تـ-تـ-تجذبه للعودة إلى هذا العالم."
"NPCs.quests.holdstates.roan.activatedThreeQuests.retalkLine3","And who knows - perhaps my pestering plays its own role in his revival!","ومن يدري؛ ربما يلعب إلحاحي المتواصل دوراً في إحيائه أيضاً!"
"NPCs.quests.holdstates.roan.afterCompletingRatsAndRaiders.interaction1_Line1","I hear you were venturing in the Black Trench. I had no idea you were a fellow enthusiast of all things septic!","سمعتُ أنك خاطرتَ بالدخول إلى الخندق الأسود. لم أكن أعلم أنك من عشاق كل ما يتعلق بالمجاري مثلي!"
"NPCs.quests.holdstates.roan.afterCompletingRatsAndRaiders.interaction1_Line2","I have some fascinating scrolls on the ideal material and orientation of sewer pipes. I’ll be sure to share them.","لدي بعض اللفائف الرائعة حول المواد المثالية واتجاهات أنابيب الصرف الصحي. سأحرص على مشاركتها معك."
"NPCs.quests.holdstates.roan.afterCompletingRootsThatBind.interaction1_Line1","I hear you encountered the Balak Taw. Some say theirs is a robust and misunderstood culture of avian rituals and communion with the natural world.","سمعتُ أنك واجهتَ البالاك تاو. يقول البعض إن لديهم ثقافة عريقة أُسيء فهمها من الطقوس الطيرية والتواصل مع الطبيعة."
"NPCs.quests.holdstates.roan.afterCompletingRootsThatBind.interaction1_Line2","Others say they’re just madmen who dress up like birds.","ويقول آخرون إنهم مجرد مجانين يرتدون أزياء كالطيور."
"NPCs.quests.holdstates.roan.afterCompletingServantOfGod.interaction1_Line1","What did the Madrigal want with you at the Mountain Gate? Was there any news from Caylen?","ماذا أرادت المادريغال منك عند بوابة الجبل؟ وهل كانت هناك أي أنباء من كايلن؟"
"NPCs.quests.holdstates.roan.afterCompletingServantOfGod.interaction1_Line2","The stories we heard out of Caylen were bad. The silence is worse. ","كانت الحكايات التي سمعناها من كايلن مروعة. لكن هذا الصمت أشد فتكاً ورعباً."
"NPCs.quests.holdstates.roan.afterCompletingServantOfGod.interaction1_Line3","It seems our small rookery is thick with the wayward. The Watcher hails from Caylen. I’m from Tir myself. And you... well, I don’t know. ","يبدو أن برج الغربان الصغير هذا يغص بالغرباء والتائهين. المراقب من كايلن. وأنا من تير. وأنت... حسناً، لا أدري من أين."
"NPCs.quests.holdstates.roan.afterCompletingWeepingSisters.interaction1_Line1","I hear you came across a Savor lab in the Lowland Meadows. Dreadful stuff.","سمعتُ أنك عثرتَ على مختبر لإنتاج السافور في السهول المنخفضة. سموم مروعة."
"NPCs.quests.holdstates.roan.afterCompletingWeepingSisters.interaction1_Line2","It’s been spreading all over the realm of late. Offering moments of bliss and then years of misery.","إنه ينتشر في شتى أرجاء المملكة مؤخراً. يمنح لحظات من النشوة ثم سنوات طوالاً من البؤس."
"NPCs.quests.holdstates.roan.afterCompletingWeepingSisters.interaction1_Line3","I once obtained a sample - for purely scientific reasons, I promise - but even I wasn’t able to extract its secrets.","حصلتُ على عينة منه ذات مرة؛ لأسباب علمية بحتة أقسم لك! لكن حتى أنا عجزتُ عن استخلاص أسراره."
"NPCs.quests.holdstates.roan.afterEllsworthSpeech.interaction1_Line1","On my way through the town square, I overheard two guards saying Odessa was to be summoned from her cell.","في طريقي عبر ساحة البلدة، سمعتُ حارسين يقولان إنه سيتم استدعاء أوديسا من زنزانتها."
"NPCs.quests.holdstates.roan.afterEllsworthSpeech.interaction1_Line2","I lingered briefly to discern more - oh curiosity, that cruel vice! - but I could hear nothing over the din of some yapping mutt.","تريثتُ قليلاً لأتبين المزيد؛ آه من الفضول، تلك الرذيلة القاتلة! لكنني لم أستطع سماع شيء بسبب نباح كلب مزعج."
"NPCs.quests.holdstates.roan.afterEllsworthSpeech.interaction1_Line3","Some of Sacrament’s strays can be quite... insistent, wouldn’t you say?","بعض الكلاب الضالة في ساكرامنت قد تكون... شديدة الإلحاح، ألا توافقني الرأي؟"
"NPCs.quests.holdstates.roan.afterRoanAndElsaInAntechamber.interaction1_Line1","I know our worldly affairs aren’t your - I mean you have much to do but... did Elsa seem troubled to you? ","أعلم أن شؤوننا الدنيوية لا تعنيك؛ أعني أن لديك الكثير لتفعله، ولكن... هل بدت إلسا مضطربة في نظرك؟"
"NPCs.quests.holdstates.roan.afterRoanAndElsaInAntechamber.interaction1_Line2","The Watcher told me: answers come to those who seek them.","قال لي المراقب ذات مرة: الإجابات تأتي لمن يلتمسها."
"NPCs.quests.holdstates.roan.afterRoanAndElsaInAntechamber.interaction1_Line3","Back when he... could say such things.","كان ذلك في الزمن الذي... كان يستطيع فيه قول مثل هذه الحكم."
"NPCs.quests.holdstates.roan.afterRoanAndElsaInAntechamber.interaction1_Line4","But maybe the answers she found weren’t the ones she wanted.","ولكن ربما لم تكن الإجابات التي وجدتها هي ما كانت تتمناه."
"NPCs.quests.holdstates.roan.afterSpilledBloodIntro.interaction1_Line1","I can’t promise the Watcher will help again. His wisdom is vast, but his mind is… well, it's like a ransacked library.","لا أستطيع أن أعدك بأن المراقب سيقدم المساعدة مجدداً. فحكمته شاسعة، لكن عقله... حسناً، كأنه مكتبة نهبها اللصوص."
"NPCs.quests.holdstates.roan.afterSpilledBloodIntro.interaction1_Line2","Many things on Sacra are not as they once were, I suppose. I can’t recall ever seeing the Inquisition inside our walls!","أشياء كثيرة على أرض ساكرا لم تعد كما كانت في السابق. لا أذكر أنني رأيتُ محاكم التفتيش داخل أسوارنا قط!"
"NPCs.quests.holdstates.roan.afterSpilledBloodIntro.interaction1_Line3","Ellsworth’s left for the Mountain Gate already with the Madrigal - but have no fear, Sacrament is in good hands under Baron Winnick. ","لقد غادر إلسورث متوجهاً إلى بوابة الجبل بالفعل مع المادريغال، لكن لا تجزع؛ فساكرامنت في أيدٍ أمينة تحت إمرة البارون وينيك."
"NPCs.quests.holdstates.roan.afterSpilledBloodIntro.interaction1_Line4","Oh! And I hear Elsa the historian is asking after you. She’s a... curious one. Most curious. ","آه! وسمعتُ أن إلسا المؤرخة تسأل عنك. إنها... شخصية فضولية وغريبة الأطوار. غريبة للغاية."
"NPCs.quests.holdstates.roan.afterSpilledBloodIntro.interaction1_Line5","Whatever course you chart, be careful. This island crawls with villainy. I suggest you visit the market for supplies, before you leave the city.  ","مهما كان المسار الذي تختاره، كن حذراً. فهذه الجزيرة تعج بالخسّة والشرور. أقترح عليك التوجه إلى السوق للتزود بالمؤن قبل مغادرة المدينة."
"NPCs.quests.holdstates.roan.afterWarRoomCinematic.interaction1_Line1","Will, the blacksmith’s apprentice, seems to be kicking up quite a quarrel with Captain Randolph near the marketplace.","يبدو أن ويل، صبي الحداد، يثير شجاراً حاداً مع القائد راندولف بالقرب من السوق."
"NPCs.quests.holdstates.roan.afterWarRoomCinematic.interaction1_Line2","I imagine the boy would have more success arguing with a stone wall.","أتخيل أن الصبي سيحقق نجاحاً أكبر لو جادل جداراً من الحجر الصم."
"NPCs.quests.holdstates.roan.beforeEllsworthSpeech.retalk_Line1","Oh - God’s reach, have you heard?","أوه... بحق قدرة الإله، ألم تسمع بالخبر؟"
"NPCs.quests.holdstates.roan.beforeEllsworthSpeech.retalk_Line2","Ellsworth has returned from the Mountain Gate. They say people are gathering to meet him in the square. You should hurry!","لقد عاد إلسورث من بوابة الجبل. يقولون إن الناس يحتشدون للقائه في الساحة. ينبغي أن تسرع!"
"NPCs.quests.holdstates.roan.finalRetalk.retalk_Line1","Please keep seeking out the Torn, Cerim. And bring their blood back to the Watcher.","أرجوك، واصل البحث عن الممزقين، أيها السيريم. واجلب دماءهم إلى المراقب."
"NPCs.quests.holdstates.roan.finalRetalk.retalk_Line2","If only you could have seen him at his height, Cerim.","يا ليتك رأيته في أوج عظمته وقوته، أيها السيريم."
"NPCs.quests.holdstates.roan.finalRetalk.retalk_Line3","When the plague spread and his letters went unanswered, he fell into shadow.","حين تفشى الوباء وبقيت رسائله دون جواب، غرق في غياهب الظلمة."
"NPCs.quests.holdstates.roan.finalRetalk.retalk_Line4","But now... I can see light breaking on his face.","أما الآن... فإني أرى النور يشرق على وجهه من جديد."
"NPCs.quests.holdstates.roan.inRookeryAfterMountainGateBreach.interaction1Line1","You extinguish the plague where you can. Summon more if you must. You defeat it and yet... you thrive off it.","أنت تخمد الوباء أينما استطعت. وتستدعي المزيد منه إن لزم الأمر. تهزمه ومع ذلك... تزدهر وتقتات عليه."
"NPCs.quests.holdstates.roan.inRookeryAfterMountainGateBreach.interaction1Line2","Power and poison. Poison and power.","القوة والسم. السم والقوة."
"NPCs.quests.holdstates.roan.inRookeryAfterMountainGateBreach.interaction1Line3","There is a frightening symmetry to it all.","ثمة تناسق وتناغم مخيف في كل هذا."
"NPCs.quests.holdstates.roan.inRookeryAfterMountainGateBreach.interaction1Line4","Forgive my impertinence but... you won’t forget why you came to our isle, will you Cerim?","اغفر لي وقاحتي وتطفلي، ولكن... لن تنسى لِمَ أتيتَ إلى جزيرتنا أصلاً، أليس كذلك يا سيريم؟"
"NPCs.quests.holdstates.roan.inRookeryAfterMountainGateBreach.retalk","As long as you bring him the necessary materials, I believe the Watcher will craft what he can. How you use it, we leave in your hands.","طالما أنك تجلب له المواد الضرورية، أعتقد أن المراقب سيصنع كل ما يقدر عليه. أما كيف تستخدمه، فهذا أمر نتركه بين يديك."
"NPCs.quests.holdstates.roan.rotatingHints.rotatingLine1","Have you seen Speaker Lucian and his envoy just over the bridge? Or I think it’s Speaker Lucian. Hard to tell those Inquisitors apart.","هل رأيتَ المتحدث لوسيان ومبعوثه وراء الجسر مباشرة؟ أو أظنه المتحدث لوسيان. فمن الصعب التمييز بين رجال التفتيش هؤلاء."
"NPCs.quests.holdstates.roan.rotatingHints.rotatingLine2","I saw Baron Winnick speaking with Odessa in her cell by the cages. She may be Risen now, but they have much history.","رأيتُ البارون وينيك يتحدث مع أوديسا في زنزانتها عند الأقفاص. قد تكون من الناهضين الآن، لكن بينهما تاريخاً طويلاً."
"NPCs.quests.holdstates.roan.rotatingHints.rotatingLine3","Elsa the historian adores all things Cerim. I think she wishes she had been born a thousand years ago. She must be thrilled you’ve arrived.","إلسا المؤرخة تعشق كل ما له صلة بالسيريم. أظن أنها تتمنى لو وُلدت قبل ألف عام. لا بد أنها في غاية الحماسة لوصولك."
"NPCs.quests.holdstates.seline.mountainGateAfterServantOfGod.interaction1Line1","The stones and timber abandoned in the quarry will not be wasted. Nor the labor of these fallen men and women.","الحجارة والأخشاب المتروكة في المحجر لن تذهب سدى. وكذلك سواعد هؤلاء الرجال والنساء الصرعى."
"NPCs.quests.holdstates.seline.mountainGateAfterServantOfGod.interaction1Line2","All of us - put to use.","كلنا... سنُسخَّر لخدمة الهدف."
"NPCs.quests.holdstates.seline.mountainGateAfterServantOfGod.interaction1Line3","And you, Cerim? I hope your humiliation has not broken your spirit.","وأنت، أيها السيريم؟ آمل ألا يكون خزي الهزيمة قد حطم عزيمتك."
"NPCs.quests.holdstates.seline.mountainGateAfterServantOfGod.interaction1Line4","My faithful say you scurry to and fro over the island.","يخبرني أتباعي الأوفياء أنك تجوب الجزيرة جيئة وذهاباً."
"NPCs.quests.holdstates.seline.mountainGateAfterServantOfGod.interaction1Line5","Don’t be surprised. God’s many eyes keep watch on everyone. Why shouldn’t we?","لا تعجب من ذلك. فعيون الإله الكثيرة ترقب الجميع دون استثناء. ففيمَ لا نرقبهم نحن؟"
"NPCs.quests.holdstates.seline.mountainGateAfterServantOfGod.interaction2Line1","Tell me, Cerim - are you the last of your kind?","قل لي يا سيريم، هل أنت آخر أبناء جنسك؟"
"NPCs.quests.holdstates.seline.mountainGateAfterServantOfGod.interaction2Line2","Sometimes I feel as though I’m the first of mine.","أحياناً أشعر وكأنني الأولى من بني جنسي."
"NPCs.quests.holdstates.seline.mountainGateAfterServantOfGod.interaction2Line3","I’m surrounded by believers, yes, but they were born believing.","أنا محاطة بالمؤمنين، نعم، لكنهم وُلدوا على الإيمان بالفطرة."
"NPCs.quests.holdstates.seline.mountainGateAfterServantOfGod.interaction2Line4","They didn’t look for it in the sewers and stables. In loss. In pain.","لم يبحثوا عنه في مجاري الصرف والإسطبلات القذرة. ولا في الخسارة والفقدان. ولا في خضم العذاب."
"NPCs.quests.holdstates.seline.mountainGateAfterServantOfGod.interaction2Line5","The last time I saw my old mentor, he said - he shouted, really - that I was lost to faith and flame.","آخر مرة رأيتُ فيها معلمي القديم، قال... بل صرخ في وجهي قائلاً إنني ضللتُ سبيلي في غياهب الإيمان واللهيب."
"NPCs.quests.holdstates.seline.mountainGateAfterServantOfGod.interaction2Line6","I wonder if he waits for me. Beyond the Gate.","أتساءل إن كان ينتظرني خلف البوابة."
"NPCs.quests.holdstates.seline.mountainGateAfterServantOfGod.retalk","Both God and King called upon me to reclaim this island. Either alone would be enough. But together... I cannot fail.","دعاني كل من الإله والملك لاستعادة هذه الجزيرة. وكان أي منهما منفرداً ليكفي، لكنهما معاً... يستحيل أن أخفق."
"NPCs.quests.holdstates.watcher.inRookeryAfterMountainGateBreach.interaction2Line1","At first I named the rookery crows after scholars. Then saints. Then, when I ran out of those, just letters, numbers.","في البداية أطلقتُ على برج الغربان أسماء العلماء والمفكرين. ثم أسماء القديسين. ثم، حين نفدت الأسماء، صرتُ أسميها مجرد حروف وأرقام."
"NPCs.quests.holdstates.watcher.inRookeryAfterMountainGateBreach.interaction2Line2","I wonder which message found you. The hundredth? The thousandth?","أتساءل أي رسالة تلك التي بلغتك. الرسالة المائة؟ أم الألف؟"
"NPCs.quests.holdstates.watcher.inRookeryAfterMountainGateBreach.interaction2Line3","If only it had been the first.","يا ليتها كانت الرسالة الأولى فحسب."
"NPCs.quests.holdstates.watcher.inRookeryAfterMountainGateBreach.retalk","Time. I wish I had more time. Or less.","الوقت. كم أتمنى لو كان لدي مزيد من الوقت. أو أقل منه."
"NPCs.quests.holdstates.will.enterSacramentEavesdrop1","It’s the Cerim! Here, over here!","إنه السيريم! هنا، هاهنا!"
"NPCs.quests.holdstates.will.enterSacramentInteraction1_Line1","Is it really true - you killed the creature at the gate?","أحقاً ما يقال؛ هل قتلتَ ذلك المسخ عند البوابة حقاً؟"
"NPCs.quests.holdstates.will.enterSacramentInteraction1_Line2","A Cerim in Sacrament. At my smithy no less! Well, Fillmore’s smithy. I’m just his apprentice Will. ","أحد السيريم في ساكرامنت. وفي دكان حدادتي بالذات! حسناً، دكان فيلمور. فأنا مجرد متدربه ويل."
"NPCs.quests.holdstates.will.enterSacramentInteraction1_Line3","Wait, Fillmore! On your way to Sacrament, did you encounter a blacksmith?","انتظر لحظة، فيلمور! في طريقك إلى ساكرامنت، هل صادفتَ حداداً؟"
"NPCs.quests.holdstates.will.enterSacramentInteraction1_Line4","He went out beyond the wall and hasn’t come back. I hope he’s alright. ","لقد خرج إلى ما وراء الأسوار ولم يرجع حتى الآن. آمل أن يكون بخير."
"NPCs.quests.holdstates.will.enterSacramentInteraction2_Line1","Oh, thank you. That’s a weight off my mind. Not quite ready to man the forge on my own.","أوه، شكراً لك! لقد أزحتَ هماً ثقيلاً عن صدري. فلستُ مستعداً بعد لإدارة الكير بمفردي."
"NPCs.quests.holdstates.will.enterSacramentInteraction2_Line2","I expect he’ll be back soon now that you’ve cleared the way.","أتوقع أنه سيعود قريباً الآن بعد أن مهدتَ الطريق وطهرته."
"NPCs.quests.holdstates.will.enterSacramentInteraction2_Line3","And likely telling me that he cleared the way for you.","ومن المرجح أن يخبرني بأنه هو من مهّد الطريق لك."
"NPCs.quests.holdstates.will.enterSacramentInteraction2_Line4","<i> Hrassa twen. </i> That’s Dasha for welcome, and safe travels. ","<i> Hrassa twen. </i> تعني بلغة الداشا مرحباً، ورحلة آمنة."
"NPCs.quests.holdstates.will.enterSacramentRetalk_Line1","I shouldn’t keep you - I’d venture you’re on your way to the rookery up above.","ينبغي ألا أؤخرك؛ أظنك في طريقك إلى برج الغربان بالأعلى."
"NPCs.quests.holdstates.will.postBreachInteraction1_Line1","I heard about what happened at the gate.","سمعتُ بما حدث عند البوابة."
"NPCs.quests.holdstates.will.postBreachInteraction1_Line2","Fillmore says a smith with eyes anywhere but down at his anvil is a smith with flattened fingers.","يقول فيلمور إن الحداد الذي تلتفت عيناه عن سنديانه هو حداد ستُسحق أصابعه."
"NPCs.quests.holdstates.will.postBreachInteraction1_Line3","But he ain’t got family in Marin Village. And I don’t think he cares much for Odessa either.","لكن ليس لديه أهل في قرية مارين. ولا أظنه يكترث كثيراً لأمر أوديسا أيضاً."
"NPCs.quests.holdstates.will.postBreachInteraction1_Line4","I wish the whole of the island could fit behind Sacrament’s walls.","أتمنى لو أن الجزيرة بأسرها تسعها أسوار ساكرامنت."
"NPCs.quests.holdstates.will.postBreachRetalk_Line1","Let’s share a promise, Cerim. I’ll keep your blade sharp, and you keep our people safe. You swear it?","دعنا نتعاهد على وعد، أيها السيريم: سأبقي سيفك حاداً، وستحافظ أنت على سلامة أهلنا. أتقسم على ذلك؟"
"NPCs.quests.holdstates.will.postInquisitionInteraction1_Line1","It’s a real honor to service your blade, Cerim.","إنه لشرف عظيم لي أن أصقل نصل سيفك، أيها السيريم."
"NPCs.quests.holdstates.will.postInquisitionInteraction1_Line2","And there’s no better blacksmith than Fillmore. He comes from a long line of ‘em.","وما من حداد يضاهي فيلمور براعة. فهو ينحدر من سلالة عريقة من الحدادين."
"NPCs.quests.holdstates.will.postInquisitionInteraction1_Line3","Not me. Mine’s farmers all the way back! ","أما أنا فلا. فعائلتي مزارعون أباً عن جد!"
"NPCs.quests.holdstates.will.postInquisitionInteraction1_Line4","But the first time I saw a hammer hitting steel, it was like it was singing for only me.","ولكن في اللحظة الأولى التي رأيتُ فيها مطرقة تضرب الفولاذ، بدا الأمر وكأنها تعزف لحناً لي وحدي."
"NPCs.quests.holdstates.will.postInquisitionRotating1_Line1","Fillmore can tell the coke in the forge is ready by color alone. ","يستطيع فيلمور معرفة جاهزية فحم الكوك في الكير من لونه فقط."
"NPCs.quests.holdstates.will.postInquisitionRotating1_Line2","Me, I have to tell by how close I can stand to it!","أما أنا، فعليّ معرفة ذلك من مدى قرب المسافة التي أستطيع الوقوف عندها!"
"NPCs.quests.holdstates.will.postInquisitionRotating1_Line3","Then you temper and quench, temper and quench, while you work it with the anvil.","ثم تطرّق المعدن وتغمسه في الماء، تطرّق وتغمس، بينما تشكّله على السندان."
"NPCs.quests.holdstates.will.postInquisitionRotating1_Line4","I prefer a double piked anvil myself, with a low arch. What’s your favorite type of anvil?","أنا أفضل السندان مزدوج القرون ذا القوس المنخفض. ما هو نوعك المفضل من السنادين؟"
"NPCs.quests.holdstates.will.postInquisitionRotating2_Line1","Odessa was the one who introduced me to Fillmore. Since she was always going back and forth between Marin and here.","أوديسا هي من عرفتني على فيلمور، بحكم ترددها الدائم بين مارين وهنا."
"NPCs.quests.holdstates.will.postInquisitionRotating2_Line2","She’d walk me through the woods. We’d pick berries and mullseeds on the way.","كانت ترافقني سيراً عبر الغابة. وكنا نقتطف التوت وبذور المول على الطريق."
"NPCs.quests.holdstates.will.postInquisitionRotating2_Line3","I was just little then of course. I can walk myself now.","كنتُ صغيراً في ذلك الحين بالطبع. أما الآن فيمكنني السير بمفردي."
"NPCs.quests.holdstates.will.postInquisitionRotating2_Line4","Not that I minded walking with her.","ليس وأنني كنتُ أتضايق من مرافقتها."
"NPCs.quests.holdstates.will.postInquisitionRotating3_Line1","You know Fillmore’s content with his stall right here, but I’ve got bigger plans.","تعلم أن فيلمور قانع بدكانه الصغير هنا، لكنني أحمل طموحات أكبر بكثير."
"NPCs.quests.holdstates.will.postInquisitionRotating3_Line2","I’m gonna open a smithy in Tir. Another in Havenport. ","سأفتتح دكان حدادة في تير. ودكاناً آخر في هافنبورت."
"NPCs.quests.holdstates.will.postInquisitionRotating3_Line3","I’ll train all my smiths personally though. So you always know you’re getting good work.","سأدرب كل حداديّ بنفسي. حتى تكون على يقين دوماً بجودة الصنعة."
"NPCs.quests.holdstates.will.postInquisitionRotating3_Line4","I’ve already picked out a name. But I can’t tell you. You might steal it!","لقد اخترتُ اسماً بالفعل. لكنني لن أخبرك به؛ لئلا تسرقه مني!"
"NPCs.quests.holdstates.willAndFillmore.afterRootsThatBind.interactionLine1","I... I don’t know what to say.","أنا... لا أدري ما أقول."
"NPCs.quests.holdstates.willAndFillmore.afterRootsThatBind.interactionLine2","Thank you might be a start, boy.","كلمة شكر قد تكون بداية طيبة يا بني."
"NPCs.quests.holdstates.willAndFillmore.afterRootsThatBind.interactionLine3","Cerim, thank you. I'm so glad the rest are safe.","أيها السيريم، شكراً لك. يغمرني السرور لنجاة الباقين وسلامتهم."
"NPCs.quests.holdstates.willAndFillmore.afterRootsThatBind.interactionLine4","Odessa, Irmgard, my parents. All of them.","أوديسا، وإيرمغارد، ووالداي. جميعهم."
"NPCs.quests.holdstates.willAndFillmore.afterRootsThatBind.interactionLine5","Alright, enough blabbering on. Back to the forge.","حسناً، كفاك ثرثرة وهراء. عُد إلى الكير فوراً."
"NPCs.quests.holdstates.willAndFillmore.afterRootsThatBind.interactionLine6","But thank you, Cerim.","ولكن شكراً لك يا سيريم من كل قلبي."
"NPCs.quests.holdstates.willAndFillmore.duringRootsThatBind.interactionLine1","Did you reach Marin Village? Is everyone alright?","هل بلغتَ قرية مارين؟ هل الجميع بخير؟"
"NPCs.quests.holdstates.willAndFillmore.duringRootsThatBind.interactionLine2","Focus on the work, boy. Don’t respect the forge for even a moment and she’ll take your hand.","ركز على العمل يا بني. إن غفلتَ عن احترام الكير للحظة واحدة، فستلتهم يدك."
"NPCs.quests.holdstates.willAndFillmore.duringRootsThatBind.interactionLine3","But how can I find peace when they might be in danger?","ولكن كيف لي أن أهدأ وأجد السكينة وهم قد يحدق بهم الخطر؟"
"NPCs.quests.holdstates.willAndFillmore.duringRootsThatBind.interactionLine4","Trust me, the work is the peace.","صدقني، العمل نفسه هو السكينة."
"NPCs.quests.holdstates.willAndFillmore.duringRootsThatBind.retalk","Please, Cerim, bring back news as soon as you’re able.","أرجوك يا سيريم، عد إلينا بالأخبار فور استطاعتك."
"NPCs.quests.holdstates.winnick.atSquareAfterEllsworthSpeech.interaction1Line1","Stirring words. If only words were enough.","كلمات تلهب الحماسة. يا ليت الكلمات كانت تكفي وحدها."
"NPCs.quests.holdstates.winnick.atSquareAfterEllsworthSpeech.interaction1Line2","But don’t worry, Cerim - the blade on his hip is no ornament. ","ولكن لا تقلق، أيها السيريم؛ فالنصل المعلق على خاصرته ليس للزينة فحسب."
"NPCs.quests.holdstates.winnick.atSquareAfterEllsworthSpeech.interaction1Line3","When the time comes for him to draw it... pray you’re at his back and not in his sights.","وحين يحين أوان استلاله... فارْجُ أن تكون في ظهره لا في مرمى بصره."
"NPCs.quests.holdstates.winnick.atSquareAfterEllsworthSpeech.retalkLine1","“The strength of our will” - a lovely sentiment... Think the crowd bought it?","«قوة إرادتنا»؛ عبارة شجية وجميلة... أتظن الحشود صدقتها؟"
"NPCs.quests.holdstates.winnick.atTavernAfterOfRatsAndRaiders.interaction1Line1","I see it troubles you, what happened down below. Don’t give it another thought, friend.","أرى أن ما حدث في الأسفل يقلقك. لا تشغل به بالك ثانية يا صديقي."
"NPCs.quests.holdstates.winnick.atTavernAfterOfRatsAndRaiders.interaction1Line2","Darak was never going to stop. His quarrel with Ellsworth was always personal. He had to be put down.","لم يكن داراك ليتوقف أبداً. كان نزاعه مع إلسورث ثأراً شخصياً دوماً. وكان لا بد من القضاء عليه."
"NPCs.quests.holdstates.winnick.atTavernAfterOfRatsAndRaiders.interaction1Line3","And we had to learn if we could trust each other. When you find that out, let me know will you?","وكان لزاماً علينا معرفة إن كنا قادرين على الوثوق ببعضنا البعض. وحين تكتشف الجواب، أطلعني عليه، حسناً؟"
"NPCs.quests.holdstates.winnick.atTavernAfterOfRatsAndRaiders.interaction1Line4","As for Odessa, I suppose she was telling the truth. Don’t know what to make of that. Better for Ellsworth to decide.","أما بخصوص أوديسا، فأظنها كانت تصدق القول. لا أدري ماذا أصنع بهذا الأمر، ومن الأفضل ترك القرار لإلسورث."
"NPCs.quests.holdstates.winnick.atTavernAfterOfRatsAndRaiders.interaction2Line1","Look at them go about their business. No word of thanks, no debt of gratitude.","انظر إليهم كيف ينصرفون إلى شؤونهم. ما من كلمة شكر، ولا ذرة عرفان بالجميل."
"NPCs.quests.holdstates.winnick.atTavernAfterOfRatsAndRaiders.interaction2Line2","No idea of the massacre averted just beneath their feet.","ليس لديهم أدنى فكرة عن المجزرة التي جرى تفاديها تحت أقدامهم مباشرة."
"NPCs.quests.holdstates.winnick.atTavernAfterOfRatsAndRaiders.interaction2Line3","Hm. As it should be.","همم. هكذا ينبغي للأمور أن تكون."
"NPCs.quests.holdstates.winnick.atTavernAfterOfRatsAndRaiders.retalkALine1","I swear, most days Sacrament’s a peaceful place. Then again, if this was most days, you wouldn’t be here.","أقسم أن ساكرامنت تكون في معظم الأيام ملاذاً للسكينة. ولكن مرة أخرى، لو كانت الأمور كمعظم الأيام، لما كنتَ أنت هنا."
"NPCs.quests.holdstates.winnick.atTavernAfterOfRatsAndRaiders.retalkALine2","Risen at our gates, the Pestilence lapping at our heels, and now a dead king. I guess there’s only one question left:","الناهضون على أبوابنا، والوباء ينهش أعقابنا، والآن ملك هالك. أظن أنه لم يتبقَ سوى سؤال واحد:"
"NPCs.quests.holdstates.winnick.atTavernAfterOfRatsAndRaiders.retalkALine3","Why aren’t we all in the tavern? Ha! No man deserves to face the end of the world sober.","لِمَ لا نكون جميعاً في الحانة إذاً؟ ها! ما من إنسان يستحق مواجهة نهاية العالم وهو صاحٍ."
"NPCs.quests.holdstates.winnick.atTavernAfterOfRatsAndRaiders.retalkBLine1","Never any love lost between Ellsworth and King Harol, mind you. But blood’s blood.","لم تكن هناك مودة قط بين إلسورث والملك هارول على أية حال. لكن صلة الدم تبقى صلة دم."
"NPCs.quests.holdstates.winnick.atTavernAfterOfRatsAndRaiders.retalkBLine2","People think he’s made of stone. But I’ve known Ellsworth half my life and believe me – it weighs on him. All of it.","يظن الناس أنه مخلوق من صخر. لكنني عرفتُ إلسورث طوال نصف حياتي وصدقني؛ الأمر يثقل كاهله بشدة. كل ذلك يثقله."
"NPCs.quests.holdstates.winnick.atTavernAfterOfRatsAndRaiders.retalkCLine1","Well, go on, enjoy Sacrament’s delights. She’s a bit rough and tumble, but that’s how I like her.","حسناً، امضِ واستمتع بملذات ساكرامنت. إنها قاسية وصاخبة بعض الشيء، لكن هكذا أحبها."
"NPCs.quests.holdstates.winnick.atTavernAfterOfRatsAndRaiders.retalkCLine2","A far cry from where I was raised. Frigid, in more ways than one.","إنها أبعد ما تكون عن الديار التي نشأتُ فيها؛ قارسة في بردها وفي كل شيء آخر."
"NPCs.quests.holdstates.winnick.atTavernAfterWeepingSisters.interaction1Line1","Nasty business with that beast in the woods earlier.","أمر بغيض ومروع ما حدث مع ذلك الوحش في الغابة في وقت سابق."
"NPCs.quests.holdstates.winnick.atTavernAfterWeepingSisters.interaction1Line2","You brought a piece of mercy to what was left of that poor girl. Now I just worry about the father.","لقد منحتَ قبساً من الرحمة لما تبقى من تلك الفتاة المسكينة. والآن أخشى على والدها فحسب."
"NPCs.quests.holdstates.winnick.atTavernAfterWeepingSisters.interaction1Line3","Dangerous to take away a man’s whole world. Just ask Darak.","من الخطر سلب المرء عالمه بأكمله. سل داراك وسترى."
"NPCs.quests.holdstates.winnick.atTavernAfterWeepingSisters.interaction1Line4","No one’s born a killer. Except maybe you.","ما من أحد يولد قاتلاً. باستثنائك أنت ربما."
"NPCs.quests.holdstates.winnick.atTavernAfterWeepingSisters.interaction2Line1","While you’re here, there’s something I’ve been wanting to ask. And be honest...","بما أنك هنا، فهناك شيء أردتُ أن أسألك إياه. وكن صريحاً معي..."
"NPCs.quests.holdstates.winnick.atTavernAfterWeepingSisters.interaction2Line2","Do you think I’d make a good Cerim? 
Ha Ha! Of course I would.","أتظنني سأكون محارب سيريم بارعاً؟
ها ها! بالطبع سأكون كذلك."
"NPCs.quests.holdstates.winnick.atTavernAfterWeepingSisters.retalkALine1","I’ve known Odessa since she was just a baby in Annora’s arms.","لقد عرفتُ أوديسا منذ كانت رضيعة بين ذراعي أنورا."
"NPCs.quests.holdstates.winnick.atTavernAfterWeepingSisters.retalkALine2","And still, the number of guards who say to my face that she should hang...","ومع ذلك، فإن عدد الحراس الذين يطالبونني في وجهي بشنقها..."
"NPCs.quests.holdstates.winnick.atTavernAfterWeepingSisters.retalkALine3","Makes me wonder what they say about her behind my back.","يجعلني أتساءل عما يقولونه عنها من وراء ظهري."
"NPCs.quests.holdstates.winnick.atTavernAfterWeepingSisters.retalkBLine1","One more pint, then back to the gate. To the gallows. To the sewers and ramparts.","كأس أخرى، ثم أعود إلى البوابة. وإلى المشنقة. وإلى المجاري والأسوار."
"NPCs.quests.holdstates.winnick.atTavernAfterWeepingSisters.retalkBLine2","There’s a man in town, Horus, calls himself the official Shit Scraper.","ثمة رجل في البلدة، يدعى هوروس، يلقب نفسه بجارف الفضلات الرسمي."
"NPCs.quests.holdstates.winnick.atTavernAfterWeepingSisters.retalkBLine3","Should I tell him I’ve already filled the position?","هل أخبره أنني شغلتُ تلك الوظيفة بالفعل؟"
"NPCs.quests.holdstates.winnick.atTavernAfterWeepingSisters.retalkC","The Rites of the Fallen can’t come soon enough if you ask me... This city’s like a thread pulled too taut.","طقوس الساقطين لا يمكن أن تأتي بأسرع مما نرجو إن سألتني... هذه المدينة كخيط جُذب بقسوة حتى كاد ينقطع."
"NPCs.quests.holdstates.winnick.onSacramentRampartsAfterMountainGateBreach.interaction1Line1","Eyes on the sky, Cerim.","ابقَ عينيك على السماء، أيها السيريم."
"NPCs.quests.holdstates.winnick.onSacramentRampartsAfterMountainGateBreach.interaction1Line2","First Darak below our feet, now demons in the air. Why did we even build these walls?","أولاً داراك تحت أقدامنا، والآن شياطين تحلق في الأجواء. لِمَ كلفنا أنفسنا بناء هذه الأسوار أصلاً؟"
"NPCs.quests.holdstates.winnick.onSacramentRampartsAfterMountainGateBreach.interaction1Line3","My scouts say the Pestilence is boiling over the land faster than ever before.","يقول كشافتي إن الوباء يغلي في أرجاء هذه الأرض بوتيرة أسرع من أي وقت مضى."
"NPCs.quests.holdstates.winnick.onSacramentRampartsAfterMountainGateBreach.interaction1Line4","As if I’m a blind man. They might as well tell me the sun’s in the sky.","وكأنني ضرير لا أبصر! كان بإمكانهم أن يخبروني أيضاً أن الشمس تسطع في كبد السماء."
"NPCs.quests.holdstates.winnick.onSacramentRampartsAfterMountainGateBreach.interaction2Line1","We don’t have enough men to hold down the city, let alone push beyond the gates.","ليس لدينا ما يكفي من الرجال للسيطرة على المدينة، ناهيك عن الاندفاع خارج البوابات."
"NPCs.quests.holdstates.winnick.onSacramentRampartsAfterMountainGateBreach.interaction2Line2","You’re on your own out there Cerim.","أنت وحدك في مواجهة ما ينتظرك في الخارج يا سيريم."
"NPCs.quests.holdstates.winnick.onSacramentRampartsAfterMountainGateBreach.interaction2Line3","You have my thanks and best wishes. That and two copper will buy you a pint.","لك مني خالص الشكر وأطيب الأمنيات. وهذا بالإضافة إلى قطعتين نحاسيتين يشتريان لك كأساً في الحانة."
"NPCs.quests.holdstates.winnick.onSacramentRampartsAfterMountainGateBreach.retalkLine1","A word of advice? Fight dirty. Drown them, burn them, stab them in the back.","نصيحة لك؟ قاتل بخسة ولا ترحم. اغرقهم، وأحرقهم، واطعنهم في ظهورهم."
"NPCs.quests.holdstates.winnick.onSacramentRampartsAfterMountainGateBreach.retalkLine2","Survival is its own honor.","فالبقاء على قيد الحياة شرف بحد ذاته."
"NPCs.quests.ofRatsAndRaiders.afterDaraksDeath.darakBossOutroLine1","WINNICK: Impressive. This isn’t a sewer anymore, it’s a tomb.","وينيك: مذهل حقاً. لم تعد هذه مجارٍ بعد الآن، بل تحولت إلى مقبرة."
"NPCs.quests.ofRatsAndRaiders.afterDaraksDeath.darakBossOutroLine2","RATTIGAN: See, I knew it! Sacrament stands because of me.","راتيغان: أرأيتم، كنت أعلم ذلك! ساكرامنت صامدة بفضلي أنا."
"NPCs.quests.ofRatsAndRaiders.afterDaraksDeath.darakBossOutroLine3","WINNICK: It wasn’t your place, Cerim, to make a deal with a prisoner. 
Nor, perhaps, my place to let you.","وينيك: لم يكن من حقك يا سيريم إبرام صفقة مع سجين.
ولا ربما كان من حقي السماح لك بذلك."
"NPCs.quests.ofRatsAndRaiders.afterDaraksDeath.darakBossOutroLine4","WINNICK: But don’t worry, he was never out of our sight.","وينيك: لكن لا تقلق، لم يغب عن أعيننا ولو للحظة واحدة."
"NPCs.quests.ofRatsAndRaiders.afterDaraksDeath.darakBossOutroLine5","RATTIGAN: Tell them, Cerim, I honored our deal. And a hero deserves a hero’s pardon!","راتيغان: أخبرهم يا سيريم، لقد وفيتُ بعهدي! والبطل يستحق عفواً يليق بالأبطال!"
"NPCs.quests.ofRatsAndRaiders.afterDaraksDeath.darakBossOutroLine6","WINNICK: Sacrament doesn’t bargain with murderers. You’re headed for 
hard labor at the Mountain Gate. By order of the Madrigal.","وينيك: ساكرامنت لا تفاوض القتلة. أنت متجه إلى الأشغال الشاقة عند بوابة الجبل، بأمر من المادريغال."
"NPCs.quests.ofRatsAndRaiders.afterDaraksDeath.darakBossOutroLine7","RATTIGAN: You shit-smiling bastard!","راتيغان: يا لك من نذل مبتسم ابتسامة خبيثة كالقذارة!"
"NPCs.quests.ofRatsAndRaiders.afterDaraksDeath.darakBossOutroLine8","WINNICK: And you... Well, I think we understand each other, Cerim. 
You and I, we do what needs to be done.","وينيك: وأنت... حسناً، أظننا نفهم بعضنا البعض جيداً يا سيريم.
أنا وأنت، نفعل ما يمليه الواجب فعله."
"NPCs.quests.ofRatsAndRaiders.afterDaraksDeath.rattigan.interactLine1","Cerim, listen, please, you and I, we’ve grown close haven’t we? Over the course of our little adventure. Maybe even friends?","سيريم، استمع إليّ أرجوك. أنا وأنت تقاربنا كثيراً، أليس كذلك؟ خلال مغامرتنا الصغيرة تلك. ربما أصبحنا صديقين حتى؟"
"NPCs.quests.ofRatsAndRaiders.afterDaraksDeath.rattigan.interactLine2","I’m trying to live by the straight and narrow. To make amends.","أنا أحاول سلوك الطريق القويم، والتكفير عما سلف."
"NPCs.quests.ofRatsAndRaiders.afterDaraksDeath.rattigan.interactLine3","But these brutes, they can’t see beyond a man’s past!","لكن هؤلاء الجلاوزة الغلاظ عاجزون عن رؤية ما وراء ماضي المرء!"
"NPCs.quests.ofRatsAndRaiders.afterDaraksDeath.rattigan.interactLine4","Well we’ll see how high and mighty you are with a knife in your throat!","حسناً، سنرى كم ستبقون في عليائكم وخنجري مغروسٌ في حناجركم!"
"NPCs.quests.ofRatsAndRaiders.afterDaraksDeath.rattigan.retalkLine1","I won’t forget this, Cerim. I won’t forget you.","لن أنسى لك هذا الصنيع يا سيريم. ولن أنساك أنت بالذات."
"NPCs.quests.ofRatsAndRaiders.afterDaraksDeath.rattigan.retalkLine2","You wanted to know which promises I keep. I’ll tell you - this one.","كنت تريد معرفة الوعود التي أفي بها؟ سأخبرك - هذا الوعد بالذات سأفي به."
"NPCs.quests.ofRatsAndRaiders.afterDaraksDeath.winnick.interactLine1","I don’t think I’ll be telling Ellsworth you released that rat from his cage.","لا أظنني سأخبر إلسورث بأنك أطلقت سراح ذاك الجرذ من قفصه."
"NPCs.quests.ofRatsAndRaiders.afterDaraksDeath.winnick.interactLine2","But I won’t be telling him my role in all this either.","لكنني لن أخبره بدوري في كل هذا أيضاً."
"NPCs.quests.ofRatsAndRaiders.afterDaraksDeath.winnick.interactLine3","I think we understand each other, Cerim. You and I, we...","أظننا نفهم بعضنا البعض تماماً، أيها السيريم. أنا وأنت، نحن..."
"NPCs.quests.ofRatsAndRaiders.afterDaraksDeath.winnick.interactLine4","...We do what needs to be done.","...نحن نفعل ما يمليه الواجب فعله."
"NPCs.quests.ofRatsAndRaiders.afterDaraksDeath.winnick.retalkLine1","You’d be harsh on this marauder too if you saw what he did to two of my guards in their sleep.","كنت لتكون قاسياً على هذا المغوار أيضاً لو رأيت ما فعله باثنين من حرسي وهم نيام."
"NPCs.quests.ofRatsAndRaiders.afterDaraksDeath.winnick.retalkLine2","Not a trace of honor on his breath.","ما من ذرة شرف تفوح من أنفاسه."
"NPCs.quests.ofRatsAndRaiders.darakSewersBarks.Line1","Come back to me! I’ll keep you safe! I will... I’ll keep you safe...","عودي إليّ! سأحميكِ! سأفعل... سأبقيكِ في أمان..."
"NPCs.quests.ofRatsAndRaiders.darakSewersBarks.Line2","You belong to me, Annora! By my side! Don’t go... Don’t leave me...","أنتِ ملكي أنا يا أنورا! إلى جواري! لا تذهبي... لا تتركيني..."
"NPCs.quests.ofRatsAndRaiders.darakSewersBarks.Line3","Marin. We can still go back to Marin. It’s not too late...!","مارين. ما زال بإمكاننا العودة إلى مارين. لم يفت الأوان بعد...!"
"NPCs.quests.ofRatsAndRaiders.darakSewersBarks.Line4","His blood isn’t royal. It’s... It’s poison! Yes! Poison...","دمه ليس ملكياً. إنه... إنه سم زعاف! نعم! سم..."
"NPCs.quests.ofRatsAndRaiders.darakSewersBarks.Line5","No! You can’t have her!","كلا! لن تأخذوها مني!"
"NPCs.quests.ofRatsAndRaiders.freeingRattigan.interactLine1","Thank you kindly. Now what was it I promised in return? Hehe, ah, yes.","شكراً جزيلاً لك. والآن ما الذي وعدت به في المقابل؟ ههههه، آه، نعم."
"NPCs.quests.ofRatsAndRaiders.freeingRattigan.interactLine2","The problem with you holier-than-thou types is you never look down. It’s the sewers! Miles and miles of ‘em under your feet.","مشكلتكم أنتم المتظاهرين بالقداسة والتقوى أنكم لا تنظرون إلى الأسفل أبداً. إنها المجاري! أميال وأميال منها تحت أقدامكم."
"NPCs.quests.ofRatsAndRaiders.freeingRattigan.interactLine3","The Risen in the outskirts are just a diversion. Darak’s men are gonna pour into Sacrament like stinking shit.","الناهضين في الضواحي ليسوا سوى تمويه وتشتيت للانتباه. رجال داراك سيتدفقون إلى ساكرامنت كالقذارة النتنة."
"NPCs.quests.ofRatsAndRaiders.freeingRattigan.interactLine4","I’ll slip out when the guards rotate. Meet me at the sewer drain. Down on the coast. Maybe you still have time to stop them. Maybe not.","سأتسلل خارجاً عند تبديل نوبات الحرس. قابلني عند مصرف المجاري، أسفل الساحل. لعل لديك متسعاً من الوقت لإيقافهم، أو ربما لا."
"NPCs.quests.ofRatsAndRaiders.freeingRattigan.retalk","What, don’t think I’ll be there? I’m a man of my word! Or at least some of them.","ماذا، ألا تظن أنني سأكون هناك؟ أنا رجل أفي بكلمتي! أو على الأقل ببعض منها."
"NPCs.quests.ofRatsAndRaiders.guardsAtTavernPostQuest.eavesdropLine1","It ain't fair. We didn't do nothing wrong.","هذا ليس عدلاً على الإطلاق. نحن لم نرتكب أي خطأ."
"NPCs.quests.ofRatsAndRaiders.guardsAtTavernPostQuest.jointInteractionLine1","Cerim! Maybe you can help clear our name. Tell him what happened, Learl.","سيريم! ربما يسعك المساعدة في تبرئة ساحتنا. أخبره بما حدث يا ليرل."
"NPCs.quests.ofRatsAndRaiders.guardsAtTavernPostQuest.jointInteractionLine2","We got demoted by that bastard Winnick just because one prisoner - one! - slipped his cage.","لقد خُفضت رتبتنا على يد ذاك اللعين وينيك لمجرد أن سجيناً واحداً - واحداً فقط! - أفلت من قفصه."
"NPCs.quests.ofRatsAndRaiders.guardsAtTavernPostQuest.jointInteractionLine3","I mean losing one out of... however many - them's good odds! ","أعني أن خسارة سجين واحد من بين... أياً كان عددهم - تلك نسبة ممتازة!"
"NPCs.quests.ofRatsAndRaiders.guardsAtTavernPostQuest.jointInteractionLine4","We didn't even have the key! That was that drunk oaf Gerard. But where's he?","حتى المفتاح لم يكن معنا! بل كان مع ذاك الغبي السكير جيرارد. ولكن أين هو الآن؟"
"NPCs.quests.ofRatsAndRaiders.guardsAtTavernPostQuest.jointInteractionLine5","If you ain't someone's nephew or cousin, they just toss you out with the trash.","إن لم تكن ابن أخ لأحدهم أو ابن عمه، فسيرمونك مع القمامة بلا تردد."
"NPCs.quests.ofRatsAndRaiders.guardsAtTavernPostQuest.jointInteractionLine6","Well, I am Captain Randolph's cousin. That's how I got the job. But that's really a technicality.","حسناً، في الواقع أنا ابن عم القبطان راندولف، وهكذا نلت هذه الوظيفة. لكن تلك مجرد تفاصيل شكلية."
"NPCs.quests.ofRatsAndRaiders.guardsAtTavernPostQuest.jointInteractionLine7","With our luck they'll have us guarding latrines next. And then blame us when they smell like shit.","مع حظنا العاثر، سيجعلوننا نحرس المراحيض في المرة القادمة، ثم يلوموننا إن فاحت منها رائحة القذارة."
"NPCs.quests.ofRatsAndRaiders.guardsAtTavernPostQuest.jointInteractionLine8","Eh, long as it's inside the walls and not atop 'em, I won't complain. Least not too much.","إيه، طالما أنها داخل الأسوار وليست فوقها، فلن أشتكي. على الأقل ليس كثيراً."
"NPCs.quests.ofRatsAndRaiders.guardsAtTavernPostQuest.retalkLine1","I can't for the life of me figure out how that bugger slipped free.","أعجز عن فهم كيف أفلت ذاك اللعين بحق السماء."
"NPCs.quests.ofRatsAndRaiders.guardsConradKenrickAndPiers.afterBreach.eavesdrop1Piers","We deserve answers.","نحن نستحق إجابات واضحة."
"NPCs.quests.ofRatsAndRaiders.guardsConradKenrickAndPiers.afterBreach.eavesdrop2Piers","Your duty is to Sacrament.","واجبكم هو حماية ساكرامنت."
"NPCs.quests.ofRatsAndRaiders.guardsConradKenrickAndPiers.afterBreach.eavesdrop3Piers","We look to you, not the Cerim, for protection.","نحن نتطلع إليكم أنتم، لا إلى السيريم، لحمايتنا."
"NPCs.quests.ofRatsAndRaiders.guardsConradKenrickAndPiers.afterBreach.interaction1Line1Piers","What's Ellsworth's plan? What steps are you taking to keep us safe? How will you defend the city?","ما هي خطة إلسورث؟ ما الخطوات التي تتخذونها للحفاظ على أمننا؟ كيف ستدافعون عن المدينة؟"
"NPCs.quests.ofRatsAndRaiders.guardsConradKenrickAndPiers.afterBreach.interaction1Line2Kenric","Fair questions, all of them. Deserving of answers.","أسئلة منصفة كلها، وتستحق الإجابة دون ريب."
"NPCs.quests.ofRatsAndRaiders.guardsConradKenrickAndPiers.afterBreach.interaction1Line3Conrad","Answers, I'm afraid, we're unable to provide. Above our station, you see.","إجابات نأسف لعجزنا عن تقديمها. فالأمر يفوق مرتبتنا كما ترى."
"NPCs.quests.ofRatsAndRaiders.guardsConradKenrickAndPiers.afterBreach.interaction1Line4Kenric","With winged demons in the air and plague outbreaks afoot, it's easy to forget we have other duties.","مع وجود شياطين مجنحة في السماء وتفشي الوباء، يسهل نسيان أن لدينا واجبات أخرى."
"NPCs.quests.ofRatsAndRaiders.guardsConradKenrickAndPiers.afterBreach.interaction1Line5Conrad","Some stand guard atop the wall. While others guard against petty theft. Or poaching. Or vagrancy.","فالبعض يقف حارساً فوق السور، بينما يحرس آخرون ضد السرقات الصغيرة، أو الصيد غير المشروع، أو التشرد."
"NPCs.quests.ofRatsAndRaiders.guardsConradKenrickAndPiers.afterBreach.interaction1Line6Kenric","Different responsibilities. But equal.","مسؤوليات مختلفة، لكنها متساوية في الأهمية."
"NPCs.quests.ofRatsAndRaiders.guardsConradKenrickAndPiers.afterBreach.interaction2Line1Piers","I don't need your help, Cerim. Nothing good can come from meddling in unnatural forces.","لست بحاجة لمساعدتك يا سيريم. لا يرجى أي خير من التدخل في قوى منافية للطبيعة."
"NPCs.quests.ofRatsAndRaiders.guardsConradKenrickAndPiers.afterBreach.interaction2Line2Kenric","A wise observation.","ملاحظة حكيمة."
"NPCs.quests.ofRatsAndRaiders.guardsConradKenrickAndPiers.afterBreach.interaction2Line3Piers","If anyone is to stand up to these monsters in the sky, it's Sacrament's own guard.","إن كان لأحد أن يتصدى لهذه الوحوش في السماء، فهم حرس ساكرامنت أنفسهم."
"NPCs.quests.ofRatsAndRaiders.guardsConradKenrickAndPiers.afterBreach.interaction2Line4Conrad","Although we shouldn't be too quick to judgment.","مع أنه لا ينبغي لنا التسرع في إطلاق الأحكام."
"NPCs.quests.ofRatsAndRaiders.guardsConradKenrickAndPiers.afterBreach.interaction2Line5Kenric","All tools have their uses.","فلكل أداة استخداماتها الخاصة."
"NPCs.quests.ofRatsAndRaiders.guardsConradKenrickAndPiers.afterBreach.retalkLine1Piers","You swore an oath to defend the city of Sacrament.","لقد أقسمتم يميناً للدفاع عن مدينة ساكرامنت."
"NPCs.quests.ofRatsAndRaiders.guardsConradKenrickAndPiers.afterBreach.retalkLine2Kenric","An oath we would never break.","يمين لن نحنث به أبداً."
"NPCs.quests.ofRatsAndRaiders.guardsConradKenrickAndPiers.afterBreach.retalkLine3Conrad","Not without good reason.","إلا إن كان ثمة سبب وجيه للغاية."
"NPCs.quests.ofRatsAndRaiders.guardsInOrbanGlades.conrad.retalkLine1","If it's Darak you seek, make your way through the underground passage.","إن كنت تبحث عن داراك، فاسلك طريقك عبر الممر السفلي."
"NPCs.quests.ofRatsAndRaiders.guardsInOrbanGlades.conrad.retalkLine2","But do not trust a rustling bush. The Risen are everywhere.","لكن لا تثق في أي شجيرة تحف، فالناهضون في كل مكان."
"NPCs.quests.ofRatsAndRaiders.guardsInOrbanGlades.eavesdrop","On guard, Conrad! Someone approaches.","استعد يا كونراد! ثمة من يقترب."
"NPCs.quests.ofRatsAndRaiders.guardsInOrbanGlades.interactLine1","The Cerim! About bloody time.","السيريم! حان الوقت أخيراً بحق الجحيم."
"NPCs.quests.ofRatsAndRaiders.guardsInOrbanGlades.interactLine10","Indeed.","حقاً وصدقاً."
"NPCs.quests.ofRatsAndRaiders.guardsInOrbanGlades.interactLine2","Are you hunting the Torn, or chasing human prey?","أتصطاد الممزقين، أم تتعقب طريدة من البشر؟"
"NPCs.quests.ofRatsAndRaiders.guardsInOrbanGlades.interactLine3","We're on the trail of a warlord called Darak. Winnick's orders.","نحن نتعقب أثر أمير حرب يُدعى داراك، بناءً على أوامر وينيك."
"NPCs.quests.ofRatsAndRaiders.guardsInOrbanGlades.interactLine4","We've searched the Lowland Meadows to the south, but the Risen have deserted the area.","فتشنا السهول المنخفضة جنوباً، لكن الناهضين غادروا المنطقة."
"NPCs.quests.ofRatsAndRaiders.guardsInOrbanGlades.interactLine5","The only place left to go is north... through that cave there.","المكان الوحيد المتبقي للذهاب إليه هو الشمال... عبر ذلك الكهف هناك."
"NPCs.quests.ofRatsAndRaiders.guardsInOrbanGlades.interactLine6","We just thought we'd take a moment here first.","فقط ظننا أنه من الحكمة أخذ قسط من الراحة هنا أولاً."
"NPCs.quests.ofRatsAndRaiders.guardsInOrbanGlades.interactLine7","We're not delaying. Simply... resting.","نحن لا نتباطأ، بل... نستريح فحسب."
"NPCs.quests.ofRatsAndRaiders.guardsInOrbanGlades.interactLine8","Replenishing.","نستعيد طاقتنا وقوانا."
"NPCs.quests.ofRatsAndRaiders.guardsInOrbanGlades.interactLine9","It's important to be well-nourished before battle.","من المهم أن يتغذى المرء جيداً قبل خوض غمار المعركة."
"NPCs.quests.ofRatsAndRaiders.guardsInOrbanGlades.kenric.retalk","Good luck, Cerim. We'll... be right behind you.","حظاً موفقاً يا سيريم. سنكون... خلفك مباشرة."
"NPCs.quests.ofRatsAndRaiders.meetingRattigan.eavesdropLine1","Listen. This is all a mistake. I took these clothes off a corpse on the coast. 
Being cold isn’t a crime is it? I’m no Risen.","استمعوا إليّ. هذا كله مجرد سوء تفاهم. أخذت هذه الملابس من جثة على الساحل.
فهل أصبح الشعور بالبرد جريمة؟ أنا لست من الناهضين."
"NPCs.quests.ofRatsAndRaiders.meetingRattigan.eavesdropLine2","Okay, I am Risen. But I’m a father too. You got children? I’ve got three myself, 
probably at home right now worried sick. Have a heart and let me free.","حسناً، أنا من الناهضين. لكنني أب أيضاً. ألديك أطفال؟ لدي ثلاثة أطفال،
وربما يجلسون في البيت الآن وقلقون جداً عليّ. ارحموني وأطلقوا سراحي."
"NPCs.quests.ofRatsAndRaiders.meetingRattigan.eavesdropLine3","Fine, no kids. But I’ve got copper! Stashed away. Let me go and I’ll lead you straight to it.","حسناً، ليس لديّ أطفال. لكن لديّ عملات نحاسية! مخبأة في مكان آمن. دعوني أذهب وسأقودكم إليها مباشرة."
"NPCs.quests.ofRatsAndRaiders.meetingRattigan.eavesdropLine4","And whatever they say I did, I swear I’ll never do it again. Not that I did it in the first place.","ومهما قالوا إنني فعلت، أقسم أنني لن أكرره أبداً. هذا إن كنت قد فعلته أصلاً."
"NPCs.quests.ofRatsAndRaiders.meetingRattigan.interactLine1","Oh, sniffing about for the governor’s daughter? Who’s side is she on anyway?","أوه، تتجسس وتستقصي من أجل ابنة الحاكم؟ في أي صف تقف هي على أية حال؟"
"NPCs.quests.ofRatsAndRaiders.meetingRattigan.interactLine2","Not that it matters - she’s right, you know. The real attack is yet to come. Darak’s moving on the city itself.","لا يهم ذلك - فهي محقة كما تعلم. الهجوم الحقيقي لم يأتِ بعد. داراك يزحف نحو المدينة ذاتها."
"NPCs.quests.ofRatsAndRaiders.meetingRattigan.interactLine3","But there may still be time to stop him. Darak left me to die. Least I can do is return the favor.","لكن ربما لا يزال هناك وقت لإيقافه. داراك تركني هنا لأموت، وأقل ما يسعني فعله هو رد الصنيع له."
"NPCs.quests.ofRatsAndRaiders.meetingRattigan.interactLine4","Tell me, friend, do you want to be a hero? Course you do, everyone does.","أخبرني يا صديقي، أتريد أن تصبح بطلاً؟ بالطبع تريد، الجميع يريد ذلك."
"NPCs.quests.ofRatsAndRaiders.meetingRattigan.interactLine5","Spring me from this cage, and I’ll make you Sacrament’s savior.","حررني من هذا القفص، وسأجعل منك منقذ ساكرامنت الأوحد."
"NPCs.quests.ofRatsAndRaiders.meetingRattigan.interactLine6","These guards couldn’t keep a snail locked up in its own shell. You poke around, you’ll find the key.","هؤلاء الحراس يعجزون عن حبس حلزون داخل قوقعته. ابحث قليلاً، وستجد المفتاح بسهولة."
"NPCs.quests.ofRatsAndRaiders.meetingRattigan.retalkLine1","Those guards won’t look twice at you. You’re a “guest of the city”...","أولئك الحراس لن يلتفتوا إليك مرتين، فأنت «ضيف على المدينة»..."
"NPCs.quests.ofRatsAndRaiders.meetingRattigan.retalkLine2","Not another word from me until there’s no iron between us.","لن تسمع مني كلمة أخرى حتى تزول هذه القضبان من بيننا."
"NPCs.quests.ofRatsAndRaiders.meetingRattiganBeforeOdessa.retalk","I’m reformed, I am. Ashamed and repentant. You should tell the guards - no need to punish a man who already punishes himself.","لقد صلحت أحوالي وتبت، حقاً. نادم ومستغفر. عليك إخبار الحراس - فلا داعي لمعاقبة رجل يعاقب نفسه بالفعل."
"NPCs.quests.ofRatsAndRaiders.odessa.afterInterrogatingRattigan.interactLine1","Talked to the other prisoners, did you? Don’t judge me for the company I keep. Revolution makes strange bedfellows.","تحدثت إلى السجناء الآخرين إذن؟ لا تحكم عليّ من صحبة من حولي، فالثورات تجمع أشتاتاً غريبة في سرير واحد."
"NPCs.quests.ofRatsAndRaiders.odessa.afterInterrogatingRattigan.interactLine2","Take us for example.","خذ علاقتنا نحن مثلاً."
"NPCs.quests.ofRatsAndRaiders.odessa.afterInterrogatingRattigan.interactLine3","But I hope you learned something of value, Cerim.","لكنني آمل أنك علمت شيئاً ذا قيمة، أيها السيريم."
"NPCs.quests.ofRatsAndRaiders.odessa.afterInterrogatingRattigan.interactLine4","All I’ve learned is that the porridge they serve the prisoners might be worse than the gallows.","كل ما تعلمته أنا هو أن العصيدة التي يقدمونها للسجناء قد تكون أسوأ من حبل المشنقة."
"NPCs.quests.ofRatsAndRaiders.odessa.afterInterrogatingRattigan.retalk","I’m not... afraid of dying. But that doesn’t mean I want to.","أنا لست... خائفة من الموت. لكن هذا لا يعني أنني أتمناه لنفسي."
"NPCs.quests.ofRatsAndRaiders.odessaGallowsInteraction.interaction1Line1","You again. Gods, I’d rather sing in the town square than say this but... Maybe you can help me.","أنت مجدداً. برحمة الآلهة، كنت لأفضل الغناء في ساحة البلدة على قول هذا، لكن... ربما بوسعك مساعدتي."
"NPCs.quests.ofRatsAndRaiders.odessaGallowsInteraction.interaction1Line2","Darak’s always harbored a deep hatred of my father.","لطالما أكنّ داراك حقداً دفيناً لأبي."
"NPCs.quests.ofRatsAndRaiders.odessaGallowsInteraction.interaction1Line3","I never imagined he could move against Sacrament itself, but... He wouldn’t share his schemes with me.","لم أتخيل قط أن بمقدوره التحرك ضد ساكرامنت نفسها، لكن... لم يكن ليطلعني على مؤامراته."
"NPCs.quests.ofRatsAndRaiders.odessaGallowsInteraction.interaction1Line4","The people here may be blind or broken, under the mainland’s boot for so long they mistake it for protection.","قد يكون الناس هنا عمياً أو محطمين، خاضعين لجزمة القارة لزمن طويل حتى ظنوها حماية لهم."
"NPCs.quests.ofRatsAndRaiders.odessaGallowsInteraction.interaction1Line5","But that doesn’t mean they deserve to die.","لكن ذلك لا يعني أنهم يستحقون الموت والهلاك."
"NPCs.quests.ofRatsAndRaiders.odessaGallowsInteraction.interaction1Line6","Winnick said his men captured some of Darak’s faithful after the battle.","ذكر وينيك أن رجاله أسروا بعض المخلصين لداراك بعد المعركة."
"NPCs.quests.ofRatsAndRaiders.odessaGallowsInteraction.interaction1Line7","You should see if any of them can tell you more.","عليك معرفة إن كان لدى أي منهم ما يفيدك بمعلومات أكثر."
"NPCs.quests.ofRatsAndRaiders.odessaGallowsInteraction.retalkLine1","One of the other prisoners here might be able to help you.","أحد السجناء الآخرين هنا قد يكون قادراً على مساعدتك."
"NPCs.quests.ofRatsAndRaiders.odessaGallowsInteraction.retalkLine2","I must sound like a fool. Most of Sacrament wants me hung, and here I am worrying about their tomorrow.","لا بد أنني أبدو كالحمقاء؛ فمعظم ساكرامنت يتمنون شنقي، وها أنا ذا أقلق بشأن غدهم ومستقبلهم."
"NPCs.quests.ofRatsAndRaiders.odessaGallowsInteraction.retalkLine3","I imagine you know a thing or two about thankless tasks.","أحسب أنك تعرف شيئاً أو شيئين عن المهام التي لا تلقى جزاءً ولا شكوراً."
"NPCs.quests.ofRatsAndRaiders.odessaWinnickEavesdrop.eavesdropLine1","You don’t understand!","أنت لا تفهم!"
"NPCs.quests.ofRatsAndRaiders.odessaWinnickEavesdrop.eavesdropLine2","Darak’s a mad dog, but he’s no fool. Why would he draw your men to Orban Glades and then flee?","داراك كلب مسعور، لكنه ليس أحمق. لماذا يستدرج رجالك إلى غابات أوربان ثم يفر هارباً؟"
"NPCs.quests.ofRatsAndRaiders.odessaWinnickEavesdrop.eavesdropLine3","Because he was defeated, that’s why. If he returns, our stone walls will be there to greet him.","لأنه هُزم، لهذا السبب! وإن عاد، فأسوارنا الحجرية ستكون بالمرصاد لاستقباله."
"NPCs.quests.ofRatsAndRaiders.odessaWinnickEavesdrop.eavesdropLine4","And why should I trust anything you have to say about the Risen?","ولماذا عليّ أن أصدق أي كلمة تقولينها عن الناهضين؟"
"NPCs.quests.ofRatsAndRaiders.odessaWinnickEavesdrop.eavesdropLine5","Some of us join the Risen to build a better world. And some just to tear down the old one.","بعضنا ينضم إلى الناهضين لبناء عالم أفضل، والبعض الآخر فقط لهدم العالم القديم."
"NPCs.quests.ofRatsAndRaiders.odessaWinnickEavesdrop.eavesdropLine6","And some give speeches from behind bars.","والبعض الآخر يلقي الخطب من وراء القضبان."
"NPCs.quests.ofRatsAndRaiders.rattiganAtTheMountainGate.interactLine1","Let me tell you a story, Cerim, if you’ve come to keep me company.","دعني أروِ لك قصة يا سيريم، إن كنت جئت لمؤانستي."
"NPCs.quests.ofRatsAndRaiders.rattiganAtTheMountainGate.interactLine10","Because that’s what friends are for.","لأن هذا هو المغزى من وجود الأصدقاء."
"NPCs.quests.ofRatsAndRaiders.rattiganAtTheMountainGate.interactLine2","So there’s two fish swimming in the sea, right? And one says to the other, I’m hungry.","كانت هناك سمكتان تسبحان في البحر، حسناً؟ وقالت إحداهما للأخرى: أنا جائعة."
"NPCs.quests.ofRatsAndRaiders.rattiganAtTheMountainGate.interactLine3","And the other, he wants to be a pal, so he goes looking. And when he comes back he says there’s some tasty–looking moss in that cave over there.","والأخرى أرادت أن تكون رفيقة وفية، فذهبت تبحث. ولما عادت قالت إن هناك طحلباً شهياً في ذلك الكهف هناك."
"NPCs.quests.ofRatsAndRaiders.rattiganAtTheMountainGate.interactLine4","So the first fish goes in the cave, eats the moss, but says he’s still hungry.","فدخلت السمكة الأولى الكهف، وأكلت الطحلب، لكنها قالت إنها لا تزال جائعة."
"NPCs.quests.ofRatsAndRaiders.rattiganAtTheMountainGate.interactLine5","So his friend finds him another cave. Says there’s some little white crawlies inside.","فوجدت لها صديقتها كهفاً آخر، وقالت إن بداخله ديداناً بيضاء صغيرة."
"NPCs.quests.ofRatsAndRaiders.rattiganAtTheMountainGate.interactLine6","The first fish goes in, eats the worms, says he’s still hungry.","فدخلت السمكة الأولى وأكلت الديدان، وقالت إنها لا تزال جائعة."
"NPCs.quests.ofRatsAndRaiders.rattiganAtTheMountainGate.interactLine7","So his friend finds him one last cave. Says it’s right over there. And the first fish swims in.","فوجدت لها صديقتها كهفاً أخيراً، وقالت إنه هناك تماماً. فسبحت السمكة الأولى إلى الداخل."
"NPCs.quests.ofRatsAndRaiders.rattiganAtTheMountainGate.interactLine8","But this cave’s got an eel in it.","لكن ذلك الكهف كان يقطنه ثعبان بحر ضخم."
"NPCs.quests.ofRatsAndRaiders.rattiganAtTheMountainGate.interactLine9","And the eel gobbles the fish right up. And the other fish says - there, now you’re not hungry. Not anymore.","فابتلع الثعبان السمكة بلقمة واحدة. فقالت السمكة الأخرى: هكذا إذن، لم تعودي جائعة بعد الآن."
"NPCs.quests.ofRatsAndRaiders.rattiganAtTheMountainGate.retalk","Maybe there’s a world where you and I make things right. But it’s not this one.","ربما يوجد عالم نصلح فيه الأمور أنا وأنت، لكنه بالتأكيد ليس هذا العالم."
"NPCs.quests.ofRatsAndRaiders.rattiganAtTheMountainGateBeforeBreach.eavesdrop","Look everyone - it’s the Cerim. The Cerim have come. To save us.","انظروا جميعاً - إنه السيريم. لقد جاء السيريم لإنقاذنا."
"NPCs.quests.ofRatsAndRaiders.rattiganAtTheMountainGateBeforeBreach.interactLine1","Don’t worry, I’ve been in holes deeper and cages smaller than this.","لا تقلق، لقد كنت في حفر أعمق وأقفاص أضيق من هذا بكثير."
"NPCs.quests.ofRatsAndRaiders.rattiganAtTheMountainGateBeforeBreach.interactLine2","Aren’t bars tight enough that I can’t wriggle out of them.","وليست هناك قضبان ضيقة بما يكفي لمنعي من التملص منها والهرب."
"NPCs.quests.ofRatsAndRaiders.rattiganAtTheMountainGateBeforeBreach.interactLine3","And when I do, you and I will have a nice long talk. Or a very short one.","وحين أفعل، سنجري أنا وأنت حديثاً لطيفاً طويلاً، أو ربما حديثاً قصيراً للغاية."
"NPCs.quests.ofRatsAndRaiders.rattiganAtTheMountainGateBeforeBreach.retalk","Guard! This Cerim here’s interrupting my work!","أيها الحارس! هذا السيريم يقاطع عملي هنا!"
"NPCs.quests.ofRatsAndRaiders.rattiganGuards.eavesdropKeyHintLine1","That turnip has the damn <color=#f29819>keys</color> with him.","ذاك الأحمق يحمل معه تلك <color=#f29819>المفاتيح</color> اللعينة."
"NPCs.quests.ofRatsAndRaiders.rattiganGuards.eavesdropLine1","Where’s that miserable runt wandered off to? He’s supposed to 
relieve me, I’ve got a date with Elga tonight.","إلى أين ذهب ذاك القزم البائس؟ من المفترض به أن 
يبدل النوبة معي، فلديّ موعد مع إلغا الليلة."
"NPCs.quests.ofRatsAndRaiders.rattiganGuards.eavesdropLine2","Who, Gerard? He was dripping pissed, I told him to go dunk his head in the <color=#f29819>fountain</color>.","من، جيرارد؟ كان ثملاً حتى الثمالة، أخبرته أن يغمس رأسه في <color=#f29819>النافورة</color>."
"NPCs.quests.ofRatsAndRaiders.rattiganGuards.eavesdropLine3","Well, that’s all right for some people, getting drunk on the job. 
But that turnip has the damn <color=#f29819>keys</color> with him.","حسناً، هذا يناسب بعض الناس، أن يسكروا أثناء أداء الواجب.
لكن ذاك الأحمق يحمل معه تلك <color=#f29819>المفاتيح</color> اللعينة."
"NPCs.quests.ofRatsAndRaiders.rattiganGuards.eavesdropLine4","Looks like you’re stuck with me. Why don’t you invite ol’ Elga 
to come round here? We can both enjoy her company.","يبدو أنك عالق معي هنا إذن. ما رأيك أن تدعو إلغا العجوز 
للحضور إلى هنا؟ يمكننا كلانا الاستمتاع بصحبتها."
"NPCs.quests.ofRatsAndRaiders.rattiganGuards.eavesdropLine5","Sod off.","اغرب عن وجهي."
"NPCs.quests.ofRatsAndRaiders.sewerRaiders.dyingRaider.eavesdropLine1","Please...","أرجوكم..."
"NPCs.quests.ofRatsAndRaiders.sewerRaiders.dyingRaider.eavesdropLine2","Help me... Please...","ساعدوني... أرجوكم..."
"NPCs.quests.ofRatsAndRaiders.sewerRaiders.dyingRaider.interact","Shoulda never come down here, never listened to Darak. You gotta believe me, I didn’t throw in with the Risen to burn down Sacrament. And not to... to...","ما كان ينبغي لي النزول إلى هنا قط، ولا الاستماع إلى داراك. يجب أن تصدقني، لم أنضم إلى الناهضين لإحراق ساكرامنت. ولا لأجل... لأجل..."
"NPCs.quests.ofRatsAndRaiders.sewerRaiders.dyingRaider.retalk","Please, kill me. I don’t wanna end up like them...","أرجوك، اقتلني. لا أريد أن ينتهي بي المطاف مثلهم..."
"NPCs.quests.ofRatsAndRaiders.sewerRaiders.hangingRaider.eavesdrop","Mother, Maker, Seeker, Forsaken, please watch over me…","يا أيتها الأم، والصانع، والباحث، والمنبوذ، احرسوني برعايتكم..."
"NPCs.quests.ofRatsAndRaiders.sewerRaiders.pleadingRaider.eavesdropLine1","Talo, it's me! Don't you recognize me?","تالو، إنه أنا! ألا تعرفني؟"
"NPCs.quests.ofRatsAndRaiders.sewerRaiders.pleadingRaider.eavesdropLine2","WAIT!","انتظر!"
"NPCs.quests.ofRatsAndRaiders.winnick.afterInterrogatingRattigan.interactLine1","I wouldn’t waste your time with those prisoners. Unless it’s to gloat before they swing.","ما كنت لأضيع وقتك مع أولئك السجناء. إلا إن كان للشماتة بهم قبل أن يتأرجحوا على المشنقة."
"NPCs.quests.ofRatsAndRaiders.winnick.afterInterrogatingRattigan.interactLine2","I don’t know how many more are out there, but at least those worms are where they belong.","لا أعلم كم منهم لا يزال طليقاً في الخارج، لكن على الأقل تلك الديدان تقبع حيث تنتمي."
"NPCs.quests.ofRatsAndRaiders.winnick.afterInterrogatingRattigan.interactLine3","As for Odessa, well, she’ll await Ellsworth's judgment along with the rest of them.","أما بشأن أوديسا، حسناً، فستنتظر حكم إلسورث برفقة البقية."
"NPCs.quests.ofRatsAndRaiders.winnick.afterInterrogatingRattigan.retalk","You’ve proven yourself an ally of Sacrament so far, Cerim. I hope it stays that way.","لقد أثبتّ أنك حليف لساكرامنت حتى الآن يا سيريم. وآمل أن يظل الأمر كذلك."
"NPCs.quests.ofRatsAndRaiders.winnickAfterDarakOnTheBridge.interactLine1","Cerim! You have my thanks.","سيريم! لك مني خالص الشكر."
"NPCs.quests.ofRatsAndRaiders.winnickAfterDarakOnTheBridge.interactLine2","Not many square off against Darak and return holding their head high. Or with a head at all.","قلائل هم من يواجهون داراك ثم يعودون برؤوس مرفوعة، أو يعودون برؤوس أصلاً."
"NPCs.quests.ofRatsAndRaiders.winnickAfterDarakOnTheBridge.interactLine3","I pray Darak crawled under a rock somewhere to lick his wounds but... you don’t defend a city on prayers.","أرجو أن يكون داراك قد اختبأ في مكان ما ليداوِي جراحه، ولكن... لا تُبنى حماية المدن على الدعاء وحده."
"NPCs.quests.ofRatsAndRaiders.winnickAfterDarakOnTheBridge.interactLine4","Perhaps it’s worth considering Odessa’s warning...","ربما يجدر بنا التفكير في تحذير أوديسا..."
"NPCs.quests.ofRatsAndRaiders.winnickAfterDarakOnTheBridge.interactLine5","I’ve known her since she was a babe. But I’m not sure I know who’s in that cell.","أعرفها منذ كانت رضيعة، لكنني لست واثقاً من هوية الشخص القابع في تلك الزنزانة الآن."
"NPCs.quests.ofRatsAndRaiders.winnickAfterDarakOnTheBridge.retalkLine1","I’m not blind to what drives the Risen. I’ve seen how people fall through the cracks.","لست أعمى عما يدفع الناهضين، فقد رأيت كيف يسقط الناس بين الشقوق والمهالك."
"NPCs.quests.ofRatsAndRaiders.winnickAfterDarakOnTheBridge.retalkLine2","But they’ve chosen their side, and I mine. Sometimes that’s all you can do.","لكنهم اختاروا جانبهم، وأنا اخترت جانبي. وأحياناً هذا كل ما يسع المرء فعله."
"NPCs.quests.ofRatsAndRaiders.winnickQuestKickoff.eavesdrop","Cerim - a moment?","سيريم - ألديك دقيقة؟"
"NPCs.quests.ofRatsAndRaiders.winnickQuestKickoff.interactLine1","If I might bend your ear, I’ve a proposition for you.","إن كان بوسعي استعارة مسامعك، فلديّ عرض أقدمه لك."
"NPCs.quests.ofRatsAndRaiders.winnickQuestKickoff.interactLine2","I saw how you dispatched the raiders in the old fortress. You’ve had a taste, any interest in the meal?","رأيت كيف قضيت على الغزاة في الحصن القديم. تذوقت طعم المعركة، فهل لديك رغبة في وجبة دسمة كاملة؟"
"NPCs.quests.ofRatsAndRaiders.winnickQuestKickoff.interactLine3","My men spotted the Risen warlord Darak in the Orban Glades.","رصد رجالي أمير حرب الناهضين داراك في غابات أوربان."
"NPCs.quests.ofRatsAndRaiders.winnickQuestKickoff.interactLine4","He’s been a thorn in Ellsworth’s side for too long. I sent a contingent after him, but —","لقد ظل شوكة في حلق إلسورث لوقت أطول مما ينبغي. أرسلت مفرزة لتعقبه، ولكن —"
"NPCs.quests.ofRatsAndRaiders.winnickQuestKickoff.interactLine5","If you were to find yourself heading west, you might join them and do Sacrament a service.","إن وجدت نفسك متجهاً غرباً، فربما تنضم إليهم وتسدي معروفاً لساكرامنت."
"NPCs.quests.ofRatsAndRaiders.winnickQuestKickoff.interactLine6","We would all sleep better knowing Darak’s below ground.","سننام جميعاً ملء جفوننا ونحن نعلم أن داراك يرقد تحت التراب."
"NPCs.quests.ofRatsAndRaiders.winnickQuestKickoff.retalkLine1","Head west to hunt for Darak in the Glades. But keep your guard up for Risen. Or wolves. Or those damned Nith swamp tribes.","توجه غرباً للبحث عن داراك في الغابات، لكن ابقَ متيقظاً لحراس الناهضين، أو الذئاب، أو قبائل مستنقعات نيث الملعونة."
"NPCs.quests.ofRatsAndRaiders.winnickQuestKickoff.retalkLine2","Just keep your guard up.","فقط ابقَ حذراً على الدوام."
"NPCs.quests.ofRatsAndRaiders.winnickQuestKickoff.secondInteractLine1","Ellsworth’s gone north, toward a dead-end I venture. While Odessa sits locked up in her cell.","توجه إلسورث شمالاً، نحو طريق مسدود كما أظن، بينما تقبع أوديسا حبيسة في زنزانتها."
"NPCs.quests.ofRatsAndRaiders.winnickQuestKickoff.secondInteractLine2","Me, I’ve no patience for politics. And learned long ago not to get between the Governor and his daughter.","أما أنا فلا صبر لديّ على السياسة، وتعلمت منذ زمن بعيد ألا أتدخل بين الحاكم وابنته."
"NPCs.quests.ofRatsAndRaiders.winnickQuestKickoff.secondInteractLine3","Warriors like us have a thirst that can be slaked in only one of two ways.","المحاربون أمثالنا لديهم ظمأ لا يُروى إلا بإحدى وسيلتين فحسب."
"NPCs.quests.ofRatsAndRaiders.winnickQuestKickoff.secondInteractLine4","Ale and blood, my friend, ale and blood.","البيرة والدماء يا صديقي، البيرة والدماء."
"NPCs.quests.potionSeller.completingTheNPCs.quests.retalk","I come from a long line of potion masters. And I’m proud to say none of us have died by natural causes.","أنحدر من سلالة طويلة من أساتذة الجرعات، وأفخر بالقول إنه ما من أحد منا مات ميتة طبيعية."
"NPCs.quests.potionSeller.questCompletion.interactALine1","Well. Well...! That is surprising.","حسناً، حسناً حقاً...! هذا مفاجئ للغاية."
"NPCs.quests.potionSeller.questCompletion.interactALine2","Ten thousand apologies. But I had to know if you were a true Cerim.","عشرة آلاف اعتذار، لكن كان لا بد لي من معرفة إن كنت من السيريم الحقيقيين."
"NPCs.quests.potionSeller.questCompletion.interactALine3","Iona's Bloom shows Cerim that which is otherwise left Unspoken... And poisons anyone else who touches it.","زهرة أيونا تُظهر للسيريم ما تتركه الأيام غير منطوق... بينما تسمم أي شخص آخر يجرؤ على لمسها."
"NPCs.quests.potionSeller.questCompletion.interactALine4","Perhaps you are worthy. Here – a token for your efforts, and for your most amusing foolishness.","ربما تكون جديراً حقاً. تفضل - عربون لجهودك، ولحماقتك الأكثر إمتاعاً وتسلية."
"NPCs.quests.potionSeller.questCompletion.interactBLine1","You say you came by way of Sacrament? I hate the city – that stench and scurry.","تقول إنك أتيت عبر ساكرامنت؟ أمقت تلك المدينة - نتانتها وهرجها."
"NPCs.quests.potionSeller.questCompletion.interactBLine2","But maybe there are more people there deserving of my gifts.","لكن ربما يكون هناك المزيد من الناس الجديرين بمواهبي."
"NPCs.quests.potionSeller.questCompletion.interactBLine3","Yes, a decision! I shall enter its walls and offer my services. Once I catch this damned beetle.","نعم، هذا قرار حاسم! سأعبر أسوارها وأعرض خدماتي هناك، ما إن أفلح في الإمساك بهذه الخنفساء اللعينة."
"NPCs.quests.potionSeller.questKickoff.eavesdropLine1","Come come, little beetle. Don’t be shy. I’ve a mortar and pestle to introduce you to.","تعالي، تعالي أيتها الخنفساء الصغيرة، لا تخجلي. فلديّ هاون ومدقة أود تعريفك عليهما."
"NPCs.quests.potionSeller.questKickoff.eavesdropLine2","Why scurry in the dirt when you could flow through the blood? Purpose, it calls to you...","لماذا تزحفين في التراب بينما يمكنك الجريان في الدماء؟ الغاية تناديكِ وتدعوكِ..."
"NPCs.quests.potionSeller.questKickoff.interactLine1","Watch where you’re walking! Another traveler blind to the bounty under their feet.","انتبه لموطئ قدميك! مسافر آخر أعمى عن الخيرات الوفيرة تحت نعليه."
"NPCs.quests.potionSeller.questKickoff.interactLine2","I am Markos, artist of alchemy, purveyor of potions.","أنا ماركوس، فنان الخيمياء ومجهز الجرعات."
"NPCs.quests.potionSeller.questKickoff.interactLine3","If you’re looking for some swill that’ll turn your eyes yellow and your piss red, might I recommend a tavern?","إن كنت تبحث عن سائل رديء يصفر عينيك ويحمر بولك، فهل لي أن أوصيك بزيارة إحدى الحانات؟"
"NPCs.quests.potionSeller.questKickoff.interactLine4","Then again, you carry the markings of the Cerim. But are they the warnings of a pit viper’s stripes, or the illusion of eyes on a butterfly’s wings?","ومع ذلك، فأنت تحمل علامات السيريم. لكن هل هي تحذيرات شبيهة بخطوط الأفعى السامة، أم مجرد وهم عيون مرسومة على أجنحة فراشة؟"
"NPCs.quests.potionSeller.questKickoff.interactLine4B","Then again, you carry the markings of the Cerim.","ومع ذلك، فأنت تحمل علامات السيريم."
"NPCs.quests.potionSeller.questKickoff.interactLine5","Care to prove yourself the genuine article and earn the right to taste my elixirs?","أيسرك أن تثبت أنك المعدن الأصيل وتكسب الحق في تذوق إكسيراتي؟"
"NPCs.quests.potionSeller.questKickoff.interactLine6","Inside this cave there is a rare and potent flower - Iona’s Bloom.","داخل هذا الكهف زهرة نادرة وفائقة القوة - زهرة أيونا."
"NPCs.quests.potionSeller.questKickoff.interactLine7","Find the bloom and, if you are Cerim, then I can make you the whore's promise - that you'll see God.","اعثر على الزهرة، وإن كنت حقاً من السيريم، فيمكنني أن أقطع لك عهداً قاطعاً بأنك سترى الإله بأم عينيك."
"NPCs.quests.potionSeller.questKickoff.retalk","I hope you succeed. But if not... your blood would be a most interesting ingredient.","آمل لك النجاح والتوفيق. لكن إن أخفقت... فدماؤك ستكون مكوناً بديعاً ومثيراً للاهتمام."
"NPCs.quests.ritesOfTheFallen.afterRitesRoan.eavesdropLine1","It’s all come to ruin.","لقد آل كل شيء إلى خراب ودمار."
"NPCs.quests.ritesOfTheFallen.afterRitesRoan.interaction1Line1","All those poor souls in Marin... Homes. Families.","كل أولئك المساكين في مارين... بيوتهم، وعائلاتهم."
"NPCs.quests.ritesOfTheFallen.afterRitesRoan.interaction1Line2","Now Odessa’s gone - she must’ve slipped out last night. And Ellsworth and Winnick have retreated to the War Room.","والآن رحلت أوديسا - لا بد أنها تسللت ليلة البارحة. وتراجع إلسورث ووينيك إلى غرفة الحرب."
"NPCs.quests.ritesOfTheFallen.afterRitesRoan.interaction1Line3","How could this have happened?","كيف أمكن حدوث كل هذا؟"
"NPCs.quests.ritesOfTheFallen.afterRitesRoan.interaction2Line1","There must be an answer here in the Rookery. In one of these books or scrolls.","لا بد من وجود جواب هنا في برج الغربان، في أحد هذه الكتب أو المخطوطات القديمة."
"NPCs.quests.ritesOfTheFallen.afterRitesRoan.interaction2Line2","I just need to look harder. I’ll forgo food and sleep. But I don’t know which book... I don’t know where...","كل ما أحتاجه هو البحث بمزيد من التدقيق. سأحرم نفسي من الطعام والمنام. لكنني لا أدري أي كتاب... ولا أدري أين..."
"NPCs.quests.ritesOfTheFallen.afterRitesRoan.interaction2Line3","...I don’t know where to put my hands.","...لا أدري أين أضع يدي."
"NPCs.quests.ritesOfTheFallen.afterRitesRoan.retalkLine1","They claim the oak in the center of Marin shaded thirty generations under its branches.","يزعمون أن شجرة البلوط في وسط مارين ظلت تظلل ثلاثين جيلاً تحت أغصانها."
"NPCs.quests.ritesOfTheFallen.afterRitesRoan.retalkLine2","Now it’s ash. All of it. The tree and those beneath it.","أما الآن فقد أضحت رماداً، الشجرة وكل من كان يستظل بها."
"NPCs.quests.ritesOfTheFallen.afterRitesWarRoom.winnick.interaction1Line1","I always planned to die in one of two ways, Cerim.","كنت أخطط دوماً للموت بإحدى طريقتين يا سيريم."
"NPCs.quests.ritesOfTheFallen.afterRitesWarRoom.winnick.interaction1Line2","A drunken old gizzard whose heart gives out in a brothel.","عجوز سكير يتوقف قلبه في بيت غانيات."
"NPCs.quests.ritesOfTheFallen.afterRitesWarRoom.winnick.interaction1Line3","Or on the field of battle, surrounded by my enemies.","أو في خضم المعركة، محاطاً بأعدائي من كل صوب."
"NPCs.quests.ritesOfTheFallen.afterRitesWarRoom.winnick.interaction1Line4","And to think I was starting to look forward to the former.","ويا للمفارقة، فقد بدأت أتطلع إلى الخيار الأول مؤخراً."
"NPCs.quests.ritesOfTheFallen.afterRitesWarRoom.winnick.retalkLine1","I hear Odessa was gone before daybreak. I wouldn’t hold it against you if you did the same.","سمعتُ أن أوديسا غادرت قبل بزوغ الفجر. ولن ألومك إن حذوت حذوها وفعلت الشيء ذاته."
"NPCs.quests.rootsThatBind.TheCaretaker.deathLine1","Forsaken spare me…","المنبوذ يرحمني..."
"NPCs.quests.rootsThatBind.afterCaretakerFight.irmgardInteraction1Line1","I hear... nothing. The voices are gone. And so is he.","أنا لا أسمع... شيئاً. تلاشت الأصوات، ورحل هو أيضاً."
"NPCs.quests.rootsThatBind.afterCaretakerFight.irmgardInteraction1Line3","You cut out a piece of us so that we may live. But we are less for it.","لقد استأصلت جزءاً منا لنبقى أحياء، لكننا أصبحنا أقل شأناً بغيابه."
"NPCs.quests.rootsThatBind.afterCaretakerFight.irmgardInteraction1Line4","<i>En mirsa ella thallin.</i> A Mender is to take no husband or wife. Only to serve the people.","<i>En mirsa ella thallin.</i> لا ينبغي للمعالج أن يتخذ زوجاً أو زوجة، بل أن ينذر نفسه لخدمة الناس فقط."
"NPCs.quests.rootsThatBind.afterCaretakerFight.irmgardInteraction1Line5","It is a lonely life, and he was kind. There were times I wished for more.","إنها حياة موحشة، وكان طيب المعشر. مرت أوقات تمنيت فيها لو كان بيننا ما هو أعظم."
"NPCs.quests.rootsThatBind.afterCaretakerFight.irmgardInteraction1Line7","Please, return to Marin. The Mother will guide me home.","أرجوك، عُد إلى مارين. فالأم ستهديني طريق العودة إلى الديار."
"NPCs.quests.rootsThatBind.afterCaretakerFight.irmgardInteraction2Line1","I know the whispers in my mind were false. Of ancestors, of Menders come before.","أعلم أن الهمسات في عقلي كانت كاذبة؛ همسات الأسلاف والمعالجين السابقين."
"NPCs.quests.rootsThatBind.afterCaretakerFight.irmgardInteraction2Line2","But still, their comfort, their strength. That was real.","ومع ذلك، فإن سكينة وقوة تلك الهمسات كانت حقيقية وصادقة."
"NPCs.quests.rootsThatBind.afterCaretakerFight.irmgardInteraction2Line3","Now the only voice in my head is my own.","أما الآن فالصوت الوحيد في رأسي هو صوتي أنا."
"NPCs.quests.rootsThatBind.afterCaretakerFight.irmgardRetalkLine1","I’ve known death since I was a little girl. When she called, I was always gracious. But she never grows kinder.","عرفتُ الموت منذ كنت طفلة صغيرة. وحين نادى كنت كريمة ومتقبلة دوماً، لكنه لا يزداد لطفاً قط."
"NPCs.quests.rootsThatBind.afterCaretakerFight.irmgardRetalkLine2","Leave me, Cerim. The Mother will guide me home.","دعني وشأني يا سيريم، فالأم ستهديني سبيل العودة للديار."
"NPCs.quests.rootsThatBind.captainRandolphQuestKickoff.retalkLine1","Keep your wits about you if you venture towards Marin.","الزم الحذر الشديد واليقظة إن غامرت بالتوجه نحو مارين."
"NPCs.quests.rootsThatBind.captainRandolphQuestKickoff.retalkLine2","Those woods were lawless before the plague ever took root.","تلك الغابات كانت بؤرة خروج عن القانون حتى قبل أن يضرب الطاعون جذوره فيها."
"NPCs.quests.rootsThatBind.catatonicVillager.interactLine1","Shhh…","صه..."
"NPCs.quests.rootsThatBind.enteringMarin.irmgardRetalkLine2","If you make it to the temple, be careful. We’ve all gotten lost in the woods before. But never like this.","إن بلغت المعبد فتوخَّ الحذر، فكلنا ضللنا السبيل في الغابة من قبل، لكن ليس على هذا النحو قط."
"NPCs.quests.rootsThatBind.enteringMarin.odessaRetalkLine1","Go, Cerim. Look for the Winged Door. Silence these voices.","انطلق يا سيريم، وابحث عن الباب المجنح، وأسكت تلك الأصوات للأبد."
"NPCs.quests.rootsThatBind.enteringMarin.odessaRetalkLine2","And beware the Balak Taw. Many travelers find them “charming”... until their eyes are pecked out and their skin clawed off.","واحذر من بالاك تاو؛ فالكثير من المسافرين يظنونهم «وديعين وجذابين»... حتى تنقر أعينهم وتُمزق جلودهم بالمخالب."
"NPCs.quests.rootsThatBind.marinVillagers.agatha.afterQuestEavesdrop","I can't stay here.","لا يمكنني البقاء هنا."
"NPCs.quests.rootsThatBind.marinVillagers.agatha.afterQuestRandomLine1","I'll live with my sister in Sacrament. She screeches louder than the Balak Taw, but what choice do I have?","سأعيش مع أختي في ساكرامنت. صراخها أعلى من بالاك تاو، لكن ما عساي أن أفعل؟"
"NPCs.quests.rootsThatBind.marinVillagers.agatha.afterQuestRandomLine2","There's a stain left in my head, and I can't scrub it out. Not while I'm still here in Marin.","ثمة دنس عالق في رأسي، ولا أقوى على محوه. ليس وأنا ما زلتُ هنا في مارين."
"NPCs.quests.rootsThatBind.marinVillagers.agatha.afterQuestRandomLine3","Nothing's changed. The crickets and owls sound the same. Hearth's just as warm. But everything's different.","لم يتغير شيء. صراصير الليل والبوم تصدر الأصوات نفسها. الموقد دافئ كما كان دوماً. ومع ذلك، كل شيء بات مختلفاً."
"NPCs.quests.rootsThatBind.marinVillagers.agatha.afterQuestRandomLine4","I'll need a few days to pack my things. To say my goodbyes. Gods, what will I tell Irmgard?","سأحتاج لبضعة أيام لأحزم أمتعتي. ولأودع الجميع. يا إلهي، ماذا سأقول لإيرمغارد؟"
"NPCs.quests.rootsThatBind.marinVillagers.agatha.afterQuestRandomLine5","Being Dasha means you don't feel safe anywhere, but Marin felt the closest yet. Or used to.","أن تكون من الداشا يعني ألا تشعر بالأمان في أي مكان، لكن مارين كانت أقرب ما يكون إلى ذلك. أو هكذا كانت."
"NPCs.quests.rootsThatBind.marinVillagers.arvin.afterQuestEavesdrop","You did what you could, Cerim. It just wasn't enough.","فعلتَ ما بوسعك، أيها السيريم. لكن ذلك لم يكن كافياً فحسب."
"NPCs.quests.rootsThatBind.marinVillagers.arvin.afterQuestInteractionLine1","After you cleared the temple, most of us came back to ourselves. But not my Hesta.","بعد أن طهرتَ المعبد، عاد معظمنا إلى رشدهم. إلا هيستا حبيبتي."
"NPCs.quests.rootsThatBind.marinVillagers.arvin.afterQuestInteractionLine2","My wife's here but... she isn't. Like she lost something but can't say what.","زوجتي هنا جسداً... لكن روحها غائبة. كأنها أضاعت شيئاً ولا تدري ما هو."
"NPCs.quests.rootsThatBind.marinVillagers.arvin.afterQuestInteractionLine3","Our son Will, he's in Sacrament. Please, if you see him, tell him his mother is fine.","ابننا ويل، هو في ساكرامنت. أرجوك، إن رأيته، فأخبره أن أمه بخير."
"NPCs.quests.rootsThatBind.marinVillagers.arvin.afterQuestInteractionLine4","If he knew the truth, he'd want to be here with her. And it's not safe.","لو علم الحقيقة، لأراد أن يكون هنا إلى جوارها. والمكان ليس آمناً."
"NPCs.quests.rootsThatBind.marinVillagers.arvin.afterQuestRetalkLine1","Will's safer behind Sacrament's walls. It's what she would've wanted.","ويل أكثر أماناً خلف أسوار ساكرامنت. هذا ما كانت لتتمناه."
"NPCs.quests.rootsThatBind.marinVillagers.arvin.afterQuestRetalkLine2","What she DOES want. She's... still here.","بل هذا ما تتمناه حقاً. إنها... ما زالت هنا."
"NPCs.quests.rootsThatBind.marinVillagers.arvin.duringQuestEavesdrop","Come back to me, Hesta.","عودي إليّ يا هيستا."
"NPCs.quests.rootsThatBind.marinVillagers.arvin.duringQuestInteractionLine1","A Cerim in our village? The gods are cruel to bring you to us only now.","أحد السيريم في قريتنا؟ إن الآلهة لقاسية إذ لم تأتِ بك إلينا إلا الآن."
"NPCs.quests.rootsThatBind.marinVillagers.arvin.duringQuestInteractionLine2","My wife can't seem to hear me anymore. Only the voices that beckon her into the forest.","يبدو أن زوجتي لم تعد تسمعني. لا تسمع سوى تلك الأصوات التي تغويها بالدخول إلى الغابة."
"NPCs.quests.rootsThatBind.marinVillagers.arvin.duringQuestRetalk","Please... there must still be a way to wake her.","أرجوك... لا بد من وسيلة لإيقاظها."
"NPCs.quests.rootsThatBind.marinVillagers.beneta.afterQuestEavesdrop","Won't be much of a village left at this rate...","لن يتبقى الكثير من القرية بهذه الوتيرة..."
"NPCs.quests.rootsThatBind.marinVillagers.beneta.afterQuestRandomLine1","Enjoy it, traveler. I don't think Marin Village will be here much longer. And it's got nothing to do with the plague.","استمتع بها، أيها المسافر. لا أظن أن قرية مارين ستبقى طويلاً. ولا شأن للوباء بهذا الأمر."
"NPCs.quests.rootsThatBind.marinVillagers.beneta.afterQuestRandomLine2","Everyone just keeps moving to Sacrament. Like Hesta's boy. Gone to be a blacksmith's apprentice, I heard.","الجميع يواصلون النزوح إلى ساكرامنت. مثل ابن هيستا. سمعتُ أنه ذهب ليعمل متدرباً عند حداد."
"NPCs.quests.rootsThatBind.marinVillagers.beneta.afterQuestRandomLine3","I understand the appeal of the big city. Used to live in Havenport myself. But we can't all be cobblers and musicians.","أفهم جاذبية المدينة الكبيرة. لقد عشتُ في هافنبورت بنفسي في الماضي. لكن لا يمكننا جميعاً أن نكون صانعي أحذية وعازفين."
"NPCs.quests.rootsThatBind.marinVillagers.beneta.afterQuestRandomLine4","It's a vanishing way of life, ours. Rise with the sun. Listen to the forest. I'll miss this village when it's gone.","إن أسلوب حياتنا هذا يندثر رويداً رويداً. نصحو مع مطلع الشمس، وننصت إلى الغابة. سأفتقد هذه القرية حين تزول."
"NPCs.quests.rootsThatBind.marinVillagers.beneta.duringQuestInteractionLine1","Do you hear it? The forest is speaking.","أتسمع ذلك؟ الغابة تتحدث."
"NPCs.quests.rootsThatBind.marinVillagers.beneta.duringQuestRetalk","No, not the forest. There's someone... Calling to us...","لا، ليست الغابة. هناك شخص ما... ينادينا..."
"NPCs.quests.rootsThatBind.marinVillagers.beneta.endingQuestInteractionLine1","Thank you, Cerim.","شكراً لك، أيها السيريم."
"NPCs.quests.rootsThatBind.marinVillagers.cyriel.afterQuestEavesdrop","First traveler I've seen in ages...","أول مسافر أراه منذ أمد بعيد..."
"NPCs.quests.rootsThatBind.marinVillagers.cyriel.afterQuestRandomLine1","I'm amazed you made it to our village at all, stranger. Hardly anyone comes here anymore.","يدهشني أنك استطعتَ الوصول إلى قريتنا أصلاً، أيها الغريب. بالكاد يأتي أحد إلى هنا بعد الآن."
"NPCs.quests.rootsThatBind.marinVillagers.cyriel.afterQuestRandomLine2","The road 'tween here and Sacrament used to be a fine journey. Farmers, traders, peddlers. A right carriageway!","كان الطريق بين هنا وساكرامنت رحلة بهيجة ذات يوم. مزارعون وتجار وباعة متجولون. كان ممراً حقيقياً للعربات!"
"NPCs.quests.rootsThatBind.marinVillagers.cyriel.afterQuestRandomLine3","Back when Ellsworth first took over, it was almost like we were a part of Sacrament. That was a long time ago.","حين تولى إلسورث الحكم لأول مرة، بدا الأمر وكأننا جزء لا يتجزأ من ساكرامنت. كان ذلك في زمن غابر."
"NPCs.quests.rootsThatBind.marinVillagers.cyriel.afterQuestRandomLine4","Don't remember whether the Balak Taw came first, or the Pestilence. But we might as well be an island now.","لا أذكر أيهما بدأ أولاً، البالاك تاو أم الوباء. لكننا بتنا الآن كجزيرة معزولة تماماً."
"NPCs.quests.rootsThatBind.marinVillagers.cyriel.duringQuestInteractionLine1","Through the meadows and into the forest. Then down the throat where the voice is born.","عبر الغابات وإلى قلب الغابة. ثم نزولاً في الحلق حيث يولد الصوت."
"NPCs.quests.rootsThatBind.marinVillagers.cyriel.duringQuestRetalk","That is where we must go.","هناك يجب أن نمضي."
"NPCs.quests.rootsThatBind.marinVillagers.cyriel.endingQuestEavesdrop","Won't be long before I can sell my wares again.","لن يمر وقت طويل قبل أن أتمكن من بيع بضائعي مجدداً."
"NPCs.quests.rootsThatBind.marinVillagers.cyriel.endingQuestInteractionLine1","Thank you, Cerim.","شكراً لك، أيها السيريم."
"NPCs.quests.rootsThatBind.marinVillagers.cyriel.vendorLines.rotatingEavesdrop1","Protect yourself against the Pestilence!","احمِ نفسك من الوباء!"
"NPCs.quests.rootsThatBind.marinVillagers.cyriel.vendorLines.rotatingEavesdrop2","The finest shop in Marin! ...And the only one.","أفضل متجر في مارين! ...والمتجر الوحيد أيضاً."
"NPCs.quests.rootsThatBind.marinVillagers.cyriel.vendorLines.rotatingEavesdrop3","Don't brave the Marin Woods without seeing me first.","لا تتجرأ على خوض غابات مارين دون أن تقصدني أولاً."
"NPCs.quests.rootsThatBind.marinVillagers.cyriel.vendorLines.rotatingTalk1","I'll look kindly on any referrals. Tell your friends, your family. Tell your enemies for all I care.","سأكون ممتناً للغاية لمن يرشد الناس إليّ. أخبر أصدقاءك، وعائلتك. بل أخبر أعداءك حتى، لا أبالي."
"NPCs.quests.rootsThatBind.marinVillagers.cyriel.vendorLines.rotatingTalk2","I'm not looking for the clamor of the city, but I could do with a few more voices in our village.","لا أبتغي صخب المدينة وضجيجها، لكنني أرجو أن ترتفع بضعة أصوات أخرى في قريتنا."
"NPCs.quests.rootsThatBind.marinVillagers.dolan.afterBreachInteract1Line1","The Mountain Gate - now that's some damn fine masonry if I do say so myself. A job meant to last.","بوابة الجبل... هذا بحق بناء حجري رفيع إن جاز لي التعبير. عمل صُنع ليدوم."
"NPCs.quests.rootsThatBind.marinVillagers.dolan.afterBreachInteract1Line2","I'll gladly spit on the graves of those who knocked her down. But I hear they ain't got the luxury of a grave.","سأبصق عن طيب خاطر على قبور من هدّموها. لكنني سمعتُ أنهم حُرموا حتى من نعمة القبر."
"NPCs.quests.rootsThatBind.marinVillagers.dolan.afterQuestFirstInteractLine1","Heh. I'd know that shoddy craftsmanship anywhere.","هه. لأميز تلك الصنعة الرديئة في أي مكان."
"NPCs.quests.rootsThatBind.marinVillagers.dolan.afterQuestFirstInteractLine2","So my clod of a cousin's still hammering away in Sacrament?","إذاً، ما زال ابن عمي الأبله يطرق الحديد في ساكرامنت؟"
"NPCs.quests.rootsThatBind.marinVillagers.dolan.afterQuestFirstInteractLine3","Figured they would've run him off by now. Chased him out of town with their crooked pitchforks and bent spears.","ظننتهم طردوه منذ زمن. لاحقوه خارج البلدة بمذابيهم المعوجة ورماحهم الملتوية."
"NPCs.quests.rootsThatBind.marinVillagers.dolan.afterQuestFirstInteractLine4","Eh, might as well give it here. ","إيه، هاتها إلى هنا على أية حال."
"NPCs.quests.rootsThatBind.marinVillagers.dolan.afterQuestFirstInteractLine5","As any dishonest butcher will tell you - spoiled's a relative term.","كما يخبرك أي جزار مخادع: الفساد مسألة نسبية."
"NPCs.quests.rootsThatBind.marinVillagers.dolan.afterQuestRandomTalk1","Fillmore was always the runt of the litter. Swing too soft and bellows too cool, if you catch my drift.","كان فيلمور دوماً الأضعف بيننا. ضربته واهنة وكيره بارد، إن فهمتَ ما أرمي إليه."
"NPCs.quests.rootsThatBind.marinVillagers.dolan.afterQuestRandomTalk2","Don't have a wife, don't want a wife. Ain't married to my anvil neither... but I'll still take her out on the town. ","ليس لدي زوجة، ولا أريد زوجة. ولستُ متزوجاً من سندياني كذلك... لكنني ما زلتُ أصطحبه معي في جولة بالبلدة."
"NPCs.quests.rootsThatBind.marinVillagers.dolan.afterQuestRandomTalk3","You gotta talk to the steel. Sweeten it up, baby it a bit. A quiet smithy means a brittle blade.","عليك أن تحدث الفولاذ. تلاطفه، وتدلله قليلاً. فالحدادة الصامتة تُنتج نصلاً هشاً."
"NPCs.quests.rootsThatBind.marinVillagers.dolan.afterQuestRotatingEavesdrop1","Let the spark of my swing light another under your arse.","دع شرر ضربتي يوقد شعلة تحت مؤخرتك."
"NPCs.quests.rootsThatBind.marinVillagers.dolan.afterQuestRotatingEavesdrop2","Best steel on Sacra.","أفضل فولاذ على أرض ساكرا."
"NPCs.quests.rootsThatBind.marinVillagers.dolan.afterQuestRotatingEavesdrop3","Ain't a girl half as pretty as the swing of a smithy...","ما من فتاة تضاهي نصف فتنة ضربة المطرقة في الحدادة..."
"NPCs.quests.rootsThatBind.marinVillagers.dolan.duringQuestEavesdrop","A lovely sound to it, don't you think...","رنين بهيج ينساب في الأرجاء، ألا تظن ذلك..."
"NPCs.quests.rootsThatBind.marinVillagers.dolan.duringQuestInteract1Line1","I know that song. That voice.","أعرف ذلك اللحن. وذلك الصوت."
"NPCs.quests.rootsThatBind.marinVillagers.fini.afterQuestEavesdrop","No one understands our love.","لا أحد يفهم حبنا."
"NPCs.quests.rootsThatBind.marinVillagers.fini.afterQuestRandomInteraction1","Her hair, oh her hair. Acres of it, lustrous and tawny, thick and pleasingly coarse.","شعرها، آه من شعرها! مساحات شاسعة منه، برّاق وبلون القمح، كثيف وخشونته تأسر القلب."
"NPCs.quests.rootsThatBind.marinVillagers.fini.afterQuestRandomInteraction2","You can keep your slender twigs - she has a body to her. Firm and sensual and low to the ground.","احتفظوا بغصيناتكم النحيلة لأنفسكم، فلها قوام حقيقي. متماسك، وممتلئ، وقريب من الأرض."
"NPCs.quests.rootsThatBind.marinVillagers.fini.afterQuestRandomInteraction3","I love her wildness of spirit. I may live in the woods, but she truly makes the forest her home.","أعشق روحها البرية. قد أكون قاطناً في الأحراش، لكن الغابة هي بيتها الحقيقي بحق."
"NPCs.quests.rootsThatBind.marinVillagers.fini.afterQuestRandomInteraction4","If a poem could only capture the music of her laugh, the long curve of her teeth, the depth of her eyes.","لو أن قصيدة تستطيع فقط أن تأسر موسيقى ضحكتها، وانحناءة أسنانها الطويلة، وعمق عينيها."
"NPCs.quests.rootsThatBind.marinVillagers.fini.duringQuestInteraction","We don't have to be alone. Not anymore.","لسنا مضطرين لنبقى بمفردنا. ليس بعد الآن."
"NPCs.quests.rootsThatBind.marinVillagers.fini.duringQuestRetalk","We're with them now.","نحن معهم الآن."
"NPCs.quests.rootsThatBind.marinVillagers.fini.endingQuestInteraction","Thank you, Cerim.","شكراً لك، أيها السيريم."
"NPCs.quests.rootsThatBind.marinVillagers.francis.afterQuestEavesdrop","Look at the state of my house...","انظر إلى حال بيتي..."
"NPCs.quests.rootsThatBind.marinVillagers.francis.afterQuestRandomLine1","Don't know how long I was away. Feels like only a moment, but... I can see by the moss on my roof it wasn't.","لا أدري كم لبثتُ بعيداً. بدا وكأنه برهة وجيزة، لكن... يمكنني أن أرى من الطحالب العالقة بسقفي أن الأمر لم يكن كذلك."
"NPCs.quests.rootsThatBind.marinVillagers.francis.afterQuestRandomLine2","Just when I was starting to get ahead of the weeds. Look at this garden now. Damned Goosefoot, it's everywhere.","في اللحظة التي بدأتُ فيها أتغلب على الأعشاب الضارة. انظر إلى هذه الحديقة الآن. رجل الإوز اللعينة، انتشرت في كل مكان."
"NPCs.quests.rootsThatBind.marinVillagers.francis.afterQuestRandomLine3","I wouldn't live anywhere else, Cerim, but beating back this forest is a full-time job. Do you own a home?","لن أرضى بالعيش في أي مكان آخر، أيها السيريم، لكن ردع هذه الغابة عمل يستغرق الوقت كله. هل تملك بيتاً؟"
"NPCs.quests.rootsThatBind.marinVillagers.francis.afterQuestRandomLine4","Ugh... I suppose I'll have to re-patch the chimney now. The mold in this glen has a mind of is own.","أوف... أظن أنه سيتعين عليّ ترميم المدخنة مجدداً الآن. العفن في هذا الوادي كأن له عقلاً خاصاً به."
"NPCs.quests.rootsThatBind.marinVillagers.francis.duringQuestInteractionLine1","Through the forest. Away from the village. That's where he is.","عبر الغابة. بعيداً عن القرية. هناك يرقد."
"NPCs.quests.rootsThatBind.marinVillagers.francis.duringQuestRetalk","Far away from here...","بعيداً جداً عن هنا..."
"NPCs.quests.rootsThatBind.marinVillagers.francis.endingQuestEavesdrop","What... what day is it? What... season is it?","أي... أي يوم هذا؟ وأي... فصل من فصول السنة نحن فيه؟"
"NPCs.quests.rootsThatBind.marinVillagers.francis.endingQuestInteractionLine1","Thank you, Cerim.","شكراً لك، أيها السيريم."
"NPCs.quests.rootsThatBind.marinVillagers.ges.afterQuestEavesdrop","Sacra belongs to the Dasha, not just Marin Village.","ساكرا ملك للداشا، وليست قرية مارين وحدها."
"NPCs.quests.rootsThatBind.marinVillagers.ges.afterQuestRandomInteraction1","We Dasha are a quiet, generous people, but some mistake humility for weakness.","نحن الداشا شعب هادئ وكريم، لكن البعض يخلط بين التواضع والضعف."
"NPCs.quests.rootsThatBind.marinVillagers.ges.afterQuestRandomInteraction2","Sacra has always been our home, even for the centuries we spent scattered across the Weeping Sea.","كانت ساكرا دوماً موطننا، حتى طوال تلك القرون التي قضيناها مشتتين عبر البحر الباكي."
"NPCs.quests.rootsThatBind.marinVillagers.ges.afterQuestRandomInteraction3","Someday Phalen will fall and where will we Dasha be? Right here.","يوماً ما ستسقط فالن، وأين سنكون نحن الداشا؟ هنا بالتحديد."
"NPCs.quests.rootsThatBind.marinVillagers.ges.afterQuestRandomInteraction4","Mother grow us, Maker build us, Seeker shepherd us, and Forsaken spare us.","فلتُنبتنا الأم، وليبنِنا الصانع، وليرعَنا الساعي، وليرحمْنا المنبوذ."
"NPCs.quests.rootsThatBind.marinVillagers.ges.duringQuestInteraction","The song. There's a sweetness to it. Like a lullaby.","الأغنية. فيها عذوبة وسحر. كأنها تهويدة نوم."
"NPCs.quests.rootsThatBind.marinVillagers.ges.duringQuestRetalk","Listen. Can you hear it?","أنصت. أيمكنك سماعها؟"
"NPCs.quests.rootsThatBind.marinVillagers.greta.afterQuestEavesdrop","Do you know how the Dasha came to Sacra? ","أتعرف كيف أتى الداشا إلى ساكرا؟"
"NPCs.quests.rootsThatBind.marinVillagers.greta.afterQuestRandomLine1","The Mother raised this island from the sea. And she made the Dasha the sand along her shores. ","رفعت الأم هذه الجزيرة من لجة البحر. وجعلت من الداشا رملاً يمتد على طول شواطئها."
"NPCs.quests.rootsThatBind.marinVillagers.greta.afterQuestRandomLine2","The Maker built us out of bones and earth, right here on this very spot. We've always been here. ","وبنانا الصانع من عظام وتراب، هنا بالتحديد في هذه البقعة بالذات. كنا هنا دوماً وأبداً."
"NPCs.quests.rootsThatBind.marinVillagers.greta.afterQuestRandomLine3","The Seeker called the Dasha here from across the wastes, and we flew together like starlings. ","ونادى الساعي الداشا إلى هنا من وراء القفار والبراري، فحلّقنا معاً كأسراب الزرازير."
"NPCs.quests.rootsThatBind.marinVillagers.greta.afterQuestRandomLine4","The Forsaken... Well. The Forsaken is why we've never left. ","أما المنبوذ... حسناً، المنبوذ هو سبب بقائنا وعدم رحيلنا قط."
"NPCs.quests.rootsThatBind.marinVillagers.greta.duringQuestInteractionLine1","Finally... I know where we must go. ","أخيراً... أدركتُ أين ينبغي أن نذهب."
"NPCs.quests.rootsThatBind.marinVillagers.greta.duringQuestRetalk","The path is open. We must walk together. ","الدرب سالك. لا بد أن نسير معاً."
"NPCs.quests.rootsThatBind.marinVillagers.greta.endingQuestInteractionLine1","Thank you, Cerim.","شكراً لك، أيها السيريم."
"NPCs.quests.rootsThatBind.marinVillagers.hesta.afterQuestEavesdrop","It's so quiet now.","سكون تام يعم الأرجاء الآن."
"NPCs.quests.rootsThatBind.marinVillagers.hesta.afterQuestRandomInteraction1","Where did they go? My mother's mother? My children's children?","أين ذهبوا؟ أم أمي؟ وأبناء أبنائي؟"
"NPCs.quests.rootsThatBind.marinVillagers.hesta.afterQuestRandomInteraction2","The temple is empty now. All I hear is the gods' silence.","المعبد خاوٍ وموحش الآن. لا أسمع سوى صمت الآلهة المطبق."
"NPCs.quests.rootsThatBind.marinVillagers.hesta.afterQuestRandomInteraction3","This can't be all of us. We used to be so many.","لا يمكن أن نكون نحن كل ما تبقى. كنا جمعاً غفيراً ذات يوم."
"NPCs.quests.rootsThatBind.marinVillagers.hesta.afterQuestRandomInteraction4","I can't hear Will. I can't hear any of them.","لا أكاد أسمع ويل. لا أكاد أسمع أحداً منهم."
"NPCs.quests.rootsThatBind.marinVillagers.hesta.duringQuestInteraction","I can hear them. Calling to me.","أستطيع سماعهم. ينادونني."
"NPCs.quests.rootsThatBind.marinVillagers.hesta.duringQuestRetalk","I can hear Will. He sounds so happy. So peaceful.","أسمع صوت ويل. يبدو في غاية السعادة. وفي غاية الطمأنينة."
"NPCs.quests.rootsThatBind.marinVillagers.igney.afterQuestEavesdrop","I can't believe he's gone.","لا أصدق أنه رحل عنا."
"NPCs.quests.rootsThatBind.marinVillagers.igney.afterQuestRandomInteraction1","If the plague can defile someone as kindly as Caretaker Alden, what hope do any of us have?","إذا كان الوباء قادراً على تدنيس شخص بطيبة الراعي ألدن، فأي أمل يتبقى لأي منا؟"
"NPCs.quests.rootsThatBind.marinVillagers.igney.afterQuestRandomInteraction2","The Pestilence isn't just an illness, it's a cruelty. It made monstrous what was best in Alden.","الوباء ليس مجرد سقم ومرض، بل هو قسوة محضة. لقد مسخ أفضل ما كان في ألدن إلى وحشية."
"NPCs.quests.rootsThatBind.marinVillagers.igney.afterQuestRandomInteraction3","During thunderstorms he'd even let wolves shelter in the temple. Said it's what the Mother would want.","في العواصف الرعدية، كان يأوي حتى الذئاب في المعبد. كان يقول إن هذا ما تريده الأم."
"NPCs.quests.rootsThatBind.marinVillagers.igney.afterQuestRandomInteraction4","He liked to say: we're all just animals, and that's a blessing.","كان يحب أن يقول: لسنا جميعاً سوى حيوانات، وتلك نعمة كبرى."
"NPCs.quests.rootsThatBind.marinVillagers.igney.duringQuestEavesdrop","Please, you have to help them!","أرجوك، عليك أن تساعدهم!"
"NPCs.quests.rootsThatBind.marinVillagers.igney.duringQuestInteraction","I don't know what's wrong with them. I can't wake them up!","لا أدري ما دهاهم. لستُ قادراً على إيقاظهم!"
"NPCs.quests.rootsThatBind.marinVillagers.igney.duringQuestRetalk","The voices, the whispers, don't listen to them!","تلك الأصوات، وتلك الهمسات... إياك أن تصغي إليها!"
"NPCs.quests.rootsThatBind.marinVillagers.inola.afterQuestEavesdrop","I'll write a book about it!","سأؤلف كتاباً عن كل ما حدث!"
"NPCs.quests.rootsThatBind.marinVillagers.inola.afterQuestRandomLine1","Yes yes, it's a tragedy what happened. But who said tragedies can't also be opportunities?","نعم، نعم، ما جرى مأساة حقيقية. ولكن مَن قال إن المآسي لا يمكن أن تكون فرصاً أيضاً؟"
"NPCs.quests.rootsThatBind.marinVillagers.inola.afterQuestRandomLine2","Someone has to tell this story. And that person should be compensated for such vital work, don't you agree?","ينبغي لأحد ما أن يروي هذه القصة. وذلك الشخص جدير بأن يُكافأ على هذا العمل الجليل، ألا توافقني الرأي؟"
"NPCs.quests.rootsThatBind.marinVillagers.inola.afterQuestRandomLine3","We must make sure this never happens again by telling as many people as possible. As many copies as possible.","يجب أن نضمن عدم تكرار هذا أبداً، وذلك بإخبار أكبر عدد ممكن من الناس. وطباعة أكبر عدد ممكن من النسخ."
"NPCs.quests.rootsThatBind.marinVillagers.inola.afterQuestRandomLine4","I was there in the thick of it. And I've always fancied myself a wordsmith. Who better to shoulder this burden?","كنتُ هناك في خضم المعمعة. ولطالما رأيتُ في نفسي صائغة كلمات بارعة. فمن أولى مني بحمل هذا العبء؟"
"NPCs.quests.rootsThatBind.marinVillagers.inola.afterQuestRandomLine5","""The Mad Caretaker!"" No, maybe ""A Plague Survivor's Tale!"" Or ""Rare Insights of a Mind Nearly Lost!""","«الراعي المجنون!» لا، ربما «حكاية ناجٍ من الوباء!» أو «رؤى نادرة لعقل كاد يفنى!»"
"NPCs.quests.rootsThatBind.marinVillagers.inola.endingQuestEavesdrop","What happened...","ما الذي حدث..."
"NPCs.quests.rootsThatBind.marinVillagers.inola.endingQuestInteractionLine1","Feels like I'm waking from a long dream.","أشعر وكأنني أستفيق من حلم طويل."
"NPCs.quests.rootsThatBind.marinVillagers.iver.afterQuestEavesdrop","Not voices... a choir. ","ليست مجرد أصوات... إنها جوقة."
"NPCs.quests.rootsThatBind.marinVillagers.iver.afterQuestRandomLine1","The song is softer, but I can still hear it. Woven into the trees.","صارت الأغنية أكثر هدوءاً، لكنني ما زلتُ أسمعها. منسوجة في جذوع الأشجار."
"NPCs.quests.rootsThatBind.marinVillagers.iver.afterQuestRandomLine2","Patient, I will be patient. I know he will return for us.","صبوراً، سأكون صبوراً. أعلم أنه سيعود من أجلنا."
"NPCs.quests.rootsThatBind.marinVillagers.iver.afterQuestRandomLine3","Something was lost, but I will find it. I was lost, but I'll be found.","ثمة شيء ضاع، لكنني سأجده. لقد كنتُ تائهاً، لكنني سأُهتدى إليه."
"NPCs.quests.rootsThatBind.marinVillagers.iver.afterQuestRandomLine4","Rot is growth. Silence is peace. I am us.","العفن نماء. والصمت سلام. وأنا كُلنا."
"NPCs.quests.rootsThatBind.marinVillagers.kova.afterQuestEavesdrop","You know, not all Dasha are pacifists.","كما تعلم، ليس كل الداشا دعاة سلام."
"NPCs.quests.rootsThatBind.marinVillagers.kova.afterQuestInteractionLine1","Darak the Risen warlord was born in my home village. Long before he felled men, he felled logs in the Marin Woods.","داراك، أمير الحرب من الناهضين، وُلد في مسقط رأسي. قبل زمن طويل من قتله للرجال، كان يقطع الأشجار في غابات مارين."
"NPCs.quests.rootsThatBind.marinVillagers.kova.afterQuestInteractionLine2","But the woman he desired gave her heart to another. A mainlander no less, with royal blood.","لكن المرأة التي اشتهاها وهبت قلبها لآخر. رجل من القارة ومن سلالة ملكية، لا أقل من ذلك."
"NPCs.quests.rootsThatBind.marinVillagers.kova.afterQuestInteractionLine3","Darak attacked the outsider. Spilled blood within the sanctity of Marin's Sovann Circle.","هاجم داراك الدخيل. وسفك الدماء داخل حرم دائرة سوفان في مارين."
"NPCs.quests.rootsThatBind.marinVillagers.kova.afterQuestInteractionLine4","The fight only stopped when Annora shamed Darak by invoking the name of the Forsaken against him.","ولم يتوقف النزال إلا حين أخزت أنورا داراك بالاستعاذة باسم المنبوذ في وجهه."
"NPCs.quests.rootsThatBind.marinVillagers.kova.afterQuestInteractionLine5","She died many years later. I'm not sure how, but Darak never let it go.","ماتت بعد عدة سنوات. لستُ متأكداً كيف حدث ذلك، لكن داراك لم ينسَ الأمر قط."
"NPCs.quests.rootsThatBind.marinVillagers.kova.afterQuestRetalk","Darak always hated the mainland. But after Annora's death, that hate curdled to fury and fire.","لطالما كره داراك القارة الأم. ولكن بعد موت أنورا، تخثر ذلك الكره واستحال إلى غضب ونار مستعرة."
"NPCs.quests.rootsThatBind.marinVillagers.kova.duringQuestInteraction","I can hear them all.","أستطيع سماعهم جميعاً."
"NPCs.quests.rootsThatBind.marinVillagers.kova.duringQuestRetalk","They're calling my name.","ينادون اسمي."
"NPCs.quests.rootsThatBind.marinVillagers.kova.endingQuestInteraction","My thanks, Cerim.","خالص شكري، أيها السيريم."
"NPCs.quests.rootsThatBind.marinVillagers.mino.afterQuestEavesdrop","Doesn't matter what you did, we don't want you here.","لا يهم ما فعلته، نحن لا نريدك هنا."
"NPCs.quests.rootsThatBind.marinVillagers.mino.afterQuestRandomLine1","Look. We appreciate what you did for our village, but that don't mean you're not an outsider.","انظر. نحن نقدّر ما فعلته من أجل قريتنا، لكن هذا لا ينفي أنك غريب عنا."
"NPCs.quests.rootsThatBind.marinVillagers.mino.afterQuestRandomLine2","This hamlet gets by on keeping to ourselves, and protecting our own. You can't do either. So kindly move along.","هذه القرية تعيش على الانعزال وحماية أهلها. وأنت عاجز عن الأمرين معاً. فتفضل بالانصراف رجاءً."
"NPCs.quests.rootsThatBind.marinVillagers.mino.afterQuestRandomLine3","Yes, the Dasha are friendly and quaint and all that. But we're not a carnival show. And we don't need your pity.","نعم، الداشا ودودون وبسطاء وكل ذلك. لكننا لسنا عرضاً في سيرك، ولا نحتاج إلى شفقتك."
"NPCs.quests.rootsThatBind.marinVillagers.mino.afterQuestRandomLine4","If it weren't for Irmgard I'd run you out of town myself. Nothing good will come from having you in our midst.","لولا إيرمغارد لطردتك من القرية بنفسي. لن يجني أحد خيراً من وجودك بيننا."
"NPCs.quests.rootsThatBind.marinVillagers.mino.duringQuestInteractionLine1","Murmurs in the leaves... you're going the wrong way...","حفيف بين أوراق الشجر... أنت تمضي في الاتجاه الخاطئ..."
"NPCs.quests.rootsThatBind.marinVillagers.mino.duringQuestRetalk","We need to go to him...","علينا أن نذهب إليه..."
"NPCs.quests.rootsThatBind.marinVillagers.mino.endingQuestInteractionLine1","Thank you, Cerim.","شكراً لك، أيها السيريم."
"NPCs.quests.rootsThatBind.marinVillagers.neto.afterQuestEavesdrop","Beware the Balak Taw, Cerim.","احذر البالاك تاو، أيها السيريم."
"NPCs.quests.rootsThatBind.marinVillagers.neto.afterQuestInteractionLine1","You hear cawing from the treetops, the rustle of false feathers and then... the spears rain down.","تسمع النعيب من قمم الأشجار، وحفيف الريش المزيف، ثم... تمطر الرماح كالسيل."
"NPCs.quests.rootsThatBind.marinVillagers.neto.afterQuestInteractionLine2","Do they think themselves birds? Or simply worship them? I'd ask if they didn't answer only in screeches.","أتراهم يحسبون أنفسهم طيوراً؟ أم يعبدونها فحسب؟ لكنتُ سألتهم لولا أنهم لا يجيبون إلا بالنعيق والصراخ."
"NPCs.quests.rootsThatBind.marinVillagers.neto.afterQuestInteractionLine3","We all dream of flying, but wake up with our feet on the ground.","جميعنا نحلم بالطيران، لكننا نستفيق وأقدامنا راسخة على الأرض."
"NPCs.quests.rootsThatBind.marinVillagers.neto.afterQuestInteractionLine4","They roost in Marin Woods but have been known to migrate. Just like, well, you know.","يعششون في غابات مارين، لكن عُرف عنهم الهجرة. تماماً كـ... حسناً، أنت تعرف."
"NPCs.quests.rootsThatBind.marinVillagers.neto.duringQuestInteraction","We should pray. Among the voices.","ينبغي أن نصلي. وسط تلك الأصوات."
"NPCs.quests.rootsThatBind.marinVillagers.neto.duringQuestRetalk","At the temple. Where our prayers are heard. Where we hear our prayers. At the temple.","في المعبد. حيث تُسمع صلواتنا. وحيث نسمع صلواتنا. في المعبد."
"NPCs.quests.rootsThatBind.marinVillagers.offem.afterQuestEavesdrop","Dashan hala thas, Cerim. Peace begets peace.","داشان هالا ثاس، أيها السيريم. السلام يلد السلام."
"NPCs.quests.rootsThatBind.marinVillagers.offem.afterQuestInteractionLine1","When I heard the voices of those I know I'll soon see... I'm ashamed to say there was comfort in it.","حين سمعتُ أصوات أولئك الذين أعلم أنني سألقاهم قريباً... يخجلني الاعتراف بأنني وجدتُ فيها سكينة وطمأنينة."
"NPCs.quests.rootsThatBind.marinVillagers.offem.afterQuestInteractionLine2","Our infancy belongs to the Mother. Our youth to the Seeker. Our autumn to the Maker. And now...","مهدنا ملك للأم. وشبابنا للساعي. وخريفنا للصانع. والآن..."
"NPCs.quests.rootsThatBind.marinVillagers.offem.afterQuestInteractionLine3","I may be gone soon, but I'll go knowing I've left Marin a bit greener, a bit stronger than I met her.","قد أرحل قريباً، لكنني سأمضي وأنا أعلم أنني تركتُ مارين أكثر خضرة وأشد قوة مما وجدتها."
"NPCs.quests.rootsThatBind.marinVillagers.offem.afterQuestInteractionLine4","Slow down, traveler. Life is the thing that your feet trample over as you race to find it.","تمهل، أيها المسافر. فالحياة هي ذلك الشيء الذي تطؤه قدماك وأنت تهرول باحثاً عنه."
"NPCs.quests.rootsThatBind.marinVillagers.offem.duringQuestInteraction","He speaks for us.","إنه يتحدث بلساننا."
"NPCs.quests.rootsThatBind.marinVillagers.offem.duringQuestRetalk","He looks after us. He'll keep us safe.","إنه يرعانا. وسيحفظنا في أمان."
"NPCs.quests.rootsThatBind.marinVillagers.renae.afterQuestEavesdrop","I... I can't explain it.","أنا... لا يمكنني تفسير ذلك."
"NPCs.quests.rootsThatBind.marinVillagers.renae.afterQuestRandomLine1","It felt like all my fear was gone. My worries and cares and concerns. My thoughts.","شعرتُ وكأن خوفي كله قد تلاشى. كل مخاوفي وهمومي وتوجساتي. بل وأفكاري حتى."
"NPCs.quests.rootsThatBind.marinVillagers.renae.afterQuestRandomLine2","Imagine if moss had grown over me, rooted me to the spot right there in the Woods…","تخيّل لو أن الطحالب غطت جسدي، وجذرتني في تلك البقعة بالتحديد في أعماق الغابة..."
"NPCs.quests.rootsThatBind.marinVillagers.renae.afterQuestRandomLine3","Thank you, Cerim. ...I think? Freedom feels like... the weight of the sky on my back.","شكراً لك، أيها السيريم. ...أظنني محقة؟ الحرية تشبه... ثقل السماء وهو يجثم على ظهري."
"NPCs.quests.rootsThatBind.marinVillagers.renae.afterQuestRandomLine4","I know the Caretaker is gone, but it's like a tiny seed of him lives still in my mind. Waiting again to bloom.","أعلم أن الراعي قد قضى نحبه، لكن وكأن بذرة ضئيلة منه ما زالت تحيا في عقلي. تنتظر من جديد أن تُزهر."
"NPCs.quests.rootsThatBind.marinVillagers.risa.duringQuestInteraction","Shhh you must be quiet.","صه... عليك أن تهدأ وتلزم الصمت."
"NPCs.quests.rootsThatBind.marinVillagers.risa.duringQuestRetalk","The quieter you are, the better you can hear them. Hear him.","كلما كنتَ أكثر هدوءاً، كان سماعهم أفضل. وسماع صوته أوضح."
"NPCs.quests.rootsThatBind.marinVillagers.risa.endingQuestInteraction","Thank you, Cerim, for helping us.","شكراً لك، أيها السيريم، على مساعدتنا."
"NPCs.quests.rootsThatBind.marinVillagers.trello.afterBreachInteract1Line1","I pity those poor souls lost in Caylen, but I confess I hold no pity for the loss of the city itself.","أشفق على تلك النفوس المسكينة التي هلكت في كايلن، لكنني أعترف بأنني لا أحمل أي شفقة على سقوط المدينة ذاتها."
"NPCs.quests.rootsThatBind.marinVillagers.trello.afterBreachInteract1Line2","Cities are like cankers on the skin of the world. They're brittle, and they make us brittle too. Brittle and deaf.","المدن كالقروح على جسد هذا العالم. إنها هشة وسريعة العطب، وتجعلنا مثلها هشين وضعافاً. هشين وصُمّاً."
"NPCs.quests.rootsThatBind.marinVillagers.trello.afterQuestFirstInteractLine1","Ten thousand blessings, Cerim, for returning us to ourselves. ","عشرة آلاف بركة، أيها السيريم، لإعادتنا إلى صوابنا وأنفسنا."
"NPCs.quests.rootsThatBind.marinVillagers.trello.afterQuestFirstInteractLine2","The forest is meant for many voices, not just one drowning out all others.","خُلقت الغابة لتصدح فيها أصوات شتى، لا صوتاً واحداً يطغى على كل ما عداه."
"NPCs.quests.rootsThatBind.marinVillagers.trello.afterQuestFirstInteractLine3","The birdsong. The rustle of leaves. The chitter and hoot and howl.","تغريد الطيور. حفيف أوراق الشجر. الطقطقة والنعيب والعواء."
"NPCs.quests.rootsThatBind.marinVillagers.trello.afterQuestFirstInteractLine4","You returned us to our nature. Allow me to offer nature's bounty back.","لقد أعدتنا إلى فطرتنا. فاسمح لي أن أرد لك الجميل من خيرات الطبيعة وفيضها."
"NPCs.quests.rootsThatBind.marinVillagers.trello.afterQuestRandomTalk1","No ailment exists that nature hasn't already provided a remedy for. Our insights pale before her own.","ما من داء إلا وأوجدت الطبيعة له دواءً وترياقاً. إن مداركنا لتتضاءل أمام حكمتها."
"NPCs.quests.rootsThatBind.marinVillagers.trello.afterQuestRandomTalk2","The forest offers herself up as our home, why should we not allow our bodies to be the forest's home?","الغابة تهب نفسها لتكون موطناً لنا، ففيمَ لا نسمح لأجسادنا أن تكون موطناً للغابة؟"
"NPCs.quests.rootsThatBind.marinVillagers.trello.afterQuestRandomTalk3","I'll never understand those who fear the grave. What could be more comforting than warm soil and roots' embrace?","لن أفهم أبداً أولئك الذين يرهبون القبر. فما عساه أن يكون أبعث على الطمأنينة من تراب دافئ وعناق الجذور؟"
"NPCs.quests.rootsThatBind.marinVillagers.trello.afterQuestRotatingEavesdrop1","Not a moth crushed. Not a stem broken.","ما سُحقت فراشة. وما كُسر ساق نبات."
"NPCs.quests.rootsThatBind.marinVillagers.trello.afterQuestRotatingEavesdrop2","Nourish your body and ease your mind.","غذِّ بدنك وأرح خاطرك."
"NPCs.quests.rootsThatBind.marinVillagers.trello.afterQuestRotatingEavesdrop3","The forest provides.","الغابة تجود بعطائها."
"NPCs.quests.rootsThatBind.marinVillagers.trello.duringQuestEavesdrop","At last we are one with the world...","أخيراً صرنا واحداً مع هذا العالم..."
"NPCs.quests.rootsThatBind.marinVillagers.trello.duringQuestInteract1Line1","In the meadow, I am the meadow. Let the grass grow over my voice.","في المرج، أنا هو المرج بعينه. دع العشب ينمو فوق صوتي."
"NPCs.quests.rootsThatBind.marinVillagers.vadel.duringQuestInteraction","I should go to them.","ينبغي أن أذهب إليهم."
"NPCs.quests.rootsThatBind.marinVillagers.vadel.duringQuestRetalk","There are so many voices. Calling me home.","هناك أصوات لا حصر لها. تناديني لأعود إلى دياري."
"NPCs.quests.rootsThatBind.marinVillagers.vadelAndRisa.afterQuestInteractionLine1","Many of the villagers are still finding themselves, remembering which voices were their own.","كثير من أهل القرية ما زالوا يلملمون شتات أنفسهم، ويتذكرون أي الأصوات كانت أصواتهم حقاً."
"NPCs.quests.rootsThatBind.marinVillagers.vadelAndRisa.afterQuestInteractionLine2","But still, it is a blessing to be able to hear oneself think again.","ومع ذلك، إنها لنعمة كبرى أن يتمكن المرء من سماع أفكاره الخاصة مجدداً."
"NPCs.quests.rootsThatBind.marinVillagers.vadelAndRisa.afterQuestInteractionLine3","My sister and I only found Marin Village recently, and already thought we'd lost it.","لم نصل أنا وأختي إلى قرية مارين إلا مؤخراً، وظننا أننا فقدناها للتو."
"NPCs.quests.rootsThatBind.marinVillagers.vadelAndRisa.afterQuestInteractionLine4","We were raised in Caylen, cleaning stables. Left only days before the Mountain Gate shut.","نشأنا في كايلن، ننظف الإسطبلات. ورحلنا قبل أيام قلائل من إغلاق بوابة الجبل."
"NPCs.quests.rootsThatBind.marinVillagers.vadelAndRisa.afterQuestInteractionLine5","Can't say I miss all those haughty clerics and church bells.","لا يسعني القول إنني أفتقد أولئك الرهبان المتغطرسين وأجراس كنائسهم."
"NPCs.quests.rootsThatBind.marinVillagers.vadelAndRisa.afterQuestInteractionLine6","Things are better here. Quieter. We can practice our faith in peace.","الأمور أفضل هنا بكثير. أكثر هدوءاً. يمكننا ممارسة إيماننا بسلام وطمأنينة."
"NPCs.quests.rootsThatBind.marinVillagers.vadelAndRisa.afterQuestRetalkLine1","You're always welcome here, Cerim. Everyone is.","مرحباً بك هنا على الدوام، أيها السيريم. الجميع مرحب بهم."
"NPCs.quests.rootsThatBind.marinVillagers.vadelAndRisa.afterQuestRetalkLine2","Except maybe those Caylen holymen. How can just one god demand so much?","باستثناء أولئك المتنسكين من كايلن ربما. كيف لإله واحد أن يطلب كل هذا القدر؟"
"NPCs.quests.rootsThatBind.marinVillagers.wallin.afterQuestEavesdrop","I nearly lost myself.","كدتُ أفقد عقلي ونفسي."
"NPCs.quests.rootsThatBind.marinVillagers.wallin.afterQuestRandomLine1","My brother was locked up for two years in Fort Reach. Said he half lost his mind. Now I think I know how he felt.","سُجن أخي لعامين في حصن ريتش. وقال إنه كاد يفقد عقله هناك. والآن أظنني فهمتُ ما كان يشعر به."
"NPCs.quests.rootsThatBind.marinVillagers.wallin.afterQuestRandomLine2","That Madrigal's a fool, tearing down the Mountain Gate. We need more walls now, not less. Walls in our heads too.","تلك المادريغال حمقاء حقاً بهدمها لبوابة الجبل. نحن بحاجة إلى مزيد من الجدران الآن، لا إلى تقليصها. وجدران في عقولنا أيضاً."
"NPCs.quests.rootsThatBind.marinVillagers.wallin.afterQuestRandomLine3","Plague made one old man into a monster that nearly broke our village. Imagine what it'll do with all of Caylen.","لقد مسخ الوباء شيخاً عجوزاً إلى مسخ كاد يحطم قريتنا عن بكرة أبيها. تخيل ما سيفعله بكايلن بأسرها."
"NPCs.quests.rootsThatBind.marinVillagers.wallin.afterQuestRandomLine4","The mainland god and all its hands… Didn't feel so different from the Caretaker in my head.","إله القارة الأم وأياديه الكثيرة... لم يبدُ لي مختلفاً كثيراً عن الراعي وهو يعربد في رأسي."
"NPCs.quests.rootsThatBind.meetingIrmgard.irmgardAndOdessaCinette.line1","IRMGARD: <i>En thassa lewwin theen halel.</i> ","إيرمغارد: <i>En thassa lewwin theen halel.</i>"
"NPCs.quests.rootsThatBind.meetingIrmgard.irmgardAndOdessaCinette.line10","IRMGARD: It's Alden, the Caretaker. He doesn't want to be alone. ","إيرمغارد: إنه ألدين، الحارس. هو لا يريد أن يبقى وحيداً."
"NPCs.quests.rootsThatBind.meetingIrmgard.irmgardAndOdessaCinette.line11","IRMGARD: His voice reaches out from the Temple of Day and Night, barricaded behind the eyes of the dead.","إيرمغارد: صوته يمتد من معبد النهار والليل، متحصناً وراء أعين الموتى."
"NPCs.quests.rootsThatBind.meetingIrmgard.irmgardAndOdessaCinette.line12","IRMGARD: Maybe if I had gone to him, it would have saved them. There could have been another way.","إيرمغارد: لعلني لو ذهبت إليه لأنقذهم ذلك. ربما كان ثمة سبيل آخر."
"NPCs.quests.rootsThatBind.meetingIrmgard.irmgardAndOdessaCinette.line12b","IRMGARD: I was their Mender...","إيرمغارد: لقد كنت معالجتهم..."
"NPCs.quests.rootsThatBind.meetingIrmgard.irmgardAndOdessaCinette.line13","ODESSA: You are their Mender. And there may well be another way.","أوديسا: أنتِ معالجتهم، وقد يكون هناك سبيل آخر بالفعل."
"NPCs.quests.rootsThatBind.meetingIrmgard.irmgardAndOdessaCinette.line1b","IRMGARD: The Gods may lack mercy, but not a sense of humor.","إيرمغارد: قد تفتقر الآلهة إلى الرحمة، لكنها بالتأكيد لا تفتقر لحس الدعابة."
"NPCs.quests.rootsThatBind.meetingIrmgard.irmgardAndOdessaCinette.line2","IRMGARD: Yes, I know what you are, Cerim. A prayer come too late.","إيرمغارد: نعم، أعلم كنه ما أنت عليه يا سيريم. دعاءٌ استُجيب بعد فوات الأوان."
"NPCs.quests.rootsThatBind.meetingIrmgard.irmgardAndOdessaCinette.line3","ODESSA: You found her.","أوديسا: لقد عثرتِ عليها."
"NPCs.quests.rootsThatBind.meetingIrmgard.irmgardAndOdessaCinette.line3b","ODESSA: Irmgard, I -","أوديسا: إيرمغارد، أنا —"
"NPCs.quests.rootsThatBind.meetingIrmgard.irmgardAndOdessaCinette.line4","IRMGARD: Oh no. Not you too, my dear… You shouldn’t be here.","إيرمغارد: أوه لا. ولا أنتِ أيضاً يا عزيزتي... ما كان ينبغي لكِ أن تكوني هنا."
"NPCs.quests.rootsThatBind.meetingIrmgard.irmgardAndOdessaCinette.line6","IRMGARD: I’ve been gathering herbs to... I don’t know. Do what the last bundle could not. And the one before that.","إيرمغارد: كنت أجمع الأعشاب لكي... لست أدري، لأفعل ما عجزت الحزمة السابقة عن فعله، وتلك التي قبلها."
"NPCs.quests.rootsThatBind.meetingIrmgard.irmgardAndOdessaCinette.line7","IRMGARD: Your father asked me to sing the Fir'twah at the Rites of the Fallen...","إيرمغارد: طلب مني والدكِ إنشاد الفيرتوا في طقوس الرعاية بالراحلين..."
"NPCs.quests.rootsThatBind.meetingIrmgard.irmgardAndOdessaCinette.line8","IRMGARD: But how can I sing for them when I can't even protect them? ","إيرمغارد: لكن كيف لي أن أنشد لأجلهم وأنا عاجزة حتى عن حمايتهم؟"
"NPCs.quests.rootsThatBind.meetingIrmgard.irmgardAndOdessaCinette.line9","ODESSA: Irmgard - What happened here?","أوديسا: إيرمغارد - ما الذي جرى هنا بحق السماء؟"
"NPCs.quests.rootsThatBind.meetingIrmgard.odessa.interactionLine1","The Temple can be reached from above. But the Balak Taw own the treetops.","يمكن بلوغ المعبد من الأعلى، لكن بالاك تاو يسيطرون على قمم الأشجار."
"NPCs.quests.rootsThatBind.meetingIrmgard.odessa.interactionLine2","Here - I took this off that Mad Brambler in the village. It will get you into their territory.","تفضل - أخذت هذا من قاطع الشوك المخبول في القرية، وسيتيح لك الدخول إلى منطقتهم."
"NPCs.quests.rootsThatBind.meetingIrmgard.odessa.interactionLine3","Look for the Winged Door. You’ll... know it when you see it.","ابحث عن الباب المجنح، وستعرفه فور وقوع عينيك عليه."
"NPCs.quests.rootsThatBind.meetingIrmgard.odessa.interactionLine4","There will be more than Balak Taw to contend with. Alden cared for all creatures great and small. Now they serve his twisted memory.","سيكون هناك ما هو أعتى من بالاك تاو لتصارعه؛ فقد اعتنى ألدين بكل المخلوقات صغيرها وكبيرها، والآن باتت تخدم ذكراه المشوهة."
"NPCs.quests.rootsThatBind.meetingIrmgard.odessa.interactionLine5","The Cerim will find a way. Let’s get you back to Marin. No medicine can stop this sickness now.","سيجد السيريم سبيلاً لذلك. دعينا نعيدك إلى مارين، فما من دواء قادر على إيقاف هذا السقم الآن."
"NPCs.quests.rootsThatBind.odessaSovannCircleEncounter.interact1Line1","ODESSA: Cerim. Of course. You’re like a pebble in this island’s shoe, aren’t you?","أوديسا: سيريم. بطبيعة الحال، أنت كالحصاة في حذاء هذه الجزيرة، أليس كذلك؟"
"NPCs.quests.rootsThatBind.odessaSovannCircleEncounter.interact1Line10","ODESSA: I must find Mender Irmgard. The note on her door says she’s gone west in search of a remedy.","أوديسا: يجب أن أعثر على المعالجة إيرمغارد. الرسالة المعلقة على بابها تقول إنها توجهت غرباً بحثاً عن علاج."
"NPCs.quests.rootsThatBind.odessaSovannCircleEncounter.interact1Line11","ODESSA: Your choices are your own, Cerim. But Marin is worth saving.","أوديسا: خياراتك ملكك وحدك يا سيريم، لكن مارين تستحق النجاة وإنقاذها."
"NPCs.quests.rootsThatBind.odessaSovannCircleEncounter.interact1Line2","ODESSA: I normally give a better show. But these Balak Taw are getting bolder.","أوديسا: في العادة أقدم قتالاً أفضل من هذا، لكن طيور بالاك تاو تزداد جرأة وجسارة."
"NPCs.quests.rootsThatBind.odessaSovannCircleEncounter.interact1Line3","ODESSA: Why are you here? To help - or to prey on the weak like these vultures?","أوديسا: لماذا أنت هنا؟ للمساعدة - أم للافتراس من الضعفاء كما تفعل هذه الجوارح؟"
"NPCs.quests.rootsThatBind.odessaSovannCircleEncounter.interact1Line4","ODESSA: No bars between us now.","أوديسا: لا توجد قضبان حديدية تفصل بيننا الآن."
"NPCs.quests.rootsThatBind.odessaSovannCircleEncounter.interact1Line5","ODESSA: My mother’s… My horn.","أوديسا: بوق أمي... بوقي الخاص."
"NPCs.quests.rootsThatBind.odessaSovannCircleEncounter.interact1Line6","ODESSA: I... thought I’d lost it.","أوديسا: أنا... ظننت أنني فقدته للأبد."
"NPCs.quests.rootsThatBind.odessaSovannCircleEncounter.interact1Line7","ODESSA: You are anything but predictable, Cerim.","أوديسا: أنت أبعد ما تكون عن المتوقع يا سيريم."
"NPCs.quests.rootsThatBind.odessaSovannCircleEncounter.interact1Line8","ODESSA: There’s something... wrong with the village. Can you hear it?","أوديسا: ثمة شيء... مريب وخاطئ في هذه القرية. أتسمع ذلك؟"
"NPCs.quests.rootsThatBind.odessaSovannCircleEncounter.interact1Line9","ODESSA: A voice beneath the wind... Calling me...","أوديسا: صوتٌ يهمس تحت وطأة الرياح... يناديني باسمي..."
"NPCs.quests.rootsThatBind.odessaSovannCircleEncounter.interact2Line1","Used to be, the Balak Taw wouldn’t dare set foot in Marin. Their territory is the trees.","في السابق لم تكن بالاك تاو تجرؤ على أن تطأ أرض مارين بأقدامها؛ فمملكتها هي قمم الأشجار."
"NPCs.quests.rootsThatBind.odessaSovannCircleEncounter.interact2Line2","But this sickness has... turned our island against itself.","لكن هذا المرض... قلب جزيرتنا على نفسها."
"NPCs.quests.rootsThatBind.odessaSovannCircleEncounter.interact3Line1","I can hear my father’s voice in my head, telling me to enter the woods. Is that what he said?","أستطيع سماع صوت أبي في رأسي يأمرني بدخول الغابة. أهذا حقاً ما قاله لي؟"
"NPCs.quests.rootsThatBind.odessaSovannCircleEncounter.interact3Line3","And another voice, a woman. She sounds like...","وهناك صوت آخر لامرأة، صوتها يشبه..."
"NPCs.quests.rootsThatBind.odessaSovannCircleEncounter.interact3Line4","Like a stranger I’ve known all my life.","يشبه غريبة أعرفها طوال حياتي."
"NPCs.quests.rootsThatBind.odessaSovannCircleEncounter.retalk","We must look for Irmgard through the caves to the west. This village needs its Mender.","علينا البحث عن إيرمغارد عبر الكهوف جهة الغرب، فهذه القرية بحاجة ماسة لمعالجتها."
"NPCs.quests.rootsThatBind.postQuestMarinVillage.odessaAndIrmgard.InteractLine1","I used to have to drag Annora to this circle. She never wanted to pray. But she was happy to clamber all over the stones.","اعتدتُ جر أنورا إلى هذه الحلقة؛ لم تكن ترغب في الصلاة أبداً، لكنها كانت تسعد بالتسلق فوق الحجارة."
"NPCs.quests.rootsThatBind.postQuestMarinVillage.odessaAndIrmgard.InteractLine2","I... I close my eyes, and still I cannot quite picture her.","أنا... أغمض عينيّ، ومع ذلك أعجز عن تصور ملامحها بدقة."
"NPCs.quests.rootsThatBind.postQuestMarinVillage.odessaAndIrmgard.InteractLine3","Your father doesn’t speak of her?","ألا يتحدث والدكِ عنها قط؟"
"NPCs.quests.rootsThatBind.postQuestMarinVillage.odessaAndIrmgard.InteractLine4","Never. She has a name and a grave. Nothing more.","أبداً. ليس لها سوى اسم وقبر، لا أكثر."
"NPCs.quests.rootsThatBind.postQuestMarinVillage.odessaAndIrmgard.InteractLine5","He carries his burden as best he can, as we all do. Perhaps we in Marin can lighten yours, Cerim.","إنه يحمل عبئه بأقصى ما يستطيع، تماماً كما نفعل جميعاً. ولعلنا هنا في مارين نستطيع تخفيف عبئك أنت يا سيريم."
"NPCs.quests.rootsThatBind.questCompletion.questCompletionLine1","ODESSA: So it’s done. This village owes you a debt of gratitude, Cerim.","أوديسا: إذن، انتهى الأمر. هذه القرية مدينة لك بفضل عظيم يا سيريم."
"NPCs.quests.rootsThatBind.questCompletion.questCompletionLine10","ODESSA: And your voice is still strong, Irmgard. You'll sing again - in this Circle. And in Sacrament at the Rites. For them.","أوديسا: وصوتكِ لا يزال قوياً وشجياً يا إيرمغارد؛ ستنشدين مجدداً في هذه الحلقة، وفي ساكرامنت في طقوس الرعاية. تخليداً لهم."
"NPCs.quests.rootsThatBind.questCompletion.questCompletionLine11","IRMGARD: Will I see you there? All of us at one table again.","إيرمغارد: أأراكِ هناك؟ لنجتمع جميعاً حول مائدة واحدة من جديد."
"NPCs.quests.rootsThatBind.questCompletion.questCompletionLine12","ODESSA: ...I'm not welcome in Sacrament.","أوديسا: ...أنا غير مرحب بي في ساكرامنت."
"NPCs.quests.rootsThatBind.questCompletion.questCompletionLine13","IRMGARD: The Rites are a time of peace. Not only to honor the dead, but for the living to make amends.","إيرمغارد: الطقوس زمن سلام ووئام؛ ليس لتكريم الموتى فحسب، بل ليتصالح الأحياء ويكفروا عما مضى."
"NPCs.quests.rootsThatBind.questCompletion.questCompletionLine14","ODESSA: Irmgard, I... I've unfinished business to the east.","أوديسا: إيرمغارد، أنا... لديّ شؤون لم تكتمل بعد جهة الشرق."
"NPCs.quests.rootsThatBind.questCompletion.questCompletionLine15","IRMGARD: I see. Then may the Seeker guide you safely...","إيرمغارد: فهمت. إذن عسى أن يهديكِ الباحث في دروب السلامة والأمان..."
"NPCs.quests.rootsThatBind.questCompletion.questCompletionLine16","IRMGARD: ...and the Mother bring you home.","إيرمغارد: ...وأن تعيدكِ الأم إلى حضن الديار."
"NPCs.quests.rootsThatBind.questCompletion.questCompletionLine2","ODESSA: ... As do I.","أوديسا: ...وكذلك أنا مدينة لك."
"NPCs.quests.rootsThatBind.questCompletion.questCompletionLine3","ODESSA: They’ve brought him back?","أوديسا: أأعادوا جثمانه؟"
"NPCs.quests.rootsThatBind.questCompletion.questCompletionLine4","IRMGARD: Alden was... one of us. Even the Pestilence cannot change that.","إيرمغارد: كان ألدين... واحداً منا، وحتى الوباء لا يستطيع تبديل تلك الحقيقة."
"NPCs.quests.rootsThatBind.questCompletion.questCompletionLine5","IRMGARD: So many gone. The Caretaker. Your mother. Even you... I know you won't stay.","إيرمغارد: رحل الكثيرون منا؛ الحارس، وأمكِ، وحتى أنتِ... أعلم أنكِ لن تبقي هنا."
"NPCs.quests.rootsThatBind.questCompletion.questCompletionLine6","Ellsworth asked me to sing the <i>Fir'twah</i> at the Rites of the Fallen. But I can’t...","طلب مني إلسورث إنشاد <i>الفيرتوا</i> في طقوس الرعاية بالراحلين، لكنني أعجز عن ذلك..."
"NPCs.quests.rootsThatBind.questCompletion.questCompletionLine7","How can I serve as Mender when I cannot mend myself?","كيف لي أن أخدم كمعالجة وأنا عاجزة حتى عن مداواة جراحي الخاصة؟"
"NPCs.quests.rootsThatBind.questCompletion.questCompletionLine8","ODESSA: I remember when my mother used to sing me to sleep. You did too. The same lullaby.","أوديسا: أذكر حين كانت أمي تهدهدني بصوتها لأنام، وأنتِ فعلتِ ذلك أيضاً، بالتهويدة ذاتها."
"NPCs.quests.rootsThatBind.questCompletion.questCompletionLine9","ODESSA: She’s not gone. None of them are.","أوديسا: هي لم ترحل، ولا أحد منهم رحل حقاً."
"NPCs.quests.rootsThatBind.questKickoff.captainRandolph.InteractionLine1","Marin's not my concern. But you might find the forest suits your interests, Cerim.","مارين ليست من اختصاصي، لكنك قد تجد في الغابة ما يلائم مساعيك يا سيريم."
"NPCs.quests.rootsThatBind.questKickoff.captainRandolph.InteractionLine2","The boy speaks the truth - my scouts have reported the Pestilence running rampant there.","الفتى ينطق بالحق - استطلاعات رجالي أكدت تفشي الوباء واجتياحه للمنطقة."
"NPCs.quests.rootsThatBind.questKickoff.captainRandolph.InteractionLine3","They say you... hear it, before you see it.","يقولون إنك... تسمعه قبل أن تراه بأم عينك."
"NPCs.quests.rootsThatBind.questKickoff.captainRandolph.InteractionLine4","Not sure what to make of that.","لست أدري ما تفسير ذلك بالضبط."
"NPCs.quests.rootsThatBind.questKickoff.will.retalkLine1","Please, go to Marin Village. Through the northern gate, past the cemetery.","أرجوك اذهب إلى قرية مارين، عبر البوابة الشمالية متجاوزاً المقبرة."
"NPCs.quests.rootsThatBind.questKickoff.will.retalkLine2","And someday when I’m the smith, all your work will be free of charge!","ويوماً ما حين أصبح الحداد، سأصلح كل عتادك بالمجان!"
"NPCs.quests.rootsThatBind.questKickoff.will.secondInteractionLine1","Will you help, Cerim?","أتمد يد العون يا سيريم؟"
"NPCs.quests.rootsThatBind.questKickoff.will.secondInteractionLine2","Randolph and his men don’t care about anyone outside Sacrament’s walls.","راندولف ورجاله لا يكترثون لأي شخص يقيم خارج أسوار ساكرامنت."
"NPCs.quests.rootsThatBind.questKickoff.will.secondInteractionLine3","But lots of us got family in Marin. Even Odessa was born there.","لكن الكثير منا لديهم عائلات في مارين، حتى أوديسا وُلدت هناك."
"NPCs.quests.rootsThatBind.questKickoff.will.secondInteractionLine4","I only moved here to apprentice for Fillmore.","انتقلت إلى هنا فقط لأتدرب تحت يد فيلمور."
"NPCs.quests.rootsThatBind.questKickoff.will.secondInteractionLine5","I used to visit more, but my parents asked me to stay put in Sacrament.","كنت أزورهم أكثر، لكن والديّ طلبا مني البقاء آمناً في ساكرامنت."
"NPCs.quests.rootsThatBind.questKickoff.will.secondInteractionLine6","They said the forest is too dangerous.","قالا إن الغابة باتت شديدة الخطورة."
"NPCs.quests.rootsThatBind.questKickoff.willAndRandolph.eavesdropLine1","But they’ve never gone this long without sending word!","لكنهم لم يغيبوا قط طوال هذه المدة دون إرسال أي خبر!"
"NPCs.quests.rootsThatBind.questKickoff.willAndRandolph.eavesdropLine2","Marin is not my responsibility. Now get on with you.","مارين ليست مسؤوليتي، والآن انصرف من هنا."
"NPCs.quests.rootsThatBind.questKickoff.willAndRandolph.interactionLine1","Cerim, please, will you make him listen?","سيريم، أرجوك، أتجبره على الاستماع إليّ؟"
"NPCs.quests.rootsThatBind.questKickoff.willAndRandolph.interactionLine2","To what? We’ve long known the plague is loose in the Marin Woods.","يستمع إلى ماذا؟ نعلم منذ زمن أن الطاعون طليق في غابات مارين."
"NPCs.quests.rootsThatBind.questKickoff.willAndRandolph.interactionLine3","But this is different! No one’s heard from the village for days. My parents –","لكن الأمر مختلف هذه المرة! لم يسمع أحد نبأً من القرية منذ أيام، ووالداي —"
"NPCs.quests.rootsThatBind.questKickoff.willAndRandolph.interactionLine4","- live outside our walls. My duty is to Sacrament. Those beyond her gates must fend for themselves.","— يعيشان خارج أسوارنا. واجبي تجاه ساكرامنت، ومن هم وراء بواباتها عليهم تدبير أمورهم بأنفسهم."
"NPCs.quests.rootsThatBind.questKickoff.willAndRandolph.interactionLine5","If the Cerim wish to indulge your hysterics, that’s their concern. But if you ask me, the Dasha are precisely where they belong.","إن رغب السيريم في مجاراة هلعك هذا فهذا شأنهم، لكن إن سألتني فالداشا يقبعون في المكان المناسب لهم تماماً."
"NPCs.quests.rootsThatBind.questKickoff.willAndRandolph.interactionLine6","And where’s that?","وأين هو ذلك المكان برأيك؟"
"NPCs.quests.rootsThatBind.questKickoff.willAndRandolph.interactionLine7","Not here.","ليس هنا بالتأكيد."
"NPCs.quests.rootsThatBind.tallum.beforeRTBEavesdrop","Hmm, not a birdman, and not Dasha neither.","همم، ليس برجل طائر، ولا هو من الداشا أيضاً."
"NPCs.quests.rootsThatBind.tallum.beforeRTBInteraction1Line1","So are you lost or dense? Maybe a touch of both?","أضائعٌ أنت أم بليد الحس؟ أم لعل فيك مسحة من كليهما؟"
"NPCs.quests.rootsThatBind.tallum.beforeRTBInteraction1Line2","Marin ain’t safe for travelers anymore. Ain’t safe for anyone. Best place for you is back in Sacrament.","مارين لم تعد آمنة للمسافرين بعد الآن، ولا لأي شخص. أفضل مكان لك هو العودة لساكرامنت."
"NPCs.quests.rootsThatBind.tallum.beforeRTBInteraction1Line3","But don’t wanna listen to me? So be it.","لكنك تأبى الاستماع إليّ؟ فليكن إذن."
"NPCs.quests.rootsThatBind.tallum.beforeRTBInteraction1Line4","Your skull will make a fine Balak Taw headdress, if the Blight don’t get you first.","جمجمتك ستصنع غطاء رأس بديعاً لطيور بالاك تاو، هذا إن لم تظفر بك الآفة أولاً."
"NPCs.quests.rootsThatBind.tallum.beforeRTBRetalk","Who am I? I’m nobody to nobody. Just a pair of eyes watching the comings and goings. More goings of late.","من أنا؟ لست أحداً يُذكر لأي شخص كان. مجرد عينين ترقبان القادمين والراحلين، والراحلون كثر مؤخراً."
"NPCs.quests.rootsThatBind.tallum.duringRTBEavesdrop","Feathered savages, the lot of ‘em.","همج متدثرون بالريش، كلهم دون استثناء."
"NPCs.quests.rootsThatBind.tallum.duringRTBInteraction1Line1","Only the foolish or the desperate would try to reason with the Balak Taw.","الأحمق أو اليائس فقط هو من يحاول تحكيم العقل مع بالاك تاو."
"NPCs.quests.rootsThatBind.tallum.duringRTBInteraction1Line2","Didn’t realize that old Dasha Caretaker was both.","ولم أكن أدرك أن ذلك الحارس العجوز من الداشا كان يجمع بين الأمرين معاً."
"NPCs.quests.rootsThatBind.tallum.duringRTBInteraction1Line3","Never would’ve believed it if I hadn’t seen it with my own eyes. Him pleading with them, voice all aquiver.","ما كنت لأصدق ذلك لولا أنني رأيته بأم عيني؛ كان يتوسل إليهم وصوته يرتجف رعباً."
"NPCs.quests.rootsThatBind.tallum.duringRTBInteraction1Line4","He told ‘em that the Blight creeping forth from his temple threatens the whole wood.","أخبرهم أن الآفة التي تزحف من معبده تهدد الغابة بأسرها."
"NPCs.quests.rootsThatBind.tallum.duringRTBInteraction1Line5","That we’re all caretakers - the Dasha on the ground and Balak Taw in the treetops. Brothers of the forest.","وأننا جميعاً حراس وأوصياء - الداشا على الأرض وبالاك تاو على قمم الشجر، إخوة في هذه الغابة."
"NPCs.quests.rootsThatBind.tallum.duringRTBInteraction1Line6","And what did they do? Pecked out his damn eyes. Clawed his face to tatters. Dumped his broken body on the temple steps.","وماذا فعلوا له في المقابل؟ نقروا عينيه الملعونتين، ومزقوا وجهه إرباً بالمخالب، وألقوا بجسده المحطم على درجات المعبد."
"NPCs.quests.rootsThatBind.tallum.duringRTBInteraction1Line7","He said he was out of ideas to stop the plague's spread. Guess they had one more of their own.","قال إنه استنفد كل الحيل لوقف انتشار الوباء، ويبدو أنهم كانت لديهم حيلتهم الخاصة بهم."
"NPCs.quests.rootsThatBind.tallum.duringRTBInteraction2Line1","I like the Dasha, I really do. But it ain’t coincidence that they wind up written off every page of history.","أنا أحب الداشا حقاً وصدقاً، لكن ليس بمحض الصدفة أن ينتهي بهم المطاف مشطوبين من كل صفحات التاريخ."
"NPCs.quests.rootsThatBind.tallum.duringRTBInteraction2Line2","It’s because they never learn - the world ain’t built for the kind, the generous.","لأنهم يعجزون عن التعلم؛ فالعالم لم يُبنَ لأجل الطيبين والكرماء."
"NPCs.quests.rootsThatBind.tallum.duringRTBInteraction2Line3","The Pestilence takes what it wants. So do the Balak Taw. So does the mainland.","الوباء يأخذ ما يشاء، وبالاك تاو يأخذون ما يشاؤون، والقارة تفعل المثل."
"NPCs.quests.rootsThatBind.tallum.duringRTBInteraction2Line4","You want peace? That’s what a grave’s for.","أتريد السلام؟ هذا ما وُجد القبر لأجله."
"NPCs.quests.rootsThatBind.tallum.duringRTBRetalk","Me? I just scratch out a low to the ground living. No land, no coin, no attention given. Pigs get fed, hogs get slaughtered.","أما أنا؟ فأكتفي بعيش متواضع قريباً من الأرض؛ بلا عقار، ولا مال، ولا أسترعي انتباه أحد. الخنازير الصغيرة تُطعم، والسمينة تُذبح."
"NPCs.quests.sacrament.afterDrawbridgeCinematic.ellsworthAndWinnick.interactLine1","Sacrament's gates are always open to those in need, or those who keep her safe. Help yourself to our food and shelter.","أبواب ساكرامنت مفتوحة دائماً لمن هم في حاجة، أو لمن يسهرون على حمايتها. تفضل بما تشاء من طعامنا ومأوانا."
"NPCs.quests.sacrament.afterDrawbridgeCinematic.ellsworthAndWinnick.interactLine2","But leave the ale to me, ha!","لكن اترك البيرة لي، هاه!"
"NPCs.quests.sacrament.afterDrawbridgeCinematic.ellsworthAndWinnick.retalk","The Watcher waits for you in the rookery.","المراقب ينتظرك في برج الغربان."
"NPCs.quests.sacrament.beforeInquisitionArrival.roan.interactLine1","You must gather, Cerim. The Watcher awaits.","عليك التوجه إليهم يا سيريم. المراقب في انتظارك."
"NPCs.quests.sacrament.dyingCaptain.eavesdrop","Hey! Cerim... over here, come on then.","هاي! أيها السيريم... إلى هنا، تعال أرجوك."
"NPCs.quests.sacrament.dyingCaptain.interactLine1","I knew it... Should’ve never brought you on board.","كنت أعلم ذلك... ما كان ينبغي لي السماح لك بالصعود على متن سفينتي أبداً."
"NPCs.quests.sacrament.dyingCaptain.interactLine2","You’ll never make it to Sacrament from here.","لن تصل إلى ساكرامنت من هنا على الإطلاق."
"NPCs.quests.sacrament.dyingCaptain.interactLine3","This coast is crawling with the Risen.","هذا الساحل يعج بالناهضين."
"NPCs.quests.sacrament.dyingCaptain.interactLine4","Oh. The waves. Can you feel them, Father?","أوه، تلك الأمواج... أتشعر بها يا أبتِ؟"
"NPCs.quests.sacrament.dyingCaptain.interactLine5","We’re back at sea…","لقد عدنا إلى عرض البحر مجدداً..."
"NPCs.quests.sacrament.meetingLaraAndReed.eavesdrop","Be careful, Lara! Someone’s coming!","احذري يا لارا! ثمة من يقترب!"
"NPCs.quests.sacrament.meetingLaraAndReed.interactLine1","A Cerim! Forgive my father, he mistook you for one of the Risen.","سيريم! اعذر والدي، فقد ظنك أحد الناهضين."
"NPCs.quests.sacrament.meetingLaraAndReed.interactLine2","If you make for Sacrament, there are worse things than bandits up ahead. A great beast is loose in these Glades. ","إن كنت تقصد ساكرامنت، فهناك ما هو أشد بأساً وخطورة من قطاع الطرق في الأمام. وحش عظيم طليق في هذه الغابات."
"NPCs.quests.sacrament.meetingLaraAndReed.interactLine3","They say it used to be a man. I wanted to go after it, but father says — ","يقولون إنه كان بشراً في السابق. أردت ملاحقته، لكن والدي يقول —"
"NPCs.quests.sacrament.meetingLaraAndReed.interactLine4","Father says the Torn are not to be trifled with. And he’s right. ","والدكِ يقول إن الممزقين ليسوا كائنات يُستهان بها أو يُعبث معها. وهو محق تماماً."
"NPCs.quests.sacrament.meetingLaraAndReed.retalkLine1","I don’t fear the Pestilence any more than a wild boar. One day they’ll sing songs about my skill with a bow!","لا أخشى الوباء أكثر مما أخشى خنزيراً برياً. يوماً ما سينشدون الأغاني عن مهارتي بالقوس!"
"NPCs.quests.sacrament.meetingLaraAndReed.retalkLine2","I’d prefer you alive to sing them yourself, daughter.","أفضل لو تبقين على قيد الحياة لتنشديها بنفسك يا ابنتي."
"NPCs.quests.sacrament.meetingLaraAndReed.secondInteractLine1","If you can make it to Sacrament, God embrace you. But my daughter and I know better – we’re heading for the Lowland Meadows. ","إن كان بوسعك الوصول إلى ساكرامنت، فليحفظك الإله برعايته. أما أنا وابنتي فنعلم الصواب – نحن متجهون إلى السهول المنخفضة."
"NPCs.quests.sacrament.meetingLaraAndReed.secondInteractLine2","That’s where the rest of our hunting party is. They’ll never believe we met a Cerim! ","هناك يرابط باقي فريق الصيد لدينا. لن يصدقوا أبداً أننا قابلنا أحداً من السيريم!"
"NPCs.quests.sacrament.meetingLaraAndReed.usedFireEavesdropLine1","You’re welcome to our fire as long as you’re here. I’ll keep it tended for you.","أنت مرحب بك عند نارنا طالما أنت هنا، وسأعتني بإبقائها متقدة لأجلك."
"NPCs.quests.sacrament.meetingLaraAndReed.usedFireEavesdropLine2","We both know what it’s like to be lost in the woods, and all you can think about it is a warm meal!","كلانا يعلم شعور التيه في الغابة، وكيف لا يشغل بال المرء سوى وجبة ساخنة!"
"NPCs.quests.sacrament.meetingLaraAndReed.usedFireInteractLine1","If you’re short of things to cook in the fire, keep your eyes peeled around the Glades.","إن كانت تنقصك أشياء لطهيها على النار، فأبقِ عينيك مفتوحتين في أرجاء الغابات."
"NPCs.quests.sacrament.meetingLaraAndReed.usedFireInteractLine2","A true hunter should never be above foraging in the underbrush!","الصياد الحقيقي لا ينبغي له أبداً أن يتعالى على جمع الطعام من بين الشجيرات!"
"NPCs.quests.sacrament.rescuingFillmore.fillmore.interactLine1","Thank you, stranger. Thought I could sabotage the gate, keep more of these savages from reaching Sacrament’s walls.","شكراً لك أيها الغريب. ظننت أن بمقدوري تعطيل البوابة لمنع هؤلاء الهمج من الوصول إلى أسوار ساكرامنت."
"NPCs.quests.sacrament.rescuingFillmore.fillmore.interactLine2","But I got my damn fool self trapped too.","لكنني حبست نفسي الأحمق هنا أيضاً."
"NPCs.quests.sacrament.rescuingFillmore.fillmore.interactLine3","Suppose there’s a reason I’m a blacksmith and not a soldier. Name’s Fillmore.","أفترض أن ثمة سبباً لكوني حداداً ولست جندياً. اسمي فيلمور."
"NPCs.quests.sacrament.rescuingFillmore.fillmore.interactLine4","If you ever need anything repaired, you come to me. Nothing I can’t fix.","إن احتجت إلى إصلاح أي عتاد، فتعال إليّ. ما من شيء يعجزني إصلاحه."
"NPCs.quests.sacrament.rescuingFillmore.fillmore.interactLine5","Now here! This will open the gate. Get yourself to Sacrament - through the Orban Glades to the east. It’s the safest place for both of us.","والآن خذ هذا! سيفتح لك البوابة. اذهب إلى ساكرامنت عبر غابات أوربان شرقاً، فهو المكان الأكثر أماناً لكلانا."
"NPCs.quests.sacrament.rescuingFillmore.fillmore.interactLine6","But keep a careful eye out. I heard some of these Risen speak of a... foul presence outside the city’s gate.","لكن ابقَ حذراً ويقظاً. سمعتُ بعض هؤلاء الناهضين يتحدثون عن... حضور خبيث وكريه خارج بوابة المدينة."
"NPCs.quests.sacrament.rescuingFillmore.fillmore.retalk","You go on ahead, clear the road. I can’t fix nothing if I’m dead in a ditch.","امضِ أنت في المقدمة وطهر الطريق. فلن أستطيع إصلاح أي شيء وأنا جثة في خندق."
"NPCs.quests.sacrament.rescuingFillmore.fillmoreOutsideMutantSoldier.interactLine1","Figured I’d be safer camping out here. You let me know if you need anything repaired.","رأيت أن التخييم هنا أكثر أماناً لي. أعلمني إن احتجت لإصلاح أي شيء."
"NPCs.quests.sacrament.rescuingFillmore.fillmoreOutsideMutantSoldier.interactLine2","Sickening stench isnt it? All those bodies, ripped apart... God save the soul who comes face to face with the cause of all this.","رائحة مقززة تبعث على الغثيان، أليس كذلك؟ كل تلك الجثث الممزقة إرباً... ليكن الإله في عون المسكين الذي يواجه المتسبب في كل هذا وجهاً لوجه."
"NPCs.quests.sacrament.rescuingFillmore.fillmoreOutsideMutantSoldier.retalk","Can’t thank you enough for helping me out earlier. The road was clear all the way from the fortress. Impressive work.","أعجز عن شكرك بما يكفي لمساعدتي في السابق. كان الطريق سالكاً وخالياً طوال المسافة من الحصن، عمل باهر ومبهر حقاً."
"NPCs.quests.sacrament.rescuingFilmore.filmoreInterrogationConclusion","How’s that, you bastards!! Who’s squealing now?! Ha!","ما رأيكم بهذا أيها الأوغاد؟! من الذي يصرخ الآن كالحملان المذبوحة؟! هاه!"
"NPCs.quests.sacrament.rescuingFilmore.filmoreInterrogationFollowthrough","Please, I dont have it!","أرجوكم، لا أملكه معي!"
"NPCs.quests.sacrament.rescuingFilmore.filmoreInterrogationLine1","Look, just give us back the gate switch, smithy, and we’ll let you pass.","اسمع، أعد إلينا مقبض البوابة أيها الحداد وسندعك تمر بسلام."
"NPCs.quests.sacrament.rescuingFilmore.filmoreInterrogationLine2","Bet I can make ‘em squeal so loud even Ellsworth hears it.","أراهن أنني أستطيع جعلهم يعولون بصوت عالٍ يسمعه إلسورث بنفسه."
"NPCs.quests.sacrament.rescuingFilmore.filmoreInterrogationLine3","Leave me be! I’m no soldier and I have no coin!","دعوني وشأني! لست جندياً ولا أحمل أي عملات معدنية!"
"NPCs.quests.sacrament.rescuingFilmore.filmoreInterrogationLine4","Haha. What’s that smell? He pissin’ himself?","هههه. ما تلك الرائحة؟ هل بلل سرواله رعباً؟"
"NPCs.quests.sacramentGeneric.guards.learl.interact","Do you see the outfit? The weapon? Where and how I'm standing? That's because I'm on duty.","أترى هذه البزة العسكرية؟ وسلاحي؟ وأين وكيف أقف؟ هذا لأنني في نوبة حراسة."
"NPCs.quests.sacramentGeneric.guards.learl.retalk","Unless Ellsworth sent you, I don't care.","ما لم يكن إلسورث قد أرسلك بنفسه، فلا أبالي بك."
"NPCs.quests.sacramentGeneric.guards.tristan.interact","If you're so intrigued by our cages, why don't you hop inside one?","إن كانت أقفاصنا تثير فضولك إلى هذا الحد، فلماذا لا تقفز داخل أحدها؟"
"NPCs.quests.sacramentGeneric.guards.tristan.retalk","A few nights in a cage will cure your curiosity, I promise.","قضاء بضع ليالٍ في القفص كفيل بعلاج فضولك تماماً، أعدك بذلك."
"NPCs.quests.safeHarbor.rattigan.corneredByEnemiesEavesdrop2Line1","Cerim... 
Couldn’t be anyone else.","سيريم...
لا يمكن أن يكون أحداً سواه."
"NPCs.quests.safeHarbor.rattigan.corneredByEnemiesInteract2Line1","I’m not one to spend a lot of time kneeling in churches. But what happened at the Gate... a man’s got questions.","لست ممن يقضون أوقاتهم راكعين في الكنائس. لكن ما حدث عند البوابة... يجعل في رأس المرء أسئلة ملحة."
"NPCs.quests.safeHarbor.rattigan.corneredByEnemiesInteract2Line2","Not saying I’m out here making amends. Not saying I’m not either. But it helps to have powerful friends.","لا أقول إنني هنا للتكفير عن خطاياي، ولا أقول إنني لست كذلك. لكن من المفيد دائماً أن تحظى بأصدقاء أقوياء وذوي نفوذ."
"NPCs.quests.safeHarbor.rattigan.corneredByEnemiesInteract2Line3","And who’s more powerful than You Know Who.","ومن هو أقوى من «ذاك الذي تعرفه»."
"NPCs.quests.safeHarbor.rattigan.corneredByEnemiesRetalkLine1","Look for the lighthouse if you want to reach that wreck.","ابحث عن المنارة إن كنت تريد الوصول إلى ذلك الحطام."
"NPCs.quests.safeHarbor.rattigan.corneredByEnemiesRetalkLine2","And don’t take this the wrong way, but with any luck we’ll never lay eyes on each other again.","ولا تفهم كلامي خطأً، لكن مع قليل من الحظ نأمل ألا تقع أعيننا على بعضنا البعض مجدداً."
"NPCs.quests.servantOfGod.RivenTwins.deathLine1","Nothing… It’s nothing…","لا شيء... إنه لا شيء..."
"NPCs.quests.servantOfGod.arrivingAtMountainGate.ellsworth.interactLine1","Cerim. Hm. I suppose you have no fear of the Pestilence at all. Do you believe the Madrigal?","سيريم. همم. أظن أنك لا تخشى الوباء على الإطلاق. أتصدق ما تقوله المادريغال؟"
"NPCs.quests.servantOfGod.arrivingAtMountainGate.ellsworth.interactLine2","She brought an army. And a will to match it. Perhaps I’ve grown too accustomed to retreat.","لقد جلبت معها جيشاً عرمرماً، وإرادة تضاهيه قوة. ربما اعتدتُ أنا على التراجع والانسحاب أكثر مما ينبغي."
"NPCs.quests.servantOfGod.arrivingAtMountainGate.ellsworth.interactLine3","It’s said that your people built this gate during the first war with the plague.","يقال إن بني قومك شيدوا هذه البوابة خلال الحرب الأولى ضد الطاعون."
"NPCs.quests.servantOfGod.arrivingAtMountainGate.ellsworth.interactLine4","When it fell a year ago, you could hear it in every corner of the island, like thunder.","وحين سقطت وأغلقت قبل عام، كان دويها مسموعاً في كل ركن من أركان الجزيرة كهزيم الرعد."
"NPCs.quests.servantOfGod.arrivingAtMountainGate.ellsworth.interactLine5","It woke me from a deep sleep. One I feel I’ve never quite returned to.","أيقظني ذلك من سبات عميق، سبات أشعر بأنني لم أعد إليه قط."
"NPCs.quests.servantOfGod.arrivingAtMountainGate.ellsworth.retalkLine1","Even if you heed the Madrigal’s request, be careful.","حتى وإن استجبت لطلب المادريغال، فتوخَّ الحذر الشديد."
"NPCs.quests.servantOfGod.arrivingAtMountainGate.ellsworth.retalkLine2","There’s a fell wind coming from that cavern to the west.","ثمة ريح مشؤومة ومقبضة تهب من ذلك الكهف جهة الغرب."
"NPCs.quests.servantOfGod.arrivingAtMountainGate.seline.interactLine1","Tender of the Words. Speaker of the Dead. Those Who Walk Between the Rain.","راعي الكلمات، ناطق الموتى، السائرون بين قطرات المطر."
"NPCs.quests.servantOfGod.arrivingAtMountainGate.seline.interactLine2","There’s a beauty to the old names, even in their heresy.","ثمة جمال أخاذ في تلك الأسماء القديمة، حتى في هرطقتها."
"NPCs.quests.servantOfGod.arrivingAtMountainGate.seline.interactLine3","Surprised I recognize you, Cerim? I used to sneak into the archives at night to read stories of your people.","أمتفاجئٌ أنت من معرفتي بهويتك يا سيريم؟ كنت أتسلل ليلاً إلى الأرشيف لأقرأ قصص بني جنسك."
"NPCs.quests.servantOfGod.arrivingAtMountainGate.seline.interactLine4","The church considered it forbidden knowledge. Old fools hiding from what they don’t understand.","كانت الكنيسة تعتبرها علماً محرماً ومعرفة محظورة، شيوخ حمقى يختبئون مما يعجزون عن فهمه."
"NPCs.quests.servantOfGod.arrivingAtMountainGate.seline.interactLine5","But I think we understand each other.","لكنني أظننا نفهم بعضنا البعض جيداً."
"NPCs.quests.servantOfGod.arrivingAtMountainGate.seline.interactLine6","There is an inscription at the base of the gate. It speaks of a chamber to the west - a means of opening the way.","هناك نقشٌ عند قاعدة البوابة يتحدث عن حجرة إلى الغرب - وسيلة لفتح هذا الممر."
"NPCs.quests.servantOfGod.arrivingAtMountainGate.seline.interactLine7","This is why you’re here.","لهذا السبب بالذات أنت هنا."
"NPCs.quests.servantOfGod.arrivingAtMountainGate.seline.interactLine8","Go to the chamber, and be seen by your god. Let your presence be my passage.","اذهب إلى الحجرة، ودع إلهك يراك. واجعل حضورك فيها سبيلاً لعبوري."
"NPCs.quests.servantOfGod.arrivingAtMountainGate.seline.retalkLine1","Many in the Church see you as a blight to be stamped out.","كثيرون في الكنيسة يرون فيك آفة يجب استئصالها وسحقها."
"NPCs.quests.servantOfGod.arrivingAtMountainGate.seline.retalkLine2","Prove them wrong, Cerim. Go to the chamber, open the gate.","أثبت خطأهم يا سيريم. اذهب إلى الحجرة، وافتح البوابة."
"NPCs.quests.servantOfGod.arrivingAtMountainGate.seline.secondInteractLine1","Have you ever seen Caylen, Cerim?","هل رأيت كايلن من قبل يا سيريم؟"
"NPCs.quests.servantOfGod.arrivingAtMountainGate.seline.secondInteractLine2","Twice a day her cathedral bells call out for grace, and twice a day her many voices answer.","مرتين كل يوم تصدح أجراس كاتدرائيتها التماساً للرحمة، ومرتين يومياً تجيبها أصواتها التي لا تُحصى."
"NPCs.quests.servantOfGod.arrivingAtMountainGate.seline.secondInteractLine3","I will let you see her, if you help me.","سأجعلك تراها بأم عينيك، إن ساعدتني."
"NPCs.quests.servantOfGod.arrivingAtMountainGate.seline.secondInteractLine4","See her restored to glory.","تراها وقد عادت إليها أمجادها الغابرة."
"NPCs.quests.servantOfGod.arrivingAtMountainGate.selineAndEllsworth.interactLine1","The gate to the holy city did not fall shut without reason. 
The ancients built it to defend against the plague!","بوابة المدينة المقدسة لم تُغلق دون سبب وجيه!
لقد شيدها الأقدمون للدفاع في وجه الطاعون!"
"NPCs.quests.servantOfGod.arrivingAtMountainGate.selineAndEllsworth.interactLine2","The ancients are dead, Governor.","لقد مات الأقدمون وشبعوا موتاً، أيها الحاكم."
"NPCs.quests.servantOfGod.arrivingAtMountainGate.selineAndEllsworth.interactLine3","It’s our duty, not theirs, to save the people of Caylen.","واجبنا نحن، لا واجبهم، إنقاذ أهل كايلن."
"NPCs.quests.servantOfGod.arrivingAtMountainGate.selineAndEllsworth.interactLine4","Can you not hear them yourself, crying out for help? Calling us through the stone?","ألا تستطيع سماعهم بنفسك يستغيثون طلباً للنجدة؟ ينادوننا عبر جدار الصخر هذا؟"
"NPCs.quests.servantOfGod.arrivingAtMountainGate.selineAndEllsworth.interactLine5","I hear nothing.","أنا لا أسمع شيئاً."
"NPCs.quests.servantOfGod.arrivingAtMountainGate.selineAndEllsworth.interactLine7","The mountain won’t yield to your words the way men do.","الجبل لن يذعن لكلماتك كما يذعن الرجال."
"NPCs.quests.servantOfGod.arrivingAtMountainGate.selineAndEllsworth.interactLine8","Of course it will. All I need is someone who speaks its language.","بالتأكيد سيذعن؛ فكل ما أحتاجه هو شخص يتقن لغته."
"NPCs.quests.servantOfGod.atMountainGate.primusBainbridge.eavesdrop","Strange expedition this one.","حملة استكشافية غريبة هذه التي نخوضها."
"NPCs.quests.servantOfGod.atMountainGate.primusBainbridge.interactionLine1","Don't mind saying this backwater wasn't my first choice, but a knight of House Bolein always answers their King's call.","لا أمانع في القول إن هذه البقعة النائية لم تكن خياري الأول، لكن فارس بيت بولين يلبي نداء مليكه دائماً."
"NPCs.quests.servantOfGod.atMountainGate.primusBainbridge.interactionLine2","For nearly a century House Bolein has sat at the head of the Empire's table. Know why?","لما يقرب من قرن من الزمان جلس بيت بولين على رأس مائدة الإمبراطورية. أتعلم لماذا؟"
"NPCs.quests.servantOfGod.atMountainGate.primusBainbridge.interactionLine3","Not the church and its eerie little minions. Rather the blood and sweat of its finest knights.","ليس بفضل الكنيسة وأتباعها المريبين، بل بدماء وعرق خيرة فرسانه الأشاوس."
"NPCs.quests.servantOfGod.atMountainGate.primusBainbridge.interactionLine4","With any luck we'll be back on the mainland soon without expending too much of either.","مع قليل من الحظ، سنعود إلى القارة قريباً دون أن نريق الكثير من أي منهما."
"NPCs.quests.servantOfGod.atMountainGate.primusBainbridge.retalk","Don't linger too long, stranger, my men are fond of target practice.","لا تطل المكوث أيها الغريب، فرجالي مولعون بالتدرب على إصابة الأهداف."
"NPCs.quests.servantOfGod.atMountainGate.primusBainbridge.var1.eavesdrop","Was something supposed to happen?","أكان من المفترض أن يحدث شيء ما؟"
"NPCs.quests.servantOfGod.atMountainGate.primusBainbridge.var1.interactionLine1","Ancient plagues, mystical forces, buried secrets. Nonsense.","أوبئة قديمة، قوى صوفية، أسرار دفينة... كلها هراء وتفاهات."
"NPCs.quests.servantOfGod.atMountainGate.primusBainbridge.var1.interactionLine2","You know how you know what's real? You can stick it with a pike.","أتعلم كيف تميز ما هو حقيقي؟ الحقيقي هو ما تستطيع طعنه بالرمح."
"NPCs.quests.servantOfGod.atMountainGate.primusBainbridge.var1.retalk","Something tells me this is gonna mean more work for me and mine.","ثمة شعور يخبرني أن هذا سيعني المزيد من المشقة لي ولرجالي."
"NPCs.quests.servantOfGod.atMountainGate.primusBainbridge.var2.interaction","Better lifting stones than fending off Kylesh marauders or putting down Waithe fanatics.","رفع الحجارة خيرٌ من صد غزاة كايليش أو قمع متعصبي وايث."
"NPCs.quests.servantOfGod.atMountainGate.primusBainbridge.var2.retalk","But I wouldn't say no to a bit of action, warm my blood a bit.","لكنني لن أمانع في قليل من القتال والحماس، لأشعل الدماء في عروقي."
"NPCs.quests.servantOfGod.atMountainGate.primusBainbridge.var3.interaction","I can't say much for the grandeur of God, but it's quite a monument to the might of men.","لا أستطيع التحدث كثيراً عن جلال الإله وعظمته، لكن هذا الصرح نصبٌ شامخ لبأس الرجال وقوتهم."
"NPCs.quests.servantOfGod.atMountainGate.primusBainbridge.var3.retalk","Lotta work to crack an egg.","جهد شاق ومضنٍ لكسر بيضة واحدة فحسب."
"NPCs.quests.servantOfGod.atMountainGate.speakerHess.eavesdrop","Heresy...","هرطقة مقيتة..."
"NPCs.quests.servantOfGod.atMountainGate.speakerHess.interactionLine1","Can you feel your dead here, Cerim?","أتستشعر موتاك هنا يا سيريم؟"
"NPCs.quests.servantOfGod.atMountainGate.speakerHess.interactionLine2","I feel them.","أنا أستشعرهم بأم حواسي."
"NPCs.quests.servantOfGod.atMountainGate.speakerHess.interactionLine3","Their fingertips clawing against the bottom of my feet.","أطراف أصابعهم تخربش في باطن قدميّ."
"NPCs.quests.servantOfGod.atMountainGate.speakerHess.interactionLine4","Your foolish kind, thinking they were building walls, gates, temples.","بنو جنسك الحمقى، ظنوا أنهم يشيدون أسواراً وبوابات ومعابد."
"NPCs.quests.servantOfGod.atMountainGate.speakerHess.interactionLine5","They built only tombs.","لم يبنوا سوى أضرحة ومقابر."
"NPCs.quests.servantOfGod.atMountainGate.speakerHess.retalk","You are but the twitch of a dead thing's leg.","لست سوى انتفاضة أخيرة في ساق كائن يحتضر."
"NPCs.quests.servantOfGod.atMountainGate.speakerHess.var1.eavesdrop","Your dead god laughs at you.","إلهكم الميت يسخر منكم."
"NPCs.quests.servantOfGod.atMountainGate.speakerHess.var1.interactionLine1","Do not fear, charlatan, our true God will do what you never could.","لا تجزع أيها الدجال، فإلهنا الحق سينجز ما عجزتم أنتم عنه تماماً."
"NPCs.quests.servantOfGod.atMountainGate.speakerHess.var1.interactionLine2","Perhaps you may find the same purpose your people found - to feed the soil.","ربما تجد الغاية ذاتها التي وجدها بنو جنسك - أن تطعموا التراب برفاتكم."
"NPCs.quests.servantOfGod.atMountainGate.speakerHess.var2.interaction","You may linger, Cerim, and witness what a living faith can achieve.","يمكنك البقاء يا سيريم، لتشهد ما يستطيع الإيمان الحي الحقيقي تحقيقه."
"NPCs.quests.servantOfGod.atMountainGate.speakerHess.var2.retalk","There is no labor when it is in God's name.","ما من تعب ولا مشقة حين يكون العمل خالصاً باسم الإله."
"NPCs.quests.servantOfGod.atMountainGate.speakerHess.var3.interaction","Our great engine knocks at salvation's door.","آلتنا العظمى تقرع الآن أبواب الخلاص."
"NPCs.quests.servantOfGod.atMountainGate.speakerHess.var3.retalk","The time has come.","لقد حانت اللحظة الموعودة."
"NPCs.quests.servantOfGod.atMountainGate.speakerTermina.eavesdrop","God's hands will enfold you.","أيادي الإله ستحتضنك وتغمرك."
"NPCs.quests.servantOfGod.atMountainGate.speakerTermina.interactionLine1","There is a place for you here...","ثمة متسع لك هنا بيننا..."
"NPCs.quests.servantOfGod.atMountainGate.speakerTermina.interactionLine2","The void inside you can be filled.","الفراغ الساكن في داخلك يمكن أن يمتلئ باليقين."
"NPCs.quests.servantOfGod.atMountainGate.speakerTermina.interactionLine3","Throw down your weapons, and wait for his Embrace.","ألقِ أسلحتك أرضاً، وانتظر احتضانه ورحمته."
"NPCs.quests.servantOfGod.atMountainGate.speakerTermina.interactionLine4","Soon you will feel His fingers wrapping around your mind... His hand around your skull.","عما قريب ستشعر بأصابعه تلتف حول عقلك... ويده تقبض على جمجمتك."
"NPCs.quests.servantOfGod.atMountainGate.speakerTermina.interactionLine5","This is Salvation.","هذا هو الخلاص الحق."
"NPCs.quests.servantOfGod.atMountainGate.speakerTermina.retalk","You will understand before the end.","ستدرك المعنى قبل النهاية."
"NPCs.quests.servantOfGod.atMountainGate.speakerTermina.var1.eavesdrop","Take it as a sign...","خذها كإشارة وآية..."
"NPCs.quests.servantOfGod.atMountainGate.speakerTermina.var1.interactionLine1","There is no Sayer. There is no other light. ","لا وجود للناطق، ولا وجود لأي نور سواه."
"NPCs.quests.servantOfGod.atMountainGate.speakerTermina.var1.interactionLine2","The only path lies with us. ","السبيل الوحيد يكمن معنا نحن."
"NPCs.quests.servantOfGod.atMountainGate.speakerTermina.var1.retalk","We will wait for you.","سننتظرك حتى تأتي."
"NPCs.quests.servantOfGod.atMountainGate.speakerTermina.var2.interactionLine1","What you see being built here is not a work of Man.","ما تراه يُشيّد هنا ليس من صنيع البشر وحدهم."
"NPCs.quests.servantOfGod.atMountainGate.speakerTermina.var2.interactionLine2","It is not the sweat of these slaves that will bring down the gate - it is the gentle touch of the Eternal.","ليس عرق هؤلاء العبيد هو ما سيسقط البوابة - بل اللمسة الرقيقة للسرمدي الأزلي."
"NPCs.quests.servantOfGod.atMountainGate.speakerTermina.var2.retalk","Can you feel him in the air?","أتستشعر حضوره في الهواء؟"
"NPCs.quests.servantOfGod.atMountainGate.speakerTermina.var3.interactionLine1","Now that I see it built... Now that I hear the shuddering of the stone, I... I must confess...","والآن وقد رأيتها قائمة... والآن وقد سمعت تصدع الحجر واهتزازه، أنا... عليّ أن أعترف..."
"NPCs.quests.servantOfGod.atMountainGate.speakerTermina.var3.interactionLine2","...I am not sure what awaits us on the other side.","...لست واثقاً مما ينتظرنا على الجانب الآخر."
"NPCs.quests.servantOfGod.atMountainGate.speakerTermina.var3.retalk","What have we done?","ما الذي اقترفناه بأيدينا؟"
"NPCs.quests.servantOfGod.inquisitorsBlockingCerimChamber.interactLine1","The many hands.","الأيادي المتعددة."
"NPCs.quests.servantOfGod.inquisitorsBlockingCerimChamber.retalkLine1","Begone. You have no business in the Nameless Pass.","اغرب عن وجوهنا، لا شأن لك في الممر المجهول."
"NPCs.quests.servantOfGod.inquisitorsBlockingCerimChamber.retalkLine2","Go back to your kind, Cerim, and ask them why? Why were you born? Why not end this lineage of torment?","عُد إلى بني جنسك يا سيريم، واسألهم: لماذا؟ لماذا وُلدتم أصلاً؟ ولماذا لا تضعون حداً لسلالة العذاب هذه؟"
"NPCs.quests.servantOfGod.inquisitorsBlockingCerimChamber.retalkLine3","May your next of kin find stillborn peace.","عسى أن يلقى أقرباؤك القادمون سكينة الموت في الأرحام."
"NPCs.quests.servantOfGod.inquisitorsBlockingCerimChamber.secondInteractLine1","The eye within.","العين الباطنة."
"NPCs.quests.servantOfGod.inquisitorsBlockingCerimChamber.thirdInteractLine1","Who speaks to us?","من ذا الذي يخاطبنا؟"
"NPCs.quests.servantOfGod.inquisitorsBlockingCerimChamber.thirdInteractLine2","One who slips between God’s fingers.","كائنٌ يتسلل بين أصابع الإله."
"NPCs.quests.servantOfGod.inquisitorsBlockingCerimChamber.thirdInteractLine3","None may pass. By order of the Madrigal.","لا يُسمح لأحد بالمرور، بأمر من المادريغال."
"NPCs.quests.servantOfGod.inquisitorsBlockingCerimChamber.thirdInteractLine4","The Cerim do not hear. They have no ears, nor eyes, nor tongue for speaking.","السيريم لا يسمعون؛ فليس لديهم آذان، ولا عيون، ولا ألسنة للنطق والحديث."
"NPCs.quests.servantOfGod.inquisitorsBlockingCerimChamber.thirdInteractLine5","They understand only death.","هم لا يفقهون سوى لغة الموت."
"NPCs.quests.servantOfGod.inquisitorsBlockingCerimChamber.thirdInteractLine6","Flee, Unspoken. Lest we begin to speak your language. ","اهرب أيها الصامت، خشية أن نبدأ بالتحدث بلغتك."
"NPCs.quests.servantOfGod.inquisitorsBlockingNamelessPass.eavesdrop","The many hands...","الأيادي المتعددة..."
"NPCs.quests.servantOfGod.inquisitorsBlockingNamelessPass.interactLine1","We cleansed the pass of God's unwanted...","لقد طهرنا الممر من كل ما يمقت الإله وجوده..."
"NPCs.quests.servantOfGod.inquisitorsBlockingNamelessPass.interactLine2","...washed it down to purest stone.","...وغسلناه حتى كشفنا أنقى أحجاره الصماء."
"NPCs.quests.servantOfGod.inquisitorsBlockingNamelessPass.interactLine3","And yet look now what crawls forth...","ومع ذلك انظر إلى ما يزحف إلينا الآن..."
"NPCs.quests.servantOfGod.inquisitorsBlockingNamelessPass.interactLine4","...one, it seems, that God forgot.","...كائنٌ يبدو أن الإله قد نسيه وتغافل عنه."
"NPCs.quests.servantOfGod.inquisitorsBlockingNamelessPass.retalkLine1","Go, silent one. See the Madrigal if you must.","امضِ أيها الصامت، وقابل المادريغال إن كان لا بد لك من ذلك."
"NPCs.quests.servantOfGod.inquisitorsBlockingNamelessPass.retalkLine2","Perhaps she will be the last thing you see...","فربما تكون هي آخر ما تراه عيناك في هذه الدنيا..."
"NPCs.quests.servantOfGod.inquisitorsSacramentQuestKickoff.SecondInteractLine1","This order is an act of grace.","هذا الأمر الصادر بادرة رحمة ونعمة."
"NPCs.quests.servantOfGod.inquisitorsSacramentQuestKickoff.SecondInteractLine2","It is her desire, not ours.","إنها رغبتها هي، لا رغبتنا نحن."
"NPCs.quests.servantOfGod.inquisitorsSacramentQuestKickoff.SecondInteractLine3","As you have separated yourself from God, soon may you find your soul separated from your body.","وكما فصلت نفسك عن الإله، فعسى أن ترى روحك مفصولة عن جسدك عما قريب."
"NPCs.quests.servantOfGod.inquisitorsSacramentQuestKickoff.SecondInteractLine4","Your head from your neck.
Your eyes from your skull.","ورأسك عن عنقك.
وعيناك عن جمجمتك."
"NPCs.quests.servantOfGod.inquisitorsSacramentQuestKickoff.SecondInteractLine5","Perhaps one day we will cleanse this island of even you.","ربما نطهر هذه الجزيرة منك أنت أيضاً يوماً ما."
"NPCs.quests.servantOfGod.inquisitorsSacramentQuestKickoff.eavesdrop","She will speak with the Cerim...","إنها ترغب في محادثة السيريم..."
"NPCs.quests.servantOfGod.inquisitorsSacramentQuestKickoff.interactLine1","The Madrigal... requests your presence. You must make your way through the Nameless Pass, and seek her audience.","المادريغال... تطلب حضورك. عليك أن تشق طريقك عبر الممر المجهول، وتلتمس المثول بين يديها."
"NPCs.quests.servantOfGod.inquisitorsSacramentQuestKickoff.interactLine2","At the heretics’ gate.","عند بوابة المهرطقين."
"NPCs.quests.servantOfGod.inquisitorsSacramentQuestKickoff.interactLine3","At the pagan door.","عند الباب الوثني."
"NPCs.quests.servantOfGod.inquisitorsSacramentQuestKickoff.interactLine4","This is the will of god.","تلك هي مشيئة الإله."
"NPCs.quests.servantOfGod.inquisitorsSacramentQuestKickoff.interactLine5","Many lives ago, your kind fought the curse. The Madrigal believes you may be of service again.","منذ دهور خلت، حارب بنو جنسك اللعنة. والمادريغال ترى أنكم قد تفيدون مجدداً."
"NPCs.quests.servantOfGod.inquisitorsSacramentQuestKickoff.interactLine6","As God finds meaning even in broken things... So does she.","وكما يجد الإله غاية ومغزى حتى في الأشياء المحطمة... فكذلك تفعل هي."
"NPCs.quests.servantOfGod.inquisitorsSacramentQuestKickoff.interactLine7","Go east. Toward the sound of steel and flesh.","توجه شرقاً، نحو وقع الفولاذ وصوت اللحم."
"NPCs.quests.servantOfGod.inquisitorsSacramentQuestKickoff.interactLine8","The sound of deliverance.","صوت الخلاص."
"NPCs.quests.servantOfGod.inquisitorsSacramentQuestKickoff.retalkLine1","Find the Madrigal at the gate. Go, or be taken.","ابحث عن المادريغال عند البوابة. اذهب طوعاً، أو تُساق قهراً."
"NPCs.quests.servantOfGod.inquisitorsSacramentQuestKickoff.retalkLine2","The many hands.
The eye within.","الأيادي المتعددة.
العين الباطنة."
"NPCs.quests.servantOfGod.mountainGateAfterCerimChamber.ellsworth.interactLine1","We should not linger, Cerim.","لا ينبغي لنا المكوث هنا طويلاً يا سيريم."
"NPCs.quests.servantOfGod.mountainGateAfterCerimChamber.ellsworth.interactLine2","The Madrigal has no further use for us. Or for reason it seems. But you can still be of use in Sacrament.","لم تعد المادريغال بحاجة إلينا، أو لصوت العقل كما يبدو. لكن لا يزال بإمكانك أن تكون نافعاً في ساكرامنت."
"NPCs.quests.servantOfGod.mountainGateAfterCerimChamber.ellsworth.interactLine3","I pray we both make it back in one piece.","أرجو أن نعود كلانا سالمين معافين."
"NPCs.quests.servantOfGod.mountainGateAfterCerimChamber.ellsworth.interactLine4","Although... what waits for me in Sacrament cannot be tamed with swords and spears.","مع أن... ما ينتظرني في ساكرامنت لا يمكن ترويضه بالسيوف والرماح."
"NPCs.quests.servantOfGod.mountainGateAfterCerimChamber.seline.interact2Line1","What must it be like, to have no true name? To be defined by that which you seek to kill?","كيف يكون شعور المرء حين لا يحمل اسماً حقيقياً؟ حين يُعرَّف فقط بما يسعى لقتله؟"
"NPCs.quests.servantOfGod.mountainGateAfterCerimChamber.seline.interact2Line2","I imagine it like a pit within your chest.","أتخيل ذلك كهوة سحيقة داخل صدرك."
"NPCs.quests.servantOfGod.mountainGateAfterCerimChamber.seline.interact2Line3","And all you can do is dig deeper.","وكل ما يسعك فعله هو الحفر أكثر فأكثر في أعماقها."
"NPCs.quests.servantOfGod.mountainGateAfterCerimChamber.seline.interactLine1","How disappointing. Even your own history rejects you.","يا للخيبة الكبرى. حتى تاريخك أنت ينبذك ويرفضك."
"NPCs.quests.servantOfGod.mountainGateAfterCerimChamber.seline.interactLine2","I should have known better. Believing I could find purpose in the last descendant of a failed race.","كان ينبغي لي أن أكون أحكم من ذلك، بدل أن أصدق أنني قد أجد غاية في آخر سليل لسلالة فاشلة."
"NPCs.quests.servantOfGod.mountainGateAfterCerimChamber.seline.interactLine3","But my purpose is clear. I have given my life to God a thousand times over. And God, in turn, has made my life an arrow.","لكن غايتي واضحة وجلية. لقد وهبت حياتي للإله ألف مرة ومرة، والإله بدوره جعل حياتي سهماً نافذاً."
"NPCs.quests.servantOfGod.mountainGateAfterCerimChamber.seline.interactLine4","An arrow pointed straight through this stone, at the heart of the rot in Caylen.","سهماً مصوباً مباشرة عبر هذا الصخر الأصم، إلى قلب العفن المستشري في كايلن."
"NPCs.quests.servantOfGod.mountainGateAfterCerimChamber.seline.interactLine5","Go now, Cerim. This is not your story. Not anymore.","ارحل الآن يا سيريم. هذه ليست قصتك، ليس بعد الآن."
"NPCs.quests.servantOfGod.mountainGateAfterCerimChamber.seline.retalk","This gate will fall, Cerim. And the old ways will fall with it.","ستسقط هذه البوابة يا سيريم، وتسقط معها السبل القديمة."
"NPCs.quests.servantOfGod.orvyn.eavesdrop","Sure you wanna head that way?","أواثق من رغبتك في التوجه إلى تلك الناحية؟"
"NPCs.quests.servantOfGod.orvyn.interact1Line1","Nothing that direction but a wrecked quarry, a closed gate, and now an army of Inquisitors. Disquieting they are.","لا شيء في ذاك الاتجاه سوى مقلع محطم وبوابة مغلقة وجيش من المحققين المقلقين للراحة."
"NPCs.quests.servantOfGod.orvyn.interact1Line2","I see Ellsworth marching with 'em. Finally graces the Pass with his presence.","أرى إلسورث يزحف معهم، وأخيراً شرف الممر بحضوره البهي."
"NPCs.quests.servantOfGod.orvyn.interact1Line3","""How you living, Orvyn? Could you use help with the farm, Orvyn?"" Nah, he didn't say nothing.","«كيف حالك يا أورفين؟ أتحتاج مساعدة في المزرعة يا أورفين؟» كلا، لم ينطق بحرف واحد."
"NPCs.quests.servantOfGod.orvyn.interact1Line4","Mainland looks down at her isles. Sacrament at those living outside her gates. No difference.","القارة تزدري جزرها، وساكرامنت تزدري من يعيش خارج أسوارها. ما من فرق يذكر."
"NPCs.quests.servantOfGod.orvyn.interact2Line1","Admiring my farmstead, my little slice of heaven?","أمعجب بمزرعتي؟ بقطعتي الصغيرة من الجنة؟"
"NPCs.quests.servantOfGod.orvyn.interact2Line2","Used to be at least.","كانت كذلك في السابق على الأقل."
"NPCs.quests.servantOfGod.orvyn.interact2Line3","Guards march prisoners to the quarry - I sell 'em turnips. Guards march home - I sell more turnips.","يسوق الحراس السجناء إلى المقلع - فأبيعهم اللفت. ويعود الحراس إلى ديارهم - فأبيعهم مزيداً من اللفت."
"NPCs.quests.servantOfGod.orvyn.interact2Line4","Then the plague. Quarry riots. Brigands and Boarskin on the road. Had a wife - now I got a plot.","ثم جاء الطاعون، وتمردات المقلع، وقطاع الطرق والهمج على الطريق. كانت لي زوجة - والآن لديّ قبرها."
"NPCs.quests.servantOfGod.orvyn.interact2Line5","Is Orvyn leaving? Eh, maybe tomorrow. Always tomorrow.","أيرحل أورفين؟ إيه، ربما غداً. دائماً غداً."
"NPCs.quests.servantOfGod.orvyn.retalkLine1","You should've seen this place when the Mountain Gate was open and the quarry thriving.","كان ينبغي لك أن ترى هذا المكان حين كانت بوابة الجبل مفتوحة والمقلع يزدهر بالحياة."
"NPCs.quests.servantOfGod.orvyn.retalkLine2","A right highway. Plum real estate. Now it's just a warning, a road sign - ""death ahead.""","طريق رئيسي عام، وأرضٌ من أثمن الأراضي. أما الآن فمجرد تحذير وشاخصة طريق تقول: «الموت أمامكم»."
"NPCs.quests.servantOfGod.quarryPrisonerMalec.eavesdropLine1","Quarry’s done for. So am I. You’ve come too late.","انتهى أمر المقلع، وانتهى أمري معه. لقد جئت بعد فوات الأوان."
"NPCs.quests.servantOfGod.quarryPrisonerMalec.interactLine1","You... You’re not the Inquisition. You’re something else. ","أنت... لست من محاكم التفتيش. أنت شيء آخر تماماً."
"NPCs.quests.servantOfGod.quarryPrisonerMalec.interactLine2","They came like a fire. Not seeing, only burning. Marching toward the Mountain Gate. Left us to die...","أقبلوا كالنار العاتية، لا يرون شيئاً، فقط يحرقون كل ما أمامهم، زاحفين نحو بوابة الجبل، وتركونا هنا لنهلك..."
"NPCs.quests.servantOfGod.quarryPrisonerMalec.interactLine3","But some prisoners fled before the Madrigal came. Sought safety in the Cerim ruins to the north.","لكن بعض السجناء فروا قبل قدوم المادريغال، ولاذوا بالأمان في أطلال السيريم في الشمال."
"NPCs.quests.servantOfGod.quarryPrisonerMalec.interactLine4","The two who led the escape - they were the worst of us all. The Riven Twins.","والاثنان اللذان قادا الهروب كانا أشرنا وأخبثنا على الإطلاق: التوأمان المشطوران."
"NPCs.quests.servantOfGod.quarryPrisonerMalec.interactLine5","If the Torn don’t kill you, they surely will. ","إن لم يقتلك الممزقون، فسيقتلك التوأمان لا محالة."
"NPCs.quests.servantOfGod.quarryPrisonerMalec.retalkLine1","The ones who put me in here... I only wish I could have my hands around their throat before I turn.","أولئك الذين زجوا بي هنا... أتمنى فقط لو أطبقت يديّ على حناجرهم قبل أن أتحول إلى مسخ."
"NPCs.quests.servantOfGod.quarryPrisonerMalec.retalkLine2","That would be a fine ending.","تلك كانت لتكون خاتمة حسنة ولائقة."
"NPCs.quests.servantOfGod.quarryPrisonerMalec.secondInteractLine1","Guards abandoned us when the Pestilence came. Left the healthy chained to the sick. ","تخلى الحراس عنا حين حل الوباء، وتركوا الأصحاء مقيدين بالسلاسل إلى جوار المرضى."
"NPCs.quests.servantOfGod.quarryPrisonerMalec.secondInteractLine2","And the Inquisitors burned anyone unlucky enough to still be alive.","وأحرق المحققون كل من كان حظه عاثراً بما يكفي ليبقيه حياً."
"NPCs.quests.servantOfGod.quarryPrisonerMalec.secondInteractLine3","If you make it to the ruins of your kind, ask your god what we did to deserve this.","إن تمكنت من الوصول إلى أطلال بني جنسك، فاسأل إلهك عما اقترفناه لنستحق هذا العقاب."
"NPCs.quests.servantOfGod.quarryPrisonerMalec.secondInteractLine4","Mine’s not answering. ","فإلهي أنا لا يجيبني قط."
"NPCs.quests.spilledBlood.afterBreach.interactLine1","Too long... I’ve lived too long... To see such foulness return.","طويلاً جداً... عشتُ أطول مما ينبغي... لأرى هذا الخبث يعود مجدداً."
"NPCs.quests.spilledBlood.afterFirstEffigy.interactLine1","What is it?","ما هذا الشيء؟"
"NPCs.quests.spilledBlood.afterFirstEffigy.interactLine2","A Watcher regards but never interferes. A Watcher observes but never affects.","المراقب يرقب لكنه لا يتدخل أبداً. المراقب يعاين لكنه لا يغير مجرى الأمور."
"NPCs.quests.spilledBlood.afterFirstEffigy.interactLine3","Wait, is this... it’s an effigy.","مهلاً، أهذا... إنه مجسم طقسي."
"NPCs.quests.spilledBlood.afterFirstEffigy.interactLine4","“Sinew, husk, and marrow tamed.
Healed by fire, sickened by flame.”","«عصبٌ وغلافٌ ونخاعٌ رُوّضت.
شُفيت بالنار، وسَقِمَت باللهب.»"
"NPCs.quests.spilledBlood.afterFirstEffigy.interactLine5","Cerim, perhaps if you burn the effigy in a plagued fire...","يا سيريم، ربما إن أحرقتَ المجسم في نار موبوءة..."
"NPCs.quests.spilledBlood.afterFirstEffigy.interactLine6","...we can banish it once more.","...فسيكون بوسعنا طرده ودحره مرة أخرى."
"NPCs.quests.spilledBlood.afterFirstEffigy.interactLine7","But what happens if it’s burned in a pure fire?","لكن ما الذي سيحدث إن أُحرق في نار طاهرة نقية؟"
"NPCs.quests.spilledBlood.afterFirstEffigy.interactLine8","Blood. Ash. Death.","دماء. رماد. وموت محتوم."
"NPCs.quests.spilledBlood.afterFirstEffigy.roan.retalkLine1","The nights I’ve spent in this rookery, scouring books and old scrolls for a secret, a cure, a weapon.","الليالي الطوال التي قضيتها في برج الغربان هذا، أنبش الكتب والمخطوطات القديمة بحثاً عن سر أو علاج أو سلاح."
"NPCs.quests.spilledBlood.afterFirstEffigy.roan.retalkLine2","When perhaps you were the weapon all along, Cerim.","بينما ربما كنت أنت هو السلاح طوال الوقت يا سيريم."
"NPCs.quests.spilledBlood.afterFirstPlaguedBoss.roan.retalkLine1","It sounds as if the creature you fought was almost a shade or imprint of one you’ve faced before. A recollection.","يبدو كما لو أن المخلوق الذي قاتلته كان شبيهاً بطيف أو أثر لوحش واجهته من قبل. ذكرى متجسدة."
"NPCs.quests.spilledBlood.afterFirstPlaguedBoss.roan.retalkLine2","Could the plague have a memory? But that which has a memory has a mind.","أيمكن أن يكون للوباء ذاكرة تخصه؟ لكن ما يملك ذاكرة يملك عقلاً وإدراكاً."
"NPCs.quests.spilledBlood.afterFirstPlaguedBoss.roan.retalkLine3","Curious. Most curious.","أمرٌ عجيب ومثير للدهشة حقاً."
"NPCs.quests.spilledBlood.afterGateBreach.tristanAndLearlRamparts.eavesdropLine1","Bad to worse.","من سيئ إلى أسوأ."
"NPCs.quests.spilledBlood.afterGateBreach.tristanAndLearlRamparts.jointInteractionLine1","Did you put in a good word for us, Cerim? Poke your nose where it don't belong?","هل توسطت لنا بكلمة طيبة يا سيريم؟ أم حشرت أنفك فيما لا يعنيك؟"
"NPCs.quests.spilledBlood.afterGateBreach.tristanAndLearlRamparts.jointInteractionLine2","No? Doesn't matter. Now look at us!","لا؟ لا يهم ذلك الآن، انظر إلى حالنا!"
"NPCs.quests.spilledBlood.afterGateBreach.tristanAndLearlRamparts.jointInteractionLine3","Winnick promoted us right back on the wall! Like serving up a meal to those flying beasts.","لقد رقى وينيك رتبتنا ليعيدنا إلى السور مباشرة! وكأنه يقدمنا كوجبة جاهزة لتلك الوحوش الطائرة."
"NPCs.quests.spilledBlood.afterGateBreach.tristanAndLearlRamparts.jointInteractionLine4","He said he ""had faith in us."" Didn't like the sound of that, not one bit.","قال إنه «يضع ثقته وإيمانه فينا». لم يعجبني وقع ذلك على الإطلاق."
"NPCs.quests.spilledBlood.afterGateBreach.tristanAndLearlRamparts.jointInteractionLine5","I can't be risking my life up here. I've got a family to take care of!","لا يمكنني المخاطرة بحياتي هنا في الأعلى، فلديّ عائلة عليّ رعايتها!"
"NPCs.quests.spilledBlood.afterGateBreach.tristanAndLearlRamparts.jointInteractionLine6","Who? Elga?","من؟ إلغا؟"
"NPCs.quests.spilledBlood.afterGateBreach.tristanAndLearlRamparts.jointInteractionLine7","Well... She could be family. I'm planning ahead, eyeing the future.","حسناً... يمكن أن تصبح عائلتي. أنا أخطط للمستقبل وأضع عيني عليه."
"NPCs.quests.spilledBlood.afterGateBreach.tristanAndLearlRamparts.jointInteractionLine8","Do me a favor and keep both those eyes on the skies. Elga's not gonna wed a corpse.","أسدِ إليّ معروفاً وأبقِ كلتا عينيك على السماء، فإلغا لن تتزوج جثة هامدة."
"NPCs.quests.spilledBlood.afterGateBreach.tristanAndLearlRamparts.retalkLine1","If you manage to spread word that we're not deserving of our duties, it'd be much appreciated, Cerim.","إن نجحت في نشر شائعة بأننا لا نستحق مهامنا العسكرية هذه، فسنكون ممتنين لك للغاية يا سيريم."
"NPCs.quests.spilledBlood.afterOneMainQuest.hasIchor.interact1_Line1","Could they... The Unspoken, who came too late... Could they...?","أيمكنهم... الصامتون، الذين جاؤوا بعد فوات الأوان... أيمكنهم...؟"
"NPCs.quests.spilledBlood.afterOneMainQuest.hasIchor.interact1_Line2","Foolish to hope. Foolish not to. A coin with a fool on both sides.","من الحماقة أن نأمل، ومن الحماقة ألا نأمل. عملة يحمل وجهاها صورة أحمق."
"NPCs.quests.spilledBlood.afterOneMainQuest.noIchor.interact1_Line1","Was I... Unspoken? Long ago?","أكنتُ... من الصامتين؟ منذ زمن بعيد؟"
"NPCs.quests.spilledBlood.afterOneMainQuest.noIchor.interact1_Line2","Or have I simply... forgotten to speak?","أم أنني ببساطة... نسيت كيف أتكلم؟"
"NPCs.quests.spilledBlood.afterOneMainQuest.noIchor.interact1_Line3","The mind is... a burrow. A dark hole... filled with muck and vermin.","العقل... جحر مظلم مليء بالوحل والهوام."
"NPCs.quests.spilledBlood.afterOneMainQuest.noIchor.interact1_Line4","But sometimes, perhaps... It can be a haven. For long winters.","لكن في بعض الأحيان، ربما... يمكن أن يكون ملاذاً للشتاءات الطويلة."
"NPCs.quests.spilledBlood.afterRTB.interactLine2","Like a keening. A blackened prayer. The voices of the lost.","كنواحٍ حزين، صلاة سوداء، أصوات التائهين والضائعين."
"NPCs.quests.spilledBlood.afterRTB.interactLine3","If a prayer can be answered, then it can be silenced.","إن كان بوسع الدعاء أن يُستجاب، فبوسعنا إسكاته أيضاً."
"NPCs.quests.spilledBlood.afterRootsThatBind.interactLine1","The Pestilence. It has a sound to it. When the night is still, you can hear it. Whispering.","الوباء... له صوت مسموع. حين يهدأ الليل ويسكن، يمكنك سماعه يهمس في الظلام."
"NPCs.quests.spilledBlood.afterTwoMainQuests.noIchor.interact1_Line1","Down in the darkness, my... mind was... ","هناك في الأعماق المظلمة، كان... عقلي..."
"NPCs.quests.spilledBlood.afterTwoMainQuests.noIchor.interact1_Line2","Waiting. Listening...","ينتظر. وينصت باهتمام..."
"NPCs.quests.spilledBlood.afterTwoMainQuests.noIchor.interact1_Line3","There was... an imp. Gnawing at me. Scratching at my wits.","كان هناك... شيطان صغير ينهشني، ويخربش في وعيي وإدراكي."
"NPCs.quests.spilledBlood.afterTwoMainQuests.noIchor.interact1_Line4","I leaned in... closer, until I could see his true form... ","اقتربتُ منه أكثر فأكثر حتى استطعت رؤية هيئته الحقيقية..."
"NPCs.quests.spilledBlood.afterTwoMainQuests.noIchor.interact1_Line5","It was the question. ","لقد كان السؤال بعينه."
"NPCs.quests.spilledBlood.afterTwoMainQuests.noIchor.interact1_Line6","...Why has it returned?","...لماذا عاد الوباء من جديد؟"
"NPCs.quests.spilledBlood.afterWeepingSisters.interactLine1","More ichor. This one... flecked with sadness. The girl’s eyes were open as it took her.","المزيد من الإيكور. وهذا بالذات... ممزوجٌ بالحزن. كانت عينا الفتاة مفتوحتين حين تمكن منها."
"NPCs.quests.spilledBlood.afterWeepingSisters.interactLine4","Do you know where your kind came from, Cerim...?","أتعلم من أين أتى بنو جنسك يا سيريم...؟"
"NPCs.quests.spilledBlood.afterWeepingSisters.interactLine6","From death. First there was the plague. Then came the Cerim.","من الموت. أولاً كان الطاعون، ثم جاء السيريم بعده."
"NPCs.quests.spilledBlood.afterWeepingSisters.interactLine7","Your paths are woven together. When one ends, perhaps, so shall the other.","مساركما منسوجان معاً. وحين ينتهي أحدهما، ربما ينتهي الآخر أيضاً."
"NPCs.quests.spilledBlood.craftingFirstEffigy.interactLine1","Here... Give it here.","إلى هنا... هاتها إلى هنا."
"NPCs.quests.spilledBlood.craftingFirstEffigy.interactLine2","You’ve brought them! A... menagerie of the grotesque.","لقد جلبتها! تشكيلة... غريبة من البشاعة والتشوه."
"NPCs.quests.spilledBlood.craftingFirstEffigy.interactLine3","What are you making, Master?","ما الذي تصنعه يا سيدي؟"
"NPCs.quests.spilledBlood.craftingFirstEffigy.interactLine4","Amends.","كفارة عما سلف."
"NPCs.quests.spilledBlood.gateBreachCinematic.seline.CinematictLine1","SELINE: All I ever had was purpose.","سيلين: كل ما امتلكته في حياتي كان الغاية والهدف."
"NPCs.quests.spilledBlood.gateBreachCinematic.seline.CinematictLine2","SELINE: I won't stand by as the people of Caylen perish.","سيلين: لن أقف مكتوفة الأيدي بينما يهلك أهل كايلن."
"NPCs.quests.spilledBlood.gateBreachCinematic.seline.CinematictLine3","SELINE: They will ask how God saved his faithful. ","سيلين: سيسألون كيف أنقذ الإله عباده المؤمنين."
"NPCs.quests.spilledBlood.gateBreachCinematic.seline.CinematictLine4","SELINE: And we will say -","سيلين: وسنقول —"
"NPCs.quests.spilledBlood.gateBreachCinematic.seline.CinematictLine5","SELINE: He brought down mountains.","سيلين: لقد دك الجبال دكاً."
"NPCs.quests.spilledBlood.gateBreachCinematic.seline.CinematictLine6","SELINE: With many eyes you see my future. With many hands you protect my journey. ","سيلين: بعيونك الكثيرة ترى مستقبلي، وبأياديك العديدة تحمي مسيرتي."
"NPCs.quests.spilledBlood.gateBreachCinematic.seline.CinematictLine7","SELINE: With many eyes you see my future. With many hands... you protect my journey. ","سيلين: بعيونك الكثيرة ترى مستقبلي، وبأياديك العديدة... تحمي مسيرتي."
"NPCs.quests.spilledBlood.gateBreachCinematic.seline.CinematictLine8","SELINE: With many eyes… you…","سيلين: بعيونك الكثيرة... أنت..."
"NPCs.quests.spilledBlood.gateBreachCinematic.seline.InteractLine1","Are you proud of your time here, Cerim?","أفخورٌ أنت بوقتك الذي قضيته هنا يا سيريم؟"
"NPCs.quests.spilledBlood.gateBreachCinematic.seline.InteractLine2","Did you come to Sacra to serve frightened old men?","أجئت إلى ساكرا لتخدم شيوخاً فزعين خائفين؟"
"NPCs.quests.spilledBlood.gateBreachCinematic.seline.InteractLine3","I’ve known such men my whole life. Those who nurture their fear like a child.","عرفت أمثال هؤلاء طوال حياتي، أولئك الذين يغذون خوفهم كما يغذى الرضيع."
"NPCs.quests.spilledBlood.gateBreachCinematic.seline.InteractLine4","Who talk for hours, who fill whole tomes explaining why the right thing to do is always... nothing.","يتحدثون لساعات، ويملؤون مجلدات كاملة يشرحون فيها لماذا الصواب دوماً هو... ألا تفعل شيئاً."
"NPCs.quests.spilledBlood.gateBreachCinematic.seline.InteractLine5","I came from nothing. I was no one.","أتيتُ من العدم، ولم أكن شيئاً يُذكر."
"NPCs.quests.spilledBlood.gateBreachKickoff.InteractLine1","WATCHER: Do you hear it?","المراقب: أتسمع ذلك؟"
"NPCs.quests.spilledBlood.gateBreachKickoff.InteractLine11","WATCHER: Go, Cerim! Quickly. If she knocks hard enough, the city will answer.","المراقب: انطلق يا سيريم! بسرعة. إن دقت الباب بقوة كافية، فستجيبها المدينة."
"NPCs.quests.spilledBlood.gateBreachKickoff.InteractLine12","WATCHER: And Caylen is no longer a city of men.","المراقب: وكايلن لم تعد مدينة للبشر بعد الآن."
"NPCs.quests.spilledBlood.gateBreachKickoff.InteractLine2","ROAN: Master, you’re awake! I -","روان: سيدي، لقد استيقظت! أنا —"
"NPCs.quests.spilledBlood.gateBreachKickoff.InteractLine3","WATCHER: Be quiet, boy! For once in your life, listen, do not speak.","المراقب: اصمت يا فتى! لمرة واحدة في حياتك أنصت ولا تتكلم."
"NPCs.quests.spilledBlood.gateBreachKickoff.InteractLine4","WATCHER: Do you hear it?","المراقب: أتسمع ذلك؟"
"NPCs.quests.spilledBlood.gateBreachKickoff.InteractLine5","ROAN: Thunder?","روان: هزيم رعد؟"
"NPCs.quests.spilledBlood.gateBreachKickoff.InteractLine6","WATCHER: In a way.","المراقب: بطريقة ما، نعم."
"NPCs.quests.spilledBlood.gateBreachKickoff.InteractLine7","WATCHER: A lost daughter returns home, faith and flame at her back.","المراقب: ابنة تائهة تعود إلى ديارها، يسندها الإيمان واللهب."
"NPCs.quests.spilledBlood.gateBreachKickoff.InteractLine8","WATCHER: Your kind spoke the words that sealed the gate. But no closed door ever stopped her before.","المراقب: نطق بنو جنسك بالكلمات التي أوصدت الباب، لكن ما من باب مغلق استطاع إيقافها من قبل."
"NPCs.quests.spilledBlood.gateBreachKickoff.InteractLine9","ROAN: Do you mean the vanguard? The Madrigal?","روان: أتقصد الطليعة؟ المادريغال؟"
"NPCs.quests.spilledBlood.gateBreachKickoff.roan.interactLine1","Cerim, please gather. I must speak to you.","سيريم، أرجوك اقترب، يجب أن أحدثك."
"NPCs.quests.spilledBlood.gateBreachKickoff.roan.interactLine2","Cerim, thank the Embrace you’ve come.","سيريم، حمداً للعناية الإلهية على قدومك."
"NPCs.quests.spilledBlood.gateBreachKickoff.roan.interactLine3","ROAN: It’s the Watcher. I don’t know what’s happened.","روان: إنه المراقب، لا أدري ما الذي أصابه."
"NPCs.quests.spilledBlood.gateBreachKickoff.roan.interactLine4","ROAN: He’s made such strides of late, his faculties returning,","روان: لقد أحرز تقدماً كبيراً مؤخراً، وعادت إليه قواه العقلية،"
"NPCs.quests.spilledBlood.gateBreachKickoff.roan.interactLine5","ROAN: but today I found him, well, lapsed.","روان: لكنني وجدته اليوم، حسناً، قد انتكس."
"NPCs.quests.spilledBlood.gateBreachKickoff.roan.interactLine6","ROAN: At first I thought it was a figment of my...","روان: في البداية ظننت الأمر من نسج..."
"NPCs.quests.spilledBlood.gateBreachKickoff.roan.interactLine7","ROAN: nervous demeanor, but no - he won’t eat, nor drink.","روان: طباعي القلقة، لكن لا - فهو يرفض الأكل والشرب."
"NPCs.quests.spilledBlood.gateBreachKickoff.roan.interactLine8","ROAN: He won’t speak. His breath is far too shallow.","روان: يرفض الكلام، وأنفاسه باتت شديدة الضعف والضحالة."
"NPCs.quests.spilledBlood.gateBreachKickoff.roan.interactLine9","ROAN: I’m unable to rouse him, and I fear his condition has somehow worsened...","روان: عجزت عن إيقاظه، وأخشى أن حالته قد تدهورت بطريقة ما..."
"NPCs.quests.spilledBlood.gateBreachKickoff.roan.retalkLine1","Do as he says, Cerim. Return to the Mountain Gate and stop the Madrigal.","افعل ما يقوله يا سيريم. عُد إلى بوابة الجبل وأوقف المادريغال."
"NPCs.quests.spilledBlood.gateBreachKickoff.watcher.interact1Line1","…","..."
"NPCs.quests.spilledBlood.gateBreachKickoff.watcher.retalkLine1","Fly, Cerim. Back through the Nameless Pass. If the Gate falls, so may Sacra.","انطلق يا سيريم، عُد أدراجك عبر الممر المجهول. إن سقطت البوابة، فقد تسقط ساكرا بأسرها."
"NPCs.quests.spilledBlood.gateBreachKickoff.watcher.retalkLine2","Hope is new, but time is short. And the world pivots on small axes.","الأمل وليدٌ جديد، والوقت ضيق. والعالم يدور على محاور صغيرة."
"NPCs.quests.spilledBlood.genericIchorEavesdrops.eavesdrop1","It is... the strength of your kind.","إنها... قوة بني جنسك."
"NPCs.quests.spilledBlood.genericIchorEavesdrops.eavesdrop3","Come, Cerim. Let the dark into your veins.","تعال يا سيريم، دع الظلام يسري في عروقك."
"NPCs.quests.spilledBlood.genericIchorEavesdrops.eavesdrop4","You must bend death to your will.","يجب أن تخضع الموت لإرادتك."
"NPCs.quests.spilledBlood.plagueSystemKickoff.ellsworth.retalkLine1","You looked upon the holy city - or what was left of it -  didn’t you? I can see it in your eyes.","لقد نظرت إلى المدينة المقدسة - أو ما تبقى منها - أليس كذلك؟ أستطيع رؤية ذلك في عينيك."
"NPCs.quests.spilledBlood.plagueSystemKickoff.ellsworth.retalkLine2","Caylen may be lost, but we aren’t. Not yet.","قد تكون كايلن قد فُقدت، لكننا لم نُفقد بعد. ليس بعد."
"NPCs.quests.spilledBlood.plagueSystemKickoff.firstInteractLine1","The Pestilence, it threatens to swallow us all. Randolph’s men report outbreaks all over Sacra.","الوباء يهدد بابتلاعنا جميعاً. رجال راندولف يبلغون عن تفشيات في جميع أنحاء ساكرا."
"NPCs.quests.spilledBlood.plagueSystemKickoff.firstInteractLine2","Alistair, please. If ever your wisdom was needed, it’s now.","أليستير، أرجوك. إن كنا بحاجة إلى حكمتك في أي وقت، فهو الآن."
"NPCs.quests.spilledBlood.plagueSystemKickoff.firstInteractLine3","He was lucid before, I swear. But his mind is like... the sun dipping in and out of the clouds.","كان صافي الذهن من قبل، أقسم بذلك. لكن عقله مثل... شمس تظهر وتغيب وراء الغيوم."
"NPCs.quests.spilledBlood.plagueSystemKickoff.firstInteractLine4","He rifles through old journals and tomes, scrawling the same thing over and over in the margins.","إنه ينبش المجلات والمجلدات القديمة، ويخربش العبارة ذاتها مراراً وتكراراً في الهوامش."
"NPCs.quests.spilledBlood.plagueSystemKickoff.firstInteractLine5","“Sinew, husk, and marrow tamed.
Healed by fire, sickened by flame.”","«عصبٌ وغلافٌ ونخاعٌ رُوّضت.
شُفيت بالنار، وسَقِمَت باللهب.»"
"NPCs.quests.spilledBlood.plagueSystemKickoff.firstInteractLine6","What does it mean?","ما الذي يعنيه ذلك؟"
"NPCs.quests.spilledBlood.plagueSystemKickoff.firstInteractLine7","Perhaps nothing. Or perhaps the plague carries its own death within it. If there’s an answer, I fear we won’t find it here.","ربما لا شيء، أو ربما يحمل الطاعون موته بداخله. إن كان ثمة جواب، فأخشى أننا لن نجده هنا."
"NPCs.quests.spilledBlood.plagueSystemKickoff.guards.eavesdrop1","Look, it's the Cerim","انظروا، إنه السيريم."
"NPCs.quests.spilledBlood.plagueSystemKickoff.guards.eavesdrop10","We heard the ram fall silent, and then...","سمعنا كبش الدك يسكت فجأة، ومن ثم..."
"NPCs.quests.spilledBlood.plagueSystemKickoff.guards.eavesdrop2","Did you see those demons in the sky?","أرأيتم تلك الشياطين في السماء؟"
"NPCs.quests.spilledBlood.plagueSystemKickoff.guards.eavesdrop3","They expect us to stand against those things?","أيتوقعون منا الصمود في وجه تلك المخلوقات؟"
"NPCs.quests.spilledBlood.plagueSystemKickoff.guards.eavesdrop4","What are we to do?","ما الذي يتعين علينا فعله؟"
"NPCs.quests.spilledBlood.plagueSystemKickoff.guards.eavesdrop5","Why would he care what that old man has to say?","لماذا يكترث بما يقوله ذاك الشيخ العجوز؟"
"NPCs.quests.spilledBlood.plagueSystemKickoff.guards.eavesdrop6","What happened at the Gate?","ما الذي جرى عند البوابة؟"
"NPCs.quests.spilledBlood.plagueSystemKickoff.guards.eavesdrop7","Was this your doing, Cerim?","أكان هذا من صنيعك يا سيريم؟"
"NPCs.quests.spilledBlood.plagueSystemKickoff.guards.eavesdrop8","I don't belong on the wall.","مكاني ليس فوق السور."
"NPCs.quests.spilledBlood.plagueSystemKickoff.guards.eavesdrop9","Ellsworth'll see us through.","إلسورث سيقودنا لبر الأمان."
"NPCs.quests.spilledBlood.plagueSystemKickoff.roan.retalkLine1","If only he would speak to me. I  wish to be of service, to play my part in our preservation, but... his silence is deafening.","لو أنه يتحدث إليّ فقط. أتمنى لو أكون مفيداً، وأن أؤدي دوري في حمايتنا، لكن... صمته يصم الآذان."
"NPCs.quests.spilledBlood.plagueSystemKickoff.roan.retalkLine2","There must be an answer here in the Rookery. In one of these books or scrolls.","لا بد من وجود جواب هنا في برج الغربان، في أحد هذه الكتب أو المخطوطات القديمة."
"NPCs.quests.spilledBlood.plagueSystemKickoff.roan.retalkLine3","I just need to look harder. I’ll forgo food and sleep. But I don’t know which book... I don’t know where...","كل ما أحتاجه هو البحث بمزيد من التدقيق. سأحرم نفسي من الطعام والمنام. لكنني لا أدري أي كتاب... ولا أدري أين..."
"NPCs.quests.spilledBlood.plagueSystemKickoff.roan.retalkLine4","...I don’t know where to put my hands.","...لا أدري أين أضع يدي."
"NPCs.quests.spilledBlood.plagueSystemKickoff.secondInteractLine1","Far be it for me to command your efforts, Cerim, but we’ve no one else.","لست في موضع إصدار الأوامر لجهودك يا سيريم، لكن ليس لدينا أحد سواك."
"NPCs.quests.spilledBlood.plagueSystemKickoff.secondInteractLine2","You must do what we cannot. Face the Pestilence where it has taken deepest root. Our salvation may lie within.","عليك أن تفعل ما نعجز نحن عنه: مواجهة الوباء حيث ضرب أعمق جذوره. خلاصنا قد يكمن في ذلك."
"NPCs.quests.spilledBlood.plagueSystemKickoff.secondInteractLine3","Yes. For too long the plague has twisted our own bodies against us. Let us return the favor.","نعم. لطالما لوى الطاعون أجسادنا ضدنا لزمن طويل، فلنرد له الصاع صاعين."
"NPCs.quests.spilledBlood.plagueSystemKickoff.secondInteractLine4","And if you uncover any of the... foul anatomy the Watcher wrote of, please, bring it here. Perhaps it will awaken something within him.","وإن عثرت على أي من تلك... التشوهات الخبيثة التي كتب عنها المراقب، فأرجوك أحضرها إلى هنا. لعلها توقظ شيئاً في وجدانه."
"NPCs.quests.spilledBlood.rookeryQuestKickoff.eavesdrop","Oh good, you’re awake. Please, Cerim, you must see this.","حمداً لله أنك استيقظت. أرجوك يا سيريم، عليك أن ترى هذا."
"NPCs.quests.spilledBlood.rookeryQuestKickoff.interactLine1","Forgive the... grotesque display. We - pruned some of the poor Torn soul you killed at our gates.","المعذرة على هذا... المشهد البشع. لقد استأصلنا بعض الأجزاء من ذلك الممزق المسكين الذي صرعته عند بواباتنا."
"NPCs.quests.spilledBlood.rookeryQuestKickoff.interactLine2","I left a vial of its blood here on the table. But when I returned, I found it... altered.","تركت قارورة من دمائه هنا على الطاولة، لكن عندما عدت، وجدتها... قد تبدلت."
"NPCs.quests.spilledBlood.rookeryQuestKickoff.interactLine3","The Watcher, he - he must’ve refined it. Purified it. An ancient technique.","المراقب... لا بد أنه قام بتنقيتها وتكريرها، تقنية قديمة غابرة."
"NPCs.quests.spilledBlood.rookeryQuestKickoff.interactLine4","Now you just need to - to - to - to -","والآن كل ما عليك فعله هو... هو..."
"NPCs.quests.spilledBlood.rookeryQuestKickoff.interactLine5","I apologize. I - it’s my nerves.","أعتذر منك، إنها... أعصابي المتوترة فحسب."
"NPCs.quests.spilledBlood.rookeryQuestKickoff.interactLine6","The ichor must flow through your veins. The scrolls say it gives strength to your kind.","يجب أن يسري الإيكور في عروقك. تقول المخطوطات إنه يمنح القوة لبني جنسك."
"NPCs.quests.spilledBlood.rookeryQuestKickoff.interactLine6A","Go to the Watcher. This skill is beyond me.","توجه إلى المراقب، فهذه الصنعة تفوق قدرتي."
"NPCs.quests.spilledBlood.rookeryQuestKickoff.interactLine6retalk","Go to the Watcher.","توجه إلى المراقب."
"NPCs.quests.spilledBlood.rookeryQuestKickoff.interactLine7","There. Now, if you should encounter any more of the Torn - collect their ichor and bring it to the Watcher. ","هكذا إذن. والآن إن صادفت المزيد من الممزقين - فاجمع إيكورهم واجلبه إلى المراقب."
"NPCs.quests.spilledBlood.rookeryQuestKickoff.interactLine8","And if you ever want to know the comings and goings within our fair city’s walls, I’m your man.  ","وإن أردت يوماً معرفة ما يجري داخل أسوار مدينتنا الجميلة، فأنا دليلك وملاذك."
"NPCs.quests.spilledBlood.rookeryQuestKickoff.interactLine9","Roan - scholar, guide, inquisitive soul, unrepentant gossip - at your service! ","روان - باحث، ودليل، وفضولي، وثرثار لا يتوب - في خدمتك دائماً!"
"NPCs.quests.spilledBlood.rookeryQuestKickoff.watcher.interact1_Line1","I dream of them. Their limbs twist but do not break. Their flesh smears like oil. And the hunger in their eyes...","أحلم بهم. أطرافهم تلتوي لكنها لا تنكسر، ولحومهم تتلطخ كالزيت، وذلك الجوع الجشع في أعينهم..."
"NPCs.quests.spilledBlood.rookeryQuestKickoff.watcher.retalkLine1","I... Where is Roan?","أنا... أين روان؟"
"NPCs.quests.spilledBlood.rookeryQuestKickoff.watcher.retalkLine2","Are you...? Roan, come here! There’s a stranger in the rookery.","أأنت...؟ روان، تعال إلى هنا! هناك غريب في برج الغربان."
"NPCs.quests.spilledBlood.rookeryQuestKickoff.watcher.retalkLine3","Why have you come?","لماذا أتيت إلى هنا؟"
"NPCs.quests.spokenAndUnspoken.afterAdditionalStatues.rotatingEavesdrop1","The chamber has spoken again!","لقد تحدثت الحجرة من جديد!"
"NPCs.quests.spokenAndUnspoken.afterAdditionalStatues.rotatingEavesdrop2","More gauntlets, twisting up the stairs. Yet they draw us ever deeper...","مزيدٌ من التحديات تلتف صاعدة فوق الدرج، ومع ذلك تجذبنا إلى أعمق فأعمق..."
"NPCs.quests.spokenAndUnspoken.afterAdditionalStatues.rotatingEavesdrop3","Another statue has come to life. Perhaps this pit is truly endless.","تمثالٌ آخر دبت فيه الحياة. لعل هذه الهاوية لا نهاية لها حقاً."
"NPCs.quests.spokenAndUnspoken.afterAdditionalStatues.rotatingEavesdrop4","Another ancient one seeks your offering, Cerim. ","كائنٌ قديم آخر يلتمس قربانك يا سيريم."
"NPCs.quests.spokenAndUnspoken.afterFirstNewStatue.eavesdropLine1","Voices of the dead... Cerim, look! ","أصوات الموتى... سيريم، انظر!"
"NPCs.quests.spokenAndUnspoken.afterFirstNewStatue.eavesdropLine2","Another trial has awoken.","تحدٍ آخر قد استيقظ."
"NPCs.quests.spokenAndUnspoken.afterFirstNewStatue.interaction1_Line1","How much will this chamber keep growing?","إلى أي مدى ستواصل هذه الحجرة اتساعها ونموها؟"
"NPCs.quests.spokenAndUnspoken.afterFirstNewStatue.interaction1_Line2","More gauntlets. More savagery. More chances to be torn apart or hacked to bits.","المزيد من التحديات، والمزيد من الضراوة، وفرص أكثر للتمزق إرباً أو التقطيع إلى أشلاء."
"NPCs.quests.spokenAndUnspoken.afterFirstNewStatue.interaction1_Line3","Gods, I envy you.","برحمة الآلهة، كم أحسدك على ذلك."
"NPCs.quests.spokenAndUnspoken.afterFirstNewStatue.retalk_Line1","I wonder how many times you will spill blood for the Sayer.","أتساءل كم مرة ستريق الدماء في سبيل الناطق."
"NPCs.quests.spokenAndUnspoken.afterFirstNewStatue.retalk_Line2","Perhaps her thirst can never be quenched. ","ربما كان ظمأها لا يرتوي أبداً."
"NPCs.quests.spokenAndUnspoken.afterIronMaiden.eavesdrop1","It’s like this place is... burrowing inside my mind.","يبدو كما لو أن هذا المكان... ينبش ويحفر داخل عقلي."
"NPCs.quests.spokenAndUnspoken.afterIronMaiden.interaction1_Line1","This chamber keeps shifting, Cerim. I turn my back and new marvels appear from the shadows.","هذه الحجرة تتبدل وتتحول باستمرار يا سيريم. أدير ظهري فتنبثق عجائب جديدة من بين الظلال."
"NPCs.quests.spokenAndUnspoken.afterIronMaiden.interaction1_Line2","Is it your doing? Perhaps you are molding the world to your liking... just as the ancients did.","أهو من صنيعك أنت؟ لعلكم تطوعون العالم وتصوغونه وفق مشيئتكم... تماماً كما فعل الأقدمون."
"NPCs.quests.spokenAndUnspoken.afterIronMaiden.interaction1_Line3","I must accept that I will never know such powers. No matter how much I read.","عليّ أن أرضى بحقيقة أنني لن أنال مثل هذه القوى أبداً، مهما بلغت قراءتي واطلاعي."
"NPCs.quests.spokenAndUnspoken.afterIronMaiden.interaction1_Line4","...The Sayer will never speak to me.","...فالناطق لن يخاطبني قط."
"NPCs.quests.spokenAndUnspoken.afterIronMaiden.retalk_Line1","What is my purpose here, Cerim?","ما هي غايتي ووجودي هنا يا سيريم؟"
"NPCs.quests.spokenAndUnspoken.afterIronMaiden.retalk_Line2","This is how you were forged. How your kind learned to sculpt the world...","هكذا صُقلتم وشُكلتم، وهكذا تعلم بنو جنسكم نحت العالم بأسره..."
"NPCs.quests.spokenAndUnspoken.afterIronMaiden.retalk_Line3","But where is my crucible?","ولكن أين هي بوتقتي أنا؟"
"NPCs.quests.spokenAndUnspoken.elsa.afterEchoKnight.eavesdrop","I wish I could have met him.","كم تمنيت لو تسنى لي لقاؤه."
"NPCs.quests.spokenAndUnspoken.elsa.afterEchoKnight.interact2Line1","...I had no idea what awaited you below, Cerim. I hope you suffered many great deaths.","...لم يكن لديّ أدنى فكرة عما ينتظرك في الأسفل يا سيريم. آمل أنك قُتلت ميتات عظيمة ومجيدة."
"NPCs.quests.spokenAndUnspoken.elsa.afterEchoKnight.interact2Line2","Oh, to know what it would have been like, felled by his sword, even once!","آه، كم وددت معرفة شعور السقوط بسيفه ولو لمرة واحدة فقط!"
"NPCs.quests.spokenAndUnspoken.elsa.afterEchoKnight.interact2Line3","The Echo Knights are... a part of this place. I do not think we have seen the last of them.","فرسان الصدى... جزء أصيل من هذا المكان، ولا أظننا رأينا آخرهم بعد."
"NPCs.quests.spokenAndUnspoken.elsa.afterEchoKnight.interact2Line4","But I fear these trials may have come... unmoored.","لكنني أخشى أن تكون هذه الاختبارات قد... فقدت رسوها وتوازنتها."
"NPCs.quests.spokenAndUnspoken.elsa.afterEchoKnight.interact2Line5","If you return here, I am not sure what you will find. Be ready for anything.","إن عدت إلى هنا، فلست متأكدة مما ستعثر عليه. كن مستعداً لأي شيء."
"NPCs.quests.spokenAndUnspoken.elsa.afterEchoKnight.interact2Line6","The gardeners are dead. And so the garden grows wild.","لقد مات البستانيون، وهكذا أخذت الحديقة تنمو على هواها بلا رقيب."
"NPCs.quests.spokenAndUnspoken.elsa.afterEchoKnight.interactLine1","I recognize this... It’s the same inscription as out here. Only...","أنا أعرف هذا... إنه النقش ذاته الموجود هنا في الخارج، غير أن..."
"NPCs.quests.spokenAndUnspoken.elsa.afterEchoKnight.interactLine2","This tablet is complete.","هذا اللوح كاملٌ لا ينقصه شيء."
"NPCs.quests.spokenAndUnspoken.elsa.afterEchoKnight.interactLine3","“We remember the chosen five, our fiercest Unspoken, who fought these trials through wrath and silence...""","«نحن نذكر الخمسة المختارين، أشرس صامتينا، الذين خاضوا هذه الاختبارات في غمار الغضب والصمت...»"
"NPCs.quests.spokenAndUnspoken.elsa.afterEchoKnight.interactLine4","“...Yet the endless gauntlet took them to madness. Now Cerim are no longer forged here, they are hunted.”","«...ومع ذلك، قادهم التحدي اللانهائي إلى هاوية الجنون. والآن لم يعد السيريم يُصقلون هنا، بل باتوا طرائد تُصطاد.»"
"NPCs.quests.spokenAndUnspoken.elsa.afterEchoKnight.interactLine5","“Abandon this place, for they still stalk these chambers...""","«اهجروا هذا المكان، فهم لا يزالون يتربصون في هذه الأروقة...»"
"NPCs.quests.spokenAndUnspoken.elsa.afterEchoKnight.interactLine6","“There is no trial of the worthy. Only death. Forever the Tomb of the Echo Knights.”","«فليس هناك اختبار للجدارة، بل موتٌ محتوم فحسب. ضريح فرسان الصدى إلى أبد الآبدين.»"
"NPCs.quests.spokenAndUnspoken.elsa.afterEchoKnight.retalkLine1","I’m not finished here, Cerim. And I doubt you are either.","لم أنتهِ من عملي هنا بعد يا سيريم، وأشك في أنك انتهيت أنت أيضاً."
"NPCs.quests.spokenAndUnspoken.elsa.afterEchoKnight.retalkLine2","This place has more secrets to divulge. The dead stacked below our feet like a foundation of bone.","هذا المكان يزخر بمزيد من الأسرار ليكشفها، والموتى يتراكمون تحت أقدامنا كأساس من العظام."
"NPCs.quests.spokenAndUnspoken.elsa.afterEchoKnight.retalkLine3","Who built these trials? What keeps them churning? How deep does it go?","من بنى هذه الاختبارات؟ وما الذي يبقيها تدور بلا توقف؟ وإلى أي عمق تمتد؟"
"NPCs.quests.spokenAndUnspoken.elsa.afterEchoKnight.retalkLine4","We’ll find the answers. The past speaks in whispers, but you and I know how to hear them.","سنجد الإجابات. الماضي يتحدث بالهمس، لكننا أنا وأنت نتقن الإنصات إليه."
"NPCs.quests.spokenAndUnspoken.elsa.afterFirstDeath.eavesdrop","What did it feel like? For your story to be untold, and then told again?","ماذا كان شعورك؟ أن تُطوى قصتك ثم تُروى من جديد؟"
"NPCs.quests.spokenAndUnspoken.elsa.afterFirstDeath.interact1Line1","Look, Cerim, I’ve found a new inscription...","انظر يا سيريم، لقد عثرت على نقش جديد..."
"NPCs.quests.spokenAndUnspoken.elsa.afterFirstDeath.interact1Line2","“We remember the chosen few - Cyvion, and his fiercest Unspoken, who fought these trials through wrath and silence...""","«نحن نذكر القلة المختارة - سيفيون، وأشرس صامتيه، الذين خاضوا هذه الاختبارات في غمار الغضب والصمت...»"
"NPCs.quests.spokenAndUnspoken.elsa.afterFirstDeath.interact1Line3","...I can’t read the next part, this stone is all but crumbled. Then it just says:","...لا أستطيع قراءة الجزء التالي، فقد تفتت هذا الحجر تماماً. ثم يقول فقط:"
"NPCs.quests.spokenAndUnspoken.elsa.afterFirstDeath.interact1Line4","“...forever the Tomb of the Echo Knights.”","«...ضريح فرسان الصدى إلى أبد الآبدين.»"
"NPCs.quests.spokenAndUnspoken.elsa.afterFirstDeath.interact1Line5","Damn. I wish I could decipher more. Cerim - can you think of anyone who might be versed in ancient texts like this? ","تباً. كم أتمنى لو أستطيع فك رموز المزيد. سيريم - أتعرف أحداً ملماً بنصوص قديمة كهذه؟"
"NPCs.quests.spokenAndUnspoken.elsa.afterFirstDeath.interact1Line6","There’s a story here... begging to be told.","ثمة قصة هنا... تتوسل لكي تُروى."
"NPCs.quests.spokenAndUnspoken.elsa.afterFirstDeath.interact2Line1","It sounds like a group of mighty warriors are buried here. Quite an honor.","يبدو أن عصبة من أعتى المحاربين قد دُفنت هنا. يا له من شرف عظيم."
"NPCs.quests.spokenAndUnspoken.elsa.afterFirstDeath.interact2Line2","I’m sure you’re no layabout yourself.","وأنا واثقة من أنك لست بالمتكاسل أنت الآخر."
"NPCs.quests.spokenAndUnspoken.elsa.afterFirstDeath.interact2Line3","Follow in their footsteps, Cerim. And perhaps someday history will sing your praises, alongside the Echo Knights.","اقتفِ أثرهم يا سيريم، ولعل التاريخ يشدو يوماً بأمجادك إلى جوار فرسان الصدى."
"NPCs.quests.spokenAndUnspoken.elsa.afterFirstDeath.retalk","Please - tell me as soon as you learn anything more about the Echo Knights buried here!","أرجوك - أخبرني فور علمك بأي شيء جديد عن فرسان الصدى المدفونين هنا!"
"NPCs.quests.spokenAndUnspoken.elsaAfterSecondDeath.interaction1_Line1","Was it a good death this time? Do you carry them all with you, or is each like a small weight cast off?","أكانت ميتة حسنة هذه المرة؟ أتحملها جميعاً معك، أم أن كل ميتة تشبه عبئاً خفيفاً أُلقي عن كاهلك؟"
"NPCs.quests.spokenAndUnspoken.elsaAfterSecondDeath.retalk_Line1","Well what are you standing there for? Go on, bring back more Fallen Embers! We must keep going.","حسناً، ما وقوفك هكذا؟ انطلق، واجلب المزيد من الجمرات الساقطة! يجب أن نواصل المضي قدماً."
"NPCs.quests.spokenAndUnspoken.elsaAndRoanInAtrium.eavesdropLine1","So you read it in the original tongue without using the Sir Agustin Codex?","إذن قرأتها بلغتها الأصلية دون الاستعانة بمدونة السير أغوستين؟"
"NPCs.quests.spokenAndUnspoken.elsaAndRoanInAtrium.eavesdropLine2","Naturally. Don’t you?","بطبيعة الحال، ألم تفعل أنت؟"
"NPCs.quests.spokenAndUnspoken.elsaAndRoanInAtrium.eavesdropLine3","...Of course.","...بالطبع فعلت."
"NPCs.quests.spokenAndUnspoken.elsaAndRoanInAtrium.interact2Line1","It’s just providence to meet another soul passionate about history.","إنه لتوفيق من الأقدار أن ألتقي بروح أخرى يملؤها الشغف بالتاريخ."
"NPCs.quests.spokenAndUnspoken.elsaAndRoanInAtrium.interact2Line2","Perhaps you could tell me of... your own history?","ربما يسعك إخباري عن... تاريخك أنت الشخصي؟"
"NPCs.quests.spokenAndUnspoken.elsaAndRoanInAtrium.interact2Line3","You know, most assume I come from a family of mortuary owners, gravekeepers, tombstone carvers.","أتعلم، يفترض أغلب الناس أنني أنحدر من عائلة تمتلك مغاسل موتى، أو حفاري قبور، أو نحاتي شواهد."
"NPCs.quests.spokenAndUnspoken.elsaAndRoanInAtrium.interact2Line4","My mother bakes pies. My father builds roofs.","أمي تخبز الفطائر، وأبي يشيد الأسقف."
"NPCs.quests.spokenAndUnspoken.elsaAndRoanInAtrium.interact2Line5","My first introduction to the hereafter was them boring me to death.","وكان أول احتكاك لي بالعالم الآخر هو شعوري بالموت ضجراً من حياتهم الرتيبة."
"NPCs.quests.spokenAndUnspoken.elsaAndRoanInAtrium.interact2Line6","That’s very funny. It was meant to be funny, yes?","هذا طريف للغاية. أكان القصد منه الدعابة، أليس كذلك؟"
"NPCs.quests.spokenAndUnspoken.elsaAndRoanInAtrium.interact2Line7","My family was never interested in meaning. But I was. I wanted to know the “why” behind things.","لم تكن عائلتي مهتمة قط بالبحث عن المعنى، لكنني كنت كذلك؛ أردت معرفة «السبب» وراء كل شيء."
"NPCs.quests.spokenAndUnspoken.elsaAndRoanInAtrium.interact2Line8","But I don’t know if there is a “why” to this place...","لكنني لا أعلم إن كان ثمة «سبب» لهذا المكان أصلاً..."
"NPCs.quests.spokenAndUnspoken.elsaAndRoanInAtrium.interactLine1","Cerim, have you met - well, yes, of course you have.","سيريم، هل قابلت - حسناً، نعم، بالطبع قابلته."
"NPCs.quests.spokenAndUnspoken.elsaAndRoanInAtrium.interactLine2","I just had to come down and s - - s - see this place for myself. Fantastic, isn’t it?","كان لا بد لي من النزول إلى هنا لأرى... لأرى هذا المكان بنفسي. رائع ومذهل، أليس كذلك؟"
"NPCs.quests.spokenAndUnspoken.elsaAndRoanInAtrium.interactLine3","If there’s one thing I’ve learned, it’s that the Cerim don’t have much to say.","إن كان ثمة شيء تعلمته، فهو أن السيريم ليس لديهم الكثير ليقولوه."
"NPCs.quests.spokenAndUnspoken.elsaAndRoanInAtrium.interactLine4","Fortunately I’m spared that affliction! I’ve always been prone to blather on or stumble forward, while wiser souls bite their tongue or —-","لحسن الحظ أنني نجوت من تلك الآفة! فلطالما كنت ميالاً للثرثرة والاندفاع، بينما الأرواح الأكثر حكمة تلزم الصمت أو —"
"NPCs.quests.spokenAndUnspoken.elsaAndRoanInAtrium.interactLine5","Move back.","تراجع إلى الوراء."
"NPCs.quests.spokenAndUnspoken.elsaAndRoanInAtrium.interactLine6","Yes, precisely! You understand.","نعم، تماماً! أنت تفهم مقصدي."
"NPCs.quests.spokenAndUnspoken.elsaAndRoanInAtrium.interactLine7","No, move back. You’re standing in my light.","كلا، تراجع إلى الوراء، فأنت تحجب عني الضوء."
"NPCs.quests.spokenAndUnspoken.elsaAndRoanInAtrium.interactLine8","Oh, my apologies.","أوه، أعتذر منك بشدة."
"NPCs.quests.spokenAndUnspoken.elsaAndRoanInAtrium.retalkLine1","I must return to the rookery. My first duty is to my m - ma - m - mas - m - to the Watcher.","عليّ العودة إلى برج الغربان، فواجبي الأول تجاه سـ... سـ... تجاه المراقب."
"NPCs.quests.spokenAndUnspoken.elsaAndRoanInAtrium.retalkLine2","Very well. And please... Roan, was it?","حسناً جداً. ومن فضلك... روان، أكان هذا اسمك؟"
"NPCs.quests.spokenAndUnspoken.elsaAndRoanInAtrium.retalkLine3","Yes!","نعم!"
"NPCs.quests.spokenAndUnspoken.elsaAndRoanInAtrium.retalkLine4","Try not to damage anything on the way out. Your footsteps seem a bit careless.","حاول ألا تتلف أي شيء في طريق خروجك، فخطواتك تبدو خرقاء وغير حذرة."
"NPCs.quests.spokenAndUnspoken.elsaAntechamberBlocked.eavesdrop","Cerim! There you are. Look at this.","سيريم! ها أنت ذا. انظر إلى هذا."
"NPCs.quests.spokenAndUnspoken.elsaAntechamberBlocked.interaction1_Line1","The floor of the masonry collapsed, revealing this chamber below. Isn’t it remarkable?","لقد انهار جزء من أرضية البناء الحجري، ليكشف عن هذه الحجرة في الأسفل. أليست مذهلة؟"
"NPCs.quests.spokenAndUnspoken.elsaAntechamberBlocked.interaction1_Line2","No one’s breathed this air for a thousand years.","لم يتنفس أحد هذا الهواء منذ ألف عام."
"NPCs.quests.spokenAndUnspoken.elsaAntechamberBlocked.interaction1_Line3","I believe a deeper ruin lies beyond this seal. But I’m unsure how to access it…","أعتقد أن ثمة أطلالاً أعمق ترقد وراء هذا الختم، لكنني لست متأكدة من كيفية الدخول إليها..."
"NPCs.quests.spokenAndUnspoken.elsaAntechamberBlocked.interaction1_Line4","You know in some cultures, the faithful pleased their gods by ritualistically disemboweling themselves.","أتعلم أنه في بعض الثقافات، كان المؤمنون يتقربون إلى آلهتهم ببقر بطونهم طقسياً؟"
"NPCs.quests.spokenAndUnspoken.elsaAntechamberBlocked.interaction1_Line5","Wouldn’t that be a sight?","أما كان ذلك ليكون مشهداً يستحق الرؤية؟"
"NPCs.quests.spokenAndUnspoken.elsaAntechamberBlocked.retalk","I’ve pored over every inch of this chamber, but it refuses to speak to me. Maybe it will listen to you?","لقد تفحصت كل شبر في هذه الحجرة، لكنها تأبى التحدث إليّ. ربما تنصت إليك أنت؟"
"NPCs.quests.spokenAndUnspoken.elsaAtWhisper.afterInquisition.eavesdrop","Cerim - will you share your death with me?","سيريم - ألا تشاركني موتك؟"
"NPCs.quests.spokenAndUnspoken.elsaAtWhisper.afterInquisition.interact1Line1","Death is a lost art. People trip in the street, drown in creeks, choke on chicken bones.","الموت فنٌ مفقود. فالناس يتعثرون في الشارع، أو يغرقون في الجداول، أو يختنقون بعظام الدجاج."
"NPCs.quests.spokenAndUnspoken.elsaAtWhisper.afterInquisition.interact1Line2","But your kind perfected the form. ","لكن بنو جنسك أتقنوا هذا الفن وطوروه إلى الكمال."
"NPCs.quests.spokenAndUnspoken.elsaAtWhisper.afterInquisition.interact1Line3","That’s why I’ve devoted my life to studying you. Your ruins. Your ways. Your slaughter.","ولهذا كرست حياتي لدراستكم؛ أطلالكم، طقوسكم، ومجازركم."
"NPCs.quests.spokenAndUnspoken.elsaAtWhisper.afterInquisition.interact1Line4","Sorry, I never introduced myself. I am Elsa, a historian.","معذرة، لم أعرفك بنفسي: أنا إلسا، باحثة في التاريخ."
"NPCs.quests.spokenAndUnspoken.elsaAtWhisper.afterInquisition.interact1Line5","There are relics of your kind all over Sacra. Another was just discovered in the stone mason’s shop, by the cemetery.","ثمة آثار لبني جنسك في جميع أنحاء ساكرا. واكتُشف أثر آخر للتو في دكان النحات الحجري بجوار المقبرة."
"NPCs.quests.spokenAndUnspoken.elsaAtWhisper.afterInquisition.interact1Line6","You should see it for yourself! Perhaps it’s your temple, your library. Your tomb?","عليك أن تراه بنفسك! ربما كان معبدكم، أو مكتبتكم، أو ضريحكم؟"
"NPCs.quests.spokenAndUnspoken.elsaAtWhisper.afterInquisition.retalkLine1","This city was built atop the graves of the ancients. ","شُيدت هذه المدينة فوق قبور الأقدمين."
"NPCs.quests.spokenAndUnspoken.elsaAtWhisper.afterInquisition.retalkLine2","Come find me in the mason’s shop and I’ll show you just what I mean.","تعال وابحث عني في دكان النحات وسأريك بالضبط ما أعنيه."
"NPCs.quests.spokenAndUnspoken.elsaAtWhisper.beforeInquisition.eavesdrop","Have you been written from the whispers? Are you my death?","أكُتبت أنت من رحم الهمسات؟ أأنت هو موتي؟"
"NPCs.quests.spokenAndUnspoken.elsaAtWhisper.beforeInquisition.interact1Line1","...You’re really here. A Cerim in Sacrament! So the Watcher was right - you came. ","...أنت هنا حقاً. سيريم في ساكرامنت! إذن كان المراقب محقاً - لقد أتيت."
"NPCs.quests.spokenAndUnspoken.elsaAtWhisper.beforeInquisition.interact1Line2","Tell me - can you feel it? That flickering in the air?","أخبرني - أتستشعر ذلك؟ ذاك الوميض والاضطراب في الهواء؟"
"NPCs.quests.spokenAndUnspoken.elsaAtWhisper.beforeInquisition.interact1Line3","There are spots like this one all over Sacra, a prickling, as if something lies... just beyond my vision.","هناك بقع كهذه في أنحاء ساكرا، تشعر فيها بوخز، وكأن شيئاً يكمن... خارج مجال رؤيتي مباشرة."
"NPCs.quests.spokenAndUnspoken.elsaAtWhisper.beforeInquisition.interact1Line4","But it’s stronger here than anywhere else. ","لكنه هنا أقوى بكثير من أي مكان آخر."
"NPCs.quests.spokenAndUnspoken.elsaAtWhisper.beforeInquisition.interact1Line5","I’m convinced this is the site of some ancient, vital Cerim remnant. Perhaps a nexus of sorts? ","أنا مقتنعة بأن هذا موقع لأثر قديم وجوهري من آثار السيريم. ربما ملتقى قوى أو رابط سحري؟"
"NPCs.quests.spokenAndUnspoken.elsaAtWhisper.beforeInquisition.retalk","I feel almost as if I could just... reach out and grasp it. And it me. ","أشعر وكأنني أستطيع... مد يدي والإمساك به، وأن يمسك هو بي أيضاً."
"NPCs.quests.spokenAndUnspoken.elsaCompletedFirstTrial.eavesdrop","Another trial has awoken! Here, Cerim, show me what you found.","تحدٍ آخر قد استيقظ! إلى هنا يا سيريم، أرني ما وجدته."
"NPCs.quests.spokenAndUnspoken.elsaCompletedFirstTrial.retalk_Line1","...I... I’m sorry, Cerim. I didn’t know.","...أنا... أنا آسفة يا سيريم، لم أكن أعلم."
"NPCs.quests.spokenAndUnspoken.elsaCompletedFirstTrial.retalk_Line2","Perhaps we should do as it says and abandon this place.","ربما ينبغي لنا فعل ما يأمر به النقش وهجر هذا المكان والابتعاد عنه."
"NPCs.quests.spokenAndUnspoken.elsaCompletedFirstTrial.retalk_Line3","Or perhaps... a true death awaits us both.","أو ربما... ينتظرنا كلانا موتٌ حقيقي صادق."
"NPCs.quests.spokenAndUnspoken.elsaDefeatedEchoKnight.interaction1_Line1","...I had no idea what awaited you below, Cerim. I hope you suffered many great deaths.","...لم يكن لديّ أدنى فكرة عما ينتظرك في الأسفل يا سيريم. آمل أنك قُتلت ميتات عظيمة ومجيدة."
"NPCs.quests.spokenAndUnspoken.elsaDefeatedEchoKnight.interaction2_Line2","This place has more secrets to divulge. The dead stacked below our feet like a foundation of bone.","هذا المكان يزخر بمزيد من الأسرار ليكشفها، والموتى يتراكمون تحت أقدامنا كأساس من العظام."
"NPCs.quests.spokenAndUnspoken.elsaDefeatedEchoKnight.interaction2_Line3","Who built these trials? What keeps them churning? How deep does it go?","من بنى هذه الاختبارات؟ وما الذي يبقيها تدور بلا توقف؟ وإلى أي عمق تمتد؟"
"NPCs.quests.spokenAndUnspoken.elsaExploringAtrium.eavesdropALine1","Yes, yes, that’s it! Your blood was the key!","نعم، نعم، هذا هو بالذات! دماؤك كانت المفتاح!"
"NPCs.quests.spokenAndUnspoken.elsaExploringAtrium.eavesdropALine2","Astonishing. This is the largest Cerim ruin I’ve ever seen.","أمرٌ مذهل، هذا أكبر أثر للسيريم رأيته في حياتي."
"NPCs.quests.spokenAndUnspoken.elsaExploringAtrium.eavesdropALine3","And there’s that feeling in the air again... Can you sense it?","وها هو ذاك الإحساس في الهواء مجدداً... أتستشعره؟"
"NPCs.quests.spokenAndUnspoken.elsaExploringAtrium.eavesdropALine4","How strange. It’s the same as that spot near the square...","كم هذا غريب! إنه الإحساس ذاته عند تلك البقعة بالقرب من الساحة..."
"NPCs.quests.spokenAndUnspoken.elsaExploringAtrium.eavesdropDLine1","Yesssss... Your ancestors. They are here.","نعععم... أسلافك، إنهم هنا."
"NPCs.quests.spokenAndUnspoken.elsaExploringAtrium.eavesdropDLine2","Can you feel their breath prickling your skin?","أتستشعر أنفاسهم توخز جلدك؟"
"NPCs.quests.spokenAndUnspoken.elsaExploringAtrium.eavesdropDLine3","See what lies below, Cerim. Go to your glory. To your end.","انظر إلى ما يرقد في الأسفل يا سيريم. امضِ نحو مجدك، نحو خاتمتك."
"NPCs.quests.spokenAndUnspoken.elsaExploringAtrium.eavesdropDLine4","Perhaps they are one and the same.","ربما كان كلاهما شيئاً واحداً."
"NPCs.quests.spokenAndUnspoken.elsaExploringAtrium.interactBLine1","I think I know what this place was... a training ground!","أظنني أعلم ما كان يمثله هذا المكان... ساحة تدريب!"
"NPCs.quests.spokenAndUnspoken.elsaExploringAtrium.interactBLine2","The ancient Cerim built it to hone their skills as they fought against the plague.","شيدها السيريم الأقدمون لصقل مهاراتهم وهم يقاتلون ضد الطاعون."
"NPCs.quests.spokenAndUnspoken.elsaExploringAtrium.interactBLine3","Each of these statues will lead to a gauntlet. Stitched together from different times, places, dreams.","كل تمثال من هذه التماثيل سيقودك إلى تحدٍ من التحديات، محبوكاً من أزمنة وأماكن وأحلام مختلفة."
"NPCs.quests.spokenAndUnspoken.elsaExploringAtrium.interactBLine4","But the inscription says we need a Fallen Ember to begin the trials - have you seen them?","لكن النقش يذكر أننا بحاجة إلى جمرة ساقطة لبدء الاختبارات - هل رأيتها من قبل؟"
"NPCs.quests.spokenAndUnspoken.elsaExploringAtrium.interactBLine5","They lie strewn about the island. Only the Cerim can touch them, for they burn like stars.","إنها متناثرة في أرجاء الجزيرة. ووحدهم السيريم يستطيعون لمسها، لأنها تتوقد كالنجوم."
"NPCs.quests.spokenAndUnspoken.elsaExploringAtrium.interactCLine1","Wait, you - you’ve found one.
 Hm.","مهلاً، أنت - لقد عثرت على واحدة.
همم."
"NPCs.quests.spokenAndUnspoken.elsaExploringAtrium.interactCLine2","The old ones believed that when the Sayer spoke the first words, they set the sky ablaze - and the embers rained down into our world.","كان الأقدمون يعتقدون أنه حين نطق الناطق بالكلمات الأولى، أضرم السماء لهباً - فهطلت الجمرات على عالمنا كالمطر."
"NPCs.quests.spokenAndUnspoken.elsaExploringAtrium.interactCLine3","I think they’re fragments of a broken star myself.","أما أنا فأراها شظايا من نجم محطم."
"NPCs.quests.spokenAndUnspoken.elsaExploringAtrium.interactCLine4","Quickly! Give the ember to the statue. Make an offering as you did before.","بسرعة! قدم الجمرة للتمثال. قدم قرباناً كما فعلت من قبل."
"NPCs.quests.spokenAndUnspoken.elsaExploringAtrium.retalkA","It’s as though there’s a wire inside my skull. Can you feel it too?","يبدو كما لو أن ثمة سلكاً مشدوداً داخل جمجمتي. أتشعر بذلك أنت أيضاً؟"
"NPCs.quests.spokenAndUnspoken.elsaExploringAtrium.retalkA0","I feel there must be something in this room with us...","أشعر بأنه لا بد من وجود شيء معنا في هذه الغرفة..."
"NPCs.quests.spokenAndUnspoken.elsaExploringAtrium.retalkBLine1","Bring me an Ember if you can.","اجلب لي جمرة إن استطعت."
"NPCs.quests.spokenAndUnspoken.elsaExploringAtrium.retalkBLine2","Each of us is born for dying. All we get to choose is how.","كل منا خُلق ليموت، وكل ما يسعنا اختياره هو كيفية موتنا."
"NPCs.quests.spokenAndUnspoken.elsaExploringAtrium.retalkC","Well, what are you waiting for? Go on! Make an offering - just a drop should do it. You’ve got plenty!","حسناً، ما الذي تنتظره؟ هيا! قدم قرباناً - قطرة واحدة تكفي، ولديك الكثير!"
"NPCs.quests.spokenAndUnspoken.elsaExploringAtrium.retalkLine1","See what lies below, Cerim. Go to your glory. To your end.","انظر إلى ما يرقد في الأسفل يا سيريم. امضِ نحو مجدك، نحو خاتمتك."
"NPCs.quests.spokenAndUnspoken.elsaExploringAtrium.retalkLine2","Perhaps they are one and the same.","ربما كان كلاهما شيئاً واحداً."
"NPCs.quests.spokenAndUnspoken.elsaPostEchoKnightHoldState.rotatingDialog1_Line1","You know most assume I come from a family of mortuary owners, gravekeepers, tombstone carvers.","أتعلم، يفترض أغلب الناس أنني أنحدر من عائلة تمتلك مغاسل موتى، أو حفاري قبور، أو نحاتي شواهد."
"NPCs.quests.spokenAndUnspoken.elsaPostEchoKnightHoldState.rotatingDialog1_Line2","Truth is, my mother bakes pies. My sister mends shoes. My father builds roofs.","والحقيقة أن أمي تخبز الفطائر، وأختي تصلح الأحذية، وأبي يشيد الأسقف."
"NPCs.quests.spokenAndUnspoken.elsaPostEchoKnightHoldState.rotatingDialog1_Line3","My first introduction to the hereafter was them boring me to death.","وكان أول احتكاك لي بالعالم الآخر هو شعوري بالموت ضجراً من حياتهم الرتيبة."
"NPCs.quests.spokenAndUnspoken.elsaPostEchoKnightHoldState.rotatingDialog2_Line1","I studied under Ciprio the Elder. Have you heard of him?","تتلمذتُ على يد سيبريو الأكبر، أسمعت به من قبل؟"
"NPCs.quests.spokenAndUnspoken.elsaPostEchoKnightHoldState.rotatingDialog2_Line2","Of course not. He specialized in the lineage and trade history of horse owners.","بالطبع لا. فقد كان متخصصاً في أنساب وتاريخ تجارة مالكي الخيول."
"NPCs.quests.spokenAndUnspoken.elsaPostEchoKnightHoldState.rotatingDialog2_Line3","I’ll never understand why people obsess over the details of a life, but not what matters most - how it ends.","لن أفهم أبداً لماذا يستغرق الناس في تفاصيل الحياة، ويتجاهلون الأهم - كيف تنتهي تلك الحياة."
"NPCs.quests.spokenAndUnspoken.elsaPostEchoKnightHoldState.rotatingDialog3_Line1","I hope to see you again soon. I feel... calm in your presence. Like I’m speaking to history itself.","آمل أن أراك مجدداً عما قريب. ينتابني شعور... بالسكينة في حضرتك، كأنني أحاور التاريخ ذاته."
"NPCs.quests.spokenAndUnspoken.elsaPostEchoKnightHoldState.rotatingDialog3_Line2","With others I feel... unmoored. Their empty chatter. Their trivial squabbles.","بينما مع الآخرين أشعر بالتيه وعدم الاستقرار؛ ثرثرتهم الفارغة، ونزاعاتهم التافهة."
"NPCs.quests.spokenAndUnspoken.elsaPostEchoKnightHoldState.rotatingDialog3_Line3","I should have been born in the past.","كان ينبغي لي أن أولد في غابر الزمان."
"NPCs.quests.spokenAndUnspoken.elsaQuestKickoff.eavesdropBLine1","By the gods...","برحمة الآلهة..."
"NPCs.quests.spokenAndUnspoken.elsaQuestKickoff.eavesdropBLine2","The Sayer speaks to you! You’ve awoken the chamber.","الناطق يخاطبك! لقد أيقظت الحجرة."
"NPCs.quests.spokenAndUnspoken.elsaReadsFullInscription.eavesdrop","What’s this? A book?","ما هذا؟ كتاب؟"
"NPCs.quests.spokenAndUnspoken.elsaReadsFullInscription.interact1Line1","Who’s Roan? Oh, I didn’t realize the Watcher had an apprentice.","من هو روان؟ أوه، لم أكن أعلم أن للمراقب مساعداً وتلميذاً."
"NPCs.quests.spokenAndUnspoken.elsaReadsFullInscription.interact1Line2","Well let’s have a look.","حسناً، فلنلقِ نظرة."
"NPCs.quests.spokenAndUnspoken.elsaReadsFullInscription.interact1Line3","…","..."
"NPCs.quests.spokenAndUnspoken.elsaReadsFullInscription.interact1Line4","I recognize this... It’s the same inscription as out here. Only... ","أنا أعرف هذا... إنه النقش ذاته الموجود هنا في الخارج، غير أن..."
"NPCs.quests.spokenAndUnspoken.elsaReadsFullInscription.interact1Line5","This one is complete.","هذه النسخة كاملة."
"NPCs.quests.spokenAndUnspoken.elsaReadsFullInscription.interact1Line6","“We remember the chosen few, Cyvion and his fiercest Unspoken, who fought these trials through wrath and silence...""","«نحن نذكر القلة المختارة، سيفيون وأشرس صامتيه، الذين خاضوا هذه الاختبارات في غمار الغضب والصمت...»"
"NPCs.quests.spokenAndUnspoken.elsaReadsFullInscription.interact1Line7","“...Yet the endless gauntlet took them to madness. Now Cerim are no longer forged here, they are hunted.”","«...ومع ذلك، قادهم التحدي اللانهائي إلى هاوية الجنون. والآن لم يعد السيريم يُصقلون هنا، بل باتوا طرائد تُصطاد.»"
"NPCs.quests.spokenAndUnspoken.elsaReadsFullInscription.interact1Line8","“Abandon this place, for Cyvion and his shades still stalk these chambers...""","«اهجروا هذا المكان، فسيفيون وأطيافه لا يزالون يتربصون في هذه الأروقة...»"
"NPCs.quests.spokenAndUnspoken.elsaReadsFullInscription.interact1Line9","“There is no trial of the worthy. Only death. Forever the Tomb of the Echo Knights.”","«فليس هناك اختبار للجدارة، بل موتٌ محتوم فحسب. ضريح فرسان الصدى إلى أبد الآبدين.»"
"NPCs.quests.spokenAndUnspoken.elsaReadsFullInscription.interact2Line1","No... No no, it can’t be.","كلا... لا، مستحيل، لا يمكن أن يكون هذا صحيحاً."
"NPCs.quests.spokenAndUnspoken.elsaReadsFullInscription.interact2Line2","There must be a purpose to this place. A meaning.","لا بد أن ثمة غاية لهذا المكان، ومعنى لوجوده."
"NPCs.quests.spokenAndUnspoken.elsaReadsFullInscription.interact2Line3","It can’t just be... chaos.","لا يمكن أن يكون مجرد... فوضى عارمة."
"NPCs.quests.spokenAndUnspoken.elsaReadsFullInscription.interact2Line4","The world above, that endless rabble, that is chaos. But the ancients were wise, were mighty. They knew.","العالم في الأعلى، ذلك الرعاع اللانهائي، هو الفوضى بعينها. أما الأقدمون فكانوا حكماء وعظماء، وكانوا يعلمون ما يفعلون."
"NPCs.quests.spokenAndUnspoken.elsaReadsFullInscription.interact2Line5","...Didn’t they?","...أليس كذلك؟"
"NPCs.quests.spokenAndUnspoken.elsaReadsFullInscription.retalk_Line1","What do we do, Cerim - press on? But towards what end? Were there ever any answers here?","ما الذي نفعله يا سيريم - أنواصل المضي قدماً؟ ولكن نحو أي غاية؟ أكانت هناك أي إجابات هنا يوماً؟"
"NPCs.quests.spokenAndUnspoken.elsaReadsFullInscription.retalk_Line2","The gardeners are dead. And so the garden grows wild.","لقد مات البستانيون، وهكذا أخذت الحديقة تنمو على هواها بلا رقيب."
"NPCs.quests.spokenAndUnspoken.roanCompletesInscription.eavesdrop","Cerim! Cerim, I must speak with you.","سيريم! سيريم، يجب أن أتحدث إليك."
"NPCs.quests.spokenAndUnspoken.roanCompletesInscription.interactLine1","A Watcher, as you know, must be a meticulous steward of ancient Cerim texts.","المراقب، كما تعلم، يجب أن يكون أميناً دقيقاً على نصوص السيريم القديمة."
"NPCs.quests.spokenAndUnspoken.roanCompletesInscription.interactLine2","Of course... It is forbidden for an apprentice to... go snooping through his master’s...","وبطبيعة الحال... من المحظور على التلميذ أن... يتلصص في مقتنيات أستاذه..."
"NPCs.quests.spokenAndUnspoken.roanCompletesInscription.interactLine3","Um - well - never mind where it came from. I found it! A copy of Elsa’s inscription. But... complete.","إحم - حسناً - لا يهم من أين أتت؛ لقد وجدتها! نسخة من نقش إلسا، لكنها... كاملة."
"NPCs.quests.spokenAndUnspoken.roanCompletesInscription.interactLine4","Please - take this book to Elsa for me.","أرجوك - خذ هذا الكتاب إلى إلسا نيابة عني."
"NPCs.quests.spokenAndUnspoken.roanCompletesInscription.interactLine5","Tell her it’s from Roan. I mean if she asks. She knows who I am, of course. Probably.","أخبرها أنه من روان، أعني إن سألت. هي تعرف من أنا بطبيعة الحال، على الأرجح."
"NPCs.quests.spokenAndUnspoken.roanCompletesInscription.interactLine6","One must always cite one's sources!","يجب على المرء دائماً توثيق مصادره ومراجعه!"
"NPCs.quests.spokenAndUnspoken.roanCompletesInscription.retalk","The full inscription is... well, maybe I mistranslated. Elsa will know better.","النقش الكامل... حسناً، ربما أخطأت في الترجمة، وإلسا ستفهمه بصورة أفضل."
"NPCs.quests.spokenAndUnspoken.roanInRookeryReElsa.interactLine1","Oh, hello again. I... hear you’ve met Elsa, our local historian.","أوه، مرحباً بك مجدداً. لقد... سمعتُ أنك قابلت إلسا، مؤرختنا المحلية."
"NPCs.quests.spokenAndUnspoken.roanInRookeryReElsa.interactLine2","Or, well - not local, I suppose. In point of fact she’s an outsider, just as I am. From Havenport, I believe.","أو حسناً - ليست محلية على ما أظن، فالواقع أنها غريبة مثلي تماماً، من هافنبورت كما أعتقد."
"NPCs.quests.spokenAndUnspoken.roanInRookeryReElsa.interactLine3","Or so I’ve heard. Or may have heard. We’re just acquaintances - colleagues. Er, associates. Oh, dear...","أو هكذا سمعت، أو ربما سمعت. نحن مجرد معارف - زملاء، إحم، رفاق عمل. يا إلهي..."
"NPCs.quests.spokenAndUnspoken.roanInRookeryReElsa.interactLine4","Right. She told me about her find, beneath the cemetery. Wonderful, isn’t it?","حسناً. لقد أخبرتني عن اكتشافها أسفل المقبرة. رائع ومذهل، أليس كذلك؟"
"NPCs.quests.spokenAndUnspoken.roanInRookeryReElsa.interactLine5","But this inscription she unearthed... Echo Knights is it? Hmm, I swear I’ve come across that phrase before.","لكن هذا النقش الذي نبشته... فرسان الصدى، أليس كذلك؟ همم، أقسم أنني صادفت تلك العبارة من قبل."
"NPCs.quests.spokenAndUnspoken.roanInRookeryReElsa.interactLine6","Perhaps I should do a bit of “digging” myself... in the literary sense.","ربما ينبغي لي القيام ببعض «التنقيب» بنفسي... بالمعنى الأدبي بالطبع."
"NPCs.quests.spokenAndUnspoken.roanInRookeryReElsa.interactLine7","The Watcher’s library is vast. Perhaps there is a tome here that could help Elsa. I mean, Elsa’s research, of course!","مكتبة المراقب شاسعة وعظيمة، ولعل هنا مجلداً يمكن أن يساعد إلسا. أعني، أبحاث إلسا بطبيعة الحال!"
"NPCs.quests.theWeepingSisters.afterMeetingBaurus.altInteractLine1","Thank you for keeping watch. But I fear we have wasted your time. Lord Baurus is an old friend. He posed no threat.","شكراً لك على الحراسة والتيقظ، لكنني أخشى أننا أضعنا وقتك؛ فاللورد باروس صديق قديم، ولم يكن يشكل أي خطر."
"NPCs.quests.theWeepingSisters.afterMeetingBaurus.altInteractLine2","His words bore enough threat on their own.","كلماته بحد ذاتها حملت من التهديد ما فيه الكفاية."
"NPCs.quests.theWeepingSisters.afterMeetingBaurus.altretalk","I tell you - I didn’t like any of that.","أقول لك - لم يرق لي أي شيء من ذلك على الإطلاق."
"NPCs.quests.theWeepingSisters.afterMeetingBaurus.eavesdropLine1","Not sure it was wise for the Cerim to hear all that...","لست متأكداً من حكمة سماع السيريم لكل ما قيل..."
"NPCs.quests.theWeepingSisters.afterMeetingBaurus.eavesdropLine2","They do not seem the talkative type.","لا يبدون من النوع الثرثار على أية حال."
"NPCs.quests.theWeepingSisters.afterMeetingBaurus.interactLine1","I tell you - I didn’t care for any of that. Mainland schemes washing up on our shores.","أقول لك - لم يرق لي أي شيء من ذلك. مؤامرات القارة تلفظها الأمواج على شواطئنا."
"NPCs.quests.theWeepingSisters.afterMeetingBaurus.interactLine2","Do you think she suffered?","أتظن أنها عانت؟"
"NPCs.quests.theWeepingSisters.afterMeetingBaurus.interactLine3","...Who?","...من تقصد؟"
"NPCs.quests.theWeepingSisters.afterMeetingBaurus.interactLine4","Reed’s daughter. I wonder... What was the last thing he said to her? I hope a kindness.","ابنة ريد. أتساءل... ما هي آخر كلمة قالها لها؟ آمل أن تكون كلمة طيبة وعطوفة."
"NPCs.quests.theWeepingSisters.afterMeetingBaurus.interactLine5","Ellsworth. We may be on the cusp of war, of ruin. Her death was a tragedy, but right now we must focus on what truly matters.","إلسورث، قد نكون على شفا حرب ودمار شامل. موتها كان فاجعة ومأساة، لكن يجب أن نركز الآن على ما يهم حقاً."
"NPCs.quests.theWeepingSisters.afterMeetingBaurus.interactLine6","We return to Sacrament. Breathe not a word of this meeting to anyone. Close our counsel’s ranks and purge the Guard of those with uncertain loyalties.","سنعود إلى ساكرامنت. إياك أن تنبس ببنت شفة عن هذا اللقاء لأي شخص. فلنحكم إغلاق صفوف مجلسنا، ونطهر الحرس ممن تشوب ولاءهم الشكوك."
"NPCs.quests.theWeepingSisters.afterMeetingBaurus.interactLine7","But you’re wrong. They all matter.","لكنك مخطئ يا وينيك، فكلهم يهموننا."
"NPCs.quests.theWeepingSisters.afterMeetingBaurus.retalkLine1","Baurus came a long way and at great risk to deliver that warning. Do you believe what he said?","قطع باروس طريقاً طويلاً وخاطر بحياته لإيصال هذا التحذير. أتصدق ما قاله؟"
"NPCs.quests.theWeepingSisters.afterMeetingBaurus.retalkLine2","I fear it. Is that enough?","أنا أخشى حدوثه، ألا يكفي ذلك؟"
"NPCs.quests.theWeepingSisters.afterTheHuntersCamp.ellsworth.retalkLine1","So. The hunters say the old reservoir is the source of the trouble.","إذن، يقول الصيادون إن الخزان القديم هو مصدر هذا البلاء."
"NPCs.quests.theWeepingSisters.afterTheHuntersCamp.ellsworth.retalkLine2","The way through the mill won’t be easy. It’s been abandoned for some time.","العبور من خلال المطحنة لن يكون هيناً، فقد هُجرت منذ زمن بعيد."
"NPCs.quests.theWeepingSisters.afterTheHuntersCamp.ellsworthAndWinnick.interactLine1","I’ve known some of those hunters a long time. Reed’s daughter used to play with Odessa when they were young.","أعرف بعض أولئك الصيادين منذ زمن بعيد. كانت ابنة ريد تلعب مع أوديسا عندما كانتا صغيرتين."
"NPCs.quests.theWeepingSisters.afterTheHuntersCamp.ellsworthAndWinnick.interactLine2","The sound of children’s laughter seems... of another time, doesn’t it?","صوت ضحكات الأطفال يبدو... وكأنه من زمن آخر غابر، أليس كذلك؟"
"NPCs.quests.theWeepingSisters.afterTheHuntersCamp.ellsworthAndWinnick.interactLine3","There’s always time for a good laugh.","هناك دائماً متسع لضحكة طيبة."
"NPCs.quests.theWeepingSisters.afterTheHuntersCamp.winnick.retalkLine1","I could smell the blood on your weapon before we saw you, Cerim. It seems you’ve been busy. ","استطعت شم رائحة الدماء على سلاحك قبل أن نراك يا سيريم. يبدو أنك كنت مشغولاً للغاية."
"NPCs.quests.theWeepingSisters.afterTheHuntersCamp.winnick.retalkLine2","Keep up the good work. ","واصل هذا العمل الجيد."
"NPCs.quests.theWeepingSisters.earlyHuntersCamp.ferrin.eavesdrop","Ho, Cerim. Welcome to our camp.","مرحباً يا سيريم، أهلاً بك في مخيمنا."
"NPCs.quests.theWeepingSisters.earlyHuntersCamp.ferrin.interactLine1","I wonder if you might have come across two of our party back in the Glades. Reed and his daughter Lara.","أتساءل إن كنت قد صادفت اثنين من جماعتنا في الغابات: ريد وابنته لارا."
"NPCs.quests.theWeepingSisters.earlyHuntersCamp.ferrin.interactLine2","She’s likely dragged him into trouble again. If you see them, tell them they’re missed at camp.","من المرجح أنها جلبته إلى ورطة أخرى مجدداً. إن رأيتهما، فأخبرهما بأنهما مفتقدان في المخيم."
"NPCs.quests.theWeepingSisters.floodedPassage.ellsworth.retalk","Go on ahead. The hunters know these hills better than any. If there’s a way past this filth, they’ll have the answer.","تقدم أنت في المقدمة. فالصيادون يعرفون هذه التلال أفضل من أي شخص، وإن كان ثمة سبيل لتجاوز هذه القذارة، فستجد الجواب عندهم."
"NPCs.quests.theWeepingSisters.floodedPassage.ellsworthAndWinnick.interactLine1","See? I told you the Cerim would come. And here they are.","أرأيت؟ أخبرتك أن السيريم سيأتون، وها هم أولاء هنا."
"NPCs.quests.theWeepingSisters.floodedPassage.ellsworthAndWinnick.interactLine2","Indeed. Your presence is welcome here. My friend is convinced that some threat awaits us at the Weeping Sisters.","حقاً، حضورك مرحب به هنا. صديقي مقتنع بأن خطراً داهماً ينتظرنا عند الأخوات الباكيات."
"NPCs.quests.theWeepingSisters.floodedPassage.ellsworthAndWinnick.interactLine3","Perhaps if I had a clue as to our mission, I would not grip my sword as tightly.","ربما لو كانت لديّ فكرة عما ترمي إليه مهمتنا، لما قبضت على مقبض سيفي بكل هذا الشد والتوتر."
"NPCs.quests.theWeepingSisters.floodedPassage.ellsworthAndWinnick.interactLine4","The Cerim delivered a letter to me, passed from hand to hand. Unsigned, but stamped with the royal seal.","سلمني السيريم رسالة تناقلتها الأيدي، غير موقعة لكنها مختومة بالختم الملكي."
"NPCs.quests.theWeepingSisters.floodedPassage.ellsworthAndWinnick.interactLine5","It said a place, a time, and three words - “Don’t trust her.”","حددت مكاناً ووقتاً وثلاث كلمات: «إياك أن تثق بها»."
"NPCs.quests.theWeepingSisters.floodedPassage.ellsworthAndWinnick.interactLine6","But do you trust the sender?","لكن هل تثق أنت فيمن أرسلها؟"
"NPCs.quests.theWeepingSisters.floodedPassage.ellsworthAndWinnick.interactLine7","We won’t know until we can get past this mire.","لن نعلم ذلك حتى نجتاز هذه المياه الآسنة."
"NPCs.quests.theWeepingSisters.floodedPassage.ellsworthAndWinnick.interactLine8","Cerim, it seems our route to the Sisters is flooded. There’s a hunter’s camp to the east; they’re gathering food for the Rites of the Fallen.","سيريم، يبدو أن طريقنا إلى الأخوات غارق بالمياه. هناك مخيم للصيادين جهة الشرق يجمعون الطعام لطقوس الرعاية بالراحلين."
"NPCs.quests.theWeepingSisters.floodedPassage.ellsworthAndWinnick.interactLine9","Perhaps they can help drain these channels.","ربما يسعهم المساعدة في تصريف هذه القنوات المائية."
"NPCs.quests.theWeepingSisters.floodedPassage.hunterAdan.interact1Line1","Cerim! Did you hear it too? Sounded like cries for help. Trees being torn up by the roots.","سيريم! أسمعت ذلك أنت أيضاً؟ بدت كصرخات استغاثة طلباً للنجدة، وأشجار تُقتلع من جذورها."
"NPCs.quests.theWeepingSisters.floodedPassage.hunterAdan.interact1Line2","Governor Ellsworth told me to stay here. He and Winnick followed the shouts toward our camp.","أمرني الحاكم إلسورث بالبقاء هنا، بينما تبع هو ووينيك تلك الصرخات نحو مخيمنا."
"NPCs.quests.theWeepingSisters.floodedPassage.hunterAdan.interact1Line3","Please, help them.","أرجوك، اذهب وساعدهم."
"NPCs.quests.theWeepingSisters.floodedPassage.hunterAdan.interact2Line1","The waters have drained, but the walkways within are rotted and unstable.","لقد صُرّفت المياه، لكن الممرات الخشبية بالداخل متعفنة وغير مستقرة."
"NPCs.quests.theWeepingSisters.floodedPassage.hunterAdan.interact2Line2","I was securing the path for Ellsworth and Winnick when we heard it...","كنت أؤمن الطريق لإلسورث ووينيك حين سمعنا ذلك الصخب..."
"NPCs.quests.theWeepingSisters.floodedPassage.hunterAdan.retalkLine1","Please hurry to our camp, Cerim. I fear my fellow hunters are in danger.","أسرع إلى مخيمنا أرجوك يا سيريم، أخشى أن رفاقي الصيادين في خطر محدق."
"NPCs.quests.theWeepingSisters.floodedPassage.winnick.eavesdrop","I swear this pass was clear last month.","أقسم أن هذا الممر كان سالكاً الشهر الماضي."
"NPCs.quests.theWeepingSisters.floodedPassage.winnick.retalk","Be on your guard, Cerim. Don't let the sunflowers and soft breezes fool you. It's blood that nourishes these hills.","ابقَ على حذر يا سيريم، ولا تدع زهور دوار الشمس والنسيم العليل يخدعانك؛ فالدماء هي ما يغذي هذه التلال."
"NPCs.quests.theWeepingSisters.huntersCamp.ferrin.interactLine1","I fear our hunt is futile. Most animals that drink these waters fall ill and die.","أخشى أن صيدنا هذا لا جدوى منه؛ فمعظم الحيوانات التي تشرب من هذه المياه تمرض وتموت."
"NPCs.quests.theWeepingSisters.huntersCamp.ferrin.interactLine2","The ones that don’t take much more than arrows to bring down.","وتلك التي لا تموت تحتاج إلى ما هو أكثر بكثير من مجرد سهام لصرعها."
"NPCs.quests.theWeepingSisters.huntersCamp.ferrin.interactLine3","And when you do, the meat is... wrong. Like it’s already rotted inside their bodies.","وحين تفعل، تجد اللحم... فاسداً ومشوهاً، وكأنه تعفن بالفعل داخل أجسادها الحية."
"NPCs.quests.theWeepingSisters.huntersCamp.ferrin.retalk","I hope you’re able to drain the reservoir. For all our sakes.","آمل أن تفلح في تصريف الخزان، لأجلنا جميعاً."
"NPCs.quests.theWeepingSisters.huntersCamp.hunterAdan.eavesdrop","We hunt for the Rites - that's reason enough.","نحن نصطاد لأجل الطقوس - وهذا سبب كافٍ بحد ذاته."
"NPCs.quests.theWeepingSisters.huntersCamp.hunterAdan.interactLine1","Lost my brother to a Risen arrow four years ago this winter. Never even saw the archer.","فقدت أخي بسهم من الناهضين في مثل هذا الشتاء قبل أربعة أعوام، ولم أرَ الرامي حتى."
"NPCs.quests.theWeepingSisters.huntersCamp.hunterAdan.interactLine2","Just one minute Cal was alive, and the next he was in the dirt. Like he was choking on air.","في لحظة كان كال حياً يرزق، وفي اللحظة التالية كان ملقى في التراب يختنق بالهواء."
"NPCs.quests.theWeepingSisters.huntersCamp.hunterAdan.interactLine3","For a long time I'm ashamed to say all I wanted was to join him.","أخجل من الاعتراف بأنه لوقت طويل، كل ما تمنيته كان اللحاق به."
"NPCs.quests.theWeepingSisters.huntersCamp.hunterAdan.interactLine4","But the Rites of the Fallen, celebrating his name, his service, it brought me back.","لكن طقوس الرعاية بالراحلين، والاحتفاء باسمه وخدمته، هي ما أعادتني للحياة."
"NPCs.quests.theWeepingSisters.huntersCamp.hunterAdan.interactLine5","That's why we do this. You grieve to keep from forgetting. But you honor to remember.","ولهذا نقوم بذلك: أنت تحزن لكيلا تنسى، لكنك تكرم الراحلين لتتذكرهم دوماً."
"NPCs.quests.theWeepingSisters.huntersCamp.hunterAdan.retalk","I know if I'd died instead, my brother would be out here, bringing down a boar in my name.","أعلم أنه لو كنت أنا الميت بدلاً منه، لكان أخي هنا في العراء يصرع خنزيراً برياً تخليداً لاسمي."
"NPCs.quests.theWeepingSisters.huntersCamp.hunterDel.eavesdrop","I could live off berries and nuts I suppose.","أفترض أن بمقدوري العيش على التوت والمكسرات."
"NPCs.quests.theWeepingSisters.huntersCamp.hunterDel.interactLine1","I'd offer food but we have none. The plague spoils our game.","كنت لأقدم لك طعاماً، لكن ليس لدينا شيء؛ فالطاعون يفسد صيدنا."
"NPCs.quests.theWeepingSisters.huntersCamp.hunterDel.interactLine2","Personally, I think it's a lesson from the almighty.","في رأيي الشخصي، أرى في ذلك درساً من القادر المقتدر."
"NPCs.quests.theWeepingSisters.huntersCamp.hunterDel.interactLine3","Every season I join the hunt for the Rites, and every season I wonder if there's a better way.","في كل موسم أنضم إلى الصيد لأجل الطقوس، وفي كل موسم أتساءل إن كان ثمة سبيل أفضل."
"NPCs.quests.theWeepingSisters.huntersCamp.hunterDel.interactLine4","I know our quarry die so that we may live. But what do you see in a dying buck's eyes?","أعلم أن طرائدنا تموت لكي نحيا نحن، لكن ما الذي تراه في عيني غزال يحتضر؟"
"NPCs.quests.theWeepingSisters.huntersCamp.hunterDel.interactLine5","Me? I see fear, not purpose.","أنا شخصياً؟ أرى رعباً وخوفاً، لا غاية ولا هدفاً."
"NPCs.quests.theWeepingSisters.huntersCamp.hunterDel.retalk","Are hunting and killing really so different?","أترى الصيد والقتل يختلفان حقاً إلى هذا الحد؟"
"NPCs.quests.theWeepingSisters.huntersCamp.hunterJocosa.eavesdrop","Reed's no fool, there's something in this forest.","ريد ليس بأحمق، فهناك شيء مريب يتربص في هذه الغابة."
"NPCs.quests.theWeepingSisters.huntersCamp.hunterJocosa.interactLine1","We find trampled trees and boars torn apart like paper dolls, but tell ourselves it's just a passing storm.","نجد أشجاراً مدوسة وخنازير ممزقة كدمى الورق، ونقنع أنفسنا بأنها مجرد عاصفة عابرة."
"NPCs.quests.theWeepingSisters.huntersCamp.hunterJocosa.interactLine2","I know the Rites only come once a year, and the fallen deserve tribute, but not at the risk of joining them.","أعلم أن الطقوس تأتي مرة واحدة في العام، وأن الراحلين يستحقون الإجلال، لكن ليس بالمخاطرة بالانضمام إليهم."
"NPCs.quests.theWeepingSisters.huntersCamp.hunterJocosa.interactLine3","They want to make Sacrament proud, for this year's Rites to be a banquet. Pride, all pride.","يريدون جعل ساكرامنت تفخر بهم، وأن تكون طقوس هذا العام مأدبة عامرة. كبرياء وغرور، كله كبرياء."
"NPCs.quests.theWeepingSisters.huntersCamp.hunterJocosa.retalk","The forest is full of hunters, and only some of them walk on two legs.","الغابة مليئة بالصيادين، والبعض منهم فقط يسير على قدمين."
"NPCs.quests.theWeepingSisters.huntersCamp.hunterLara.doorUnlockInteractLine1","Watch yourself, Cerim. Something spooked my father, and he’s not one to scare easily.","توخَّ الحذر يا سيريم، هناك شيء أفزع والدي، وهو ليس ممن يسهل إخافتهم."
"NPCs.quests.theWeepingSisters.huntersCamp.hunterLara.doorUnlockInteractLine2","With sickness in the reservoir and Savor in the mill, I’m glad this is your mission now and not his.","مع وجود المرض في الخزان والوحوش في المطحنة، يسعدني أن هذه باتت مهمتك أنت وليست مهمته."
"NPCs.quests.theWeepingSisters.huntersCamp.hunterLara.doorUnlockInteractLine3","Don’t tell him I said this, but- I feel safer with him at my side.","لا تخبره أنني قلت هذا، لكنني... أشعر بأمان أكثر ووالدي إلى جانبي."
"NPCs.quests.theWeepingSisters.huntersCamp.hunterLara.interactLine1","I’ve hunted in these woods since I was a little girl. But it was never like this.","اصطدتُ في هذه الغابات منذ كنت طفلة صغيرة، لكن الأمر لم يكن قط على هذا النحو."
"NPCs.quests.theWeepingSisters.huntersCamp.hunterLara.interactLine2","The governor’s daughter and I used to whittle swords out of saplings. We’d chase field mice, pretending they were wolves.","اعتدتُ أنا وابنة الحاكم نحت السيوف من الأغصان الغضة، ونطارد فئران الحقول متظاهرين بأنها ذئاب كاسرة."
"NPCs.quests.theWeepingSisters.huntersCamp.hunterLara.interactLine3","Now the wolves are real. And Odessa has... gone her own way.","أما الآن فالذئاب حقيقية وضارية، وأوديسا قد... مضت في طريقها الخاص."
"NPCs.quests.theWeepingSisters.huntersCamp.hunterMavlo.eavesdrop","Ho hooo! We both hunters, ain't we?","هو هووو! كلانا صياد، أليس كذلك؟"
"NPCs.quests.theWeepingSisters.huntersCamp.hunterMavlo.interactLine1","Come to join the fracas, have you?","جئت للانضمام إلى المعمعة، أليس كذلك؟"
"NPCs.quests.theWeepingSisters.huntersCamp.hunterMavlo.interactLine2","Me, I'm gonna bag me a Torn wolf. That's right, you heard me. Put it right on me mantle.","أما أنا، فسأصطاد ذئباً ممزقاً، نعم سمعتني جيداً، لأعلقه زينة فوق مدفأتي."
"NPCs.quests.theWeepingSisters.huntersCamp.hunterMavlo.interactLine3","Some here killin for food, killin for the Rites. I got a belly full and ceremony enough. I kill for the prize.","البعض هنا يقتل طلباً للطعام، وآخرون للطقوس. أما أنا فبطني ممتلئ وشبعت من الطقوس، أنا أقتل لنيل الجائزة والمفخرة."
"NPCs.quests.theWeepingSisters.huntersCamp.hunterMavlo.interactLine4","No sweeter stink than the blood caked in me hair. If not for the wife I'd never wash it off.","ما من رائحة أزكى من الدماء الجافة المتكتلة في شعري. لولا زوجتي لما غسلتها قط."
"NPCs.quests.theWeepingSisters.huntersCamp.hunterMavlo.interactLine5","Don't lie - you got a ledger of your own, doncha? Carrying your trophy room with you between your ears.","لا تنكر ذلك - فلديك سجلك الخاص، أليس كذلك؟ تحمل غرفة كؤوسك وجوائزك بين أذنيك في رأسك."
"NPCs.quests.theWeepingSisters.huntersCamp.hunterMavlo.retalkLine1","A word to the wise. Seek your prey where others won't.","نصيحة من خبير: ابحث عن طريدتك حيث يخشى الآخرون الذهاب."
"NPCs.quests.theWeepingSisters.huntersCamp.hunterMavlo.retalkLine2","Follow your gut, it'll lead you to the kill, every time.","اتبع حدسك، وسيقودك إلى الصيد الناجح في كل مرة."
"NPCs.quests.theWeepingSisters.huntersCamp.hunterNomara.eavesdrop","Who are you? 
You're not from Sacrament.","من أنت؟
لست من ساكرامنت."
"NPCs.quests.theWeepingSisters.huntersCamp.hunterNomara.interactLine1","We don't need any more mouths round here! Haven't got enough supplies as it is.","لسنا بحاجة لمزيد من الأفواه الجائعة هنا! فالمؤن لا تكفينا بالكاد."
"NPCs.quests.theWeepingSisters.huntersCamp.hunterNomara.interactLine2","I should never have signed up with this outfit...","ما كان ينبغي لي الانضمام إلى هذه الجماعة قط..."
"NPCs.quests.theWeepingSisters.huntersCamp.hunterNomara.interactLine3","The Hunt is just part of the job. I'm happy to serve.","الصيد مجرد جزء من العمل، ويسعدني أداء واجبي."
"NPCs.quests.theWeepingSisters.huntersCamp.hunterNomara.interactLine4","Nomara, they call me. Because it's my name. Nomara.","يدعونني نومارا، وذلك لأنه اسمي، نومارا."
"NPCs.quests.theWeepingSisters.huntersCamp.hunterNomara.interactLine5","I've said what I have to say. Now go stick your nose somewhere else.","قلت ما لديّ لأقوله، والآن اذهب واحشر أنفك في مكان آخر."
"NPCs.quests.theWeepingSisters.huntersCamp.hunterNomara.retalk","Your business out in these woods is your business. And mine is mine.","شأنك في هذه الغابة يخصك وحدك، وشأني يخصني وحدي."
"NPCs.quests.theWeepingSisters.huntersCamp.hunterReed.interactLine1","Be careful, Cerim. There’s something far worse than Torn wolves and woodsmen out there.","احذر يا سيريم، فهناك ما هو أسوأ بكثير من الذئاب الممزقة والحطابين في الخارج."
"NPCs.quests.theWeepingSisters.huntersCamp.hunterReed.interactLine2","I really did hear something out there, Cerim. At first I thought it was a bear but...","لقد سمعتُ شيئاً حقاً هناك يا سيريم. في البداية حسبته دباً، ولكن..."
"NPCs.quests.theWeepingSisters.huntersCamp.hunterReed.interactLine3","Then it roared. And it didn’t sound like a bear.","ثم زأر زئيراً مروعاً، ولم يكن صوته كزئير أي دب."
"NPCs.quests.theWeepingSisters.huntersCamp.hunterReed.interactLine4","It sounded like... torment.","كان صوته يشبه... العذاب والألم الأبدي."
"NPCs.quests.theWeepingSisters.huntersCamp.hunterReed.retalkLine1","Lara says it was my imagination.","لارا تقول إنه من نسج خيالي."
"NPCs.quests.theWeepingSisters.huntersCamp.hunterReed.retalkLine2","I hope she’s right, and the only thing that crosses your path is good fortune.","آمل أن تكون محقة، وألا يعترض طريقك سوى الحظ الوافر والتوفيق."
"NPCs.quests.theWeepingSisters.huntersCamp.hunterRussa.eavesdrop","Oof! This ground is like stone.","أوف! هذه الأرض صلبة كالصخر الأصم."
"NPCs.quests.theWeepingSisters.huntersCamp.hunterRussa.interactLine1","I can't do it. My arms have gone to mud.","لا أستطيع الاستمرار، فقد خارت قوى ذراعيّ تماماً."
"NPCs.quests.theWeepingSisters.huntersCamp.hunterRussa.interactLine2","I'm not a feeble man. But we've been out here for three days with not but turnips and porridge.","لست بالرجل الضعيف، لكننا مرابطون هنا منذ ثلاثة أيام دون طعام سوى اللفت والعصيدة."
"NPCs.quests.theWeepingSisters.huntersCamp.hunterRussa.interactLine3","And this dirt won't give. I can't even get my shovel in a thumb's length.","وهذه التربة عصية لا تلين، أعجز حتى عن غرس مجرفتي بمقدار عقلة إصبع فيها."
"NPCs.quests.theWeepingSisters.huntersCamp.hunterRussa.retalk","Just... pretend you never saw this. I'm pathetic, I am.","فقط... تظاهر بأنك لم ترَ هذا. كم أنا مثير للشفقة حقاً."
"NPCs.quests.theWeepingSisters.huntersCamp.hunterRussaAfterDigging.interactLine1","Yes, finally! That's the start it needed!
Thank you!","نعم، أخيراً! هذه هي البداية التي كانت تنقصها!
شكراً جزيلاً لك!"
"NPCs.quests.theWeepingSisters.huntersCamp.hunterRussaAfterDigging.interactLine2","...Gods, I really am useless.","...يا إلهي، أنا حقاً عديم الفائدة تماماً."
"NPCs.quests.theWeepingSisters.huntersCamp.hunterRussaAfterDigging.interactLine3","I.. I need to get back to Sacrament. I don't belong here. I'm not meant for this.","أنا... عليّ العودة إلى ساكرامنت؛ فأنا لا أنتمي إلى هنا، ولم أُخلق لمثل هذه الأعمال الشاقة."
"NPCs.quests.theWeepingSisters.huntersCamp.hunterRussaAfterDigging.retalkLine1","Thank you, stranger. I'll say a prayer to the Maker for you.","شكراً لك أيها الغريب، سأتلو دعاءً للصانع لأجلك."
"NPCs.quests.theWeepingSisters.huntersCamp.hunterRussaAfterDigging.retalkLine2","And please, don't tell anyone about this.","وأرجوك ألا تخبر أحداً بما حدث هنا."
"NPCs.quests.theWeepingSisters.huntersCamp.hunterSora.eavesdrop","Oh my - a Cerim! That's unexpected.","يا إلهي - سيريم! هذا غير متوقع على الإطلاق."
"NPCs.quests.theWeepingSisters.huntersCamp.hunterSora.interactLine1","You're just about the last thing I would expect to wander into our camp.","أنت آخر ما كنت أتوقع أن يعثر على طريق مخيمنا."
"NPCs.quests.theWeepingSisters.huntersCamp.hunterSora.interactLine2","Are you staying in Sacrament?","أتقيم في ساكرامنت؟"
"NPCs.quests.theWeepingSisters.huntersCamp.hunterSora.interactLine3","My half sister's there. She's an enchanter. If you understand all that hokum, you're wiser than I.","أختي غير الشقيقة هناك، وهي ساحرة تبريم. إن كنت تفهم في كل تلك الخرافات والشعوذة، فأنت أحكم مني بكثير."
"NPCs.quests.theWeepingSisters.huntersCamp.hunterSora.interactLine4","In fact - I don't suppose...","في الواقع - لا أظن أنك..."
"NPCs.quests.theWeepingSisters.huntersCamp.hunterSora.interactLine5","No, never mind.","لا، انسَ الأمر، لا عليك."
"NPCs.quests.theWeepingSisters.huntersCamp.hunterSora.retalk","Thank you for delivering my letter. ...I don't know if I could look Eleanor in the eye to hand it over myself. ","شكراً لك على تسليم رسالتي. ...لست متأكدة إن كنت سأقوى على النظر في عيني إليانور لتسليمها إياها بنفسي."
"NPCs.quests.theWeepingSisters.huntersCamp.hunterSora.secondInteractLine1","I... I'm embarrassed to ask this, but -","أنا... أشعر بالحرج من طلب هذا، ولكن —"
"NPCs.quests.theWeepingSisters.huntersCamp.hunterSora.secondInteractLine2","Would you give her a letter for me? My sister, I mean.","أيمكنك تسليمها رسالة نيابة عني؟ أعني أختي."
"NPCs.quests.theWeepingSisters.huntersCamp.hunterSora.secondInteractLine3","I keep meaning to deliver it myself. Yet we never... seem to cross paths. ","أظل أنوي تسليمها إياها بنفسي، ومع ذلك... لا يبدو أن طرقنا تتقاطع أبداً."
"NPCs.quests.theWeepingSisters.huntersCamp.hunterSora.secondInteractLine4","Eleanor is her name. And Sora is mine. ","اسمها إليانور، واسمي أنا سورا."
"NPCs.quests.theWeepingSisters.huntersCamp.hunterSora.secondInteractLine5","...The truth is, I haven't spoken to her in quite some time.","...والحقيقة هي أنني لم أتحدث إليها منذ وقت طويل جداً."
"NPCs.quests.theWeepingSisters.huntersCamp.hunterSora.secondInteractLine6","If she seems angry, or annoyed when she reads it... Don't mind her. That's just how she is.","إن بدت غاضبة أو منزعجة حين تقرؤها... فلا تبالِ بها، فتلك هي طباعها فحسب."
"NPCs.quests.theWeepingSisters.huntersCamp.interactLine1","Sit still, father! I can’t tie the bandage with you squirming about.","اثبت مكانك يا أبتِ! لا يمكنني ربط الضمادة وأنت تتلوى هكذا."
"NPCs.quests.theWeepingSisters.huntersCamp.interactLine10","Yes, and don’t forget barrels. The deadliest creature of all.","نعم، ولا تنسَ البراميل أيضاً؛ أشد المخلوقات فتكاً على الإطلاق."
"NPCs.quests.theWeepingSisters.huntersCamp.interactLine2","Is that a hooper’s knot? I’m not a trussed up goose, am I?","أهذه عقدة حزام؟ لستُ إوزة مشدودة الأوصال، أليس كذلك؟"
"NPCs.quests.theWeepingSisters.huntersCamp.interactLine3","Ho, Cerim, welcome. I’m afraid we’re in a sorry state. Foul water chokes these woods, and the plague is rampant.","مرحباً بك يا سيريم. أخشى أن حالنا يرثى لها؛ فالمياه الآسنة تخنق هذه الغابات، والوباء مستشرٍ في كل مكان."
"NPCs.quests.theWeepingSisters.huntersCamp.interactLine4","But at least my father is in one piece! ...He nearly lost his leg tripping over an old tree stump.","لكن على الأقل والدي سليم معافى! ...كاد يفقد ساقه وهو يتعثر بجذع شجرة قديم."
"NPCs.quests.theWeepingSisters.huntersCamp.interactLine5","It was a barrel! And I was fighting for my life! Fending off those - things - that have taken over the old lumber mill.","بل كان برميلاً! وكنت أقاتل دفاعاً عن حياتي! أصد تلك - الأشياء - التي استولت على مطحنة الخشب القديمة."
"NPCs.quests.theWeepingSisters.huntersCamp.interactLine6","If you’re trying to reach the Sisters, then your troubles are the same as ours.","إن كنت تحاول الوصول إلى الأخوات الباكيات، فإن مشكلتك هي مشكلتنا ذاتها."
"NPCs.quests.theWeepingSisters.huntersCamp.interactLine7","There’s a reservoir past the old mill to the west. That’s where the filth is coming from.","هناك خزان مياه يقع وراء المطحنة القديمة جهة الغرب، ومن هناك تنبع كل هذه القذارة."
"NPCs.quests.theWeepingSisters.huntersCamp.interactLine8","My father tried to drain it - but something tells me you’ll have better luck than him, Cerim. Here, I’ll open the way...","حاول والدي تصريفه - لكن ثمة شعور يخبرني أن حظك سيكون أفضل منه بكثير يا سيريم. تفضل، سأفتح لك الطريق..."
"NPCs.quests.theWeepingSisters.huntersCamp.interactLine9","It’s no mill, not anymore. It’s a Savor den, filled with deviants and monsters and -","لم تعد مطحنة، بل تحولت إلى وكر للسافور، يعج بالوحوش والمتحولين و —"
"NPCs.quests.theWeepingSisters.huntingPartyDestroyed.ellsworth.retalkLine1","These men need our care, but we’ll meet you at the Sisters once you’ve dispatched the beast.","هؤلاء الرجال بحاجة إلى رعايتنا، لكننا سنلتقي بك عند الأخوات ما إن تقضي على الوحش."
"NPCs.quests.theWeepingSisters.huntingPartyDestroyed.ferrin.retalkLine1","My father used to take me hunting in these hills, and my grandfather used to take him...","اعتاد والدي أخذي للصيد في هذه التلال، واعتاد جدي أن يأخذه قبله..."
"NPCs.quests.theWeepingSisters.huntingPartyDestroyed.ferrin.retalkLine2","I don’t think I’ll take my sons.","لا أظنني سآخذ أبنائي إليها قط."
"NPCs.quests.theWeepingSisters.huntingPartyDestroyed.interactLine1","Cerim! The waters are draining but we heard… shouts from beyond the treeline. We —","سيريم! المياه تنحسر وتُصرّف، لكننا سمعنا... صرخات من وراء خط الأشجار. نحن —"
"NPCs.quests.theWeepingSisters.huntingPartyDestroyed.interactLine10","Don’t go! You'll end up like the rest, torn to pieces! It’s got claws like iron and poison for blood!","لا تذهب! سينتهي بك المطاف كالبقية ممزقاً إرباً! يملك مخالب كالفولاذ ودماؤه سم زعاف!"
"NPCs.quests.theWeepingSisters.huntingPartyDestroyed.interactLine11","So it bleeds.","إذن فهو ينزف دماً."
"NPCs.quests.theWeepingSisters.huntingPartyDestroyed.interactLine1b","I told you it weren’t no bear!","أخبرتكم أنه لم يكن دباً عادياً!"
"NPCs.quests.theWeepingSisters.huntingPartyDestroyed.interactLine2","What happened? Where are the others?","ما الذي حدث؟ وأين البقية؟"
"NPCs.quests.theWeepingSisters.huntingPartyDestroyed.interactLine3","There was... a beast... ","كان هناك... وحش كاسر..."
"NPCs.quests.theWeepingSisters.huntingPartyDestroyed.interactLine3b","It took my Lara…","لقد اختطف لارا ابنتي..."
"NPCs.quests.theWeepingSisters.huntingPartyDestroyed.interactLine3c","It tore right through us.","لقد مزق صفوفنا تماماً."
"NPCs.quests.theWeepingSisters.huntingPartyDestroyed.interactLine4"," I’m supposed to protect her. But I ran…","كان من واجبي حمايتها، لكنني هربت رعباً..."
"NPCs.quests.theWeepingSisters.huntingPartyDestroyed.interactLine5","It’s not your fault.","ليس هذا خطأك يا ريد."
"NPCs.quests.theWeepingSisters.huntingPartyDestroyed.interactLine6","Perhaps it is fate that you came after all, Cerim. So this carnage does not go unanswered.","لعل القدر هو ما قادك إلى هنا في النهاية يا سيريم، حتى لا تمر هذه المجزرة دون قصاص."
"NPCs.quests.theWeepingSisters.huntingPartyDestroyed.interactLine7","I’m so sorry…","أنا آسف جداً..."
"NPCs.quests.theWeepingSisters.huntingPartyDestroyed.interactLine8","Return to their camp, and see if you can track the creature.","عُد إلى مخيمهم، وانظر إن كان بإمكانك تتبع أثر الوحش."
"NPCs.quests.theWeepingSisters.huntingPartyDestroyed.interactLine9","Winnick and I will tend to Reed and Ferrin here, before we continue to the Sisters.","سأعتني أنا ووينيك بريد وفيرين هنا، قبل أن نواصل المسير إلى الأخوات."
"NPCs.quests.theWeepingSisters.huntingPartyDestroyed.reed.retalk","Gods forgive me. I can still hear her screaming... like a ringing in my ears.","غفرانك يا رب، لا زلت أسمع صرخاتها تدوي في رأسي... كطنين لا ينقطع في أذنيّ."
"NPCs.quests.theWeepingSisters.huntingPartyDestroyed.winnick.retalk","Of all God’s creatures, I never thought the Pestilence could defile the sigil of Sacrament itself.","من بين كل مخلوقات الإله، لم يخطر ببالي قط أن الوباء قادر على تدنيس شعار ساكرامنت ذاته."
"NPCs.quests.theWeepingSisters.injuredHunter.eavesdrop","How many... how many made it?","كم... كم واحداً نجا؟"
"NPCs.quests.theWeepingSisters.injuredHunter.interaction1Line1","It was a bear. But it wasn’t.","كان دباً، لكنه لم يكن كذلك في الوقت عينه."
"NPCs.quests.theWeepingSisters.injuredHunter.interaction1Line2","Forgive me, I don’t know the word for... what I saw.","اعذرني، فأنا أعجز عن إيجاد الكلمة لوصف... ما رأيته بأم عيني."
"NPCs.quests.theWeepingSisters.injuredHunter.interaction1Line3","But the camp. Del, Sora, Mavlo.","لكن المخيم بأكمله: ديل، سورا، مافلو..."
"NPCs.quests.theWeepingSisters.injuredHunter.interaction1Line4","And Lara. It took her. All of her.","ولارا، لقد أخذها، أخذها كلها."
"NPCs.quests.theWeepingSisters.injuredHunter.interaction1Line5","I think Reed escaped. So did I. I was lucky... I got away... I was lucky...","أظن أن ريد استطاع الهرب، وأنا نجوت أيضاً، كنت محظوظاً... تمكنت من الفرار... كنت محظوظاً..."
"NPCs.quests.theWeepingSisters.injuredHunter.retalkLine1","The bear roared, Lara screamed... The bear screamed, Lara roared...","الدب يزأر، ولارا تصرخ... الدب يصرخ، ولارا تزأر..."
"NPCs.quests.theWeepingSisters.lostHuntress.deathLine1","They'll sing songs about me…","سينشدون الأغاني عني..."
"NPCs.quests.theWeepingSisters.sadReed.interaction1Line1","Down there is where I taught Lara to swim...","هناك في الأسفل علمتُ لارا السباحة..."
"NPCs.quests.theWeepingSisters.sadReed.interaction1Line2","She took to it like a fish to water - always was better than me at everything.","كانت تسبح كالسمكة في الماء - لطالما كانت أمهر مني في كل شيء."
"NPCs.quests.theWeepingSisters.sadReed.interaction1Line3","Each time, she pushed further and further from the shore... Till one day she went too far.","في كل مرة كانت تبتعد أكثر فأكثر عن الشاطئ... حتى ابتعدت ذات يوم أكثر مما ينبغي."
"NPCs.quests.theWeepingSisters.sadReed.interaction1Line4","I had to swim harder and faster than I ever have in my life to bring her back.","فاضطررت للسباحة بأقصى وأسرع ما استطعت في حياتي لأعيدها سالمة."
"NPCs.quests.theWeepingSisters.sadReed.interaction1Line5","I could swim out there again. But this time the waves wouldn’t be taking her from me.","بمقدوري السباحة إلى هناك مجدداً، لكن هذه المرة لن تسلبها الأمواج مني."
"NPCs.quests.theWeepingSisters.sadReed.retalkLine1","Leave me, Cerim. You have much to do, and I’ve nowhere else to go.","دعني وشأني يا سيريم. فلديك الكثير لتفعله، وأنا ليس لديّ مكان آخر أذهب إليه."
"NPCs.quests.theWeepingSisters.tuvultTheBeggar.eavesdrop","Ah. There you are, Casper.","آه، ها أنت ذا يا كاسبر."
"NPCs.quests.theWeepingSisters.tuvultTheBeggar.interaction1Line1","I see you’ve met my friend. Please, forgive us our guile, it was necessary.","أرى أنك قابلت صديقي. أرجوك اعذر حيلتنا ومكرنا، فقد كان ذلك ضرورياً."
"NPCs.quests.theWeepingSisters.tuvultTheBeggar.interaction1Line2","Something in my gut told me something in yours would keep you from ignoring old Casper.","أخبرني حدسي بأن في أعماقك ما يمنعك من تجاهل كاسبر العجوز."
"NPCs.quests.theWeepingSisters.tuvultTheBeggar.interaction1Line3","Don’t worry, I’ve not brought you here to ask for copper. Or Savor.","لا تقلق، لم أجلبك إلى هنا لأتسول النحاس، ولا طعام سافور."
"NPCs.quests.theWeepingSisters.tuvultTheBeggar.interaction1Line4","...In fact, I’ve something to give to you. ","...في الواقع، لديّ ما أقدمه لك."
"NPCs.quests.theWeepingSisters.tuvultTheBeggar.interaction1Line5","This letter needs to make its way to Ellsworth’s hands.","هذه الرسالة يجب أن تصل إلى يدي إلسورث."
"NPCs.quests.theWeepingSisters.tuvultTheBeggar.interaction1Line6","A little guard told me he’s in the War Room right now. I’ve got no shoes to my name, but they’ll let you walk right in.","أخبرني أحد الحراس الصغار بأنه موجود في غرفة الحرب الآن. أنا لا أملك حتى حذاءً أرتديه، لكنهم سيدعونك تدخل مباشرة."
"NPCs.quests.theWeepingSisters.tuvultTheBeggar.interaction1Line7","What do you say?","فما قولك؟"
"NPCs.quests.theWeepingSisters.tuvultTheBeggar.interaction2Line1","I know what you’re thinking. What’s a worm like me doing with a message for the governor?","أعلم ما يجول في خاطرك: ما شأن دودة مثلي بحمل رسالة موجهة إلى الحاكم؟"
"NPCs.quests.theWeepingSisters.tuvultTheBeggar.interaction2Line2","It’s not from me, you ox.","إنها ليست مني أنا، أيها الثور الأحمق."
"NPCs.quests.theWeepingSisters.tuvultTheBeggar.interaction2Line3","This island is a tapestry, my friend. And one little bit of string can go all the way from Beggar’s Alley, clear back to the mainland.","هذه الجزيرة تشبه نسيجاً محبوكاً يا صديقي، وخيطٌ صغير واحد يمكن أن يمتد من زقاق المتسولين وصولاً إلى القارة."
"NPCs.quests.theWeepingSisters.tuvultTheBeggar.interaction2Line4","If you want to survive, you’d best start learning which strings around here are short. And which ones are very long indeed.","إن كنت تريد النجاة، فمن الأفضل لك معرفة أي الخيوط هنا قصيرة، وأيها طويل للغاية حقاً."
"NPCs.quests.theWeepingSisters.tuvultTheBeggar.retalkLine1","Quickly now. Mustn’t dally. If I know Ellsworth, he won’t linger in the War Room long. Not with Sacrament under threat on all sides.","أسرع الآن، لا مجال للتباطؤ. إن كنت أعرف إلسورث جيداً، فلن يمكث في غرفة الحرب طويلاً، وساكرامنت مهددة من كل الجهات."
"NPCs.quests.theWeepingSisters.tuvultTheBeggar.retalkLine2","Deliver that letter, so I can get paid. And my Casper can get his dinner.","سلم تلك الرسالة، حتى أنال أجري، وينال كاسبر وجبة عشائه."
"NPCs.quests.theWeepingSisters.tuvultTheBeggarWithoutDog.eavesdrop","Psst. Cerim. I’ve got something for you.","صه، يا سيريم. لديّ شيء لأجلك."
"NPCs.quests.theWeepingSisters.tuvultTheBeggarWithoutDog.interaction1AltLine1","You don’t know me, Cerim, but I know all about you. I know you’ve got the Governor’s ear.","أنت لا تعرفني يا سيريم، لكنني أعرف عنك كل شيء، وأعلم أنك تحظى بمسامع الحاكم."
"NPCs.quests.theWeepingSisters.tuvultTheBeggarWithoutDog.interaction1AltLine2","A little guard told me he’s in the War Room right now. I’ve got no shoes to my name, but they’ll let you walk right in.","أخبرني أحد الحراس الصغار بأنه في غرفة الحرب الآن. أنا لا أملك حذاءً في قدمي، لكنهم سيسمحون لك بالدخول مباشرة."
"NPCs.quests.theWeepingSisters.warRoomQuestKickoff.ellsworth.interact1Line1","Cerim. I... She was gone when you arrived. Do you understand?","سيريم. أنا... لقد كانت قد غادرت بالفعل حين وصلتَ أنت. أتفهمني؟"
"NPCs.quests.theWeepingSisters.warRoomQuestKickoff.ellsworth.interact1Line2","Many of our affairs concern you. But not all.","الكثير من شؤوننا تهمك، لكن ليس كلها."
"NPCs.quests.theWeepingSisters.warRoomQuestKickoff.ellsworth.interact1Line3","A letter? Please, let me see it.","رسالة؟ أرجوك، دعني أراها."
"NPCs.quests.theWeepingSisters.warRoomQuestKickoff.ellsworth.interact1Line4","…","..."
"NPCs.quests.theWeepingSisters.warRoomQuestKickoff.ellsworth.interact1Line5","...The eyes of history indeed.","...عيون التاريخ تراقبنا حقاً."
"NPCs.quests.theWeepingSisters.warRoomQuestKickoff.ellsworth.interact1Line6","Winnick and I must make for the Weeping Sisters at once, south of Sacrament.","عليّ التوجه أنا ووينيك إلى الأخوات الباكيات في الحال، جنوب ساكرامنت."
"NPCs.quests.theWeepingSisters.warRoomQuestKickoff.ellsworth.interact1Line7","Hm... But the route through the Lowland Meadows is scarred with Pestilence.","همم... لكن الطريق عبر السهول المنخفضة ملوث بالوباء وندوب الطاعون."
"NPCs.quests.theWeepingSisters.warRoomQuestKickoff.ellsworth.interact1Line8","Perhaps our interests align once again. Our protection, your glory.","ربما تلتقي مصالحنا من جديد؛ حمايتنا، في مقابل مجدك."
"NPCs.quests.theWeepingSisters.warRoomQuestKickoff.ellsworth.interact2Line1","An outstretched hand may belong to an enemy or an ally.","اليد الممدودة قد تكون لعدو أو لحليف."
"NPCs.quests.theWeepingSisters.warRoomQuestKickoff.ellsworth.interact2Line2","My burden is that I must shake the hand regardless.","وعبئي الأكبر هو أنني مضطر لمصافحتها في كل الأحوال."
"NPCs.quests.theWeepingSisters.warRoomQuestKickoff.ellsworth.retalkLine1","This island is scattered with the ruins of those who thought they were eternal.","تتناثر في هذه الجزيرة أطلال أولئك الذين ظنوا أنهم خالدون."
"NPCs.quests.theWeepingSisters.warRoomQuestKickoff.ellsworth.retalkLine2","Every day I worry we’re one step closer to joining them.","وفي كل يوم يساورني القلق من أننا نقترب خطوة أخرى من الانضمام إليهم."
"NPCs.quests.theWeepingSisters.winnickOutsideWarRoomAfterCinematicAndEllsworth.retalkLine1","I’ve known Odessa since she was just a baby in Annora’s arms.","أعرف أوديسا منذ كانت رضيعة بين ذراعي أنورا."
"NPCs.quests.theWeepingSisters.winnickOutsideWarRoomAfterCinematicAndEllsworth.retalkLine2","And still, the number of guards who say to my face that she should hang...","ومع ذلك، فإن عدد الحراس الذين يقولون في وجهي إنها يجب أن تُشنق..."
"NPCs.quests.theWeepingSisters.winnickOutsideWarRoomAfterCinematicAndEllsworth.retalkLine3","Makes me wonder what they say about her behind my back.","...يجعلني أتساءل عما يقولونه عنها من وراء ظهري."
"NPCs.quests.theWeepingSisters.winnickOutsideWarRoomAfterCinemticNoEllsworth.retalk","So, you survived. Did you speak with Ellsworth?","إذن، لقد نجوت. هل تحدثت مع إلسورث؟"
"NPCs.quests.theWeepingSisters.winnickOutsideWarRoomBeforeKickoff.interactLine1","Careful, Cerim. Ellsworth’s inside with Odessa. He had her summoned to the War Room this morning.","حذارِ يا سيريم، إلسورث بالداخل مع أوديسا، فقد استدعاها إلى غرفة الحرب هذا الصباح."
"NPCs.quests.theWeepingSisters.winnickOutsideWarRoomBeforeKickoff.interactLine2","Even I’ve got the sense to steer clear of that.","حتى أنا لديّ من الفطنة ما يجعلني أبتعد عن ذلك تماماً."
"NPCs.quests.theWeepingSisters.winnickOutsideWarRoomBeforeKickoff.retalk","If you venture into the War Room, I suggest you be discreet. Or well armored.","إن غامرت بالدخول إلى غرفة الحرب، فأنصحك بأن تكون كتوماً، أو مدججاً بالدروع الثقيلة."
"NPCs.sacramentGeneric.AldenTheCaretaker.marinGate.eavesdrop","One final stone to unturn.","حجر أخير لم أقلبه بعد."
"NPCs.sacramentGeneric.AldenTheCaretaker.marinGate.interaction1Line1","I thought perhaps Sacrament’s Guard, or Phalen’s faithful might...","ظننتُ أن حرس ساكرامنت أو مؤمني فالن قد..."
"NPCs.sacramentGeneric.AldenTheCaretaker.marinGate.interaction1Line2","I thought I wouldn’t be alone.","ظننتُ أنني لن أكون وحيداً بمفردي."
"NPCs.sacramentGeneric.AldenTheCaretaker.marinGate.interaction1Line3","I have nowhere else to turn, Gods help me. Nowhere but...","لم يعد لدي مكان آخر أقصده، أعانتني الآلهة. لا مكان سوى..."
"NPCs.sacramentGeneric.AldenTheCaretaker.marinGate.interaction1Line4","I was once like you, young and strong and without fear. I will show Irmgard the man I was.","كنتُ مثلك يوماً؛ شاباً وقوياً ولا أعرف الخوف. سأثبت لإيرمغارد معدن الرجل الذي كنته."
"NPCs.sacramentGeneric.AldenTheCaretaker.marinGate.retalkLine1","If I fail, so be it. But I refuse to outlive my own home.","إن أخفقت، فليكن ما يكون. لكنني أرفض أن أعيش بعد فناء دياري."
"NPCs.sacramentGeneric.AldenTheCaretaker.sacrament.eavesdrop","They say he left already...","يقولون إنه غادر بالفعل..."
"NPCs.sacramentGeneric.AldenTheCaretaker.sacrament.interaction1Line1","Excuse me, is it true that Governor Ellsworth has already gone north with that Madrigal?","معذرةً، هل صحيح أن الحاكم إلسورث قد ذهب شمالاً مع تلك المادريغال؟"
"NPCs.sacramentGeneric.AldenTheCaretaker.sacrament.interaction1Line2","The guard said as much, but I wasn’t sure - many doors in Sacrament stay shut to us Dasha.","أخبرني الحارس بذلك، لكنني لم أكن واثقاً؛ فأبواب كثيرة في ساكرامنت تبقى موصدة في وجوهنا نحن الداشا."
"NPCs.sacramentGeneric.AldenTheCaretaker.sacrament.interaction1Line3","I’d hoped for an audience. He has much on his shoulders, I know, but my home is... unwell.","رجوتُ نيل مقابلته. أعلم أن على عاتقه أعباءً جساماً، لكن دياري... عليلة وتنازع."
"NPCs.sacramentGeneric.AldenTheCaretaker.sacrament.interaction1Line4","Perhaps I can speak to the Orison. Yes, one man of faith to another.","ربما أستطيع التحدث إلى الأوريسون. نعم، رجل إيمان إلى رجل إيمان آخر."
"NPCs.sacramentGeneric.AldenTheCaretaker.sacrament.interaction1Line5","I promised her - I promised <i>them</i> I wouldn’t return to Marin empty-handed.","لقد وعدتها... وعدتُ <i>إياهم</i> بألا أعود إلى مارين خالي الوفاض."
"NPCs.sacramentGeneric.AldenTheCaretaker.sacrament.retalkLine1","So many stray cats and dogs wandering Sacrament. What they could teach us of loyalty and grace. I wish I could take them all home with me.","كم هو كثير عدد القطط والكلاب الضالة التي تجوب ساكرامنت! يا لما يمكنها تعليمه لنا من الوفاء والنبل. ليتني أستطيع اصطحابها كلها إلى دياري."
"NPCs.sacramentGeneric.AldenTheCaretaker.withOrison.AldenRetalkLine1","Why would the Seeker guide me here only to fail? Why would the Mother fill my heart only to break it?","لِمَ قد يهديني الساعي إلى هنا ليكون نصيبي الخيبة فقط؟ لِمَ تملأ الأم فؤادي حباً لتكسره فحسب؟"
"NPCs.sacramentGeneric.AldenTheCaretaker.withOrison.AldenRetalkLine2","Forgive me, I have slept little lately. And when I do, I dream of those piercing eyes, the awful Blight choking my home.","اعذرني، لم أنم إلا لماماً في الآونة الأخيرة. وحين أنام، تراودني تلك العيون الثاقبة، وذلك البلاء المروع وهو يخنق دياري."
"NPCs.sacramentGeneric.AldenTheCaretaker.withOrison.eavesdropHaley","I wish there was more I could do.","يا ليت بيدي ما هو أكثر لأفعله."
"NPCs.sacramentGeneric.AldenTheCaretaker.withOrison.haleyRetalkLine1","I can offer a warm meal, a kind hand, a prayer. Beyond that, we must trust in the Embrace of God’s many hands.","بوسعي تقديم وجبة دافئة، ويد حانية، ودعاء خالص. وما وراء ذلك، فعلينا الركون إلى رعاية أيادي الإله الكثيرة."
"NPCs.sacramentGeneric.AldenTheCaretaker.withOrison.jointInteractionLine1Haley","I have no stewards of my own, and the Inquisition’s only concern on Sacra is rooting out the Pestilence.","ليس لديّ قيّمون من رجالي، واهتمام محاكم التفتيش الوحيد على ساكرا هو استئصال الوباء."
"NPCs.sacramentGeneric.AldenTheCaretaker.withOrison.jointInteractionLine2Alden","But that’s the very same foulness that plagues our forest. We want the same thing.","لكنه البلاء النتن ذاته الذي يفتك بغابتنا! نحن نبتغي الهدف نفسه."
"NPCs.sacramentGeneric.AldenTheCaretaker.withOrison.jointInteractionLine3Haley","I fear they... won’t see it that way.","أخشى أنهم... لن يروا الأمر بهذه الطريقة."
"NPCs.sacramentGeneric.AldenTheCaretaker.withOrison.jointInteractionLine4Alden","Please. I know you see our faith as blasphemy but -","أرجوك. أعلم أنكم ترون في إيماننا كفراً وتجديفاً، ولكن..."
"NPCs.sacramentGeneric.AldenTheCaretaker.withOrison.jointInteractionLine5Haley","I hold no malice toward the Dasha. I’m not heartless, just... powerless.","أنا لا أحمل أي ضغينة نحو الداشا. فلستُ قاسي القلب، بل مجرد... عاجز الحيلة."
"NPCs.sacramentGeneric.altonTheFormerQuarryGuard.afterBreach.eavesdrop1","Thank the gods I wasn't at the Gate...","حمداً للآلهة أنني لم أكن عند البوابة..."
"NPCs.sacramentGeneric.altonTheFormerQuarryGuard.afterBreach.eavesdrop2","Horror after horror... Is that all that awaits us?","أهوال تتلو أهوالاً... أهذا كل ما ينتظرنا؟"
"NPCs.sacramentGeneric.altonTheFormerQuarryGuard.afterBreach.eavesdrop3","I knew Caylen was lost when the quarry fell.","أيقنتُ أن كايلن هلكت لحظة سقوط المحجر."
"NPCs.sacramentGeneric.altonTheFormerQuarryGuard.afterBreach.eavesdrop4","The only safe place left is this stinking city.","الملاذ الآمن الوحيد المتبقي هو هذه المدينة النتنة."
"NPCs.sacramentGeneric.altonTheFormerQuarryGuard.afterBreach.randomLine1","I never thought I'd consider myself lucky... but at least some of us made it out of the quarry.","لم أحسب قط أنني سأعد نفسي محظوظاً... لكن على الأقل نجا بعضنا وخرجنا من المحجر."
"NPCs.sacramentGeneric.altonTheFormerQuarryGuard.afterBreach.randomLine2","From what I hear of the Mountain Gate... It was a massacre.","مما سمعته عما حل عند بوابة الجبل... كانت مجزرة حقيقية."
"NPCs.sacramentGeneric.altonTheFormerQuarryGuard.afterBreach.randomLine3","They say the sky turned black. They say people were swimming in blood!","يقولون إن السماء استحالت سواداً. ويقولون إن الناس كانوا يسبحون في بحور من الدماء!"
"NPCs.sacramentGeneric.altonTheFormerQuarryGuard.afterBreach.randomLine4","Those poor souls would understand what I did. When the plague has you by the leg... you'll do anything to survive.","أولئك البؤساء سيفهمون ما فعلته. فحين يطبق الوباء على ساقك... تفعل أي شيء للنجاة بنفسك."
"NPCs.sacramentGeneric.altonTheFormerQuarryGuard.afterSpeech.eavesdrop","He ain't seen what I seen.","إنه لم يرَ ما رأيته أنا بأم عيني."
"NPCs.sacramentGeneric.altonTheFormerQuarryGuard.afterSpeech.interactLine1","Pretty words won't hold them back. Nothing will.","الكلمات المعسولة لن تردهم على أعقابهم. لا شيء قادر على ردهم."
"NPCs.sacramentGeneric.altonTheFormerQuarryGuard.eavesdrop","They don't know... No one here knows...","إنهم لا يدرون... ما من أحد هنا يدري..."
"NPCs.sacramentGeneric.altonTheFormerQuarryGuard.eavesdrop2","I couldn't just set them free...","لم يكن بإمكاني إطلاق سراحهم فحسب..."
"NPCs.sacramentGeneric.altonTheFormerQuarryGuard.eavesdrop3","I can still hear their shackles rattling.","ما زلتُ أسمع قعقعة أغلالهم."
"NPCs.sacramentGeneric.altonTheFormerQuarryGuard.eavesdrop4","They were just criminals. Barely even men.","كانوا مجرد مجرمين. بالكاد يستحقون وصف البشر."
"NPCs.sacramentGeneric.altonTheFormerQuarryGuard.interaction1","You've seen the quarry down the Nameless Pass. You understand what things are like there! I'm... I'm a survivor. I did what I had to do.","لقد رأيتَ المحجر في أسفل الممر المجهول. أنت تفهم كيف هي الأمور هناك! أنا... أنا مجرد ناجٍ. فعلتُ ما كان ينبغي فعله."
"NPCs.sacramentGeneric.altonTheFormerQuarryGuard.interaction2","It was us against them. They were like animals! With the plague in their eyes, it was... It was terrifying. I couldn't think.","كنا نحن في مواجهتهم. كانوا أشبه بالبهائم والوحوش! مع الوباء في أعينهم، كان الأمر... كان مرعباً لحد الجنون. عجزتُ عن التفكير."
"NPCs.sacramentGeneric.altonTheFormerQuarryGuard.interaction3","I'm not proud of what I did, no, but - well, if I hadn't, I wouldn't be here right now. I'd have ended up just like them. ","لستُ فخوراً بما صنعت، كلا، ولكن... حسناً، لولا ما فعلت لما كنتُ واقفاً هنا الآن. لكنتُ انتهيتُ مثلهم تماماً."
"NPCs.sacramentGeneric.altonTheFormerQuarryGuard.interaction4","I - I still see them when I close my eyes, their hands, reaching toward me -
 ...Anyway, what do you want?","أنا... ما زلتُ أراهم كلما أغمضتُ عيني، أيديهم تمتد نحوي...
...على أية حال، ماذا تريد؟"
"NPCs.sacramentGeneric.arthurTheTavernRegular.eavesdrop","Need to get me old seat back... I will, I will...","عليّ استعادة مقعدي القديم... سأفعلها، سأفعلها بالتأكيد..."
"NPCs.sacramentGeneric.arthurTheTavernRegular.eavesdrop2","This crisp cool air is no good for me lungs.","هذا الهواء البارد العليل لا يناسب رئتيّ بالمرة."
"NPCs.sacramentGeneric.arthurTheTavernRegular.eavesdrop3","Water? Pfft. Like I'm some puddle drinker.","ماء؟ هراء! وكأنني شارب من برك الوحل."
"NPCs.sacramentGeneric.arthurTheTavernRegular.interaction1","Oy, traveler! Have you been to The Dusty Loom? I mean before she burned down? She was the finest tavern on Sacra.","مرحى، أيها المسافر! هل زرتَ نول الغبار من قبل؟ أعني قبل أن تحترق عن آخرها؟ كانت أروع حانة على أرض ساكرا قاطبة."
"NPCs.sacramentGeneric.arthurTheTavernRegular.interaction2","Caroline's saving me table, I know. Just until she has enough copper to re-build her... Should be any day now. ","كارولاين تحتفظ بطاولتي هناك، أعلم ذلك. فقط حتى يتجمع لديها ما يكفي من النحاس لإعادة بنائها... ينبغي أن يتم ذلك في أي يوم الآن."
"NPCs.sacramentGeneric.arthurTheTavernRegular.interaction3","Say, d'y like I can sing ye a song? It goes like this... Zzzzzzzzzz.","قل لي، أتريد مني أن أشدو لك بأغنية؟ مطلعها هكذا... خخخخخخخخخخ."
"NPCs.sacramentGeneric.arthurTheTavernRegular.var1.eavesdrop","Ahhh, the wood remembers the shape of me arse.","آههه، الخشب ما زال يذكر انحناءة جسدي."
"NPCs.sacramentGeneric.arthurTheTavernRegular.var1.eavesdrop2","No sweeter perfume than sweat, ale, and a hint of sick.","ما من عطر أزكى من رائحة العرق، والجعة، وقليل من القيء."
"NPCs.sacramentGeneric.arthurTheTavernRegular.var1.eavesdrop3","She's no tavern - she's a cathedral.","إنها ليست مجرد حانة؛ إنها كاتدرائية مهيبة."
"NPCs.sacramentGeneric.arthurTheTavernRegular.var1.interaction1","Didn't I tell you, traveler? Is she not resplendent? Is she not a tavern to make you drop to your knees, and weep?","ألم أخبرك بذلك، أيها المسافر؟ أليست في غاية الروعة والبهاء؟ أليست حانة تدفع المرء للجثو على ركبتيه والبكاء فرحاً؟"
"NPCs.sacramentGeneric.arthurTheTavernRegular.var1.interaction2","I'd offer you a fresh pint, stranger, but I seem to have finished me one here, before me. Which means, I'll have to offer me a fresh one... for me.","كنتُ لأعرض عليك كأساً طازجة، أيها الغريب، لكن يبدو أنني أنهيتُ كأسي هذه هنا أمامي للتو. ما يعني أنه سيتعين عليّ طلب كأس طازجة... لنفسي."
"NPCs.sacramentGeneric.arthurTheTavernRegular.var1.interaction3","I like you, traveler. I consider us friends now.","تعجبني يا مسافر. أعدنا صديقين من الآن فصاعداً."
"NPCs.sacramentGeneric.balwinTheRichDrunk.eavesdrop","This city's gone to shit.","هذه المدينة انحدرت إلى الحضيض."
"NPCs.sacramentGeneric.balwinTheRichDrunk.eavesdrop2","Better off sleeping under a doorway.","النوم تحت عتبة باب خير من هذا الحال."
"NPCs.sacramentGeneric.balwinTheRichDrunk.eavesdrop3","Where's the work ethic anymore?","أين اختفت أخلاقيات العمل والكد هذه الأيام؟"
"NPCs.sacramentGeneric.balwinTheRichDrunk.eavesdrop4","The grapes gone sour! Hehe...","لقد حمض العنب وفسد! هيهي..."
"NPCs.sacramentGeneric.balwinTheRichDrunk.interaction1","Hello. Are you looking for a place to live? Well you can't come here to me. All my properties are full, thank you.","مرحباً. أتبحث عن مأوى للعيش؟ حسناً، لا يمكنك قصدني أنا. فكل عقاراتي مؤجرة بالكامل، مع جزيل الشكر."
"NPCs.sacramentGeneric.balwinTheRichDrunk.interaction2","I remember when Sacrament was a city on a hill. The beacon of the Ashen Sea! Now look at it. I'm almost ashamed to be a lord here.","أذكر حين كانت ساكرامنت مدينة شامخة فوق التل؛ منارة البحر الرمادي المشعة! انظر إليها الآن. أكاد أخجل من كوني سيداً ونبيلاً هنا."
"NPCs.sacramentGeneric.balwinTheRichDrunk.interaction3","When I bought my first property I was merely a child. All it takes is grit and savvy, my friend. Grit and savvy. And an ample inheritance.","حين اشتريتُ أول عقار لي كنتُ مجرد طفل. كل ما يتطلبه الأمر هو العزيمة والدهاء يا صديقي. العزيمة والدهاء... وإرث وافر وضخم."
"NPCs.sacramentGeneric.balwinTheRichDrunk.interaction4","Do you partake of ale, or wine? You strike me as the ale type. Pity. I've a fine Elgarth red sitting at home. ","أتحب الجعة أم النبيذ؟ تبدو لي من عشاق الجعة. يا للأسف؛ فلدي نبيذ إلغارث أحمر فاخر في بيتي."
"NPCs.sacramentGeneric.bavosTheSurlyFisherman.afterBreach.eavesdrop1","There'll be blood in the damn water soon enough...","ستمتلئ هذه المياه اللعينة بالدماء قريباً جداً..."
"NPCs.sacramentGeneric.bavosTheSurlyFisherman.afterBreach.eavesdrop2","Fish eat the dead, we eat the fish...","السمك يقتات على الموتى، ونحن نقتات على السمك..."
"NPCs.sacramentGeneric.bavosTheSurlyFisherman.afterBreach.eavesdrop3","Thought we was sitting pretty on top of the food chain.","ظننا أننا متربعون في دعة وراحة على قمة السلسلة الغذائية."
"NPCs.sacramentGeneric.bavosTheSurlyFisherman.afterBreach.eavesdrop4","World's ending, and I'm spending my last days with the damn fish.","العالم يلفظ أنفاسه الأخيرة، وأنا أقضي أيامي الباقية مع هذه الأسماك اللعينة."
"NPCs.sacramentGeneric.bavosTheSurlyFisherman.afterBreach.interaction1","Least the wife stopped asking why I never fish outside Sacrament's walls.","على الأقل كفّت زوجتي عن سؤالي لِمَ لا أصطاد السمك خارج أسوار ساكرامنت أبداً."
"NPCs.sacramentGeneric.bavosTheSurlyFisherman.afterBreach.interaction2","Out there you're as likely to see an arm or a leg go bobbing by as a fish. No thanks.","في الخارج، يرجح أن ترى ذراعاً أو ساقاً تطفو أمامك بقدر ما ترى سمكة. لا، شكراً جزيلاً."
"NPCs.sacramentGeneric.bavosTheSurlyFisherman.afterBreach.interaction3","Sometimes wish I was one of them. Glass-eyed moron, too stupid to be afraid. Nah, fuck fish.","أحياناً أتمنى لو كنتُ واحداً منها. أحمق بعيون زجاجية، أجهل من أن يخاف. تباً، اللعنة على السمك."
"NPCs.sacramentGeneric.bavosTheSurlyFisherman.afterBreach.interaction4","Death swooping down from above. Suppose now I know how the damn fish feel.","الموت يهوي علينا من الأعالي. أظنني فهمتُ الآن شعور الأسماك اللعينة."
"NPCs.sacramentGeneric.bavosTheSurlyFisherman.eavesdrop","Scaly bastards, always nibblin’, never bitin’.","مخلوقات حرشفية بغيضة؛ تنقر الطعم دوماً ولا تبتلعه أبداً."
"NPCs.sacramentGeneric.bavosTheSurlyFisherman.eavesdrop2","A shit creek full of shit fish.","جدول ماء قذر مليء بأسماك قذرة."
"NPCs.sacramentGeneric.bavosTheSurlyFisherman.eavesdrop3","Look at 'em. Flashin' their little tails, blowin' their little bubbles. Fuckin' arseholes.","انظر إليها؛ تلوح بذيولها الصغيرة، وتطلق فقاعاتها التافهة. حمقى ملاعين."
"NPCs.sacramentGeneric.bavosTheSurlyFisherman.eavesdrop4","Ech, I'm useless. No wonder Sasha wants to leave me.","أوف، أنا عديم النفع. لا عجب أن ساشا تريد هجري."
"NPCs.sacramentGeneric.bavosTheSurlyFisherman.eavesdrop5","Better burn me when I die. I refuse to feed a one of 'em.","أحرقوا جثتي حين أموت، هذا أفضل. أرفض أن أطعم واحدة منها بجسدي."
"NPCs.sacramentGeneric.bavosTheSurlyFisherman.interaction1","I fucking hate fish. But I can’t hunt for shit and I can’t farm, so here we are.","أنا أمقت السمك مقت العمى. لكنني عاجز عن الصيد البري وعاجز عن الزراعة، وهكذا علقتُ هنا."
"NPCs.sacramentGeneric.bavosTheSurlyFisherman.interaction2","Once hauled up a fish with a drowned cat in its belly. Guess what was in the cat’s belly? ‘Nother fish. Hehe.","سحبتُ يوماً سمكة في بطنها قطة غارقة. وخمن ماذا وجدتُ في بطن القطة؟ سمكة أخرى. هيهي."
"NPCs.sacramentGeneric.bavosTheSurlyFisherman.interaction3","Some days they won’t even touch a lure or hook, but stick your toe in the water…","في بعض الأيام ترفض لمس الطعم أو الصنارة، لكن ضع إصبع قدمك في الماء فحسب وسترى..."
"NPCs.sacramentGeneric.bavosTheSurlyFisherman.interaction4","Wife says my breath always reeks of fish guts. But what's her excuse?","تقول زوجتي إن أنفاسي تفوح دوماً برائحة أحشاء السمك. لكن ما هي حجتها هي؟"
"NPCs.sacramentGeneric.beggars.amaranthTheCommunityChestBeggar.eavesdrop","Please, spare a few coppers for those who’ve fallen on hard times.","أرجوكم، تصدقوا ببضع قطع نحاسية على من قست عليهم الأيام وضاقت بهم السبل."
"NPCs.sacramentGeneric.beggars.amaranthTheCommunityChestBeggar.eavesdrop2","Any bit will help, coins or crumbs.","أي شيء يجود به كرمكم سينفعنا؛ عملات كانت أم كسرات خبز."
"NPCs.sacramentGeneric.beggars.amaranthTheCommunityChestBeggar.eavesdrop3","Charity ain't some dirty word. It can feed our stomachs and your soul.","الإحسان ليس عاراً ولا مذمة؛ فهو يسد جوع بطوننا ويزكي أرواحكم."
"NPCs.sacramentGeneric.beggars.amaranthTheCommunityChestBeggar.interaction","Everyone speaks of the suffering outside our walls, but ignores those of us suffering within them.","الجميع يتحدثون عن العذاب خارج أسوارنا، لكنهم يتجاهلون من يتعذبون منا داخلها."
"NPCs.sacramentGeneric.beggars.amaranthTheCommunityChestBeggar.retalk","Even Ellsworth’s turned a blind eye to our corner of Sacrament. Just because we have nothing doesn’t mean we’re not people.","حتى إلسورث غض الطرف عن زاويتنا هذه في ساكرامنت. كوننا لا نملك شروى نقير لا يعني أننا لسنا بشراً."
"NPCs.sacramentGeneric.beggars.jocTheSingingDrunkBeggar.eavesdropLine1","King Harol’s in the courtyard, going for a walk!","الملك هارول في الفناء، يمشي في خيلاء!"
"NPCs.sacramentGeneric.beggars.jocTheSingingDrunkBeggar.eavesdropLine2","While the queen is in the kitchen, tasting the baker’s stock!","بينما الملكة في المطبخ، تتذوق كعك الخبازين بالهناء!"
"NPCs.sacramentGeneric.beggars.jocTheSingingDrunkBeggar.eavesdropLine3","Prince Magnus hides in the stables, the lighting... it’s so dim!","والأمير ماغنوس مختبئ في الإسطبل، والضوء... شاحب في الخفاء!"
"NPCs.sacramentGeneric.beggars.jocTheSingingDrunkBeggar.eavesdropLine4","But what is this... that I see? The horse is mounting him!","ولكن ما هذا... الذي أراه هاهنا؟ الحصان يمتطيه ويسوقه كيف يشاء!"
"NPCs.sacramentGeneric.beggars.jocTheSingingDrunkBeggar.retalk","What’s the matter? You a Bolein? No sense of humor, eh?","ما خطبك؟ أأنت من بيت بولين؟ ألا تملك ذرة من حس الفكاهة؟"
"NPCs.sacramentGeneric.beggars.juliaTheBlindBeggar.interaction","Emma? Peter? Oh, I’m sorry. I have no sight and thought you were my children. They’re coming to get me today. Perhaps tomorrow…","إيما؟ بيتر؟ أوه، أعتذر منك. لقد كُفّ بصري وظننتك أحد طفليّ. سيأتيان لاصطحابي اليوم. أو ربما غداً..."
"NPCs.sacramentGeneric.beggars.juliaTheBlindBeggar.retalk","Should gather my things. Be ready to go when they come to take me home...","ينبغي أن أجمع أشيائي، لأكون جاهزة للرحيل حين يأتيان لإعادتي إلى البيت..."
"NPCs.sacramentGeneric.beggars.phillipeTheVeteranBeggar.interactionLine1","A killer, eh? I can smell it on you. I was like you once -- tracked down Raiders and worse, for anyone who paid.","قاتل، أليس كذلك؟ أستطيع شم رائحة القتل تفوح منك. كنتُ مثلك ذات يوم؛ أتعقب الغزاة وقُطاع الطرق وما هو أسوأ، لحساب كل من يدفع."
"NPCs.sacramentGeneric.beggars.phillipeTheVeteranBeggar.interactionLine2","Under their breath they called me the Bloody Butcher... I confess I loved it.","كانوا يلقبونني همساً بالجزار الدامي... وأعترف بأنني كنتُ أعشق ذلك اللقب."
"NPCs.sacramentGeneric.beggars.phillipeTheVeteranBeggar.interactionLine3","Took a job once that led me deep into the Floodlands. I got the bastard too -- But not before he nicked me in the arm splashing about like a dying fish.","توليتُ مهمة قادتني ذات مرة إلى أعماق أراضي الفيضان. وظفرتُ بذلك اللعين أيضاً، ولكن بعد أن جرحني في ذراعي وهو يتخبط كسمكة تحتضر."
"NPCs.sacramentGeneric.beggars.phillipeTheVeteranBeggar.interactionLine4","Didn’t think much of it at the time, but... that water... It wasn’t long before the black rot set in.","لم ألقِ للأمر بالاً في حينه، ولكن... ذلك الماء... لم يمضِ وقت طويل حتى استشرى العفن الأسود في جسدي."
"NPCs.sacramentGeneric.beggars.phillipeTheVeteranBeggar.interactionLine5","Lost my arm to no more than a pinprick, d’y believe that? And now I’m here. They don’t call me the Butcher no more... They don’t call me nothin’ .","فقدتُ ذراعي بسبب وخزة لا تكاد تُرى، أتصدق ذلك؟ والآن ها أنا ذا هنا. لم يعودوا يدعونني بالجزار بعد الآن... بل لا يدعونني بأي شيء على الإطلاق."
"NPCs.sacramentGeneric.beggars.phillipeTheVeteranBeggar.retalk","Don’t think the same can’t happen to you, friend. We’re all someone in this world until we’re not.","لا تظن أن المصير ذاته يستحيل أن يصيبك يا صديقي. كلنا ذوو شأن في هذا العالم حتى نفقد كل شيء."
"NPCs.sacramentGeneric.beggars.reginaTheUnwellBeggar.eavesdrop","Please traveler, help my baby. They say the sickness took her, but... but she’s still here!","أرجوك أيها المسافر، ساعد طفلتي. يقولون إن السقم قد خطفها، ولكن... ولكنها ما زالت هنا معي!"
"NPCs.sacramentGeneric.beggars.reginaTheUnwellBeggar.interaction","She just needs food and a warm blanket. I know I can make her well again. My poor, sweet child...","تحتاج فقط إلى بعض الطعام ودثار دافئ. أعلم أنني قادرة على إبرائها مجدداً. طفلتي المسكينة الحبيبة..."
"NPCs.sacramentGeneric.beggars.reginaTheUnwellBeggar.retalk","She keeps crying...I can’t make her stop...","إنها تواصل البكاء... ولا أقوى على إسكاتها..."
"NPCs.sacramentGeneric.beggars.tuvultTheBeggarWithDog.afterWeepingSistersKickoff.eavesdrop","Spare any copper for a lonely old beggar?","ألا تجود ببضع قطع نحاسية على شحاذ عجوز وحيد؟"
"NPCs.sacramentGeneric.beggars.tuvultTheBeggarWithDog.afterWeepingSistersKickoff.interact1Line1","If your pockets are weighing you down, friend, have some charity for old Casper here.","إن كانت جيوبك تثقل كاهلك يا صديقي، فجد ببعض الصدقة على كاسبر العجوز هنا."
"NPCs.sacramentGeneric.beggars.tuvultTheBeggarWithDog.afterWeepingSistersKickoff.interact1Line2","We’ve known each other a long time, he and I.","لقد عرفنا بعضنا منذ زمن بعيد، أنا وهو."
"NPCs.sacramentGeneric.beggars.tuvultTheBeggarWithDog.afterWeepingSistersKickoff.interact1Line3","Something bothering you? Think I look familiar, is that it?","هل يقلقك أمر ما؟ أتحسبني مألوف المحيا لك، أهذا هو السبب؟"
"NPCs.sacramentGeneric.beggars.tuvultTheBeggarWithDog.afterWeepingSistersKickoff.interact1Line4","I’ve never met you before in my life, Cerim.","لم ألتقِ بك قط في حياتي، أيها السيريم."
"NPCs.sacramentGeneric.beggars.tuvultTheBeggarWithDog.afterWeepingSistersKickoff.interact1Line5","...At least, not until one of those long strings starts tugging again.","...على الأقل، ليس قبل أن يبدأ أحد تلك الخيوط الطويلة بجذبي من جديد."
"NPCs.sacramentGeneric.beggars.tuvultTheBeggarWithDog.afterWeepingSistersKickoff.interact1Line6","Then we’ll be oooold friends.","وحينها سنكون صديقين قـ-ـ-ـديمين."
"NPCs.sacramentGeneric.beggars.tuvultTheBeggarWithDog.afterWeepingSistersKickoff.retalk","Spare some copper? Please. A coin couldn’t hurt you.","ألا تجود ببعض النحاس؟ أرجوك. قطعة نقدية واحدة لن تنقص منك شيئاً."
"NPCs.sacramentGeneric.beggars.tuvultTheBeggarWithDog.eavesdrop","Welcome to our little corner of Sacrament.","مرحباً بك في زاويتنا المتواضعة هذه من ساكرامنت."
"NPCs.sacramentGeneric.beggars.tuvultTheBeggarWithDog.eavesdrop2","Spare a moment, if not a coin.","جد علينا ببرهة من وقتك، إن لم تجد بقطعة نقد."
"NPCs.sacramentGeneric.beggars.tuvultTheBeggarWithDog.eavesdrop3","We may not look like much, but everyone has a story...","قد لا نبدو ذوي شأن، لكن لكل منا قصة يرويها..."
"NPCs.sacramentGeneric.beggars.tuvultTheBeggarWithDog.eavesdrop4","Won't you meet my eye?","ألن تنظر في عيني؟"
"NPCs.sacramentGeneric.beggars.tuvultTheBeggarWithDog.interaction1","A wretched bunch we are, but a family of sorts. They’re all I’ve got anymore. Them, and old Casper here.","نحن عصبة بائسة، لكننا كالعائلة لبعضنا البعض. هم كل ما تبقى لي في هذا العالم؛ هم وكاسبر العجوز هنا."
"NPCs.sacramentGeneric.beggars.tuvultTheBeggarWithDog.interaction2","Lost it all to that cursed drug Savor…","خسرتُ كل شيء في حياتي بسبب ذلك المخدر الملعون؛ السافور..."
"NPCs.sacramentGeneric.beggars.tuvultTheBeggarWithDog.interaction3","Say, you wouldn’t have a drop or two of it on you, would you?","قل لي، ألا تحمل معك قطرة أو قطرتين منه؟"
"NPCs.sacramentGeneric.beggars.tuvultTheBeggarWithDog.retalkLine1","Just a drop of Savor. No one has to see.","قطرة واحدة فقط من السافور. لن يرانا أحد."
"NPCs.sacramentGeneric.beggars.uhriTheDrunkBeggar.eavesdrop","Just a few coppers for an ale... I’m so thirsty!","بضع قطع نحاسية فقط لأجل كأس جعة... أنا في غاية الظمأ!"
"NPCs.sacramentGeneric.beggars.uhriTheDrunkBeggar.eavesdrop2","You there... Please... Wait...","أنت هناك... أرجوك... انتظر..."
"NPCs.sacramentGeneric.beggars.uhriTheDrunkBeggar.eavesdrop3","I can get back on my feet... I will, you'll see!","أستطيع الوقوف على قدميّ مجدداً... سأفعلها، وسترى بنفسك!"
"NPCs.sacramentGeneric.beggars.uhriTheDrunkBeggar.interaction","Coppers, please... I beg you. I can work, I’m good for it... Just need a bit of strength.","قطع نحاسية، أرجوك... أتوسل إليك. يمكنني العمل، وأنا كفء له... أحتاج فقط لشيء من القوة."
"NPCs.sacramentGeneric.beggars.uhriTheDrunkBeggar.retalk","A warm ale to prop me up... Put the fire back in these bones. Please!","كأس جعة دافئة تسند طولي... لتعيد النار إلى هذه العظام البالية. أرجوك!"
"NPCs.sacramentGeneric.beggars.willaTheReligiousBeggar.interaction1","Curse the Dasha! God’s punishment will destroy all of Atlan.","اللعنة على الداشا! إن عقاب الإله سيدمر أتلان بأسرها."
"NPCs.sacramentGeneric.beggars.willaTheReligiousBeggar.interaction2","His loyal children will die alongside these filthy Dasha heathens.","سيهلك أبناؤه المخلصون إلى جوار هؤلاء الداشا الوثنيين الأنجاس."
"NPCs.sacramentGeneric.beggars.willaTheReligiousBeggar.interaction3","Curse them and cast them out!","العنوهم واطردوهم من بيننا!"
"NPCs.sacramentGeneric.beggars.willaTheReligiousBeggar.retalk","Alms for the righteous! Death to the Dasha!","صدقة للصالحين الأبرار! والموت للداشا!"
"NPCs.sacramentGeneric.benniganTheOpportunisticMiner.afterBreach.eavesdrop1","The massacre at the Gate is an opportunity for the rest of us.","المجزرة التي وقعت عند البوابة فرصة سانحة لبقيتنا."
"NPCs.sacramentGeneric.benniganTheOpportunisticMiner.afterBreach.eavesdrop2","Why leave it all to rust and ruin?","لِمَ نترك كل تلك الغنائم للصدأ والخراب؟"
"NPCs.sacramentGeneric.benniganTheOpportunisticMiner.afterBreach.eavesdrop3","The Inquisition is slaughtered, the plunder is ours for the taking.","أُبيدت محاكم التفتيش عن بكرة أبيها، والأسلاب مباحة لمن يمد يده ليأخذها."
"NPCs.sacramentGeneric.benniganTheOpportunisticMiner.afterBreach.eavesdrop4","Mountain Gate's not a locked door no more, it's an invitation.","بوابة الجبل لم تعد باباً مغلقاً؛ بل أصبحت دعوة مفتوحة."
"NPCs.sacramentGeneric.benniganTheOpportunisticMiner.afterBreach.randomLine1","You know any men of stiff nerve and strong stomach who might seek their fortune at what's left of the Mountain Gate?","أتعرف رجالاً أصحاب قلوب قوية وبطون جسورة يبحثون عن ثروة وسط ما تبقى من بوابة الجبل؟"
"NPCs.sacramentGeneric.benniganTheOpportunisticMiner.afterBreach.randomLine2","Bolein steel. Phalen's finery. Not to mention whatever the Inquisition plundered in God's name. All just lying there in the dirt.","فولاذ بولين، وحلي فالن الفاخرة، ناهيك عما نهبته محاكم التفتيش باسم الإله. كل ذلك ملقى في التراب ينتظر من يلتقطه."
"NPCs.sacramentGeneric.benniganTheOpportunisticMiner.afterBreach.randomLine3","Winged Brood might've picked the vanguard's bones clean, but what about their pockets and purses?","قد تكون السلالة المجنحة جردت عظام الطليعة من اللحم، لكن ماذا عن جيوبهم وحقائبهم الممتلئة؟"
"NPCs.sacramentGeneric.benniganTheOpportunisticMiner.afterBreach.randomLine4","I hear the way to Caylen is piled with the bodies of holy men who died clawing at the Gate. Ruby and emerald rings still on their fingers...","سمعتُ أن الدرب إلى كايلن مكدس بجثث رجال الدين الذين ماتوا وهم يتشبثون بالبوابة بأظافرهم. وخواتم الياقوت والزمرد ما زالت تلمع في أصابعهم..."
"NPCs.sacramentGeneric.benniganTheOpportunisticMiner.afterBreach.randomLine5","Inquisition got their wish granted - to meet the Born God face to face. They've no longer any need for earthy possessions.","نالت محاكم التفتيش أمنيتها؛ لقاء الإله المولود وجهاً لوجه. ولم تعد بهم حاجة إلى المتاع الدنيوي الفاني."
"NPCs.sacramentGeneric.benniganTheOpportunisticMiner.eavesdrop","A mountain of ore just sitting there...","جبل من الخام الثمين يرقد هناك فحسب..."
"NPCs.sacramentGeneric.benniganTheOpportunisticMiner.eavesdrop1","A fortune at our fingertips.","ثروة طائلة في متناول أيدينا."
"NPCs.sacramentGeneric.benniganTheOpportunisticMiner.eavesdrop2","If you have to die for something, why not riches?","إن كان لا بد لك من الموت لأجل غاية، فلِمَ لا تموت لأجل الثراء؟"
"NPCs.sacramentGeneric.benniganTheOpportunisticMiner.eavesdrop3","The quarry misses the song of her pickaxes.","المحجر يفتقد لحن المعاول ووقعها."
"NPCs.sacramentGeneric.benniganTheOpportunisticMiner.interaction1","Inquisition cleared the Torn out of the quarry. Or most of them anyway. Leaving what... lonely little rocks shining for no one?","طهرت محاكم التفتيش المحجر من الممزقين، أو من معظمهم على الأقل. وماذا تركوا... صخوراً صغيرة وحيدة تلمع دون أن يراها أحد؟"
"NPCs.sacramentGeneric.benniganTheOpportunisticMiner.interaction2","All I need is a new pickaxe, a deep satchel, and maybe a partner to watch my back while I swing.","كل ما أحتاجه معول جديد، وحقيبة عميقة، وربما شريك يحمي ظهري بينما أهوي بالمعول."
"NPCs.sacramentGeneric.benniganTheOpportunisticMiner.interaction3","It's all a matter of perspective. You can say massacre, abandoned, corpse-riddled. Or you can say - opportunity. Which sounds better?","المسألة مسألة منظور لا أكثر. يمكنك تسميتها مجزرة، ومهجورة، ومليئة بالجثث. أو يمكنك القول: إنها فرصة سانحة. أيهما يبدو أجمل في أذنيك؟"
"NPCs.sacramentGeneric.benniganTheOpportunisticMiner.interaction4","Took all that time digging the quarry, putting those cranes and gates in, seems a pity to let it go to waste from a little plague.","استغرق حفر ذلك المحجر وتركيب الرافعات والبوابات دهراً، ومن المؤسف ترك كل ذلك يضيع سدى بسبب نزلة وباء عابرة."
"NPCs.sacramentGeneric.bolaAdventurousWife.eavesdrop","You look like the adventuring type...","تبدو لي من صنف المغامرين الجسورين..."
"NPCs.sacramentGeneric.bolaAdventurousWife.interaction1","I quite like the Governor's daughter. Not beholden to anyone. No fear, no hesitation. No husband.","تعجبني ابنة الحاكم كثيراً؛ ليست مدينة بالولاء لأحد. لا خوف، ولا تردد. ولا زوج يثقل كاهلها."
"NPCs.sacramentGeneric.bolaAdventurousWife.interaction2","Can you believe, my life's half gone and I've seen so little of my island, let alone the realm.","أتصدق؟ مضى نصف عمري ولم أرَ سوى القليل جداً من جزيرتي، فما بالك ببقية المملكة؟"
"NPCs.sacramentGeneric.bolaAdventurousWife.interaction3","I've never glimpsed the mines of Tir, where the furnaces churn beneath the snowdrifts, nor the twin sister isles of Havenport.","لم ألمح مناجم تير قط، حيث تفور الأفران تحت الثلوج المتراكمة، ولا جزيرتي هافنبورت التوأمتين."
"NPCs.sacramentGeneric.bolaAdventurousWife.interaction4","I'd like to lay my hand on the Mountain Gate. Stare into the ancient eyes of those stone Cerim faces.","أود أن أضع كفي على بوابة الجبل، وأحدق في العيون العتيقة لتلك الوجوه الصخرية للسيريم."
"NPCs.sacramentGeneric.bresTheWhistler.interaction1","Here, can you place this one?","هاك، أيمكنك تمييز هذا اللحن؟"
"NPCs.sacramentGeneric.bresTheWhistler.interaction2","… That's one of my favorites.","...هذا أحد ألحاني المفضلة."
"NPCs.sacramentGeneric.bresTheWhistler.interaction3","… It just takes practice.","...الأمر يتطلب المران والتدريب فحسب."
"NPCs.sacramentGeneric.bresTheWhistler.interaction4","See if you can follow along.","انظر إن كنتَ قادراً على مجاراتي والصفير معي."
"NPCs.sacramentGeneric.bressianTheTirTrader.eavesdrop","A true Cerim! And in Sacrament of all places.","أحد السيريم الحق! وفي ساكرامنت بالذات، يا للغرابة."
"NPCs.sacramentGeneric.bressianTheTirTrader.interaction1","Should you find your way to Tir, Cerim, you'll be treated as royalty. We know how to properly revere blood.","إن بلغتَ ديارنا في تير، أيها السيريم، فستُعامل معاملة الملوك. فنحن نعلم حق العلم كيف نبجل عراقة الدماء."
"NPCs.sacramentGeneric.bressianTheTirTrader.interaction2","I've a hint of Cerim blood too, you know. On my mother's side, eight generations back.","تسري في عروقي قطرة من دماء السيريم أيضاً، كما تعلم؛ من جهة أمي، قبل ثمانية أجيال مضت."
"NPCs.sacramentGeneric.bressianTheTirTrader.interaction3","I can't imagine what brings you to a sty like Sacrament. In Tir we live among the clouds.","لا يسعني تخيل ما أتى بك إلى حظيرة كساكرامنت. فنحن في تير نعيش بين السحاب."
"NPCs.sacramentGeneric.bressianTheTirTrader.interaction4","Ellsworth's a fool with his gates and guards. Ice and stone alone have kept Tir safe for a hundred generations.","إلسورث هذا أحمق هو وبواباته وحراسه. الجليد والصخور وحدها حمت تير لمئة جيل."
"NPCs.sacramentGeneric.cecilLookingForHisWife.afterBreach.eavesdrop1","I'm sure it's nothing.","أنا واثق من أنه لا خطب في الأمر."
"NPCs.sacramentGeneric.cecilLookingForHisWife.afterBreach.eavesdrop2","She's never been gone so long...","لم تغب قط لكل هذه المدة..."
"NPCs.sacramentGeneric.cecilLookingForHisWife.afterBreach.eavesdrop3","This time feels different somehow.","هذه المرة تبدو مختلفة لسبب ما."
"NPCs.sacramentGeneric.cecilLookingForHisWife.afterBreach.eavesdrop4","Gods, I think I can smell myself.","يا إلهي، أظنني بدأتُ أشم رائحة نفسي الكريهة."
"NPCs.sacramentGeneric.cecilLookingForHisWife.afterBreach.interactionLine1","My wife's vanished before. Many times I confess. But never this long. ","لقد توارت زوجتي عن الأنظار من قبل، مرات عديدة أعترف بذلك. لكن ليس لكل هذا الوقت قط."
"NPCs.sacramentGeneric.cecilLookingForHisWife.afterBreach.interactionLine2","I'm sure she's alright. Off somewhere thinking of me right now. Of my supper...","أنا على يقين من أنها بخير. في مكان ما تفكر فيّ الآن، وفي إعداد عشائي..."
"NPCs.sacramentGeneric.cecilLookingForHisWife.afterBreach.interactionLine3","It couldn't possibly have anything to do with... those shadows in the sky. That shrieking from the east...","يستحيل أن يكون للأمر أي صلة بـ... تلك الظلال في السماء، أو ذلك الصراخ القادم من الشرق..."
"NPCs.sacramentGeneric.cecilLookingForHisWife.afterBreach.interactionLine4","No. No, I'm sure she's just dallying with that trader from Marin again. That's all it is.","كلا، كلا، أنا واثق من أنها تتبادل أطراف الحديث مع ذلك التاجر من مارين مجدداً فحسب. هذا كل ما في الأمر."
"NPCs.sacramentGeneric.cecilLookingForHisWife.afterBreach.retalkLine1","Excuse me, I must keep looking. Bola! Bola!","عذراً، يجب أن أواصل البحث. بولا! يا بولا!"
"NPCs.sacramentGeneric.cecilLookingForHisWife.eavesdrop1","Bola! Bola!","بولا! يا بولا!"
"NPCs.sacramentGeneric.cecilLookingForHisWife.eavesdrop2","Where's she off to now...","إلى أين ذهبت الآن يا ترى..."
"NPCs.sacramentGeneric.cecilLookingForHisWife.eavesdrop3","If a man can't be respected in his home, then he's no man at all.","إن لم يُحترم المرء في بيته، فليس برجل على الإطلاق."
"NPCs.sacramentGeneric.cecilLookingForHisWife.eavesdrop4","Haven't we grown tired of this little game, darling?","ألم نسأم من هذه اللعبة الصغيرة بعد، يا عزيزتي؟"
"NPCs.sacramentGeneric.cecilLookingForHisWife.interaction1","Unremarkable height, dark dingy hair, poor teeth. If you see her, tell her that her loving husband misses her.","متوسطة القامة، شعرها داكن وقاتم، أسنانها رديئة. إن رأيتها، فأخبرها أن زوجها المحب يفتقدها كثيراً."
"NPCs.sacramentGeneric.cecilLookingForHisWife.interaction2","It's not natural, a man's wife being out of the house for this long. I'm long overdue for a bath, and who's to warm it?","ليس من الطبيعي أن تغيب زوجة المرء عن البيت لكل هذا الوقت. لقد حان موعد حمامي منذ زمن، فمن عساه يسخن الماء لي؟"
"NPCs.sacramentGeneric.cecilLookingForHisWife.interaction3","She's always been the rambunctious, see-the-world sort. While I prefer the realms, eh, between the topsheet and the duvet.","لطالما كانت من صنف المغامرين المحبين لاكتشاف العالم. بينما أفضل أنا العوالم الممتدة... إحم، بين ملاءة السرير ولحاف الريش."
"NPCs.sacramentGeneric.cecilLookingForHisWife.interaction4","Our home has everything she might need. Her stove. Her linens. Her washbasin. And her betrothed!","بيتنا يضم كل ما قد تحتاجه؛ موقدها، وبياضاتها، وحوض غسيلها. وزوجها وخطيبها المتيم!"
"NPCs.sacramentGeneric.darbyTheUpsetHorticulturalist.eavesdrop","Rare specimens must be preserved!","العينات النادرة يجب الحفاظ عليها!"
"NPCs.sacramentGeneric.darbyTheUpsetHorticulturalist.eavesdrop2","Perhaps the human body itself is a grotesquerie.","ربما كان جسد الإنسان نفسه مسخاً قبيحاً."
"NPCs.sacramentGeneric.darbyTheUpsetHorticulturalist.eavesdrop3","Think of thorns as nature's handshake.","انظر إلى الأشواك على أنها مصافحة من الطبيعة."
"NPCs.sacramentGeneric.darbyTheUpsetHorticulturalist.eavesdrop4","The brambles want only what we all want - to live.","العليق لا يبتغي سوى ما نبتغيه جميعاً؛ أن يحيا."
"NPCs.sacramentGeneric.darbyTheUpsetHorticulturalist.interaction1","Each one of God's creations is beautiful in its own way! Even if prickly. Or malodorous. Or... studded with twitching eyes.","كل مخلوق من مخلوقات الإله بديع بطريقته الخاصة! حتى وإن كان شائكاً، أو كريه الرائحة، أو... مرصعاً بعيون تختلج وترمش."
"NPCs.sacramentGeneric.darbyTheUpsetHorticulturalist.interaction2","Some indecent pillock has been trampling and slashing through the rare undergrowth in Marin Woods.","ثمة وغد فظ ومعدوم الذوق يدوس النباتات النادرة في غابات مارين ويقطعها بسيفه."
"NPCs.sacramentGeneric.darbyTheUpsetHorticulturalist.interaction3","The Marin brambles are no doubt endangered. Perhaps one of a kind. One must treat them with delicacy and reverance.","شجيرات العليق في مارين مهددة بالانقراض بلا أدنى شك؛ وربما كانت فريدة من نوعها. ينبغي التعامل معها برقة وإجلال."
"NPCs.sacramentGeneric.darbyTheUpsetHorticulturalist.interaction4","I can assure you the brambles are more afraid of you than you of them. If they feel fear. Which I'm sure they don't.","أؤكد لك أن العليق يخشاك أكثر مما تخشاه أنت. هذا إن كان يشعر بالخوف أصلاً... وأنا واثق من أنه لا يشعر به."
"NPCs.sacramentGeneric.davinosTheTirTrader.afterBreach.eavesdrop1","Like I always say... Zealotry and prosperity never mix.","كما أقول دوماً... التعصب الديني والرخاء لا يجتمعان قط."
"NPCs.sacramentGeneric.davinosTheTirTrader.afterBreach.interactLine1","Used to be, the Church understood its purpose.","في الماضي، كانت الكنيسة تفهم غايتها ومقصدها جيداً."
"NPCs.sacramentGeneric.davinosTheTirTrader.afterBreach.interactLine2","Expansion and influence, under the banner of God. That was its only goal.","التوسع والنفوذ تحت راية الإله. كان ذلك هدفها الأوحد."
"NPCs.sacramentGeneric.davinosTheTirTrader.afterBreach.interactLine3","This is why the great Lords, such as myself, have always supported the Church. Prosperity is the safest path to salvation!","ولهذا السبب لطالما دعم اللوردات العظام، وأنا منهم، الكنيسة. فالرخاء هو الدرب الأكثر أماناً نحو الخلاص!"
"NPCs.sacramentGeneric.davinosTheTirTrader.afterBreach.interactLine4","But these... fanatics, and their reckless devotion are tearing up the contract.","لكن هؤلاء... المتعصبين وتفانيهم الأهوج يمزقون ذلك الميثاق إرباً."
"NPCs.sacramentGeneric.davinosTheTirTrader.afterBreach.interactLine5","What good did she think would come from destroying the Gate? What wealth is there to be found in a city of the dead?","أي خير ظنت تلك المادريغال أنه سيأتي من تدمير البوابة؟ وأي ثروة يمكن العثور عليها في مدينة للأموات؟"
"NPCs.sacramentGeneric.davinosTheTirTrader.afterBreach.interactLine6","I won't lose a single coin to that Madrigal's ambition, thank you. No, no. Not I.","لن أخسر قطعة نقدية واحدة في سبيل طموح المادريغال، مع جزيل الشكر. كلا، كلا. لستُ أنا من يفعل ذلك."
"NPCs.sacramentGeneric.davinosTheTirTrader.eavesdrop","Sacrament - such a dreary muddle.","ساكرامنت... يا لها من فوضى كئيبة وبائسة."
"NPCs.sacramentGeneric.davinosTheTirTrader.eavesdrop2","Perhaps next time my manservant can come in my stead.","ربما في المرة القادمة يأتي خادمي الخاص نيابة عني."
"NPCs.sacramentGeneric.davinosTheTirTrader.eavesdrop3","There's a certain stench to this city, don't you think?","ثمة رائحة نتنة معينة تفوح في هذه المدينة، ألا تظن ذلك؟"
"NPCs.sacramentGeneric.davinosTheTirTrader.eavesdrop4","Someone really ought to set this rabble straight.","ينبغي لأحد ما حقاً تأديب هذه الرعاع وتلقينهم أصول اللباقة."
"NPCs.sacramentGeneric.davinosTheTirTrader.interaction1","Look at this place - the prosperous and the beggars living side by side? It's madness.","انظر إلى هذا المكان؛ الأثرياء والشحاذون يعيشون جنباً إلى جنب؟ إنه الجنون بعينه."
"NPCs.sacramentGeneric.davinosTheTirTrader.interaction2","In Tir everyone knows their place. And when the lowers forget, the uppers are always ready to remind them.","في تير يعلم كل امرئ قدره ومكانته. وحين ينسى الرعاع مكانتهم، تجد النبلاء على أهبة الاستعداد لتذكيرهم بها."
"NPCs.sacramentGeneric.davinosTheTirTrader.interaction3","We try to keep these trading ventures short. I fear if I stay too long I'll be infected by the... lowborn.","نحاول إبقاء هذه الرحلات التجارية قصيرة قدر الإمكان. أخشى إن بقيتُ طويلاً أن تصيبني عدوى... عامة الشعب."
"NPCs.sacramentGeneric.davinosTheTirTrader.interaction4","Seems almost criminal to trade away our silk and steel. But food is hard to come by in the Frozen Peaks.","يبدو الأمر أشبه بالجريمة أن نقايض حريرنا وفولاذنا. لكن الطعام عزيز وشحيح في القمم المتجمدة."
"NPCs.sacramentGeneric.delfiniTheSkipper.eavesdrop","Next round's on me!","الجولة التالية على حسابي!"
"NPCs.sacramentGeneric.delfiniTheSkipper.eavesdrop2","I've got coin to spare, boys!","لدي عملات فائضة يا رفاق!"
"NPCs.sacramentGeneric.delfiniTheSkipper.eavesdrop3","Fancy a charter? I'll sober up by the time we reach the port.","أترغب في استئجار قارب؟ سأصحو من سكرتي بحلول الوقت الذي نصل فيه إلى المرفأ."
"NPCs.sacramentGeneric.delfiniTheSkipper.eavesdrop4","Too drunk to stand don't mean too drunk to row.","كوني ثملاً لدرجة العجز عن الوقوف لا يعني أنني عاجز عن التجديف."
"NPCs.sacramentGeneric.delfiniTheSkipper.interactionLine1","Big hooded fellow paid me a king's ransom to row him from his tallship to some cave beneath the Lowland Meadows.","دفع لي رجل ضخم ملثم فدية ملكية لأجدف به من سفينته الضخمة إلى كهف ما تحت السهول المنخفضة."
"NPCs.sacramentGeneric.delfiniTheSkipper.interactionLine2","Couldn't tell you why he didn't just dock in port, but I ain't the type to question easy coin.","لا أدري لِمَ لم يرسُ في المرفأ كبقية الخلق، لكنني لستُ من النوع الذي يجادل في المال السهل."
"NPCs.sacramentGeneric.delfiniTheSkipper.interactionLine3","Strange one, he was. Kept muttering about a storm coming, even with the waters flat as glass.","كان غريب الأطوار حقاً؛ واصل التمتمة عن عاصفة قادمة، مع أن المياه كانت هادئة وساكنة كالمرآة."
"NPCs.sacramentGeneric.delfiniTheSkipper.interactionLine4","Made me take the long way round too, skirting Ship Graveyard, like he was searching the wreckage for something.","وأجبرني على اتخاذ الطريق الأطول ملتفاً حول مقبرة السفن، كأنه يبحث عن شيء ما بين الحطام."
"NPCs.sacramentGeneric.delfiniTheSkipper.interactionLine5","Anyway, think he wanted things kept, what's the word, clandestine. Lucky for him, these lips are welded shut.","على أية حال، أظنه أراد إبقاء الأمور... ما الكلمة المناسبة؟ طي الكتمان. ومن حسن حظه أن شفتيّ مطبقتان بإحكام كالفولاذ."
"NPCs.sacramentGeneric.delfiniTheSkipper.retalk","Looking to rent a skiff, stranger? My fee's cheap, and I'm always discrete. Ask anyone.","أتبحث عن استئجار قارب صغير، أيها الغريب؟ أجرتي بخسة، وأنا كتوم إلى أبعد حد. اسأل أي شخص وسترى."
"NPCs.sacramentGeneric.dossAndSeelon.afterBreach.eavesdrop1Doss","This is interference in the free market.","هذا تدخل سافر في حرية السوق."
"NPCs.sacramentGeneric.dossAndSeelon.afterBreach.eavesdrop2Doss","I'm being punished for my enterprising spirit.","أنا أُعاقَب بسبب روحي الريادية الطموحة."
"NPCs.sacramentGeneric.dossAndSeelon.afterBreach.eavesdrop3Seelon","Please just move along, sir.","أرجوك يا سيدي، تابع مسيرك فحسب."
"NPCs.sacramentGeneric.dossAndSeelon.afterBreach.interaction1Line1Seelon","Sir, you can't just buy out all the vendors and then resell at twice the price.","يا سيدي، لا يمكنك شراء بضائع كل الباعة ثم إعادة بيعها بضعف السعر."
"NPCs.sacramentGeneric.dossAndSeelon.afterBreach.interaction1Line2Doss","Why not? It's my god given right of commerce.","ولِمَ لا؟ إنه حقي في التجارة الذي وهبني إياه الإله."
"NPCs.sacramentGeneric.dossAndSeelon.afterBreach.interaction1Line3Seelon","We've barely got enough to go around without someone trying to profit off recent calamities.","بالكاد لدينا ما يكفي للجميع، ولا نحتاج لمن يتربح من المصائب الأخيرة."
"NPCs.sacramentGeneric.dossAndSeelon.afterBreach.interaction1Line4Doss","This city has become a boot on the neck of any entrepreneur!","لقد أصبحت هذه المدينة حذاءً ثقيلاً يدوس أعناق رواد الأعمال!"
"NPCs.sacramentGeneric.dossAndSeelon.afterBreach.interaction2Line1Doss","I demand an audience with your superior! I'll have you sacked!","أطالب بمقابلة قائدك الأعلى! وسأجعله يطردك من الخدمة شر طردة!"
"NPCs.sacramentGeneric.dossAndSeelon.afterBreach.interaction2Line2Seelon","Oh that would be a dream come true.","أوه، سيكون ذلك حلماً يتحقق."
"NPCs.sacramentGeneric.dossAndSeelon.afterBreach.interaction2Line3Seelon","But with the Winged Brood loosed from the Gate, Randolph isn't letting anyone go.","لكن مع انطلاق السلالة المجنحة من البوابة، لن يسمح راندولف لأي جندي بالرحيل."
"NPCs.sacramentGeneric.dossAndSeelon.afterBreach.interaction2Line4Seelon","Mother says trying times make strong men. I think she just wanted me eaten up.","تقول أمي إن الأوقات الصعبة تصنع رجالاً أقوياء؛ أظنها أرادت فقط أن تلتهم الوحوش لحمي."
"NPCs.sacramentGeneric.dossAndSeelon.afterBreach.interaction2Line5Doss","Is that so? I confess my own mother could be quite... demanding.","أحقاً ما تقول؟ أعترف بأن والدتي كانت متطلبة وقاسية للغاية أيضاً."
"NPCs.sacramentGeneric.dossAndSeelon.afterBreach.interaction2Line6Doss","Gone six years this month. A hateful, miserly woman. I miss her dreadfully.","ماتت منذ ست سنوات هذا الشهر؛ امرأة حقودة وشديدة البخل، ومع ذلك أفتقدها بشدة."
"NPCs.sacramentGeneric.dossAndSeelon.afterBreach.retalkLine1Seelon","Perhaps in these trying times your wealth could be better spent aiding those with less instead of striving for more?","ربما في هذه الأوقات العصيبة يجدر بك إنفاق ثروتك في إعانة الفقراء بدلاً من السعي لمزيد من الجشع؟"
"NPCs.sacramentGeneric.dossAndSeelon.afterBreach.retalkLine2Doss","If I wanted advice from a horse's ass, I'd strike up a conversation in the stables.","لو أردتُ نصيحة من قفا حمار، لتجاذبتُ أطراف الحديث في الإسطبلات."
"NPCs.sacramentGeneric.dossTheLandlord.AtRestaurant.eavesdrop","Of course the wine is corked...","بالطبع النبيذ فاسد وتنبعث منه رائحة الفلين..."
"NPCs.sacramentGeneric.dossTheLandlord.AtRestaurant.randomLine1","Well, you know what they say, if you want to find a good meal on Sacra, go to Phalen.","حسناً، أنت تعلم ما يقولونه؛ إن أردتَ وجبة شهية على ساكرا، فعليك السفر إلى فالن."
"NPCs.sacramentGeneric.dossTheLandlord.AtRestaurant.randomLine2","I do appreciate this establishment opening its doors again. I'll admit it makes this city feel a drop less dreary.","أقدّر حقاً إعادة هذا المطعم فتح أبوابه؛ أعترف بأنه يجعل هذه المدينة تبدو أقل كآبة ولو بقدر ذرة."
"NPCs.sacramentGeneric.dossTheLandlord.AtRestaurant.randomLine3","I suspect the chef must have a new benefactor. A financier from the capital, no doubt. Perhaps he can introduce me.","أظن أن الطاهي وجد راعياً وممولاً جديداً له؛ مستثمر من العاصمة بلا شك. لعله يستطيع تقديمي إليه."
"NPCs.sacramentGeneric.dossTheLandlord.AtRestaurant.randomLine4","What's a man got to do get served around here? I must've ordered that shepherd's pie an hour ago...!","ما الذي ينبغي للمرء فعله لينال الخدمة هنا؟ لا بد أنني طلبتُ فطيرة الراعي تلك منذ ساعة كاملة...!"
"NPCs.sacramentGeneric.dossTheLandlord.eavesdrop","Man can't make a livin' anymore.","لم يعد المرء قادراً على كسب لقمة عيشه بعد الآن."
"NPCs.sacramentGeneric.dossTheLandlord.eavesdrop2","It's a city, not a charity.","إنها مدينة وليست جمعية خيرية."
"NPCs.sacramentGeneric.dossTheLandlord.eavesdrop3","Never grateful for what they've got.","لا يعترفون بالجميل قط لما بين أيديهم."
"NPCs.sacramentGeneric.dossTheLandlord.eavesdrop4","Who says everyone deserves a roof?","من قال إن كل صعلوك يستحق سقفاً يؤويه؟"
"NPCs.sacramentGeneric.dossTheLandlord.interaction1","The more houses Maker Danos builds, the less I can charge for me own. Landlords gotta eat too, ya know!","كلما بنى الصانع دانوس مزيداً من المنازل، قلّ ما يمكنني طلبه إيجاراً لعقاراتي. على الملاك كسب قوتهم أيضاً، كما تعلم!"
"NPCs.sacramentGeneric.dossTheLandlord.interaction2","If Ellsworth had any sense, he'd sweep beggar's alley clear. Those sorry sods drag down me property value!","لو كان لدى إلسورث ذرة عقل، لطهر زقاق المتسولين وطردهم جميعاً. هؤلاء البؤساء يحطون من قيمة عقاراتي!"
"NPCs.sacramentGeneric.dossTheLandlord.interaction3","All this charity toward the Dasha gotta come from someone's pockets. Consider mine sewn shut!","كل هذه الصدقات الممنوحة للداشا لا بد أن تأتي من جيب أحد ما. واعلم أن جيوبي مخيطة وموصدة بإحكام!"
"NPCs.sacramentGeneric.dossTheLandlord.interaction4","Sendin' aid to Marin, sendin' troops to Havenport - what's next? Takin' the food right out of my mouth?","إرسال الإمدادات إلى مارين، وإرسال الجند إلى هافنبورت؛ فماذا بعد؟ انتزاع لقمة العيش من فمي مباشرة؟"
"NPCs.sacramentGeneric.durganAndMoraArguingCouple.eavesdrop","So you're a coward, then! Simple as that.","إذاً أنت جبان رعديد! بكل بساطة ووضوح."
"NPCs.sacramentGeneric.durganAndMoraArguingCouple.retalk","Do you want a brave husband or a breathing one?","أتريدين زوجاً شجاعاً مقتولاً، أم زوجاً يتنفس على قيد الحياة؟"
"NPCs.sacramentGeneric.durganAndMoraArguingCouple.talkALine1","Mora, did you even see the thing?? It had six legs! And jaws like a... like a...","مورا، هل رأيتِ ذلك الشيء أصلاً؟! كانت له ستة أرجل! وفكوك كأنها... كأنها..."
"NPCs.sacramentGeneric.durganAndMoraArguingCouple.talkALine2","Like a what? So you're scared of an insect, is what you're saying?","كأنها ماذا؟ إذاً أنت ترتعد خوفاً من حشرة، هذا ما تقوله؟"
"NPCs.sacramentGeneric.durganAndMoraArguingCouple.talkBLine1","It weren't an insect, it was taller than three men!","لم تكن حشرة! بل كانت أطول من ثلاثة رجال معاً!"
"NPCs.sacramentGeneric.durganAndMoraArguingCouple.talkBLine2","We've got no food on our shelves, Durgan! Our stocks are empty!","رفوفنا خاوية من الطعام يا دورغان! مؤننا نفدت بالكامل!"
"NPCs.sacramentGeneric.durganAndMoraArguingCouple.talkCLine1","Do you want me to die? Is that it? You want rid of your own husband??","أتريدين لي الموت؟ أهذا ما ترمين إليه؟ أتريدين الخلاص من زوجك الحبيب؟!"
"NPCs.sacramentGeneric.durganAndMoraArguingCouple.talkCLine2","I want a husband who will provide for me! Who won't piss himself stinking at the thought of stepping outside the city!","أريد زوجاً يعولني ويطرد الجوع عنا! لا زوجاً يرتعد ويبول في سراويله لمجرد التفكير في الخروج من المدينة!"
"NPCs.sacramentGeneric.durganAndMoraArguingCouple.talkDLine1","There is food at the market. There are fish in the river. We have all we need here!","ثمة طعام في السوق، وهناك سمك في النهر؛ لدينا كل ما نحتاجه هنا!"
"NPCs.sacramentGeneric.durganAndMoraArguingCouple.talkDLine2","Well, you ain't getting what you need here until you go out and bring me back a proper roast.","حسناً، لن تنال ما تحتاج إليه مني حتى تخرج وتأتيني بقطعة شواء لائقة."
"NPCs.sacramentGeneric.durganAndMoraArguingCouple.talkELine1","Oh, now darling, come on…","أوه، والآن يا حبيبتي، هونِ عليكِ..."
"NPCs.sacramentGeneric.ellisHatesMainland.afterBreach.eavesdrop1","Mainland ain't so bad.","القارة الأم ليست بالسوء الذي ظننته."
"NPCs.sacramentGeneric.ellisHatesMainland.afterBreach.eavesdrop2","Opportunities aplenty in Phalen I hear.","الفرص وافرة في فالن حسبما أسمع."
"NPCs.sacramentGeneric.ellisHatesMainland.afterBreach.eavesdrop3","Never even seen Waithe or Eversol.","لم أرَ وايث أو إيفرسول قط في حياتي."
"NPCs.sacramentGeneric.ellisHatesMainland.afterBreach.eavesdrop4","Vanguard's welcome to stay as long as they like.","الطليعة مرحب بها للمكوث طالما طاب لها المقام."
"NPCs.sacramentGeneric.ellisHatesMainland.afterBreach.randomLine1","What's the point of being part of an empire if you've only seen one corner of it?","ما الجدوى من كونك جزءاً من إمبراطورية إن لم ترَ سوى زاوية نائية منها؟"
"NPCs.sacramentGeneric.ellisHatesMainland.afterBreach.randomLine2","Perhaps I spoke too soon about the King. About our King. Maybe I should visit Phalen, pay my respects.","ربما تسرعتُ في حكمي على الملك؛ على مليكنا المفدى. لعلي أزور فالن لأقدم فروض الولاء والاحترام."
"NPCs.sacramentGeneric.ellisHatesMainland.afterBreach.randomLine3","Sacra will always live on in me. But does that mean I've got to always live on her?","ستحيا ساكرا في وجداني دوماً؛ لكن هل يعني ذلك أن عليّ البقاء فوق ترابها إلى الأبد؟"
"NPCs.sacramentGeneric.ellisHatesMainland.afterBreach.randomLine4","I'll come home to Sacra. Eventually. Once this mess has sorted itself out.","سأعود إلى موطني في ساكرا. في نهاية المطاف. بمجرد أن تنقشع هذه الفوضى العارمة."
"NPCs.sacramentGeneric.ellisHatesMainland.eavesdrop","I'll say what we're all thinking.","سأصدح بما يختلج في صدورنا جميعاً."
"NPCs.sacramentGeneric.ellisHatesMainland.eavesdrop2","Old King, new King, same boot.","ملك قديم أو ملك جديد، الحذاء ذاته يدوسنا."
"NPCs.sacramentGeneric.ellisHatesMainland.eavesdrop3","Sacra's fine on its own.","ساكرا بألف خير بمفردها."
"NPCs.sacramentGeneric.ellisHatesMainland.eavesdrop4","Hope those Bolein knights march right into the sea.","أتمنى لو يسير فرسان بولين هؤلاء مباشرة إلى البحر ويغرقون."
"NPCs.sacramentGeneric.ellisHatesMainland.interaction1","Thought you were one of them soldiers from Phalen at first. Another pair of dirty hands, to keep the King's clean.","حسبتك أحد أولئك الجنود القادمين من فالن في البداية؛ زوج آخر من الأيدي القذرة لتبقى أيدي الملك طاهرة نقية."
"NPCs.sacramentGeneric.ellisHatesMainland.interaction2","New to Sacrament, eh? Look around. You see that, there in the mud? Boot prints from Phalen. They're all over this city.","أجديد أنت في ساكرامنت؟ انظر حولك. أترى ذلك هناك في الوحل؟ إنها آثار أحذية فالن؛ تملأ أرجاء هذه المدينة بأسرها."
"NPCs.sacramentGeneric.ellisHatesMainland.interaction3","Mainland thinks if they let us govern ourselves, the whole island will pack up and leave. That's why they keep Ellsworth on a short lead.","تظن القارة الأم أنهم لو تركونا نحكم أنفسنا، لحزمت الجزيرة كلها أمتعتها ورحلت. لهذا يبقون إلسورث مقيداً بحبل قصير."
"NPCs.sacramentGeneric.ellisHatesMainland.interaction4","Everyone's too scared to say it, but Sacra and Phalen are better off apart. I love the King about as much as a wart on my eyeball.","الجميع يرتعدون خوفاً من قول الحقيقة، لكن ساكرا وفالن أفضل حالاً حين تفصل بينهما البحار. أحب الملك بقدر ما أحب ثؤلولاً نبت في مقلتي."
"NPCs.sacramentGeneric.elraTheAspiringPolitician.afterEllsworthSpeech.eavesdrop1","One of the Governor's better speeches, I'll give him that.","خطبة من أفضل خطب الحاكم، سأعترف له بذلك."
"NPCs.sacramentGeneric.elraTheAspiringPolitician.afterEllsworthSpeech.eavesdrop2","Rousing words, but empty all the same.","كلمات حماسية رنانة، لكنها جوفاء كالعادة."
"NPCs.sacramentGeneric.elraTheAspiringPolitician.afterEllsworthSpeech.firstInteractLine1","Ellsworth speaks like he's one of us, like he cares about us.","يتحدث إلسورث وكأنه واحد منا، وكأنه يكترث لأمرنا حقاً."
"NPCs.sacramentGeneric.elraTheAspiringPolitician.afterEllsworthSpeech.firstInteractLine2","But never forget, he was born royalty on the mainland. After our city is ashes, he can simply... go home.","لكن لا تنسَ أبداً؛ لقد وُلد أميراً ونبيلاً في القارة الأم. وبعد أن تستحيل مدينتنا رماداً، يمكنه ببساطة... العودة إلى دياره."
"NPCs.sacramentGeneric.elraTheAspiringPolitician.eavesdrop1","Sacrament needs fresh blood in her veins.","تحتاج ساكرامنت إلى دماء شابة وجديدة في عروقها."
"NPCs.sacramentGeneric.elraTheAspiringPolitician.eavesdrop2","Governor Godfrey - it just sounds... right.","الحاكم غودفري... وقع الاسم يبدو... رائعاً وصائباً."
"NPCs.sacramentGeneric.elraTheAspiringPolitician.eavesdrop3","Lend your voice to mine.","ضموا أصواتكم إلى صوتي!"
"NPCs.sacramentGeneric.elraTheAspiringPolitician.interaction1","Do you see that? That glimmer on the horizon... You know what that is? A new dawn! That's what it is. A new dawn for Sacrament.","أترى ذلك؟ ذلك الوميض في الأفق... أتدري ما هو؟ إنه فجر جديد! هذا ما هو عليه بالتحديد. فجر جديد لساكرامنت."
"NPCs.sacramentGeneric.elraTheAspiringPolitician.interaction2","Ask anyone on the street. This city's in the gutter. We might as well be living in the Black Trench - who can tell the difference anymore!","سل أي عابر في الشارع؛ هذه المدينة ترزح في الحضيض. بتنا كمن يسكن الخندق الأسود، فمن يقوى على التمييز بينهما بعد الآن!"
"NPCs.sacramentGeneric.elraTheAspiringPolitician.interaction3","Beset by raiders, Pestilence on the rise, outsiders buying up all our property... Sacrament's no place to live anymore.","الغزاة يحيطون بنا، والوباء في استفحال، والغرباء يشترون كل عقاراتنا... ساكرامنت لم تعد صالحة للعيش."
"NPCs.sacramentGeneric.elraTheAspiringPolitician.interaction4","Elra P. Godfrey, that's the name to remember. I'll be Governor of Sacrament before you know it. All I need is your help to spread the word.","إلرا بي. غودفري، هذا هو الاسم الذي يجب أن تحفظه جيداً. سأكون حاكم ساكرامنت قبل أن يرتد إليك طرفك. كل ما أحتاجه هو عونك لنشر الخبر."
"NPCs.sacramentGeneric.elraTheAspiringPolitician.var1.eavesdrop1","You're not voting for me, you're voting for yourself.","أنتم لا تصوتون لي، بل تصوتون لأنفسكم."
"NPCs.sacramentGeneric.elraTheAspiringPolitician.var1.eavesdrop2","Ellsworth's had his chance! This city deserves better!","نال إلسورث فرصته! وهذه المدينة تستحق من هو أفضل منه بمراحل!"
"NPCs.sacramentGeneric.elraTheAspiringPolitician.var1.interaction1","Ellsworth let the Risen take the old Fortress. How long until he surrenders our very homes?","سمح إلسورث للناهضين بالاستيلاء على الحصن القديم؛ فكم سيمضي قبل أن يسلّم بيوتنا ذاتها؟"
"NPCs.sacramentGeneric.elraTheAspiringPolitician.var2.eavesdrop1","We're the crown's subjects, not its slaves.","نحن رعايا للعرش ولسنا عبيداً له."
"NPCs.sacramentGeneric.elraTheAspiringPolitician.var2.eavesdrop2","Who's even in charge here - Governor Ellsworth or the Madrigal?","من هو الآمر الناهي هنا أصلاً؛ الحاكم إلسورث أم المادريغال؟"
"NPCs.sacramentGeneric.elraTheAspiringPolitician.var2.interaction1","Ellsworth let the Inquisition march right over his back and through our streets. ","سمح إلسورث لمحاكم التفتيش بأن تدوس ظهره وتسير في شوارعنا في خيلاء."
"NPCs.sacramentGeneric.elraTheAspiringPolitician.var3.eavesdrop1","Does Ellsworth care more about our needs or the Madrigal's wants?","أيهتم إلسورث باحتياجاتنا أم بنزوات المادريغال ورغباتها؟"
"NPCs.sacramentGeneric.elraTheAspiringPolitician.var3.eavesdrop2","One relic poking and prodding at another...","أثر عتيق ينبش في أثر عتيق آخر..."
"NPCs.sacramentGeneric.elraTheAspiringPolitician.var3.interaction1","Why did Ellsworth scurry off to the Mountain Gate? Is he too scared to face the problems here at home?","لِمَ هرب إلسورث مسرعاً إلى بوابة الجبل؟ أهو مرعوب من مواجهة المشكلات هنا في عقر داره؟"
"NPCs.sacramentGeneric.elraTheAspiringPolitician.var4.eavesdrop1","Ellsworth and Winnick can't even stop a bunch of ragtag raiders and thieves.","إلسورث ووينيك عاجزان حتى عن ردع شرذمة من الغزاة واللصوص الرعاع."
"NPCs.sacramentGeneric.elraTheAspiringPolitician.var4.eavesdrop2","When will Ellsworth deal with Darak once and for all?","متى سيقضي إلسورث على داراك قضاءً مبرماً ونهائياً؟"
"NPCs.sacramentGeneric.elraTheAspiringPolitician.var4.interaction1","My sources warn of an impending attack by the Risen from above! Yet our leaders do nothing.","تحذرني مصادري من هجوم وشيك يشنه الناهضون من الأعالي! ومع ذلك لا يحرك قادتنا ساكناً."
"NPCs.sacramentGeneric.elraTheAspiringPolitician.var5.eavesdrop1","I hear Ellsworth let Odessa slip free in the night.","سمعتُ أن إلسورث أطلق سراح أوديسا لتتسلل هاربة في جنح الظلام."
"NPCs.sacramentGeneric.elraTheAspiringPolitician.var5.eavesdrop2","The Governor released his own daughter! Corruption! Inequity! ","الحاكم يطلق سراح ابنته بنفسه! يا للفساد ويا للظلم الصارخ!"
"NPCs.sacramentGeneric.elraTheAspiringPolitician.var5.interactionLine1","A Risen rebel. An enemy to law and order. And he lets her walk right out the gates. ","متمردة من الناهضين؛ عدوة للقانون والنظام، ويتركها تسير خارج البوابات بكل بساطة!"
"NPCs.sacramentGeneric.elraTheAspiringPolitician.var5.interactionLine2","At least now we truly know where Ellsworth's loyalties lie. And it's not with us.","على الأقل الآن صرنا نعلم يقيناً أين يكمن ولاء إلسورث؛ وهو بالتأكيد ليس معنا."
"NPCs.sacramentGeneric.elraTheAspiringPolitician.var6.eavesdrop1","What if the plague comes next for your home, your mind?","ماذا لو حلّ الوباء تالياً على بيتك، وعلى عقلك؟"
"NPCs.sacramentGeneric.elraTheAspiringPolitician.var6.eavesdrop2","First the quarry decimated, now Marin Village nearly lost. What's next?","أولاً دُمر المحجر، والآن كادت قرية مارين أن تفنى. فماذا بعد؟"
"NPCs.sacramentGeneric.elraTheAspiringPolitician.var6.interaction1","Elect Elra P. Godfrey! Before Ellsworth sends our fair city crumbling into the sea, or worse!","انتخبوا إلرا بي. غودفري! قبل أن يهوي إلسورث بمدينتنا الغالية لتنهار في لجة البحر، أو ما هو أفظع!"
"NPCs.sacramentGeneric.elraTheAspiringPolitician.var7.eavesdrop1","Where is Ellsworth when we need him most?","أين إلسورث حين نكون في أمسّ الحاجة إليه؟"
"NPCs.sacramentGeneric.elraTheAspiringPolitician.var7.eavesdrop2","We need a leader, not an empty chair!","نحن بحاجة إلى قائد حقيقي، لا إلى كرسي شاغر!"
"NPCs.sacramentGeneric.elraTheAspiringPolitician.var7.interaction1","While Ellsworth visits the Hunter's Vale for sport and game hunting, the rest of us struggle and starve!","بينما يزور إلسورث وادي الصيادين للهو وصيد الطرائد، نتخبط بقيتنا في الجوع والمعاناة!"
"NPCs.sacramentGeneric.elraTheAspiringPolitician.var8.eavesdrop1","I've concluded I can contribute most outside the public eye.","خلصتُ إلى أنني أستطيع تقديم أعظم نفع بعيداً عن أضواء الشهرة والعيون."
"NPCs.sacramentGeneric.elraTheAspiringPolitician.var8.eavesdrop2","I've decided to temporarily suspend my campaign!","قررتُ تعليق حملتي الانتخابية مؤقتاً!"
"NPCs.sacramentGeneric.elraTheAspiringPolitician.var8.interactionLine1","In these turbulent times we should look for steady, unchanging leadership. ","في هذه الأوقات المضطربة، يجب أن نتطلع إلى قيادة ثابتة وراسخة لا تتزعزع."
"NPCs.sacramentGeneric.elraTheAspiringPolitician.var8.interactionLine2","Governor Ellsworth, we thank you for your service, and look forward to you surmounting these challenges.","الحاكم إلسورث، نشكرك على تفانيك في الخدمة، ونتطلع إلى تجاوزك لهذه التحديات الجسام."
"NPCs.sacramentGeneric.elraTheAspiringPolitician.var8.retalk","With the recent... events regarding the Mountain Gate, I think it's best if I spend more time with my family.","مع الأحداث... الأخيرة المتعلقة ببوابة الجبل، أرى أن من الأنسب أن أقضي مزيداً من الوقت مع عائلتي."
"NPCs.sacramentGeneric.evelynAndYupitaGossipingWomen.TalkALine1","I've never seen such a spectacle. She pointed a sword right at the Madrigal, can you believe it?","لم أرَ قط مشهداً كهذا في حياتي؛ صوبت سيفاً مباشرة نحو المادريغال، أتصدقين ذلك؟"
"NPCs.sacramentGeneric.evelynAndYupitaGossipingWomen.TalkALine2","So she's left this world at last, then?","إذاً لقد فارقت هذه الدنيا أخيراً، أليس كذلك؟"
"NPCs.sacramentGeneric.evelynAndYupitaGossipingWomen.TalkBLine1","Ha! If it were you or I, she surely would have. But this is the governor's daughter... She's probably taking a warm bath right now.","ها! لو كان الأمر بيدي أو بيدك، لكانت قتلتنا حتماً. لكن هذه ابنة الحاكم... يرجح أنها تستمتع بحمام دافئ الآن."
"NPCs.sacramentGeneric.evelynAndYupitaGossipingWomen.TalkBLine2","And you think Dorrick and me are mad for wanting to leave this place...","وتحسبين أنني ودوريك مجنونان لرغبتنا في الرحيل عن هذا المكان..."
"NPCs.sacramentGeneric.evelynAndYupitaGossipingWomen.TalkCLine1","Where else would we go? Havenport? Ha! I prefer to keep all ten fingers, meself.","وإلى أين نمضي سواه؟ هافنبورت؟ ها! أفضل الاحتفاظ بأصابعي العشرة سالمة، عن نفسي."
"NPCs.sacramentGeneric.evelynAndYupitaGossipingWomen.TalkCLine2","How can any of us trust Ellsworth? Our soldiers fall to the Risen, while his own blood blows air in their bellows!","كيف لأي منا الوثوق بإلسورث؟ جنودنا يسقطون صرعى على يد الناهضين، بينما ابنته من لحمه ودمه تنفخ في كيرهم النيران!"
"NPCs.sacramentGeneric.evelynAndYupitaGossipingWomen.eavesdropLine1","Where were you then? Everyone in town could hear her shouting!","أين كنتِ حينها؟ كان صراخها يتردد في البلدة بأسرها حتى سمعه الجميع!"
"NPCs.sacramentGeneric.evelynAndYupitaGossipingWomen.eavesdropLine2","Sear my feet, I was at the river - collecting dinner! You know Dorrick's still injured...","فلتُكوَ قدماي، كنتُ عند النهر أجمع العشاء! أنتِ تعلمين أن دوريك ما زال جريحاً..."
"NPCs.sacramentGeneric.evelynAndYupitaGossipingWomen.retalkLine1","Odessa may be mad, but she's no leader. She's just a lost child.","قد تكون أوديسا مجنونة، لكنها ليست بقائدة. إنها مجرد طفلة تائهة."
"NPCs.sacramentGeneric.evelynAndYupitaGossipingWomen.retalkLine2","Aye, on that we agree.","أجل، في هذا نتفق تماماً."
"NPCs.sacramentGeneric.evelynAndYupitaGossipingWomen.var1.TalkALine1","What do you mean, gone?","ماذا تعنين بأنها اختفت؟"
"NPCs.sacramentGeneric.evelynAndYupitaGossipingWomen.var1.TalkALine2","Word is, she's no longer inside Sacrament's walls. Could be she escaped. Could be Ellsworth let her go.","يقال إنها لم تعد داخل أسوار ساكرامنت. لعله هربت، أو لعل إلسورث أطلق سراحها بنفسه."
"NPCs.sacramentGeneric.evelynAndYupitaGossipingWomen.var1.TalkBLine1","That's family for you. Dorrick's cousin once chopped off two of Dorrick's toes. Still have him over for supper. ","هكذا هي العائلات دوماً؛ ابن عم دوريك قطع إصبعين من قدم دوريك ذات مرة، وما زلنا ندعوه لتناول العشاء معنا."
"NPCs.sacramentGeneric.evelynAndYupitaGossipingWomen.var1.TalkBLine2","Dorrick's cousin ain't setting fire to mainland ships! ","ابن عم دوريك لا يضرم النيران في سفن القارة الأم!"
"NPCs.sacramentGeneric.evelynAndYupitaGossipingWomen.var1.TalkCLine1","He might if he was smart enough to tell which side of a torch is up. ","لكان فعلها لو كان ذكياً بما يكفي ليميز أي طرفي المشعل يشتعل بالنار."
"NPCs.sacramentGeneric.evelynAndYupitaGossipingWomen.var1.TalkCLine2","That girl needs a mother, that's all I'm saying. ","تلك الفتاة بحاجة إلى أم تربيها، هذا كل ما أقوله."
"NPCs.sacramentGeneric.evelynAndYupitaGossipingWomen.var1.TalkDLine1","She's got one - ain't you been to the cemetery lately? ","لديها أم بالفعل؛ ألم تزوري المقبرة مؤخراً؟"
"NPCs.sacramentGeneric.evelynAndYupitaGossipingWomen.var1.TalkDLine2","Well Odessa might just join her if she keeps picking fights with the whole of the Atlan Empire. ","حسناً، قد تلحق بها أوديسا قريباً إن واصلت افتعال المعارك مع إمبراطورية أتلان بأسرها."
"NPCs.sacramentGeneric.evelynAndYupitaGossipingWomen.var1.eavesdropLine1","Don't tell me, I missed it again?! ","لا تخبريني أنني فوتُّ الحدث مجدداً؟!"
"NPCs.sacramentGeneric.evelynAndYupitaGossipingWomen.var1.eavesdropLine2","Not much to miss - I heard she's gone.","ليس هناك ما يستحق التفويت؛ سمعتُ أنها رحلت."
"NPCs.sacramentGeneric.evelynAndYupitaGossipingWomen.var1.retalkLine1","If I ever get locked up, will you spring me? ","إن سُجنتُ يوماً، فهل ستهربينني؟"
"NPCs.sacramentGeneric.evelynAndYupitaGossipingWomen.var1.retalkLine2","Ha, if you're ever in a cage, you know i'll be in the one beside you. ","ها، إن دخلتِ قفصاً يوماً، فاعلمي أنني سأكون في القفص المجاور لكِ فوراً."
"NPCs.sacramentGeneric.evelynAndYupitaGossipingWomen.var2.RandomInteraction1Line1","We oughta do this more often, you know. Let Dorrick and Warren fend for themselves, while we dine like ladies!","ينبغي لنا تكرار هذا كثيراً، كما تعلمين؛ نترك دوريك ووارن يدبران أمرهما بمفردهما، بينما نتناول العشاء كسيدات راقيات!"
"NPCs.sacramentGeneric.evelynAndYupitaGossipingWomen.var2.RandomInteraction1Line2","Sure, sounds grand, if either one of us were made of silver.","يبدو الأمر رائعاً، لو كان لأي منا جيب عامر بالفضة."
"NPCs.sacramentGeneric.evelynAndYupitaGossipingWomen.var2.RandomInteraction2Line1","Mighty kind of old Gordon to give us a discount on the soup! He's all right, that one.","كرم بالغ من غوردون العجوز أن يمنحنا خصماً على الحساء! إنه رجل طيب حقاً."
"NPCs.sacramentGeneric.evelynAndYupitaGossipingWomen.var2.RandomInteraction2Line2","Shhh, we musn't talk too loudly, he told us Caroline would scold him if word gets out!","صه، يجب ألا نتحدث بصوت عالٍ؛ أخبرنا أن كارولاين ستوبخه بشدة إن ذاع الخبر!"
"NPCs.sacramentGeneric.evelynAndYupitaGossipingWomen.var2.RandomInteraction3Line1","Say, have you seen that new one wandering about? The one everyone's gossiping after?","قولي لي، هل رأيتِ ذلك الوجه الجديد الذي يجوب الأنحاء؟ ذلك الذي يتناقل الجميع أخباره في همساتهم؟"
"NPCs.sacramentGeneric.evelynAndYupitaGossipingWomen.var2.RandomInteraction3Line2","Yeeeeahhh, some kinda mystical holy warrior, they say! Imagine that! ...No, I haven't seen 'em.","أجللل، يقولون إنه نوع من المحاربين المقدسين الأسطوريين! تخيلي ذلك! ...كلا، لم أره في الحقيقة."
"NPCs.sacramentGeneric.evelynAndYupitaGossipingWomen.var2.RandomInteraction4Line1","S'pose we really did it though? Just ran off together? Catch a boat to Phalen, or Bayscathe?","أفتظنين أننا سنفعلها حقاً؟ نهرب معاً ببساطة؟ نستقل سفينة إلى فالن، أو بيسكاث؟"
"NPCs.sacramentGeneric.evelynAndYupitaGossipingWomen.var2.RandomInteraction4Line2","Oh come on, don't start that again.","أوه بربكِ، لا تبدئي في هذا الهراء مجدداً."
"NPCs.sacramentGeneric.evelynAndYupitaGossipingWomen.var2.eavesdropLine1","Ain't this place looking divine? I forgot we used to have nice things in Sacrament.","ألا يبدو هذا المكان بديعاً وساحراً؟ نسيتُ أننا كنا نحظى بأشياء جميلة في ساكرامنت."
"NPCs.sacramentGeneric.evelynAndYupitaGossipingWomen.var2.eavesdropLine2","I can't remember when we ever did!","أنا لا أكاد أذكر متى حظينا بها أصلاً!"
"NPCs.sacramentGeneric.everwynMissingHerCat.afterBreach.eavesdrop1","I've got a new pet.","لدي حيوان أليف جديد."
"NPCs.sacramentGeneric.everwynMissingHerCat.afterBreach.eavesdrop2","Rufus, where are you?","روفوس، أين أنت؟"
"NPCs.sacramentGeneric.everwynMissingHerCat.afterBreach.eavesdrop3","Where's he flown off to now?","إلى أين حلق وطار الآن؟"
"NPCs.sacramentGeneric.everwynMissingHerCat.afterBreach.eavesdrop4","He gets so hungry...","إنه يشعر بجوع شديد..."
"NPCs.sacramentGeneric.everwynMissingHerCat.afterBreach.interaction1","Rufus doesn't have Zalamaya's pretty purple stripes, but he has such lovely big black wings. And teeth - so many teeth!","روفوس لا يملك خطوط زالامايا الأرجوانية الجميلة، لكن لديه أجنحة سوداء كبيرة وبديعة. وأسنان... أسنان كثيرة جداً!"
"NPCs.sacramentGeneric.everwynMissingHerCat.afterBreach.interaction2","I tried introducing Zalamaya to Rufus but... it's my fault, I I should have fed Rufus dinner first.","حاولتُ تقديم زالامايا لروفوس ولكن... إنه خطأي؛ كان ينبغي لي إطعام روفوس عشاءه أولاً."
"NPCs.sacramentGeneric.everwynMissingHerCat.afterBreach.interaction3","Rufus stays mostly in my head. But his brothers and sisters don't, and they miss him oh so much.","روفوس يمكث في الغالب داخل رأسي. لكن إخوته وأخواته ليسوا كذلك، وهم يفتقدونه كثيراً جداً."
"NPCs.sacramentGeneric.everwynMissingHerCat.afterBreach.interaction4","He's a hungry little piggy! Always flying about looking for more food. And such a messy eater too.","إنه خنزير صغير جائع! يواصل الطيران باحثاً عن مزيد من الطعام. وطريقته في الأكل في غاية الفوضى والقذارة أيضاً."
"NPCs.sacramentGeneric.everwynMissingHerCat.eavesdrop","Zalamaya, come here...! Where are you?","زالامايا، تعالي إلى هنا...! أين أنتِ؟"
"NPCs.sacramentGeneric.everwynMissingHerCat.eavesdrop2","Sneaky little bandit.","لصة صغيرة وماكرة."
"NPCs.sacramentGeneric.everwynMissingHerCat.eavesdrop3","Who am I to play with now?","مع من سألعب الآن؟"
"NPCs.sacramentGeneric.everwynMissingHerCat.eavesdrop4","Maybe she's hiding in last night's dream?","ربما هي تختبئ في حلم ليلة البارحة؟"
"NPCs.sacramentGeneric.everwynMissingHerCat.interaction1","Have you seen her? She's such a pest, always wandering off. Please, keep your eyes out!","هل رأيتها؟ إنها مزعجة للغاية، تواصل التيه والابتعاد. أرجوك، ابقِ عينيك مفتوحتين بحثاً عنها!"
"NPCs.sacramentGeneric.everwynMissingHerCat.interaction2","She's a fine cat, when she stays in my head. But sometimes she just gets up and leaves, and I can't find her anywhere!","إنها قطة رائعة، حين تبقى داخل رأسي. لكنها تنهض في بعض الأحيان وترحل بعيداً، ولا أجدها في أي مكان!"
"NPCs.sacramentGeneric.everwynMissingHerCat.interaction3","I'm looking for Zalamaya, that's her name. At least, that's her name this week. Next week, she might be Tillimuntanto!","أنا أبحث عن زالامايا، هذا هو اسمها. على الأقل، هذا اسمها لهذا الأسبوع؛ في الأسبوع القادم، قد يكون تليمونتانرو!"
"NPCs.sacramentGeneric.everwynMissingHerCat.interaction4","Zalamaya, she's a big orange fluffy creature. With purple stripes. And, I think, maybe antlers? What do you think?","زالامايا مخلوق برتقالي كبير وفروي، بخطوط أرجوانية، وأظن أن لها قرون وعل أيضاً؟ ما رأيك أنت؟"
"NPCs.sacramentGeneric.ewaldTheCriminal.eavesdrop","If it needs doing, I'll do it.","إن كان الأمر بحاجة لمن ينجزه، فسأنجزه أنا."
"NPCs.sacramentGeneric.ewaldTheCriminal.interaction1","Feeling squeamish? S'alright, it happens. You need a man with a strong stomach, and no morals. That's me.","أتشعر بالاشمئزاز والتردد؟ لا بأس، هذا يحدث. أنت بحاجة إلى رجل ذي معدة قوية، وبلا وازع أخلاقي. وذلك الرجل هو أنا."
"NPCs.sacramentGeneric.ewaldTheCriminal.interaction2","There's no lock I can't nibble loose. No window I can't wriggle through. Got this city wrapped around my finger, I have.","ما من قفل يعصى على نقري وفكه، وما من نافذة تعجزني عن التسلل عبرها. هذه المدينة كلها طوع بناني وفي قبضتي."
"NPCs.sacramentGeneric.ewaldTheCriminal.interaction3","I've seen how they look at you. Yeah. Like you just stepped over their mum. We're outcasts, you and me. Misunderstood.","رأيتُ كيف يرمقونك بنظراتهم؛ أجل، كأنك وطأتَ أمهم بأقدامك لتتوك. نحن منبوذون، أنا وأنت. أُسيء فهمنا فحسب."
"NPCs.sacramentGeneric.ewaldTheCriminal.interaction4","Once you understand that laws around here are more like... suggestions... your whole world opens up. Life is yours for the taking!","بمجرد أن تدرك أن القوانين هنا ليست سوى... مجرد اقتراحات... سينفتح أمامك العالم بأسره. والحياة ملك يديك لتأخذ منها ما تشاء!"
"NPCs.sacramentGeneric.ewaldTheCriminal.var1.eavesdrop","I hear there's a fortune under our feet.","سمعتُ أن ثمة ثروة طائلة ترقد تحت أقدامنا."
"NPCs.sacramentGeneric.ewaldTheCriminal.var1.interactionLine1","Little birdie tells me the Trench is piled high with some new long-term residents, breathing and otherwise.","أخبرني عصفور صغير أن الخندق مكدس بسكان جدد يقيمون فيه إقامة طويلة؛ بعضهم يتنفس وبعضهم الآخر لا."
"NPCs.sacramentGeneric.ewaldTheCriminal.var1.interactionLine2","A right ransom in loot just waiting to be lifted off necks and out of pockets.","فدية حقيقية من الغنائم تنتظر فقط من ينتزعها من الأعناق وينشلها من الجيوب."
"NPCs.sacramentGeneric.ewaldTheCriminal.var1.interactionLine3","Not my place to ask how it happened. Forest critters don't question the corpse they're picking clean.","ليس من شأني التساؤل كيف حدث ذلك؛ فحيوانات الغابة لا تسأل عن الجثة التي تقتات على لحمها."
"NPCs.sacramentGeneric.ewaldTheCriminal.var1.interactionLine4","But if you find anything shiny amid the sludge, save some thanks for yours truly, won't you?","لكن إن عثرتَ على أي شيء يلمع وسط ذلك الوحل النتن، فاحفظ بعض العرفان بالجميل لمحدثك، حسناً؟"
"NPCs.sacramentGeneric.ferrinTheHunter.eavesdrop","So it's done then?","إذاً انتهى الأمر وقُضي؟"
"NPCs.sacramentGeneric.ferrinTheHunter.interactionLine1","A few volunteers returned to the Vale to bury the dead. They said they never found Lara's body. ","عاد بضعة متطوعين إلى الوادي لدفن الموتى. وقالوا إنهم لم يعثروا على جثمان لارا قط."
"NPCs.sacramentGeneric.ferrinTheHunter.interactionLine2","Might sound strange but I don't hate the beast. The plague hollowed it out, left only pain and fear. I'm glad it's at rest.","قد يبدو الأمر غريباً، لكنني لا أكره ذلك الوحش. فالوباء فرّغ جوفه ولم يترك فيه سوى الألم والخوف. يسرني أنه رقد في سلام أخيراً."
"NPCs.sacramentGeneric.ferrinTheHunter.interactionLine3","We were supposed to gather game for the Rites to honor our fallen. Instead we just grew their ranks.","كان المفترض بنا جمع الطرائد للطقوس تكريماً لراحلينا؛ لكننا زدنا أعدادهم بدلاً من ذلك."
"NPCs.sacramentGeneric.ferrinTheHunter.interactionLine4","If you see Reed, tell him to come home.","إن رأيتَ ريد، فأخبره أن يعود إلى دياره."
"NPCs.sacramentGeneric.ferrinTheHunter.interactionLine5","He never returned from the Lowlands. I think he's still searching for something of his daughter to bury.","لم يعد قط من الأراضي المنخفضة؛ أظنه ما زال يبحث عن أي أثر من ابنته ليدفنه."
"NPCs.sacramentGeneric.ferrinTheHunter.retalk","We hunt the forest. The Pestilence hunts us. You hunt the Pestilence. What hunts you, Cerim?","نحن نصطاد في الغابة. والوباء يصطادنا. وأنت تصطاد الوباء. فما الذي يصطادك أنت يا سيريم؟"
"NPCs.sacramentGeneric.fioraTheMourningWoman.eavesdrop","Never wanted to see him like that...","لم أرد رؤيته على تلك الحال أبداً..."
"NPCs.sacramentGeneric.fioraTheMourningWoman.interaction1","You think you know the plague? Are you the one who will save us all?","أتظن أنك تفهم حقيقة الوباء؟ أأنت هو المنقذ الذي سيخلصنا جميعاً؟"
"NPCs.sacramentGeneric.fioraTheMourningWoman.interaction2","You don't know what the Pestilence is. You're a child, playing in the sand. Making up stories.","أنت لا تدري كنه الوباء قط. أنت كطفل يلهو في الرمال، يختلق الحكايات والأوهام."
"NPCs.sacramentGeneric.fioraTheMourningWoman.interaction3","Have you looked into the eyes of your beloved... as his face turned inside out, and his eyes were pulled down into his throat? ","هل حدقتَ يوماً في عيني حبيبك... بينما ينقلب وجهه ظهراً لبطن، وتُسحب عيناه نحو قاع حنجرته؟"
"NPCs.sacramentGeneric.fioraTheMourningWoman.interaction4","I've seen what the plague does. I've watched it take everything I've ever loved. And then crack its flesh open... and smile at me.","رأيتُ ما يصنعه الوباء؛ رأيته يسلب كل ما أحببته في حياتي، ثم يشق لحمه... ويبتسم في وجهي."
"NPCs.sacramentGeneric.fioraTheMourningWoman.var1.eavesdrop","He was a man. They all were...","كان إنساناً، كانوا بشراً جميعاً..."
"NPCs.sacramentGeneric.fioraTheMourningWoman.var1.interactionLine1","You hacked your way to our gates without a moment's thought. ","شققتَ طريقك بسيفك نحو بواباتنا دون أدنى تردد أو تفكير."
"NPCs.sacramentGeneric.fioraTheMourningWoman.var1.interactionLine2","Our hero, everyone, our hero has come!","بطلنا المغوار، انظروا جميعاً، لقد حلّ بطلنا بيننا!"
"NPCs.sacramentGeneric.fioraTheMourningWoman.var1.interactionLine3","Butchering their way through what's left of our friends, our family, our children.","يذبح بلا رحمة كل ما تبقى من أصدقائنا، وأهالينا، وأطفالنا الأبرياء."
"NPCs.sacramentGeneric.gilesAndPetraShyCouple.eavesdropLine1","No, I'm afraid I don't know. ","كلا، أخشى أنني لا أعلم."
"NPCs.sacramentGeneric.gilesAndPetraShyCouple.eavesdropLine2","You don't know? ","ألا تعلمين؟"
"NPCs.sacramentGeneric.gilesAndPetraShyCouple.eavesdropLine3","I've no idea! ","ليس لدي أدنى فكرة!"
"NPCs.sacramentGeneric.gilesAndPetraShyCouple.retalkLine1","If I had to guess, I would say ox leather - but it seems like really you're the expert. ","إن كان لا بد لي من التخمين، لقلتُ إنه جلد ثور؛ لكن يبدو أنكِ أنتِ الخبيرة الحقيقية هنا."
"NPCs.sacramentGeneric.gilesAndPetraShyCouple.retalkLine2","Oh, nonsense! ","أوه، يا له من هراء!"
"NPCs.sacramentGeneric.gilesAndPetraShyCouple.talkALine1","I thought you said you were an expert. ","ظننتك قلتَ إنك خبير بالأقمشة."
"NPCs.sacramentGeneric.gilesAndPetraShyCouple.talkALine2","I said I studied to be a tailor, that doesn't mean I know every type of fabric in the world. ","قلتُ إنني درستُ لأكون خياطاً، ولا يعني ذلك أنني أحيط بكل نوع من أنواع النسيج في هذا العالم."
"NPCs.sacramentGeneric.gilesAndPetraShyCouple.talkBLine1","But you really can't tell me whether this is ox leather, or – Oh. Hello. ","لكنك حقاً لا تستطيع إخباري إن كان هذا جلد ثور أم... أوه، مرحباً."
"NPCs.sacramentGeneric.gilesAndPetraShyCouple.talkBLine2","Why, it's you! ","يا للهول، إنه أنت!"
"NPCs.sacramentGeneric.gilesAndPetraShyCouple.talkCLine1","Do you know each other? ","أتعرفان بعضكما البعض؟"
"NPCs.sacramentGeneric.gilesAndPetraShyCouple.talkCLine2","Er, we met once, yes. It seems you never know where this Cerim might turn up. ","إحم، التقينا مرة واحدة، نعم. يبدو أن المرء لا يدري أبداً أين قد يظهر هذا السيريم فجأة."
"NPCs.sacramentGeneric.gilesAndPetraShyCouple.talkDLine1","I've met them before as well. Isn't that strange? ","لقد قابلته من قبل أيضاً، أليس هذا غريباً وعجيباً؟"
"NPCs.sacramentGeneric.gilesAndPetraShyCouple.talkDLine2","Cerim, please allow me to introduce – Petra, isn't it? ","أيها السيريم، اسمح لي أن أقدم لك... بترا، أليس كذلك؟"
"NPCs.sacramentGeneric.gilesAndPetraShyCouple.talkELine1","Yes, that's right. And you're Giles. ","نعم، هذا صحيح تماماً. وأنت جايلز."
"NPCs.sacramentGeneric.gilesAndPetraShyCouple.talkELine2","I am indeed. You see, we've only just met. Petra – ","هو بعينه. كما ترى، لقد تعارفنا لتونا. بترا..."
"NPCs.sacramentGeneric.gilesAndPetraShyCouple.talkFLine1","I stumbled, like a fool, and spilled my drink on him. It was horribly embarrassing. ","تعثرتُ كالحمقاء، وسكبتُ شرابي عليه؛ كان موقفاً محرجاً إلى أبعد حد."
"NPCs.sacramentGeneric.gilesAndPetraShyCouple.talkFLine2","It was barely a splash. And anyway, now we're having a fine conversation. All's well that ends well. ","لم تكن سوى رشفة صغيرة بالكاد. وعلى أية حال، نحن نخوض الآن حديثاً ممتعاً. وكل الأمور بخواتيمها."
"NPCs.sacramentGeneric.gilesAndPetraShyCouple.talkGLine1","Anyway, it was nice seeing you again, Cerim. ","على أية حال، سُررتُ برؤيتك مجدداً، أيها السيريم."
"NPCs.sacramentGeneric.gilesAndPetraShyCouple.talkGLine2","Yes, lovely to see you. ","نعم، أسعدني جداً لقاؤك."
"NPCs.sacramentGeneric.gilesShyMan.eavesdrop","Oh, why do I do this to myself... ","أوه، لِمَ أفعل هذا بنفسي دوماً..."
"NPCs.sacramentGeneric.gilesShyMan.interactionLine1","Huh? Why are you talking to me? No, I'm... I'm a mess. Believe me, it's not interesting.","هاه؟ لِمَ تتحدث إليّ؟ كلا، أنا... أنا في حالة مزرية. صدقني، لستُ شخصاً مثيراً للاهتمام."
"NPCs.sacramentGeneric.gilesShyMan.interactionLine2","My friends want to meet at The Dusty Loom for drinks. Do you know it? Caroline's inn, I mean.","يريد أصدقائي اللقاء في حانة نول الغبار لتناول الشراب. أتعرفها؟ نزل كارولاين، أعني."
"NPCs.sacramentGeneric.gilesShyMan.interactionLine3","But I can't be bothered going out. I... I'm not feeling well. And it's so loud in there.","لكنني لا أقوى على تحمل مشقة الخروج؛ أنا... لستُ على ما يرام، والضجيج صاخب هناك بشدة."
"NPCs.sacramentGeneric.gilesShyMan.interactionLine4","I think I'll just... go home and sleep instead. Yes, that's what I should do.","أظنني سأفضل... العودة إلى البيت والنوم بدلاً من ذلك. نعم، هذا ما يجدر بي فعله."
"NPCs.sacramentGeneric.gilesShyMan.interactionLine5","I just... need to go lie down. ","أنا فقط... بحاجة للاستلقاء قليلاً."
"NPCs.sacramentGeneric.gilesShyMan.interactionLine6","What would be the point of going out anyway? Probably just have some drunk spill their beer on me.","وما الجدوى من الخروج على أية حال؟ يرجح أن يسكب ثمل ما جِعته عليّ فحسب."
"NPCs.sacramentGeneric.gilesShyMan.interactionLine7","I don't know why you keep talking to me. My mind's made up. I don't even like ale anyway. ","لا أدري لِمَ تواصل الحديث إليّ؛ لقد حسمتُ أمري. وأنا لا أحب الجعة أصلاً."
"NPCs.sacramentGeneric.gilesShyMan.interactionLine8","Please, just leave me be. I'm not going. ","أرجوك، دعني وشأني فحسب. لن أذهب."
"NPCs.sacramentGeneric.gilesShyMan.interactionLine9","All right. I suppose I could go for just one drink. You've badgered me enough. Let's get it over with. ","حسناً، حسناً! أظن أنه لا ضير في تناول كأس واحدة فقط. لقد ألححتَ عليّ بما فيه الكفاية. دعنا ننتهي من الأمر."
"NPCs.sacramentGeneric.gilesShyMan.retalk","I'll go to the tavern, just for one drink. ","سأذهب إلى الحانة، لكأس واحدة فقط لا غير."
"NPCs.sacramentGeneric.gilesShyMan.var1.interactionLine1","Oh. It's you. My only companion, it seems.","أوه، إنه أنت. جليسي ورفيقي الوحيد كما يبدو."
"NPCs.sacramentGeneric.gilesShyMan.var1.interactionLine2","My friends who invited me here didn't even show up. Now I'm just... a man, sitting alone in the corner. Story of my life.","أصدقائي الذين دعوني إلى هنا لم يحضروا أصلاً! والآن أنا مجرد... رجل يجلس وحيداً في الزاوية. حكاية حياتي المعتادة."
"NPCs.sacramentGeneric.gilesShyMan.var1.interactionLine3","I appreciate what you were trying to do, but - now do you see? It was pointless to come here. ","أقدّر ما حاولتَ فعله من أجلي، ولكن... أترى الآن؟ كان المجيء إلى هنا بلا أدنى جدوى."
"NPCs.sacramentGeneric.gilesShyMan.var1.retalk","Oh well, I guess I might as well have one more pint. ","يا للأسف، أظن أنه من الأفضل أن أطلب كأساً أخرى إذاً."
"NPCs.sacramentGeneric.gregorAndPallos.eavesdrop1Gregor","Not even sure there'll be a next season.","لستُ واثقاً حتى من قدوم موسم قادم أصلاً."
"NPCs.sacramentGeneric.gregorAndPallos.eavesdrop2Gregor","Blood ain't much of a compost. It's the iron in it.","الدماء لا تصلح سماداً؛ بسبب الحديد الكثيف فيها."
"NPCs.sacramentGeneric.gregorAndPallos.eavesdrop3Pallos","I hearby order you to resume your duties. Please?","آمرك بموجب صلاحياتي باستئناف عملك فوراً. أرجوك؟"
"NPCs.sacramentGeneric.gregorAndPallos.eavesdrop4Pallos","We have to eat. I have to eat.","يجب أن نأكل؛ أنا بحاجة ماسة لأن آكل."
"NPCs.sacramentGeneric.gregorAndPallos.interaction1Line1Pallos","The Governor has ordered all food production be increased.","أمر الحاكم بمضاعفة إنتاج المواد الغذائية بالكامل."
"NPCs.sacramentGeneric.gregorAndPallos.interaction1Line2Gregor","What, just keep my gaze upon the soil with that Winged Brood circling overhead?","ماذا، أأبقي بصري مسمراً على التراب وتلك السلالة المجنحة تحلق فوق رؤوسنا؟"
"NPCs.sacramentGeneric.gregorAndPallos.interaction1Line3Pallos","We can't keep you safe if you don't keep us fed.","لا يمكننا حمايتك إن لم تطعمنا وتملأ بطوننا."
"NPCs.sacramentGeneric.gregorAndPallos.interaction1Line4Gregor","I could grow a tomato out of a tar pit, but you can't fatten up a corpse.","بإمكاني زراعة طماطم في بركة قطران، لكنك تعجز عن تسمين جثة هامدة."
"NPCs.sacramentGeneric.gregorAndPallos.interaction1Line5Gregor","Won't be no carrot and onion stew this season. No stuffed goose. No rabbit shanks with roast cherries.","لن يكون هناك حساء جزر وبصل هذا الموسم؛ ولا إوز محشو، ولا أفخاذ أرانب مع كرز مشوي."
"NPCs.sacramentGeneric.gregorAndPallos.interaction1Line6Pallos","Oh Gods, my stomach.","يا إلهي، أمعائي تتلوى."
"NPCs.sacramentGeneric.gregorAndPallos.retalkLine1Gregor","841, the year Sacrament became a graveyard.","841؛ العام الذي استحالت فيه ساكرامنت مقبرة موحشة."
"NPCs.sacramentGeneric.gregorTheRamblingFarmer.eavesdrop","Not a good year...","ليست سنة خير أبداً..."
"NPCs.sacramentGeneric.gregorTheRamblingFarmer.eavesdrop2","Might as well be tilling cobblestones.","كأنني أحرث في حجارة الرصيف الصلدة."
"NPCs.sacramentGeneric.gregorTheRamblingFarmer.eavesdrop3","Wish God's hands would reach down and help me with this bloody work...!","ليت أيادي الإله تمتد لتعينني في هذا العمل الشاق والملعون...!"
"NPCs.sacramentGeneric.gregorTheRamblingFarmer.eavesdrop4","Seasons come, and seasons go. But bad luck is eternal.","الفصول تأتي والفصول تمضي؛ لكن الحظ العاثر أزلي وأبدي."
"NPCs.sacramentGeneric.gregorTheRamblingFarmer.interaction1","Don't expect these crops to yield much more 'n turnips. Maaaybe the radishes'll pull through. Shite year all around though.","لا تتوقع من هذه المحاصيل أن تثمر أكثر من مجرد لفت؛ لعل الفجل يصمد بأعجوبة. سنة بائسة على كل حال."
"NPCs.sacramentGeneric.gregorTheRamblingFarmer.interaction10","822, the ground was fair bursting with produce. I made more copper at the market that year than in the three before it!","822؛ كانت الأرض تتفجر بالخيرات والمحاصيل. جنيتُ في السوق ذلك العام نحاساً يفوق ما جنيته في السنوات الثلاث السابقة مجتمعة!"
"NPCs.sacramentGeneric.gregorTheRamblingFarmer.interaction11","835, we had a crop of blackbirds nested in those cliffs below the Rookery. Hundreds of 'em! They covered every inch of my farm in stinking shit.","835؛ عشعشت أسراب من الشحارير في تلك المنحدرات أسفل برج الغربان. المئات منها! وغطت كل شبر من مزرعتي بفضلاتها النتنة."
"NPCs.sacramentGeneric.gregorTheRamblingFarmer.interaction12","836, that's when my Harriet passed away. How I miss her. (sighs) ...Ha! It's not true. The shrew left me for a merchant sailor.","836؛ في ذلك العام توفيت زوجتي هارييت. كم أفتقدها. (يتنهد) ...ها! كذب وافتراء؛ لقد هجرتني السليطة لأجل بحار في سفينة تجارية."
"NPCs.sacramentGeneric.gregorTheRamblingFarmer.interaction2","Last year was better than this. But still shite. I had one pumpkin out of fourteen survive. Would you believe that?","العام الماضي كان أفضل من هذا، لكنه ظل رديئاً. صمدت يقطينة واحدة فقط من أصل أربع عشرة. أتصدق ذلك؟"
"NPCs.sacramentGeneric.gregorTheRamblingFarmer.interaction3","833, now that was a good year. Rained just right. And the gophers were all over at Farmer Korel's, hehe. I made a mince pie that year!","833؛ كان ذلك عاماً بهيجاً حقاً! هطل المطر باعتدال، وانتقلت حيوانات الخلد كلها إلى حقل المزارع كوريل، هيهي. أعددتُ فطيرة لحم مفروم شهية ذلك العام!"
"NPCs.sacramentGeneric.gregorTheRamblingFarmer.interaction4","825, interesting year. Back when I first moved to Sacrament... No rain for four months, could barely get a hoe in the ground. ","825؛ سنة مثيرة للاهتمام. حين انتقلتُ لأول مرة إلى ساكرامنت... انقطع المطر أربعة أشهر، وبالكاد استطعتُ غرس مجرفة في الأرض."
"NPCs.sacramentGeneric.gregorTheRamblingFarmer.interaction5","Six years ago we had a storm come through that just about flushed this whole damned city to the sea. There is such a thing as too much rain, don't forget it.","قبل ست سنوات حلت بنا عاصفة كادت تجرف هذه المدينة اللعينة برمتها إلى البحر. هناك ما يُدعى مطراً زائداً عن حده، لا تنسَ ذلك أبداً."
"NPCs.sacramentGeneric.gregorTheRamblingFarmer.interaction6","Back in 816, I had never even touched a spade. I was a young peacock - I wanted to fight in the arenas! Aye, I was tough as nails then.","في عام 816، لم أكن قد لمستُ مجرفة قط. كنتُ طاووساً يافعاً؛ أردتُ القتال في حلبات النزال! أجل، كنتُ صلباً كالمسامير حينها."
"NPCs.sacramentGeneric.gregorTheRamblingFarmer.interaction7","827, not a year to remember. The spring was sticky, the summer was hot, and I was drunk for most of the winter. Hehehe.","827؛ ليست سنة جديرة بالذكر. كان الربيع خانقاً، والصيف لاهباً، وأمضيتُ معظم الشتاء ثملاً غائباً عن الوعي. هيهيهي."
"NPCs.sacramentGeneric.gregorTheRamblingFarmer.interaction8","A few years ago I was out in this very field, and do you know what my hoe pulled up? A chamber pot! Heh! Looked like it had been in the ground since before Bilsgard.","قبل بضع سنوات كنتُ في هذا الحقل بالذات، وتدري ماذا استخرجت مجرفتي؟ نونية قضاء حاجة! هه! بدا وكأنها مدفونة في الأرض منذ ما قبل زمن بيلسغارد."
"NPCs.sacramentGeneric.gregorTheRamblingFarmer.interaction9","824, you know, that's the year Annora Bolein died... I don't think the governor's ever been the same.","824؛ أتعلم، ذلك هو العام الذي توفيت فيه أنورا بولين... ولا أظن الحاكم عاد لسابق عهده بعدها قط."
"NPCs.sacramentGeneric.guards.alaric.eavesdrop","If you make for the Glades, be sure you have what you need.","إن كنتَ متوجهاً نحو الغابات، فتأكد من التزود بكل ما يلزمك."
"NPCs.sacramentGeneric.guards.alaric.interaction1","A thin, green line separating us from the Risen. That's what's outside this gate. A thin, swampy, stinking green line.","شريط أخضر ضئيل يفصل بيننا وبين الناهضين. هذا كل ما يقبع خارج هذه البوابة. شريط مستنقعي أخضر، ضئيل ونتن."
"NPCs.sacramentGeneric.guards.alaric.interaction2","Promise me - anything that comes through this gate, you'll help me fight it off. Won't you?","عاهدني؛ أي شيء يتسلل عبر هذه البوابة، ستساعدني في صده ودحره، أليس كذلك؟"
"NPCs.sacramentGeneric.guards.alaric.interaction3","Only a fool would leave Sacrament's walls behind without a full stock of food and a freshly sharpened blade.","الأحمق وحده من يغادر أسوار ساكرامنت دون مؤونة وافرة من الطعام ونصل شُحذ لتوه."
"NPCs.sacramentGeneric.guards.alaric.interaction4","The Orban Glades used to be a fine place to cast a line and pass the day. At least, that's what my father used to say. Before he drowned.","كانت غابات أوربان مكاناً بهيجاً لإلقاء صنارة الصيد وتمضية النهار. أو هكذا كان أبي يقول دوماً... قبل أن يقضي غرقاً."
"NPCs.sacramentGeneric.guards.alaric.var.eavesdrop","You heard the Governor, head to the Rookery.","لقد سمعتَ الحاكم، اقصد برج الغربان."
"NPCs.sacramentGeneric.guards.alaric.var.interaction1","Make sure to get a good scrub in after wading through the Glades.","احرص على غسل جسدك جيداً بعد الخوض في أوحال الغابات."
"NPCs.sacramentGeneric.guards.alaric.var.interaction2","Wouldn't want to end up all rotted away like them Nith.","فلا ترغب بالطبع أن ينتهي بك المطاف متعفناً كأولئك النيث."
"NPCs.sacramentGeneric.guards.alaric.var.interaction3","And is that sand on your legs? Came all the way from the Shallows in this weather?","وهل هذا رمل عالق بساقيك؟ أقطعتَ كل هذا الطريق من المياه الضحلة في مثل هذا الطقس؟"
"NPCs.sacramentGeneric.guards.alaric.var.interaction4","Can't say if you're brave or just foolhardy - but you won't catch me being either.","لا أدري إن كنتَ شجاعاً أم مجرد متهور أحمق، لكنك لن تراني أياً منهما قط."
"NPCs.sacramentGeneric.guards.alaric.var.retalk","The Rookery sits above the town square. Just follow the signs.","يقع برج الغربان فوق ساحة البلدة مباشرة. اتبع العلامات الإرشادية فحسب."
"NPCs.sacramentGeneric.guards.aldous.interaction1","The gate to the Lowland Meadows is closed. A foul beast has been seen roaming outside the walls. ","بوابة السهول المنخفضة موصدة. شوهد وحش كاسر يجوب الأرجاء خارج الأسوار."
"NPCs.sacramentGeneric.guards.aldous.retalk","None may pass.","لا يُسمح لأحد بالمرور."
"NPCs.sacramentGeneric.guards.aldous.state1Interaction1","Do you know where you're going? The Meadows aren't what they used to be.","أتدري إلى أين أنت ذاهب؟ السهول لم تعد كما كانت في السابق."
"NPCs.sacramentGeneric.guards.aldous.state1Interaction2","After the farmers fled, used to be the wolves had the run of the place. But now... There's something else.","بعد فرار المزارعين، كانت الذئاب تسرح وتمرح في المكان. أما الآن... فثمة شيء آخر تماماً."
"NPCs.sacramentGeneric.guards.aldous.state1Interaction3","I wouldn't head south unless you're looking for a swift end. Or you're fearsome stubborn. 
Hm. Maybe you are.","لا أنصحك بالتوجه جنوباً إلا إن كنتَ تلتمس نهاية سريعة، أو كنتَ عنيداً لدرجة مرعبة.
همم. لعلك كذلك بالفعل."
"NPCs.sacramentGeneric.guards.aldous.state1eavesdrop","If you're looking for a plot to farm, best stay inside the city.","إن كنتَ تبحث عن قطعة أرض لزراعتها، فالأجدر بك البقاء داخل أسوار المدينة."
"NPCs.sacramentGeneric.guards.aldous.state2Interaction1","Lowland Meadows is no place for a rendezvous. I trust Ellsworth, but he don't always make it easy.","السهول المنخفضة ليست مكاناً مناسباً لعقد اللقاءات. أنا أثق بإلسورث، لكنه لا يجعل الأمور سهلة دوماً."
"NPCs.sacramentGeneric.guards.aldous.state2Interaction2","A hunting party isn't far ahead - gathering game for the Rites of the Fallen. That is, if they can find any meat left unspoiled.","جماعة الصيد ليست ببعيدة في الأمام؛ تجمع الطرائد لطقوس الساقطين. هذا إن عثروا على لحم لم يدركه الفساد بعد."
"NPCs.sacramentGeneric.guards.aldous.state2Interaction3","If you really are here on Ellsworth's command, then pray watch his back. He's done a lot of good for us Dasha.","إن كنتَ هنا حقاً بأمر من إلسورث، فأرجوك أن تحمي ظهره. لقد قدم الكثير من الخير لنا نحن الداشا."
"NPCs.sacramentGeneric.guards.aldous.state2eavesdrop","You here on the Governor's orders?","أأنت هنا بأمر من الحاكم؟"
"NPCs.sacramentGeneric.guards.aldous.state3Interaction1","The city owes you a debt, stranger, for seeing Ellsworth back in one piece.","تدين المدينة لك بالفضل، أيها الغريب، لعودة إلسورث سالماً معافى."
"NPCs.sacramentGeneric.guards.aldous.state3Interaction2","I trust there'll be no more dalliances in the Lowland Meadows. Curse those blood-soaked fields.","آمل ألا تتكرر المغامرات في السهول المنخفضة. اللعنة على تلك الحقول الملطخة بالدماء."
"NPCs.sacramentGeneric.guards.aldous.state3Interaction3","If you're foolish enough to venture south again, make sure you're prepared. You never know what lurks in the tall grass.","إن بلغ بك الحمق حد المخاطرة بالتوجه جنوباً مجدداً، فتأكد من أخذ كامل حذرك. فأنت لا تدري ما يتربص بك بين الأعشاب الطويلة."
"NPCs.sacramentGeneric.guards.aldous.state3eavesdrop","Best thing to do would be to close this bridge for good.","أفضل ما يمكن فعله هو إغلاق هذا الجسر نهائياً وبلا رجعة."
"NPCs.sacramentGeneric.guards.anot.afterBreach.eavesdrop1","I should have left while I had the chance...","كان ينبغي لي الرحيل حين سنحت لي الفرصة..."
"NPCs.sacramentGeneric.guards.anot.afterBreach.eavesdrop2","It isn't safe here. Not anymore.","المكان لم يعد آمناً هنا. ليس بعد الآن."
"NPCs.sacramentGeneric.guards.anot.afterBreach.eavesdrop3","A birthplace doesn't have to be a resting place.","ليس بالضرورة أن يكون مسقط رأس المرء مرقده الأخير."
"NPCs.sacramentGeneric.guards.anot.afterBreach.eavesdrop4","The Gate's fallen - what next? Sacrament's walls?","سقطت البوابة؛ فماذا بعد؟ أسوار ساكرامنت؟"
"NPCs.sacramentGeneric.guards.anot.afterBreach.interaction1Line1","How many days? How many days did I spend on these ramparts, telling myself to leave?","كم يوماً؟ كم يوماً أمضيته على هذه الأسوار وأنا أحدث نفسي بوجوب الرحيل؟"
"NPCs.sacramentGeneric.guards.anot.afterBreach.interaction1Line2","Get off Sacra, I said. Tomorrow. I'll do it tomorrow. Just need to save a bit more copper first.","اخرجي من ساكرا، هكذا قلتُ لنفسي. غداً. سأفعلها غداً. أحتاج فقط لادخار مزيد من النحاس أولاً."
"NPCs.sacramentGeneric.guards.anot.afterBreach.interaction1Line3","Now the Gate is breached, and the sky full of demons. Randolph has us at full armament, double rotations.","والآن اُخترقت البوابة، والسماء تموج بالشياطين. وراندولف يفرض علينا التأهب الكامل بمناوبات مضاعفة."
"NPCs.sacramentGeneric.guards.anot.afterBreach.interaction1Line4","If I leave now, I'll be a deserter.","إن رحلتُ الآن، فسيُحكم عليّ بأنني فارّة من الخدمة."
"NPCs.sacramentGeneric.guards.anot.afterBreach.interaction1Line5","Unless... maybe that's perfect. Written off. Forgotten. Guard Anot? Never heard of her. Lady Anot? Why she's a pearl.","إلا إذا... ربما كانت تلك فرصة مثالية. أن أُمحى من السجلات ويطويني النسيان. الحارسة أنوت؟ لم أسمع بها قط. الليدي أنوت؟ يا لها من جوهرة نفيسة."
"NPCs.sacramentGeneric.guards.anot.afterBreach.retalkLine1","Take a good look, Cerim. Might be the last you see of me.","ألقِ نظرة جيدة، أيها السيريم. فربما تكون هذه آخر مرة تراني فيها."
"NPCs.sacramentGeneric.guards.anot.beforeFirstQuestEavesdropLine1","And people ask why I'm leaving...","ويسألونني لمَ أريد الرحيل..."
"NPCs.sacramentGeneric.guards.anot.beforeFirstQuestInteractLine1","That beast nearly made it past our gates before you put it out of its misery.","كاد ذلك الوحش أن يخترق بواباتنا قبل أن تريحه أنت من عذابه وتصرعه."
"NPCs.sacramentGeneric.guards.anot.beforeFirstQuestInteractLine2","Only a matter of time before something worse comes creeping. I'm getting off Sacra while I still draw breath.","المسألة مسألة وقت فحسب قبل أن يزحف إلينا ما هو أشد شراً وبطشاً. سأغادر ساكرا طالما أنني ما زلتُ أتنفس."
"NPCs.sacramentGeneric.guards.anot.eavesdrop","Only a few months left.","بضعة أشهر فقط متبقية."
"NPCs.sacramentGeneric.guards.anot.interaction1","Put aside half my copper each month until I've enough to book passage and leave this island behind me.","أدخر نصف قطعي النحاسية كل شهر حتى يتجمع لدي ما يكفي لحجز رحلة بحرية وترك هذه الجزيرة خلف ظهري."
"NPCs.sacramentGeneric.guards.anot.interaction2","I've a cousin stationed in the palace on the mainland, says he can get me a job. Imagine that, me amid all the splendor.","لدي ابن عم يخدم في القصر بالقارة الأم، يقول إنه يستطيع تدبير عمل لي هناك. تخيل ذلك؛ أنا وسط كل تلك الأبهة والنعيم!"
"NPCs.sacramentGeneric.guards.anot.interaction3","I hear the towers in the city of Phalen block out the sun, and the port's thick with ships from every corner of the empire.","سمعتُ أن أبراج مدينة فالن تحجب أشعة الشمس، والميناء يغص بالسفن القادمة من أطراف الإمبراطورية قاطبة."
"NPCs.sacramentGeneric.guards.anot.interaction4","Once I'm on the mainland, I'll be a new me. Perhaps even a new name, say I'm a minor gentry from Tanth. No, Willowarry.","بمجرد أن أطأ أرض القارة، سأكون إنسانة جديدة تماماً. ربما باسم جديد حتى؛ كأن أدّعي أنني من نبلاء تانث. كلا، بل ويلواري."
"NPCs.sacramentGeneric.guards.anot.randomeavesdrop1","Eyes up.","تيقظوا."
"NPCs.sacramentGeneric.guards.anot.randomeavesdrop2","Sacrament endures.","ساكرامنت تصمد."
"NPCs.sacramentGeneric.guards.anot.randomeavesdrop3","Cerim.","سيريم."
"NPCs.sacramentGeneric.guards.anot.randomeavesdrop4","On alert.","في حالة تأهب."
"NPCs.sacramentGeneric.guards.arin.eavesdrop","You're a strange one, Cerim.","أمرك غريب ومريب، أيها السيريم."
"NPCs.sacramentGeneric.guards.arin.interaction1","Why are you always changing outfits and weapons anyway? Just make up your damn mind!","لِمَ تواصل تبديل دروعك وأسلحتك طوال الوقت أصلاً؟ استقر على خيار واحد بحق الجحيم!"
"NPCs.sacramentGeneric.guards.arin.interaction2","It's not like you have to solve everyone's problems, you know?","ليس الأمر وكأنك ملزم بحل مشكلات الجميع، كما تعلم."
"NPCs.sacramentGeneric.guards.arin.interaction3","Where are you always off to in such a hurry?","إلى أين تمضي على الدوام على هذه العجلة من أمرك؟"
"NPCs.sacramentGeneric.guards.arin.interaction4","So are you a warrior, scavenger, fisherman, or lumberjack? Feels like a bit of each.","فهل أنت محارب، أم جامع غنائم، أم صياد سمك، أم حطاب؟ تبدو وكأنك خليط من كل هؤلاء معاً."
"NPCs.sacramentGeneric.guards.arin.var.eavesdrop","The Rookery lies just across the bridge.","يقع برج الغربان عبر الجسر مباشرة."
"NPCs.sacramentGeneric.guards.arin.var.interaction1","I used to see the Watcher sending out his crows every day from my post.","اعتدتُ رؤية المراقب وهو يطلق غربانه كل يوم من موقع حراستي هذا."
"NPCs.sacramentGeneric.guards.arin.var.interaction2","Not many of us believed a real Cerim would ever respond to his calls. Let alone come to Sacra.","لم يكن كثير منا يصدق أن أحداً من السيريم الحقيقيين سيستجيب لنداءاته قط، ناهيك عن القدوم إلى ساكرا."
"NPCs.sacramentGeneric.guards.arin.var.interaction3","Haven't seen many crows flying lately, though. Haven't seen much of the Watcher either.","ومع ذلك، لم أرَ الكثير من الغربان تحلق مؤخراً، ولم أرَ الكثير من المراقب أيضاً."
"NPCs.sacramentGeneric.guards.arin.var.retalk","Carry on to the Rookery, Cerim. You're nearly there.","واصل طريقك نحو برج الغربان، أيها السيريم. لقد أوشكتَ على الوصول."
"NPCs.sacramentGeneric.guards.arin.var2.interaction4","Some of the others seem excited that you've arrived. But arrived from where? And to what end?","يبدو بعض الحراس الآخرين متحمسين لقدومك. ولكن قدومك من أين؟ ولأي غاية أصلاً؟"
"NPCs.sacramentGeneric.guards.arin.var2.retalk","You don't strike me as the answer to our prayers, but rather just... more questions.","لا تبدو لي استجابة لصلواتنا، بل تبدو مجرد... مزيد من علامات الاستفهام والشكوك."
"NPCs.sacramentGeneric.guards.arne.afterBreachEavesdrop","Those things could come from anywhere...","تلك المخلوقات قد تباغتنا من أي صوب..."
"NPCs.sacramentGeneric.guards.arne.afterBreachInteractionLine1","They say the sky turned black over the Nameless Pass.","يقولون إن السماء اسودت فوق الممر المجهول."
"NPCs.sacramentGeneric.guards.arne.afterBreachInteractionLine2","I've never been more grateful to be posted on the western side of the city.","لم أكن قط أكثر امتناناً لتعييني في الجانب الغربي من المدينة كما أنا اليوم."
"NPCs.sacramentGeneric.guards.arne.afterBreachInteractionLine3","But still... if the evil from Caylen spreads across the whole island... There's no telling where the next attack may come from.","ومع ذلك... إن امتد الشر المستطير من كايلن عبر الجزيرة بأسرها... فلن يدري أحد من أين سيهجم الهجوم القادم."
"NPCs.sacramentGeneric.guards.arne.afterBreachInteractionLine4","I don't know if my nerves can take much more of this.","لا أدري إن كانت أعصابي قادرة على تحمل المزيد من هذا العبء."
"NPCs.sacramentGeneric.guards.arne.afterBreachRetalkLine1","Watch your back, Cerim. This island has grown fouler since the Gate was breached.","احمِ ظهرك، أيها السيريم. لقد ازدادت هذه الجزيرة خبثاً ورجساً منذ اختراق البوابة."
"NPCs.sacramentGeneric.guards.arne.interactionLine1","All of the city's gates are shut. You'll not be visiting the Marin Woods tonight.","جميع بوابات المدينة موصدة. لن تزور غابات مارين الليلة."
"NPCs.sacramentGeneric.guards.arne.interactionLine2","There's rumors of a Torn guard roaming about. One of Sacrament's own, they say.","ثمة شائعات عن حارس ممزق يجوب الأنحاء؛ يقولون إنه كان أحد جنود ساكرامنت."
"NPCs.sacramentGeneric.guards.arne.retalk","None may pass.","لا يُسمح لأحد بالمرور."
"NPCs.sacramentGeneric.guards.arne.state1eavesdrop","Do you hear that? It sounds like... voices...","أتسمع ذلك؟ يبدو كأنه... أصوات..."
"NPCs.sacramentGeneric.guards.arne.state1interaction1","What business have you on this road? Do you make for Marin Village? You may not find her.","أي شأن لك في هذا الدرب؟ أتقصد قرية مارين؟ ربما لن تجدها هناك أصلاً."
"NPCs.sacramentGeneric.guards.arne.state1interaction2","These woods are choked with the plague. I would not venture here unless you have good reason.","هذه الغابات تختنق تحت وطأة الوباء. لن أخاطر بالدخول إليها إلا لسبب جلل."
"NPCs.sacramentGeneric.guards.arne.state1interaction3","I trust you know what you're doing if you head toward Marin. Outside this gate, even the birds will betray you.","أثق بأنك تعي ما تفعل إن مضيتَ نحو مارين. فخارج هذه البوابة، حتى الطيور ستغدر بك."
"NPCs.sacramentGeneric.guards.arne.state2eavesdrop","My head feels... clearer now. Lighter, somehow.","رأسي يبدو... أصفى الآن. وأخف وزناً لسبب ما."
"NPCs.sacramentGeneric.guards.arne.state2interaction1","A veil has lifted. But as the plague retreats, new nightmares come to take its place. The crowing of the Balak Taw grows louder.","لقد انزاحت غشاوة ثقيلة. ولكن مع انحسار الوباء، تأتي كوابيس جديدة لتحل محله. فنعيق البالاك تاو يزداد علواً."
"NPCs.sacramentGeneric.guards.arne.state2interaction2","Every day I wait for an arrow to slip from one of these trees and pierce my back... I've had enough of this post.","أترقب كل يوم سهماً ينسل من بين هذه الأشجار ليخترق ظهري... لقد سئمتُ هذا الموقع تماماً."
"NPCs.sacramentGeneric.guards.arne.state2interaction3","To think that villagers once came through this gate, on foot and by wagon, to peddle with our merchants. Marin is forsaken if you ask me.","حين أتذكر أن القرويين كانوا يعبرون هذه البوابة يوماً، مشياً وعلى العربات، ليتاجروا مع تجارنا. مارين قرية ملعونة ومنكوبة إن سألتني."
"NPCs.sacramentGeneric.guards.benedus.interaction1","The gate is closed, traveler. Best stay inside the city tonight.","البوابة مغلقة، أيها المسافر. الأفضل لك البقاء داخل المدينة الليلة."
"NPCs.sacramentGeneric.guards.benedus.retalk","None may pass.","لا يُسمح لأحد بالمرور."
"NPCs.sacramentGeneric.guards.benedus.state1eavesdrop","Take heed, Cerim.","توخَّ الحذر، أيها السيريم."
"NPCs.sacramentGeneric.guards.benedus.state1interaction1","Have you any clue where you are going? Have you not heard the voices coming from the Marin Woods?","هل لديك أدنى فكرة إلى أين تذهب؟ ألم تسمع تلك الأصوات المنبعثة من غابات مارين؟"
"NPCs.sacramentGeneric.guards.benedus.state1interaction2","I've heard them. In point of fact, I can feel them now... Sliding through my mind. ...Like a wet cloth inside my skull.","لقد سمعتها. وفي الحقيقة، أشعر بها الآن... تنساب في عقلي. ...كقطعة قماش مبللة داخل جمجمتي."
"NPCs.sacramentGeneric.guards.benedus.state1interaction3","I... may join you. If you make for the woods. Perhaps that's where I belong... after all...","أنا... قد ألحق بك. إن كنتَ قاصداً الغابة. فلعل هذا هو المكان الذي أنتمي إليه... في نهاية المطاف..."
"NPCs.sacramentGeneric.guards.benedus.state1retalk","There's something... quite beautiful. In the forest. Can you hear it?","ثمة شيء... في غاية الفتنة والسحر. في الغابة. أيمكنك سماعه؟"
"NPCs.sacramentGeneric.guards.bertram.interactionLine1","Beyond this gate lies the Nameless Pass. But the way is shut tonight, on Ellsworth's orders. ","خلف هذه البوابة يمتد الممر المجهول. لكن الطريق موصد الليلة بأمر من إلسورث."
"NPCs.sacramentGeneric.guards.bertram.interactionLine2","We've been told there's some kind of monstrosity lurking outside one of the gates. ","قيل لنا إن ثمة مسخاً كاسراً يتربص خارج إحدى البوابات."
"NPCs.sacramentGeneric.guards.bertram.retalk","If you want to go this way, you'll have to come back another day. ","إن أردتَ المضي في هذا الدرب، فسيتعين عليك العودة في يوم آخر."
"NPCs.sacramentGeneric.guards.bertram.state2eavesdrop","Only those who have been touched by God may proceed!","لا يمر من هنا إلا من لمسته يد الإله!"
"NPCs.sacramentGeneric.guards.bertram.state2interaction1","I have strict orders, Cerim. Unless you have been invited by the Madrigal herself, you must turn back.","لدي أوامر صارمة، أيها السيريم. ما لم تكن مدعواً من المادريغال شخصياً، فعليك العودة أدراجك."
"NPCs.sacramentGeneric.guards.bertram.state2interaction2","Are you with the Inquisition? Or a servant of the one true God? Those are the conditions set down by Speaker Lucian.","أأنت في صف محاكم التفتيش؟ أم خادم للإله الحق الأوحد؟ تلك هي الشروط التي أقرها المتحدث لوسيان."
"NPCs.sacramentGeneric.guards.bertram.state2interaction3","If you seek the Nameless Pass, know that you follow in the footsteps of God's most beautiful hand. She is truly a sight to behold.","إن كنتَ تروم الممر المجهول، فاعلم أنك تتبع خطى أجمل يد من أيادي الإله. إن رؤيتها لمشهد يخلب الألباب حقاً."
"NPCs.sacramentGeneric.guards.bertram.state3eavesdrop","Not even a wall of stone can stop a prophet.","حتى جدار من الصخر لا يمكنه أن يوقف نبياً."
"NPCs.sacramentGeneric.guards.bertram.state3interaction1","There is something brewing beyond the quarry, Cerim. Did you see it? She is creating a work of great purpose.","ثمة أمر جليل يختمر وراء المحجر، أيها السيريم. هل رأيته؟ إنها تبدع عملاً ذا غاية عظيمة ومقدسة."
"NPCs.sacramentGeneric.guards.bertram.state3interaction2","All I can do here is pray that the Madrigal sees her way to Caylen. May her holy mission not go unnoticed. Will you pray with me?","كل ما يسعني فعله هنا هو الدعاء بأن تجد المادريغال دربها إلى كايلن. عسى ألا تمر رسالتها المقدسة دون أن يلاحظها أحد. هل تصلي معي؟"
"NPCs.sacramentGeneric.guards.bertram.state3interaction3","I hear it... I can feel it, shaking the earth... God's will, being hammered out through rock and timber.","أسمعه... وأكاد أشعر به يزلزل الأرض... مشيئة الإله تُطرق وتُصاغ عبر الصخور والأخشاب."
"NPCs.sacramentGeneric.guards.bertram.state4eavesdrop","I... will protect the city.","أنا... سأحمي المدينة."
"NPCs.sacramentGeneric.guards.bertram.state4interaction1","My duty is here. No matter what I hear in the sky... I will defend. I will not flee.","واجبي هنا. ومهما سمعتُ من ويلات في السماء... فسأدافع، ولن أفر هارباً."
"NPCs.sacramentGeneric.guards.bertram.state4interaction2","The Madrigal will return soon. She will bring her army... and she will save us. We will be enfolded in her arms. I know we will.","ستعود المادريغال قريباً. ستجلب جيشها معها... وستنقذنا جميعاً. سنكون في رعايتها وعنايتها، أعلم ذلك يقيناً."
"NPCs.sacramentGeneric.guards.bertram.state4interaction3","Is this your doing? Was it you, that bound God's hands, and set the creatures loose? It must have been.","أهذا من صنيعك؟ أكنتَ أنت من قيّد يدي الإله وأطلق سراح تلك الوحوش؟ لا بد أنك الفاعل."
"NPCs.sacramentGeneric.guards.bols.interaction1","A guard's feet are like tree trunks, planted firm. A guard's eyes are like a falcon's, scanning the horizon.","قدما الحارس كجذوع الأشجار، راسختان في الأرض. وعينا الحارس كعينا الصقر، ترقبان الأفق بدقة."
"NPCs.sacramentGeneric.guards.bols.interaction2","The guard is the pillar upon which our mighty city is held aloft.","الحارس هو الركيزة الصلبة التي ترفع مدينتنا العظيمة وتبقيها شامخة."
"NPCs.sacramentGeneric.guards.bols.interaction3","My oath is to the citizens of Sacrament. Their blood shall not spill, lest mine is cold.","قسمي لأهالي ساكرامنت؛ لن تُسفك قطرة من دمائهم إلا بعد أن يبرد جسدي صريعاً."
"NPCs.sacramentGeneric.guards.bols.interaction4","My spear is like my word - unbroken. My uniform is like my reputation - unmarred.","رمحي كعهدي؛ لا ينكسر. وزيّي كسمعتي؛ لا تشوبه شائبة."
"NPCs.sacramentGeneric.guards.bols.interaction5","We guards are the true signposts - pointing the way toward order.","نحن الحراس معالم الطريق الحقيقية؛ نشير دوماً إلى درب النظام والانضباط."
"NPCs.sacramentGeneric.guards.bols.randomEavesdrop1","On task!","على أهبة العمل!"
"NPCs.sacramentGeneric.guards.bols.randomEavesdrop2","On alert!","في حالة تأهب!"
"NPCs.sacramentGeneric.guards.bols.randomEavesdrop3","On point!","في الموعد!"
"NPCs.sacramentGeneric.guards.bols.var.eavesdrop","Onward to the Rookery, Cerim!","إلى الأمام نحو برج الغربان، أيها السيريم!"
"NPCs.sacramentGeneric.guards.bols.var.interaction1","Welcome to Sacrament, the last point of light on this island. ","مرحباً بك في ساكرامنت، آخر قبس من النور على أرض هذه الجزيرة."
"NPCs.sacramentGeneric.guards.bols.var.interaction2","Head right if you seek a meeting with the Watcher. Head left if you wish to see what becomes of bandits and traitors.","اتجه يميناً إن كنتَ تبغي لقاء المراقب. واتجه يساراً إن كنتَ تود رؤية عاقبة قطاع الطرق والخونة."
"NPCs.sacramentGeneric.guards.bols.var.interaction3","The law must be upheld! Those who deny it always end up in cages - or at the end of a rope. ","لا بد من إنفاذ القانون! فأولئك الذين ينكرونه ينتهي بهم المطاف دوماً في الأقفاص؛ أو متدلين من حبل المشنقة."
"NPCs.sacramentGeneric.guards.bols.var.retalk","Carry forth to the Rookery high above. I shall be here, ever at my post, the city upon my shoulders.","امضِ قدماً نحو برج الغربان الشاهق بالأعلى. وسأبقى أنا هنا، راسخاً في موقعي، أحمل أمن المدينة على عاتقي."
"NPCs.sacramentGeneric.guards.caide.eavesdrop","Sacrament stands!","ساكرامنت صامدة!"
"NPCs.sacramentGeneric.guards.caide.interaction0","You don't scare me, Cerim! ","أنت لا تخيفني، أيها السيريم!"
"NPCs.sacramentGeneric.guards.caide.interaction1","Stay back! For your own safety - I've got a dangerous weapon.","تراجع إلى الخلف! حفاظاً على سلامتك؛ فأنا أحمل سلاحاً فتاكاً."
"NPCs.sacramentGeneric.guards.caide.interaction2","That's close enough. You get one warning. Then one lesson. Then one gravestone.","هذا يكفي اقتراباً. لك مني تحذير واحد، ثم درس قاسٍ، ثم شاهد قبر لك."
"NPCs.sacramentGeneric.guards.caide.interaction3","I stand here with the full authority of Captain Randolph and the Sacrament Guard at my back.","أقف هنا بكامل سلطة القائد راندولف وحرس ساكرامنت ورائي."
"NPCs.sacramentGeneric.guards.caide.interaction4","What are you, drunk? Keep your distance or you'll be sobering up all night in a cell.","ما خطبك، أثملٌ أنت؟ الزم مسافتك وإلا قضيتَ ليلتك تصحو من سكرتك داخل الزنزانة."
"NPCs.sacramentGeneric.guards.caide.randomeavesdrop2","On watch.","في الحراسة."
"NPCs.sacramentGeneric.guards.caide.randomeavesdrop3","The eyes of the city. ","عيون المدينة الساهرة."
"NPCs.sacramentGeneric.guards.callo.eavesdrop","Not much respect for us these days.","ما عاد هناك الكثير من الاحترام لنا هذه الأيام."
"NPCs.sacramentGeneric.guards.callo.interaction1","Used to be a guard never paid for a meal in Sacrament. Now you're lucky if they let you in the door.","في السابق، لم يكن الحارس ليدفع ثمن وجبته في ساكرامنت قط. أما الآن فيحالفك الحظ إن سمحوا لك بالدخول من الباب أصلاً."
"NPCs.sacramentGeneric.guards.callo.interaction2","I spend my day defending these walls, least they could do is slip a few extra apples in my shopping free of charge.","أمضي يومي كله أذود عن هذه الأسوار، وأقل ما يمكنهم فعله هو وضع بضع تفاحات إضافية في سلتي دون مقابل."
"NPCs.sacramentGeneric.guards.callo.interaction3","When a man in uniform enters the tavern, you'd expect someone to give up a seat.","حين يدخل رجل بالزي العسكري إلى الحانة، يتوقع أن يفسح له أحدهم مقعداً."
"NPCs.sacramentGeneric.guards.callo.interaction4","Ought to just let the Risen sack the place. Then they'd learn a thing or two about respect.","ينبغي لنا ترك الناهضين ينهبون المكان ويجتاحونه؛ وحينها سيتعلم هؤلاء درساً أو درسين عن الاحترام."
"NPCs.sacramentGeneric.guards.cyprian.eavesdrop","I'm sick of that saltwater stench...","سئمتُ تلك الرائحة النتنة للمياه المالحة..."
"NPCs.sacramentGeneric.guards.cyprian.interaction1","Gate's shut, stranger. Or can you not see that?","البوابة موصدة، أيها الغريب. أم أنك عاجز عن رؤية ذلك؟"
"NPCs.sacramentGeneric.guards.cyprian.interaction2","Through these doors lies an unholy mess of mold, wood, and thieves. You'll not be seeing the other side anytime soon. And for good reason!","وراء هذه الأبواب ترقد فوضى عارمة ورجس من العفن والأخشاب واللصوص. لن ترى الجانب الآخر في أي وقت قريب، ولسبب وجيه جداً!"
"NPCs.sacramentGeneric.guards.cyprian.interaction3","The city closed its doors to the sea many years ago, and we were damned right to. Only filth breeds beyond these walls now.","أغلقت المدينة أبوابها في وجه البحر منذ سنوات عديدة، وكان قرارنا صائباً في الصميم. فالقذارة والدنس فقط هما ما يتكاثر خلف هذه الأسوار الآن."
"NPCs.sacramentGeneric.guards.cyprian.interaction4","Move along! You're like to grow barnacles yourself, if you keep standing there.","تابع مسيرك! فأنت على وشك أن تنبت فوقك قشور المحار إن واصلتَ الوقوف هناك."
"NPCs.sacramentGeneric.guards.dinge.beforeFirstQuest.eavesdrop","The Risen won't be far behind...","الناهضون لن يتأخروا كثيراً..."
"NPCs.sacramentGeneric.guards.dinge.beforeFirstQuest.interaction1","Good for you, you brought down that monster that's been stalking our gate. ","حسناً فعلتَ بالقضاء على ذلك الوحش الذي كان يتربص ببوابتنا."
"NPCs.sacramentGeneric.guards.dinge.beforeFirstQuest.interaction2","But at least that thing was keeping the Risen at bay. Now they'll bring Sacrament's doom, mark my words.","لكن ذلك الشيء كان على الأقل يصد الناهضين ويبقيهم بعيداً. أما الآن فسيجلبون الهلاك لساكرامنت، تذكر كلماتي جيداً."
"NPCs.sacramentGeneric.guards.dinge.beforeFirstQuest.interaction3","Ellsworth's too soft on all of it - the plague, the criminals, the Dasha. If I was in charge, I'd set things right.","إلسورث متهاون للغاية في كل شيء؛ في الوباء، والمجرمين، والداشا. لو كنتُ أنا الآمر الناهي، لأعدتُ نصاب الأمور إلى مجراه الصحيح."
"NPCs.sacramentGeneric.guards.dinge.eavesdrop","On watch.","في الحراسة."
"NPCs.sacramentGeneric.guards.dinge.interaction1","Ellsworth's got the backbone of a worm. If he really cared for his city, his daughter would be in the stockade.","إلسورث يملك عزيمة كدودة رخوة. لو كان حريصاً على مدينته حقاً، لألقى بابنته في المقطرة والقيود."
"NPCs.sacramentGeneric.guards.dinge.interaction2","Gates only work when they're shut. And if you're outside when they do, then you're not my problem.","البوابات لا تؤدي دورها إلا وهي مغلقة بإحكام. وإن كنتَ بالخارج حين تُغلق، فلستَ من مشكلاتي في شيء."
"NPCs.sacramentGeneric.guards.dinge.interaction3","I can't believe Ellsworth takes counsel from one of Tir's highborn sons pretending he's one of us.","لا أصدق أن إلسورث يتلقى النصح من أحد أبناء تير النبلاء الذي يدعي أنه واحد منا."
"NPCs.sacramentGeneric.guards.dinge.interaction4","Maybe the Dasha bring the Pestilence, maybe not. But they certainly bring their stink, their dirt, their heathen pieties.","قد يكون الداشا هم من جلبوا الوباء، وقد لا يكونون. لكنهم جلبوا نتانتهم وقذارتهم وتدينهم الوثني بالتأكيد."
"NPCs.sacramentGeneric.guards.dinge.randomeavesdrop1","Eyes up.","تيقظوا."
"NPCs.sacramentGeneric.guards.dinge.randomeavesdrop2","Sacrament endures.","ساكرامنت تصمد."
"NPCs.sacramentGeneric.guards.druo.FirstArrival.eavesdropLine1","The Rookery is just up ahead.","برج الغربان أمامك في الأعلى مباشرة."
"NPCs.sacramentGeneric.guards.druo.FirstArrival.interactLine1","You might've carved your way through Darak's forces near the coast, but the Risen always have something else up their sleeve.","قد تكون شققتَ طريقك بسيفك عبر جحافل داراك قرب الساحل، لكن الناهضين يملكون دوماً خديعة أخرى في جعبتهم."
"NPCs.sacramentGeneric.guards.druo.FirstArrival.interactLine2","Maybe that Torn thing you put out of its misery was their doing. Some sadistic scheme.","ربما كان ذلك المسخ الممزق الذي خلصتنا منه من تدبيرهم؛ مؤامرة سادية دبروها بليل."
"NPCs.sacramentGeneric.guards.druo.FirstArrival.interactLine3","Maybe they're already inside the gates! Good thing my eyes are wide, and my wits sharp.","ربما تسللوا بالفعل إلى داخل البوابات! من حسن الحظ أن عيني واسعتان وفطنتي متقدة."
"NPCs.sacramentGeneric.guards.druo.FirstArrival.interactLine4","Now move along, get to the Rookery. Can't you see I'm on duty?","والآن انصرف وتوجه إلى برج الغربان. ألا ترى أنني في نوبة حراسة؟"
"NPCs.sacramentGeneric.guards.druo.FirstArrival.retalk","Follow the signs to the Rookery. The Watcher will know what to do with you.","اتبع الإرشادات المؤدية إلى برج الغربان. فالمراقب سيعلم كيف يتعامل معك."
"NPCs.sacramentGeneric.guards.druo.afterBreach.randomLine1","No good can come from these rabble-rousers and fanatics, whipping the public into an unruly frenzy.","لن يأتي أي خير من هؤلاء الغوغائيين والمتعصبين وهم يثيرون الفتنة ويدفعون العامة إلى هياج أعمى."
"NPCs.sacramentGeneric.guards.druo.afterBreach.randomLine2","I've half a mind to toss them into a cell, or maybe just feed them to one of the Winged Brood.","تراودني رغبة عارمة في إلقائهم داخل زنزانة، أو إطعامهم لأحد أفراد السلالة المجنحة."
"NPCs.sacramentGeneric.guards.druo.afterBreach.randomLine3","For all I know they're foreign operatives, here only to sow dissent, their faith as deep as a puddle.","وحسب علمي، قد يكونون عملاء أجانب، ما جاؤوا إلا لبث الشقاق، وإيمانهم سطحي كبركة ماء."
"NPCs.sacramentGeneric.guards.druo.afterBreach.randomLine4","Maybe it was the mainland's plan all along to set those creatures free. Maybe it was your plan, Cerim.","ربما كانت خطة القارة الأم منذ البداية إطلاق سراح تلك الوحوش. أو ربما كانت تلك خطتك أنت، أيها السيريم."
"NPCs.sacramentGeneric.guards.druo.beforeFirstQuestEavesdropLine1","Darak's no fool...","داراك ليس بالأحمق..."
"NPCs.sacramentGeneric.guards.druo.beforeFirstQuestRetalkLine1","No one's above suspicion. Not even you.","ما من أحد فوق الشبهات. ولا حتى أنت."
"NPCs.sacramentGeneric.guards.druo.eavesdrop","Did you see that?!","هل رأيتَ ذلك؟!"
"NPCs.sacramentGeneric.guards.druo.interaction1","Earlier I spotted a flash of red at the treeline. Maybe Risen members signaling to each other. Wise to brace for attack.","رأيتُ وميضاً أحمر عند أطراف الغابة قبل قليل. ربما هي إشارات يتبادلها الناهضون فيما بينهم. من الحكمة التأهب للهجوم."
"NPCs.sacramentGeneric.guards.druo.interaction2","You know I saw two cagey fellows whispering outside the tavern. Mainland spies most likely. I reported them at once.","لقد رأيتُ رجلين مريبين يتهامسان خارج الحانة. جواسيس للقارة الأم على الأرجح. أبلغتُ عنهما على الفور."
"NPCs.sacramentGeneric.guards.druo.interaction3","I'm proud to say no one in my unit reports more suspicious activity than me. The enemy is everywhere - you just have to look.","فخور بالقول إنه لا أحد في وحدتي يبلغ عن أنشطة مشبوهة أكثر مني. فالعدو في كل مكان؛ ما عليك سوى التحديق جيداً."
"NPCs.sacramentGeneric.guards.druo.interaction4","What are you up to, stranger? Where are you going? Where are you coming from? Easier to just confess now.","ما الذي تدبره أيها الغريب؟ إلى أين تمضي؟ ومن أين أتيت؟ من الأيسر لك أن تعترف الآن."
"NPCs.sacramentGeneric.guards.gerard.afterRatsAndRaidersEavesdropLine1","What a fine day!","يا له من يوم رائع!"
"NPCs.sacramentGeneric.guards.gerard.afterRatsAndRaidersInteractionLine1","I confess the transpirings of late have caught me on my back foot. I took a brief little respite down by the fountain...","أعترف بأن مجريات الأحداث الأخيرة باغتتني وأنا غافل. أخذتُ قسطاً قصيراً من الراحة عند النافورة..."
"NPCs.sacramentGeneric.guards.gerard.afterRatsAndRaidersInteractionLine2","When I awoke Captain Randolph said Learl and Tristan were being demoted, and I was getting the bump up!","وحين استيقظت، قال القائد راندولف إن ليرل وتريستان قد خُفّضت رتبتهما، وأنني نلتُ الترقية بدلاً منهما!"
"NPCs.sacramentGeneric.guards.gerard.afterRatsAndRaidersInteractionLine3","I'm sure I did something to deserve the promotion. Even if I can't quite finger it.","أنا على يقين من أنني فعلتُ شيئاً يستحق الترقية، حتى وإن كنتُ عاجزاً عن تحديده بدقة."
"NPCs.sacramentGeneric.guards.gerard.afterRatsAndRaidersInteractionLine4","Hmm, maybe I should celebrate my climbing the ranks with a small nip down at the tavern...","همم، ربما يجدر بي الاحتفال بارتقاء مراتب الشرف بكأس صغيرة في الحانة..."
"NPCs.sacramentGeneric.guards.gerard.afterRatsAndRaidersRetalkLine1","Join me for a celebratory tipple, won't you, Cerim? Hmm, soon as I find where I put my set of keys.","شاركني كأساً للاحتفال، ألن تفعل يا سيريم؟ همم، بمجرد أن أعثر على المكان الذي وضعتُ فيه مفاتيحي."
"NPCs.sacramentGeneric.guards.gerris.beforeFirstQuestEavesdropLine1","So I'm supposed to believe you're a Cerim?","إذاً يُفترض بي أن أصدق أنك من السيريم؟"
"NPCs.sacramentGeneric.guards.gerris.beforeFirstQuestInteractLine1","You may have landed a lucky blow on that beast at our gates, I'll give you that.","ربما حالفك الحظ بضربة موفقة على ذلك الوحش عند بوابتنا، سأعترف لك بذلك."
"NPCs.sacramentGeneric.guards.gerris.beforeFirstQuestInteractLine2","But anyone claiming to be a legend is usually something else entirely.","لكن كل من يدعي أنه أسطورة، يكون في الغالب شيئاً آخر تماماً."
"NPCs.sacramentGeneric.guards.gerris.beforeFirstQuestInteractLine3","Wherever you go in this city, I'll be watching. Someone's got to.","أينما حللتَ في هذه المدينة، سأكون متربصاً لك بعينيّ. لا بد لأحد ما من فعل ذلك."
"NPCs.sacramentGeneric.guards.gerris.eavesdrop","Cerim.","سيريم."
"NPCs.sacramentGeneric.guards.gerris.interaction1","Maybe you really are Cerim, maybe you're just playing dress up, either way I don't care for it.","سواء كنتَ من السيريم حقاً أو كنتَ تتنكر بملابسهم فقط، فالأمر لا يعجبني في الحالتين."
"NPCs.sacramentGeneric.guards.gerris.interaction2","I don't believe what they say about your kind, not for a second. I think you're the ones writing your own legend.","أنا لا أصدق ما يقال عن أمثالك، ولا حتى للحظة واحدة. أظن أنكم أنتم من يلفق أساطيركم بأيديكم."
"NPCs.sacramentGeneric.guards.gerris.interaction3","For all I know, the Pestilence is your fault. Maybe the best thing for all of us is if you're on the other side of the world.","بحسب ما أرى، قد يكون تفشي الوباء خطيئتكم أنتم. ربما الأفضل لنا جميعاً لو كنتم في الطرف الآخر من العالم."
"NPCs.sacramentGeneric.guards.gerris.interaction4","Don't think I haven't noticed you running about, stirring up trouble. Sacrament's got problems enough as it is.","لا تظن أنني لم ألاحظ ركضك المستمر هنا وهناك وإثارتك للمتاعب. ساكرامنت فيها ما يكفيها من البلايا بالفعل."
"NPCs.sacramentGeneric.guards.gerris.randomeavesdrop1","Eyes up.","تيقظوا."
"NPCs.sacramentGeneric.guards.gerris.randomeavesdrop2","On alert.","في حالة تأهب."
"NPCs.sacramentGeneric.guards.gerris.randomeavesdrop3","Cerim.","سيريم."
"NPCs.sacramentGeneric.guards.godwin.interact2Line1","Lotta folks think Ellsworth is dried up. They think he's turned to dust along with the rest of the city.","كثير من الناس يظنون أن إلسورث قد ذبل وفقد بأسه. يحسبون أنه تحول إلى تراب كبقية المدينة."
"NPCs.sacramentGeneric.guards.godwin.interact2Line2","My cousin back on the mainland even wrote me and said he heard Ellsworth had died last year!","حتى إن ابن عمي في القارة الأم كتب لي ليخبرني بأنه سمع أن إلسورث قد مات العام الماضي!"
"NPCs.sacramentGeneric.guards.godwin.interact2Line3","But he ain't dead. He's the backbone of this city. We'd be lost without him, and that's the truth.","لكنه لم يمت. إنه عماد هذه المدينة وصمام أمانها. لكنا ضعنا لولاه، وتلك هي الحقيقة المجردة."
"NPCs.sacramentGeneric.guards.godwin.interact2Line4","Sometimes when I hear him speak I... I imagine that's what me own pa would've been like. ","أحياناً حين أسمعه يتحدث، أنا... أتخيل أن هذا ما كان ليكون عليه أبي الراحل."
"NPCs.sacramentGeneric.guards.godwin.interact2Line5","S'pose you could put in a good word about me? I'm... sure he knows my name. At least I think he does.","أتظنك تستطيع التوسط لي بكلمة طيبة عنده؟ أنا... متأكد من أنه يعرف اسمي. أو أظنه يفعل على الأقل."
"NPCs.sacramentGeneric.guards.godwin.interactLine1","Seeking an audience with the governor? ","أتلتمس مقابلة الحاكم؟"
"NPCs.sacramentGeneric.guards.godwin.interactLine2","Go on inside the War Room, but tread lightly. The man's got a lot on his mind.","تفضل بالدخول إلى غرفة الحرب، ولكن امشِ بخفة وهدوء. فالرجل يحمل الكثير من الهموم في رأسه."
"NPCs.sacramentGeneric.guards.godwin.retalk","If you want to speak with Ellsworth, go on inside. But be mindful.","إن أردتَ التحدث مع إلسورث، فتفضل بالدخول. ولكن كن حذراً ولبقاً."
"NPCs.sacramentGeneric.guards.kuro.beforeFirstQuestEavesdropLine1","I fear it's happening again...","أخشى أن التاريخ يعيد نفسه مجدداً..."
"NPCs.sacramentGeneric.guards.kuro.beforeFirstQuestInteractLine1","Monsters at Sacrament's gates, and the Risen pushing farther south every day. ","وحوش تتربص ببوابات ساكرامنت، والناهضون يتوغلون جنوباً يوماً بعد يوم."
"NPCs.sacramentGeneric.guards.kuro.beforeFirstQuestInteractLine2","My home, my true home, Caylen, fell not long ago. Did God spare me just so I could watch it happen here too?","دياري، موطني الحقيقي كايلن، سقطت منذ عهد غير بعيد. أفأنجاني الإله لأشهد سقوط هذه المدينة أيضاً؟"
"NPCs.sacramentGeneric.guards.kuro.eavesdrop","I should've been there...","كان ينبغي لي أن أكون هناك..."
"NPCs.sacramentGeneric.guards.kuro.firstArrival.eavesdrop","If you make for the Rookery, it lies above the town square.","إن كنتَ تقصد برج الغربان، فهو يقع فوق ساحة البلدة."
"NPCs.sacramentGeneric.guards.kuro.firstArrival.interactionLine4","The Watcher hails from Caylen as well, although he left long before I did. ","المراقب ينحدر من كايلن أيضاً، وإن كان قد غادرها قبلي بزمن طويل."
"NPCs.sacramentGeneric.guards.kuro.firstArrival.retalk","I'm... not sure what you'll find in the Rookery. The Watcher has left more than just Caylen behind.","لستُ... متأكداً مما ستجده في برج الغربان. فالمراقب ترك خلف ظهره ما هو أكثر من مجرد كايلن."
"NPCs.sacramentGeneric.guards.kuro.interaction1","I was visiting from Caylen when the city fell. You could hear the boom of the Mountain Gate drop even from here.","كنتُ في زيارة هنا حين سقطت كايلن. كان دوي سقوط بوابة الجبل مسموعاً حتى من هنا."
"NPCs.sacramentGeneric.guards.kuro.interaction2","Caylen was a city of priests and scholars, all laboring in the service of God. Where was God when they needed him?","كانت كايلن مدينة الكهنة والعلماء، كرسوا حياتهم جميعاً لخدمة الإله. فأين كان الإله حين احتاجوا إليه؟"
"NPCs.sacramentGeneric.guards.kuro.interaction3","Why wasn't God there to defend the holy city? Why wasn't I?","لِمَ لم يكن الإله هناك للذود عن المدينة المقدسة؟ ولِمَ لم أكن أنا هناك؟"
"NPCs.sacramentGeneric.guards.kuro.interaction4","Sacrament is a good city, full of decent people. But this isn't where I belong.","ساكرامنت مدينة طيبة، مليئة بالكرماء والشرفاء. لكن هذا ليس المكان الذي أنتمي إليه."
"NPCs.sacramentGeneric.guards.ledon.eavesdrop","On alert.","في حالة تأهب."
"NPCs.sacramentGeneric.guards.ledon.eavesdrop2","I know he's up to something... ","أعلم أنه يدبر أمراً ما..."
"NPCs.sacramentGeneric.guards.ledon.interaction1","Have you seen any... suspicious activity at Guard Marit's station?","هل لاحظتَ أي... نشاط مريب عند موقع الحارس ماريت؟"
"NPCs.sacramentGeneric.guards.ledon.interaction2","Someone's smuggling Savor into Sacrament, and Guard Marit is often on edge when I approach.","ثمة من يهرب السافور إلى ساكرامنت، والحارس ماريت يبدو متوتراً ومضطرباً كلما اقتربتُ منه."
"NPCs.sacramentGeneric.guards.ledon.interaction3","Guard Marit never meets my eye while talking, but always seems to be watching for me. He's up to no good.","الحارس ماريت لا ينظر في عيني قط حين يتحدث، لكنه يبدو دوماً مترقباً لقدومي. إنه يدبر أمراً مريباً."
"NPCs.sacramentGeneric.guards.ledon.interaction4","I'll just have to focus more and more of my attention on Guard Marit until I catch him in the act.","سأضطر لتكثيف تركيزي ومراقبتي للحارس ماريت حتى أضبطه متلبساً بالجرم المشهود."
"NPCs.sacramentGeneric.guards.ledon.randomeavesdrop1","The eyes of the city.","عيون المدينة الساهرة."
"NPCs.sacramentGeneric.guards.ledon.randomeavesdrop2","Sacrament still stands.","ساكرامنت ما زالت صامدة."
"NPCs.sacramentGeneric.guards.loos.eavesdrop","I'm no hero, I'm a survivor.","لستُ بطلاً، أنا ناجٍ فحسب."
"NPCs.sacramentGeneric.guards.loos.interaction1","I've survived longer than any in my unit. Know how? Always station myself at the back of the line.","لقد صمدتُ أطول من أي جندي آخر في وحدتي. أتعرف كيف؟ أقف دوماً في مؤخرة الصف."
"NPCs.sacramentGeneric.guards.loos.interaction2","If you ever find yourself in battle, just lie under a corpse and smear some blood on your face. Works every time.","إن وجدتَ نفسك يوماً في خضم معركة، فارقد تحت جثة ولطخ وجهك ببعض الدماء فحسب. حيلة تنطلي في كل مرة."
"NPCs.sacramentGeneric.guards.loos.interaction3","The trick to being a guard is tunnel vision. If you don't see it, then there's no trouble.","الحيلة في أن تكون حارساً ناجحاً هي ضيق الأفق؛ إن لم ترَ الخطر، فلا وجود لأي مشكلة."
"NPCs.sacramentGeneric.guards.loos.interaction4","I like to think of my position as largely symbolic. If any harm were to befall me, it would shake my citizens' confidence.","أحب أن أنظر إلى موقعي كمنصب رمزي إلى حد كبير. فأي مكروه يصيبني سيهز ثقة مواطنيّ حتماً."
"NPCs.sacramentGeneric.guards.loos.randomeavesdrop1","Eyes up.","تيقظوا."
"NPCs.sacramentGeneric.guards.loos.randomeavesdrop2","On watch.","في الحراسة."
"NPCs.sacramentGeneric.guards.loos.randomeavesdrop3","On alert.","في حالة تأهب."
"NPCs.sacramentGeneric.guards.marit.eavesdrop","Is he looking over here?","أينظر باتجاهي يا ترى؟"
"NPCs.sacramentGeneric.guards.marit.interaction1","This might sound odd, but did Guard Ledon say anything about me?","قد يبدو هذا السؤال غريباً، لكن هل قال الحارس ليدون أي شيء عني؟"
"NPCs.sacramentGeneric.guards.marit.interaction2","He seems to pass by my station often. Could just be his route... or maybe he's going out of his way?","يبدو وكأنه يمر بموقع حراستي باستمرار. قد يكون مجرد مسار دوريته... أو لعله يتعمد المجيء إلى هنا؟"
"NPCs.sacramentGeneric.guards.marit.interaction3","Guard Ledon cuts a fine figure in his uniform, wouldn't you say?","الحارس ليدون يبدو في غاية الوسامة والجاذبية بزيه العسكري، ألا توافقني الرأي؟"
"NPCs.sacramentGeneric.guards.marit.interaction4","I just... appreciate how he carries out his duty. And I hope he appreciates me in return.","أنا فقط... أقدّر تفانيه في أداء واجبه. وآمل أن يبادلني التقدير ذاته."
"NPCs.sacramentGeneric.guards.marit.randomeavesdrop1","On patrol.","في دورية حراسة."
"NPCs.sacramentGeneric.guards.marit.randomeavesdrop2","The eyes of the city.","عيون المدينة الساهرة."
"NPCs.sacramentGeneric.guards.marit.randomeavesdrop3","Cerim.","سيريم."
"NPCs.sacramentGeneric.guards.montain.eavesdropLine1","The Stone Masonry is closed, on Ellsworth's orders.","دكان البناء بالحجارة مغلق، بأمر من إلسورث."
"NPCs.sacramentGeneric.guards.montain.interactionLine1","If you're looking for Orum, he's not here. The floor of his shop's collapsed, it's not safe for customers.","إن كنتَ تبحث عن أوروم، فهو ليس هنا. لقد انهار جزء من أرضية دكانه، والمكان ليس آمناً للزبائن."
"NPCs.sacramentGeneric.guards.montain.interactionLine2","They found some kind of old Cerim ruin underground. Ellsworth's ordered an investigation. You'll not be getting a headstone tod —","عثروا على نوع من أطلال السيريم القديمة تحت الأرض. وأمر إلسورث بالتحقيق في الأمر. لن تحصل على شاهد قبر اليو—"
"NPCs.sacramentGeneric.guards.montain.interactionLine3","Wait. You're one of them, ain't you? The Cerim, I mean.","مهلاً. أنت واحد منهم، أليس كذلك؟ من السيريم، أعني."
"NPCs.sacramentGeneric.guards.montain.interactionLine4","Well. I won't stop you going in then. ","حسناً. لن أمنعك من الدخول إذاً."
"NPCs.sacramentGeneric.guards.montain.retalkLine1","You'll find a historian in there, named Elma or Elga or something. Bit of an odd duck. Maybe you can teach her a thing or two.","ستجد مؤرخة هناك بالداخل، تدعى إلما أو إلغا أو شيئاً من هذا القبيل. غريبة الأطوار بعض الشيء. لعلك تستطيع تعليمها درساً أو درسين."
"NPCs.sacramentGeneric.guards.niko.eavesdrop","Better here than back in Tir.","هنا خير وأفضل من العودة إلى تير."
"NPCs.sacramentGeneric.guards.niko.interaction1","I worked six years in the mines of Lower Tir. Would've seen more sunlight in a coffin.","عملتُ ست سنوات في مناجم تير السفلى. لرأيتُ من ضوء الشمس في التابوت أكثر مما رأيته هناك."
"NPCs.sacramentGeneric.guards.niko.interaction2","Scraped together enough last year to move from Tir to Sacrament, and I've never looked back.","جمعتُ بشق الأنفس ما يكفي العام الماضي للانتقال من تير إلى ساكرامنت، ولم أندم على ذلك قط."
"NPCs.sacramentGeneric.guards.niko.interaction3","In Tir you're either freezing your balls off or your ass is on fire. Trust me, there's no in between.","في تير، إما أن تتجمد حتى الموت أو تشتعل فيك النيران. صدقني، ما من خيار بين الأمرين."
"NPCs.sacramentGeneric.guards.niko.interaction4","I'd rather face down an army of Torn than another winter in Tir. ","أفضل مواجهة جيش كامل من الممزقين على قضاء شتاء آخر في تير."
"NPCs.sacramentGeneric.guards.pallos.eavesdrop","Gods I'm hungry.","يا إلهي، كم أنا جائع."
"NPCs.sacramentGeneric.guards.pallos.interaction1","Maybe a nice thick stew for dinner. Potatoes and carrots and chunks of meat. Sop it up with a wedge of bread. Mmmm.","ربما حساء ساخن وشهي على العشاء. بطاطس وجزر وقطع وفيرة من اللحم. أغمسها بقطعة كبيرة من الخبز الطازج. ممممم."
"NPCs.sacramentGeneric.guards.pallos.interaction2","I'd sell my left hand for a slice of pie. Any kind will do. Maybe with a fat dollop of cream.","مستعد لبيع يدي اليسرى مقابل شريحة من الفطيرة. أي نوع كان. حبذا لو كانت مع كتلة دسمة من القشطة."
"NPCs.sacramentGeneric.guards.pallos.interaction3","It was a mistake to skip breakfast. All I had was an apple. And a hotcake. And two or three sausages.","كان إغفال وجبة الإفطار خطأً فادحاً. لم أتناول سوى تفاحة، وفطيرة ساخنة، وقطعتين أو ثلاث من السجق فحسب."
"NPCs.sacramentGeneric.guards.pallos.interaction4","Used to keep emergency sweets in my pockets, but those pants are at the tailors. Don't seem to fit anymore.","اعتدتُ الاحتفاظ بحلوى للطوارئ في جيوبي، لكن ذلك السروال عند الخياط الآن؛ لم يعد يناسب مقاسي لسبب ما."
"NPCs.sacramentGeneric.guards.pallos.randomEavesdrop1","On patrol.","في دورية حراسة."
"NPCs.sacramentGeneric.guards.pallos.randomEavesdrop2","The eyes of the city.","عيون المدينة الساهرة."
"NPCs.sacramentGeneric.guards.pallos.randomEavesdrop3","Cerim.","سيريم."
"NPCs.sacramentGeneric.guards.rend.afterBreach.eavesdrop","Seeker protect us. The Gate's been breached...","فليحفظنا الساعي برعايته؛ لقد اُخترقت البوابة..."
"NPCs.sacramentGeneric.guards.rend.afterBreach.interaction1Line1","I feel I could almost hear the thunderclap from here.","أكاد أسمع دوي الصاعقة يتردد من هنا."
"NPCs.sacramentGeneric.guards.rend.afterBreach.interaction1Line2","The sound of that stone collapsing... And those things pouring out into the sky... ","صوت انهيار تلك الصخور... وتلك المخلوقات وهي تتدفق في كبد السماء..."
"NPCs.sacramentGeneric.guards.rend.afterBreach.interaction1Line3","It was like a wave of ammonia lashing into my nose. My head feels clear for the first time in days.","كان الأمر كعاصفة من الأمونيا لطمت أنفي؛ رأسي يبدو صافياً لأول مرة منذ أيام طوال."
"NPCs.sacramentGeneric.guards.rend.afterBreach.interaction1Line4","I must serve Sacrament. Enough with Savor and self pity! If Randolph won't have me back - then I'll fight on my own.","يجب أن أخدم ساكرامنت. كفاني تعاطياً للسافور ورثاءً للذات! إن رفض راندولف إعادتي، فسأقاتل بمفردي."
"NPCs.sacramentGeneric.guards.rend.afterBreach.retalkLine1","I'd rather die on the ramparts than in the stink of Beggar's Alley.","أفضل الموت على الأسوار على الموت بين نتانة زقاق المتسولين."
"NPCs.sacramentGeneric.guards.rend.beforeFirstQuest.eavesdrop","You felled that beast outside the city, but...","لقد صرعتَ ذلك الوحش خارج المدينة، ولكن..."
"NPCs.sacramentGeneric.guards.rend.beforeFirstQuest.interaction1","Well done, Cerim. That was a mighty battle you fought to get here. I saw the whole thing - you should be proud.","أحسنتَ صنعاً، أيها السيريم. كانت معركة ملحمية تلك التي خضتها للوصول إلى هنا. رأيتُ كل شيء بأم عيني، ويحق لك أن تفخر بنفسك."
"NPCs.sacramentGeneric.guards.rend.beforeFirstQuest.interaction2","But there's another battle raging inside this city. Against a beast with no face, that cannot be killed. ","لكن هناك معركة أخرى تستعر ضراوتها داخل هذه المدينة؛ ضد وحش لا وجه له، ولا سبيل لقتله."
"NPCs.sacramentGeneric.guards.rend.beforeFirstQuest.interaction3","Savor... Have you heard of it? It's choking the life from Sacrament as we speak. And no one can stop it.","السافور... هل سمعتَ به من قبل؟ إنه يخنق الحياة في ساكرامنت بينما نتحدث، وما من أحد بقادر على إيقافه."
"NPCs.sacramentGeneric.guards.rend.eavesdrop","Every day clean is a blessing as far as I'm concerned.","كل يوم يمر دون تعاطٍ هو نعمة كبرى من وجهة نظري."
"NPCs.sacramentGeneric.guards.rend.interaction1","I went from a Savor addict in the gutter to a guard on the line. If I can find salvation, anyone can.","تحولتُ من مدمن سافور في الحضيض إلى حارس على خط الدفاع. إن كان للخلاص سبيل إليّ، فهو متاح لأي إنسان."
"NPCs.sacramentGeneric.guards.rend.interaction2","Savor feels like a kiss from an angel, but its joy is a lie. Duty, honor, family - those are true.","السافور كقبلة من ملاك، لكن بهجته وهم وسراب. الواجب والشرف والعائلة، تلك هي الحقائق الراسخة."
"NPCs.sacramentGeneric.guards.rend.interaction3","Once I condemned the Savor addicts. Then I joined them. Now I simply pity them.","كنتُ أدين مدمني السافور ذات يوم، ثم انضممتُ إليهم، والآن لا أملك إلا أن أشفق عليهم."
"NPCs.sacramentGeneric.guards.rend.interaction4","Captain Randolph gave me a second chance and put a spear in my hand. I shall always defend him and Sacrament.","منحني القائد راندولف فرصة ثانية ووضع رمحاً في يدي؛ وسأذود عنه وعن ساكرامنت ما حييت."
"NPCs.sacramentGeneric.guards.rend.randomEavesdrop1","Sacrament stands!","ساكرامنت صامدة!"
"NPCs.sacramentGeneric.guards.rend.randomEavesdrop2","The eyes of the city.","عيون المدينة الساهرة."
"NPCs.sacramentGeneric.guards.rend.randomEavesdrop3","Cerim.","سيريم."
"NPCs.sacramentGeneric.guards.rend.restaurant.eavesdrop","I'll be all right. The sun sets, and rises again.","سأكون بخير. فالشمس تغرب، ثم تشرق من جديد."
"NPCs.sacramentGeneric.guards.rend.restaurant.firstInteractionLine1","Oh, hello. Yes, I'm off duty now. Just enjoying a quiet evening, before my next post up on the ramparts...","أوه، مرحباً. نعم، أنا خارج الخدمة الآن. أستمتع بأمسية هادئة فحسب، قبل نوبتي القادمة فوق الأسوار..."
"NPCs.sacramentGeneric.guards.rend.restaurant.firstInteractionLine2","...No, that's... not true. I apologize. I am being dishonest. Captain Randolph he... He cut me loose.","...كلا، هذا... ليس صحيحاً. أعتذر منك؛ فأنا أكذب عليك. القائد راندولف... لقد طردني من الخدمة."
"NPCs.sacramentGeneric.guards.rend.restaurant.firstInteractionLine3","We sent some bandits to the cages a few days ago. One of them had Savor on him. And I... Well...","أرسلنا بعض قطاع الطرق إلى الأقفاص قبل بضعة أيام، وكان مع أحدهم سافور. وأنا... حسناً..."
"NPCs.sacramentGeneric.guards.rend.restaurant.randomLine1","You don't know what it's like. You can't understand.","أنت لا تدري كيف يكون الشعور؛ لا يمكنك أن تفهم ذلك."
"NPCs.sacramentGeneric.guards.rend.restaurant.randomLine2","I haven't touched it since, I swear. It was just a fluke. Oh, I don't care if you believe me.","لم ألمسه منذ ذلك الحين، أقسم لك. كانت مجرد زلة عابرة. أوه، لا أبالي إن كنتَ تصدقني أم لا."
"NPCs.sacramentGeneric.guards.rend.restaurant.randomLine3","The trick is to find other things to... consume. Fortunately, Gordon's cafe here has just re-opened.","الحيلة تكمن في العثور على أشياء أخرى... لاستهلاكها. ولحسن الحظ، مقهى غوردون هنا قد أعاد فتح أبوابه لتوه."
"NPCs.sacramentGeneric.guards.rend.restaurant.randomLine4","This restaurant is like a lifeline for me now. I just need somewhere to go. Somewhere to keep me... away from it.","هذا المطعم بمثابة طوق نجاة لي الآن. أحتاج فقط إلى مكان أقصده؛ مكان يبقيني... بعيداً عن ذلك السم."
"NPCs.sacramentGeneric.guards.saba.afterBreachEavesdrop","You're better off inside the city now, Cerim.","أنت في أمان أكبر داخل أسوار المدينة الآن، أيها السيريم."
"NPCs.sacramentGeneric.guards.saba.afterBreachInteractionLine1","The Mountain Gate is broken. The holy city is dead. And the Pestilence is everywhere.","لقد حُطمت بوابة الجبل. والمدينة المقدسة هلكت. والوباء مستشرٍ في كل بقعة."
"NPCs.sacramentGeneric.guards.saba.afterBreachInteractionLine2","Growing up, I was told that Cerim were the saviors of the realm. Unbeatable warriors, who carried salvation on their backs.","في صغري، قيل لي إن السيريم هم منقذو هذه المملكة؛ محاربون لا يُقهرون، يحملون الخلاص على كواهلهم."
"NPCs.sacramentGeneric.guards.saba.afterBreachInteractionLine3","But I wonder now if you're as frightened as the rest of us.","لكنني أتساءل الآن إن كنتَ مرعوباً مثلنا جميعاً."
"NPCs.sacramentGeneric.guards.saba.ellsworthSpeechEavesdrop","Cerim, the Governor has returned. You should make for the town square - I'm sure you'll want to hear what he has to say.","سيريم، لقد عاد الحاكم. ينبغي أن تقصد ساحة البلدة، فأنا على يقين من أنك ستود سماع ما سيقوله."
"NPCs.sacramentGeneric.guards.saba.interaction1","My parents are farmers in Marin. They don't understand why I do this. But you do, don't you?","والداي مزارعان في مارين. ولا يفهمان لِمَ أقوم بهذا العمل. لكنك تفهمني، أليس كذلك؟"
"NPCs.sacramentGeneric.guards.saba.interaction2","Ellsworth's been good to us Dasha, kept us safe. And now I help keep him and his safe. It's only fair.","كان إلسورث كريماً وعادلاً معنا نحن الداشا، وحافظ على أماننا. والآن أساعد في حمايته وحماية أهله. هذا هو الإنصاف بعينه."
"NPCs.sacramentGeneric.guards.saba.interaction3","We can't all take up plows and hoes. Some of us need to take up swords. Not like I'm Risen or anything.","لا يمكننا جميعاً حمل المحاريث والمناجل؛ فلا بد لبعضنا من حمل السيوف. لستُ من الناهضين أو ما شابه ذلك بالطبع."
"NPCs.sacramentGeneric.guards.saba.interaction4","I took on this duty after praying all night at the Circle. The Seeker came to me in a dream, showed me my path.","توليتُ هذا الواجب بعد الصلاة ليلة كاملة في الدائرة. تجلى لي الساعي في المنام، وأراني دربي."
"NPCs.sacramentGeneric.guards.saba.randomeavesdrop1","Eyes up.","تيقظوا."
"NPCs.sacramentGeneric.guards.saba.randomeavesdrop2","Sacrament endures.","ساكرامنت تصمد."
"NPCs.sacramentGeneric.guards.saba.randomeavesdrop3","Cerim.","سيريم."
"NPCs.sacramentGeneric.guards.saba.var.eavesdrop","You should go to the Rookery, high above.","عليك التوجه إلى برج الغربان الشاهق بالأعلى."
"NPCs.sacramentGeneric.guards.saba.var.interactionLine1","As a child in Marin Village, my parents told me bedtime stories of Cerim warriors.","حين كنتُ طفلاً في قرية مارين، كان والداي يرويان لي قصص ما قبل النوم عن محاربي السيريم."
"NPCs.sacramentGeneric.guards.saba.var.interactionLine2","In a way, the tales of your kind inspired me to something greater than farming. I took up a sword to defend Sacrament.","بطريقة ما، ألهمتني حكايات بني جنسك لأطمح إلى ما هو أسمى من الزراعة. فحملتُ السيف للذود عن ساكرامنت."
"NPCs.sacramentGeneric.guards.saba.var.interactionLine3","Watching you cut your way through that beast outside the gates, well, I still have a long way to go.","وأنا أراك تشق طريقك بسيفك عبر ذلك الوحش خارج البوابات... حسناً، ما زال أمامي درب طويل لأبلغه."
"NPCs.sacramentGeneric.guards.saba.var.interactionLine4","Make your way to the Rookery. Sacrament welcomed Dasha like me - surely she'll welcome a Cerim as well.","امضِ في طريقك نحو برج الغربان. فساكرامنت رحبت بأمثالي من الداشا، وبالتأكيد سترحب بالسيريم أيضاً."
"NPCs.sacramentGeneric.guards.saba.var.retalk","Head to the Rookery, Cerim.","اقصد برج الغربان، أيها السيريم."
"NPCs.sacramentGeneric.guards.saba.var2.eavesdrop","We Dasha knew you would return.","نحن الداشا كنا نعلم أنكم ستعودون."
"NPCs.sacramentGeneric.guards.sarin.beforeFirstQuest.eavesdrop","I can still taste the stench...","ما زلتُ أتذوق طعم النتنة الكريهة..."
"NPCs.sacramentGeneric.guards.sarin.beforeFirstQuest.interaction1line1","That Torn thing was stalking these walls for days before you showed up.","كان ذلك الشيء الممزق يتربص بهذه الأسوار لأيام طوال قبل ظهورك."
"NPCs.sacramentGeneric.guards.sarin.beforeFirstQuest.interaction1line2","Some of the other guards probably relished the spectacle of you finally cutting it down.","لعل بعض الحراس الآخرين ابتهجوا بمشهد صرعك له بسيفك أخيراً."
"NPCs.sacramentGeneric.guards.sarin.beforeFirstQuest.interaction1line3","As if he didn't have a name once. What a grisly audience we are, cheering on the death of what was once a man.","وكأنه لم يكن يحمل اسماً ذات يوم! يا لنا من جمهور مروع وقاسٍ، نهتف لموت ما كان إنساناً فيما مضى."
"NPCs.sacramentGeneric.guards.sarin.eavesdrop","Sacrament endures.","ساكرامنت تصمد."
"NPCs.sacramentGeneric.guards.sarin.interaction1","Every day another farmer or merchant heads out these gates and doesn't came back through 'em.","كل يوم يخرج مزارع أو تاجر آخر عبر هذه البوابات ولا يعود منها أبداً."
"NPCs.sacramentGeneric.guards.sarin.interaction2","Sometimes we find a body, sometimes nothing, sometimes something worse comes shambling back.","في بعض الأحيان نعثر على جثة، وأحياناً لا نعثر على شيء، وأحياناً يترنح عائداً إلينا مسخ أشد رعباً وهولاً."
"NPCs.sacramentGeneric.guards.sarin.interaction3","What do I do? I stand here. I'm no soldier. I'm an auditor. I just count those who don't return.","وماذا أفعل أنا؟ أقف هنا. لستُ جندياً؛ أنا مجرد مدقق ومحصٍ. أحصي فقط أولئك الذين لم يعودوا."
"NPCs.sacramentGeneric.guards.sarin.interaction4","When's Ellsworth gonna take action? I'd retake the wild, take on the plague. If only he gave the word.","متى سيتحرك إلسورث بحزم؟ سأستعيد البراري، وسأواجه الوباء، لو أنه أصدر الأمر فقط."
"NPCs.sacramentGeneric.guards.sarin.randomeavesdrop1","It's a grim duty this one. ","إنها لمهمة كئيبة وحزينة حقاً."
"NPCs.sacramentGeneric.guards.seelon.eavesdrop1","On patrol.","في دورية حراسة."
"NPCs.sacramentGeneric.guards.seelon.eavesdrop2","On watch.","في الحراسة."
"NPCs.sacramentGeneric.guards.seelon.eavesdrop3","Sacrament stands.","ساكرامنت صامدة."
"NPCs.sacramentGeneric.guards.seelon.interaction1","Mother convinced me to join the Guard, said I'd see the world. All I see is the back of a stone wall.","أقنعتني أمي بالانضمام إلى الحرس، قالت إنني سأرى العالم. وكل ما أراه هو قفا جدار صخري."
"NPCs.sacramentGeneric.guards.seelon.interaction2","This pike is heavy, my boots are itchy, and meal isn't for hours. I should've never taken the oath.","هذا الرمح ثقيل، وحذائي يسبب الحكة، وموعد الطعام لم يحن بعد بساعات. ما كان ينبغي لي أداء القسم قط."
"NPCs.sacramentGeneric.guards.seelon.interaction3","Mother said women love a man in uniform. I think she just wanted me out of the house.","قالت أمي إن النساء يعشقن الرجل بالزي العسكري؛ أظنها أرادت فقط طردي خارج المنزل."
"NPCs.sacramentGeneric.guards.seelon.interaction4","Say, stranger, any interest in signing up? It's a great job! And if I recruit a new soldier, they might let me quit.","قل لي أيها الغريب، ألا ترغب في الانضمام إلى الحرس؟ إنها وظيفة رائعة! وإن جندتُ جندياً جديداً، فربما يسمحون لي بالاستقالة."
"NPCs.sacramentGeneric.guards.seelon.interaction5","Make a man of yourself, she said...","اصنع من نفسك رجلاً، هكذا قالت..."
"NPCs.sacramentGeneric.guards.seelon.var.eavesdrop1","You'll never see me grappling with the Torn.","لن تراني أصارع الممزقين أبداً."
"NPCs.sacramentGeneric.guards.seelon.var.interaction1","What a mess that was. I saw you flailing and sweating down there against that demon earlier.","يا لها من فوضى عارمة كانت. رأيتك تتخبط ويتصبب منك العرق هناك في مواجهة ذلك الشيطان في وقت سابق."
"NPCs.sacramentGeneric.guards.seelon.var.interaction2","Why put yourself through it, Cerim? Stay here, inside Sacrament's walls. ","لِمَ تورد نفسك هذه المهالك يا سيريم؟ ابقَ هنا، داخل أسوار ساكرامنت."
"NPCs.sacramentGeneric.guards.seelon.var.interaction3","I wouldn't square off against a beast like that for a thousand silver. Glory is overrated.","لن أقف نداً لوحش كهذا ولو منحوني ألف قطعة فضية. المجد مسألة مبالغ في تقديرها."
"NPCs.sacramentGeneric.guards.sefan.afterGateBreachEavesdropLine1","Better here than outside Sacrament's gates. Probably...","هنا خير من البقاء خارج بوابات ساكرامنت. على الأرجح..."
"NPCs.sacramentGeneric.guards.sefan.afterGateBreachRandomLine1","Maybe I should be up on the ramparts. Easier to run if the city falls. But also easy pickings for those winged beasts.","ربما يجدر بي الوجود فوق الأسوار. الهرب أسهل إن سقطت المدينة، لكنها صيد سهل لتلك الوحوش المجنحة أيضاً."
"NPCs.sacramentGeneric.guards.sefan.afterGateBreachRandomLine2","Could guard the children and infirm down in the shelters. But what if there's a cave-in?","بإمكاني حراسة الأطفال والمرضى في الملاجئ بالأسفل. ولكن ماذا لو حدث انهيار؟"
"NPCs.sacramentGeneric.guards.sefan.afterGateBreachRandomLine3","Outside the War Room seems a good station. Unless the Risen arrive and I'm between them and the Governor.","الحراسة خارج غرفة الحرب تبدو موقعاً ممتازاً. إلا إن وصل الناهضون وكنتُ أنا حائلاً بينهم وبين الحاكم."
"NPCs.sacramentGeneric.guards.sefan.afterGateBreachRandomLine4","Perhaps time to leave Sacra behind entirely. But all that up and down and up and down of crossing the Ashen Sea...","لعل الأوان قد حان لمغادرة ساكرا بأسرها. لكن كل ذلك التأرجح صعوداً وهبوطاً عند عبور البحر الرمادي..."
"NPCs.sacramentGeneric.guards.sefan.eavesdrop","This is a good post, a safe post. Mmm perhaps...","هذا موقع جيد، وموقع آمن. ممم لعله كذلك..."
"NPCs.sacramentGeneric.guards.sefan.interaction1","Had the east gate. All night you hear broken ships creaking and creatures wheezing and wailing.","كنتُ في البوابة الشرقية؛ طوال الليل تسمع صرير السفن المحطمة وحشرجة المخلوقات وعويلها."
"NPCs.sacramentGeneric.guards.sefan.interaction2","Stuck on the south gate for a time. Had to watch that monster tear through anyone foolish enough to approach.","عَلِقتُ عند البوابة الجنوبية لبعض الوقت؛ وكان عليّ مشاهدة ذلك الوحش وهو يفتك بكل من تسول له نفسه الاقتراب."
"NPCs.sacramentGeneric.guards.sefan.interaction3","Don't even mention the north gate - half-mad bird men scrambling through the trees. No thank you.","لا تذكر أمامي البوابة الشمالية أصلاً؛ رجال طيور نصف مجانين يتسلقون الأشجار. لا، شكراً جزيلاً."
"NPCs.sacramentGeneric.guards.sefan.interaction4","West gate gets all the trade from Havenport. Which means all the Savor, smugglers, and thieves.","البوابة الغربية تستقبل كل تجارة هافنبورت؛ ما يعني كل السافور، والمهربين، واللصوص."
"NPCs.sacramentGeneric.guards.sefan.randomeavesdrop1","Eyes up.","تيقظوا."
"NPCs.sacramentGeneric.guards.sefan.randomeavesdrop2","Sacrament endures.","ساكرامنت تصمد."
"NPCs.sacramentGeneric.guards.sefan.randomeavesdrop3","Cerim.","سيريم."
"NPCs.sacramentGeneric.guards.sefan.randomeavesdrop4","On alert.","في حالة تأهب."
"NPCs.sacramentGeneric.guards.sleepingGuard.interaction","Zzzzzzzzzz....","خخخخخخخخخخ...."
"NPCs.sacramentGeneric.guards.sylven.afterBreachEavesdrop","So the Inquisition tore the Gate open... Fools...","إذاً مزقت محاكم التفتيش البوابة إرباً... يا لهم من حمقى..."
"NPCs.sacramentGeneric.guards.sylven.afterBreachInteractionLine1","I left Havenport to the west and came here because I didn't want to end up floating dead in the harbor.","غادرتُ هافنبورت في الغرب وجئتُ إلى هنا لأنني لم أشأ أن ينتهي بي المطاف طافياً جثة هامدة في المرفأ."
"NPCs.sacramentGeneric.guards.sylven.afterBreachInteractionLine2","Now it seems my death is as likely to come from the east - I'll be ripped apart and left for dead in the quarry.","أما الآن فيبدو أن حتفي مرجح القدوم من الشرق؛ سأُمزق إرباً وأُترك جثة ملقاة في المحجر."
"NPCs.sacramentGeneric.guards.sylven.afterBreachInteractionLine3","Wherever you go, there's death. Heh. That's Sacra for you.","أينما حللت، يتربص بك الموت. هه، تلك هي ساكرا باختصار."
"NPCs.sacramentGeneric.guards.sylven.beforeFirstQuestEavesdropLine1","Is it true the Risen have taken the old fortress? ","أصحيح أن الناهضين قد استولوا على الحصن القديم؟"
"NPCs.sacramentGeneric.guards.sylven.beforeFirstQuestInteractLine1","Sacrament's learning all the wrong lessons from Havenport. We gave up half the city - the Silverfish's gangs just wanted more.","ساكرامنت تتعلم الدروس الخاطئة كلها من هافنبورت. تخلينا عن نصف المدينة، فعصابات سمكة الفضة لم تزدد إلا جشعاً وطلباً للمزيد."
"NPCs.sacramentGeneric.guards.sylven.beforeFirstQuestInteractLine2","I came here to get away from all that. I hope Ellsworth's not as soft as Governor Grafston was.","جئتُ إلى هنا لأفر من كل ذلك. آمل ألا يكون إلسورث رخواً وضعيفاً كالحاكم غرافتسون."
"NPCs.sacramentGeneric.guards.sylven.eavesdrop","I'll take this post any day over my old one in Havenport.","سأفضل هذا الموقع في أي يوم على موقعي القديم في هافنبورت."
"NPCs.sacramentGeneric.guards.sylven.ellsworthSpeechEavesdrop","There's something brewing the square below. Sounds like the Governor's back from the old quarry.","ثمة أمر يختمر في الساحة بالأسفل؛ يبدو أن الحاكم عاد من المحجر القديم."
"NPCs.sacramentGeneric.guards.sylven.interaction1","In Havenport, if it ain't the gangs that kill you, it'll be a knife in the back from a guard in their pocket.","في هافنبورت، إن لم تقتلك العصابات، فستتلقى طعنة في ظهرك من حارس يقبض رشاها في جيبه."
"NPCs.sacramentGeneric.guards.sylven.interaction2","They tried to have us run patrols through West Havenport. Might as well patrol a forest fire.","حاولوا جعلنا نسير دوريات في هافنبورت الغربية؛ كان ذلك أشبه بتسيير دورية داخل حريق غابة مستعر."
"NPCs.sacramentGeneric.guards.sylven.interaction3","Don't let the fancy proclamations fool you - The Silverfish runs Havenport, Governor Grafston? He just lives there.","لا تدع البيانات المزخرفة تخدعك؛ فسمكة الفضة هي من تدير هافنبورت، أما الحاكم غرافتسون؟ فهو يسكن هناك فحسب."
"NPCs.sacramentGeneric.guards.sylven.interaction4","Moved to Sacrament after I realized in Havenport we were making more widows than progress.","انتقلتُ إلى ساكرامنت بعد أن أدركتُ أننا في هافنبورت نصنع الأرامل أكثر مما نحقق أي تقدم."
"NPCs.sacramentGeneric.guards.sylven.randomeavesdrop1","On point.","في الموعد."
"NPCs.sacramentGeneric.guards.sylven.randomeavesdrop2","Sacrament endures.","ساكرامنت تصمد."
"NPCs.sacramentGeneric.guards.sylven.randomeavesdrop3","Cerim.","سيريم."
"NPCs.sacramentGeneric.gustavTheGravedigger.eavesdrop","Be buryin' you here soon..","سأدفنك هنا قريباً..."
"NPCs.sacramentGeneric.gustavTheGravedigger.interaction1","Oy. You know what this is? It's not a shovel. It's the hand o' the devil. Every pat on the dirt sends you closer to hell, hehehe.","أوي. أتدري ما هذا؟ إنه ليس مجرفة؛ إنها يد الشيطان بعينها. كل ضربة على التراب تقربك خطوة من الجحيم، هيهيهي."
"NPCs.sacramentGeneric.gustavTheGravedigger.interaction2","Huh? Hm. D'you mind? I weren't talkin' to you. I'm havin' a conversation with the worms here. If y'd kindly move along.","هاه؟ همم. ألا تبتعد قليلاً؟ لم أكن أتحدث إليك أصلاً؛ أنا أخوض محادثة مع الديدان هنا، فتفضل بالانصراف رجاءً."
"NPCs.sacramentGeneric.gustavTheGravedigger.interaction3","Job security, that's what me pa called it. Not sure what that means. But he says I've got it. Heh.","الأمان الوظيفي، هذا ما كان أبي يسميه. لستُ متأكداً مما يعنيه ذلك، لكنه يقول إنه مضمون لي دوماً. هه."
"NPCs.sacramentGeneric.gustavTheGravedigger.interaction4","Orum gives me stones. I put 'em in the ground. God gives me corpses. I put 'em in the ground. Ain't life grand?","أوروم يعطيني الشواهد الصخرية، وأنا أضعها في الأرض. والإله يعطيني الجثث، وأنا أضعها في الأرض. أليست الحياة رائعة؟"
"NPCs.sacramentGeneric.gustavTheGravedigger.var1.eavesdrop","Tip a' my hat to that monster you carved up.","أرفع قبعتي إجلالاً لذلك الوحش الذي قطّعته إرباً."
"NPCs.sacramentGeneric.gustavTheGravedigger.var1.interaction1","Just professional respect - put Sacrament bodies 'neath the dirt even faster than me hehe. ","مجرد احترام مهني بين الزملاء؛ لقد وضع أجساد ساكرامنت تحت التراب أسرع مني حتى، هيهي."
"NPCs.sacramentGeneric.gustavTheGravedigger.var2.eavesdrop","Saw them Bolein and Inquisition flags flapping in the wind.","رأيتُ رايات بولين ومحاكم التفتيش ترفرف في مهب الريح."
"NPCs.sacramentGeneric.gustavTheGravedigger.var2.interaction1","In my learnin', more people staking flags in the ground, more bodies follow suit. ","حسب خبرتي، كلما غرس الناس مزيداً من الرايات في الأرض، تبعتها مزيد من الجثث إلى القبور."
"NPCs.sacramentGeneric.gustavTheGravedigger.var3.eavesdrop","Think any those dead in the quarry got family?","أتظن أن لأولئك القتلى في المحجر عائلات تسأل عنهم؟"
"NPCs.sacramentGeneric.gustavTheGravedigger.var3.interaction1","If so, I'd be happy to lay their loved ones to rest. For a splash o' coin apiece of course.","إن كان الأمر كذلك، فسيسعدني مواراة أحبائهم الثرى؛ مقابل حفنة سخية من العملات لكل رأس بالطبع."
"NPCs.sacramentGeneric.gustavTheGravedigger.var4.eavesdrop","Too much to askin' Darak to kill somewhere else?","أكثيرٌ أن نطلب من داراك أن يمارس قتله في بقعة أخرى؟"
"NPCs.sacramentGeneric.gustavTheGravedigger.var4.interaction1","Some o' them guards he swatted down in the Glades got swallowed up. Swamp stealin' from my own pockets!","بعض الحراس الذين صرعهم في الغابات ابتلعهم الوحل؛ المستنقع يسرق الأرزاق من جيبي مباشرة!"
"NPCs.sacramentGeneric.gustavTheGravedigger.var5.eavesdrop","Dasha with they minds scooped out, no good to anyone.","أولئك الداشا الذين فُرغت عقولهم، لا نفع يُرجى منهم لأحد."
"NPCs.sacramentGeneric.gustavTheGravedigger.var5.interactionLine1","Just a buncha drooling shells to them wives and husbands, but not dead enough to bury.","مجرد قشور يسيل لعابها في أعين أزواجهم وزوجاتهم، لكنهم ليسوا موتى بما يكفي لدفنهم."
"NPCs.sacramentGeneric.gustavTheGravedigger.var6.eavesdrop","Already started scratchin' on those hunters' plots.","بدأتُ بالفعل في حفر قبور أولئك الصيادين."
"NPCs.sacramentGeneric.gustavTheGravedigger.var6.interaction1","You sure you're not bringin' misery rather than chasing it? Either way, thank you kindly for the business.","أمتأكدٌ أنت من أنك لا تجلب البؤس بدلاً من ملاحقته؟ على أية حال، شكراً جزيلاً لك على إنعاش تجارتي."
"NPCs.sacramentGeneric.gustavTheGravedigger.var7.eavesdrop","Hell got tired of waiting, decided to come for us.","سئم الجحيم من الانتظار، وقرر المجيء بنفسه لاقتناصنا."
"NPCs.sacramentGeneric.gustavTheGravedigger.var7.interaction1","I tell people if they lookin' where to hide from it all, I'm happy to dig 'em a little square of dirt hehe.","أخبر الناس إن كانوا يبحثون عن مخبأ من كل هذا، فسيسعدني حفر مربع صغير من التراب لهم، هيهي."
"NPCs.sacramentGeneric.halaTheArchivist.afterBreach.RandomLine1","It seems your god was right, Cerim. The Sayer knew the horrors that awaited in the dark. That's why the Gate refused to yield to you.","يبدو أن إلهكم كان على حق، أيها السيريم. لقد كان الناطق يعلم بالأهوال التي تتربص في الظلمات؛ ولهذا أبت البوابة أن تنفتح لك."
"NPCs.sacramentGeneric.halaTheArchivist.afterBreach.RandomLine2","I wonder how much was lost in Caylen. Libraries, archives, crypts... All destroyed.","أتساءل كم من الكنوز ضاع في كايلن؛ مكتبات، وأرشيفات، ومدافن... دُمرت كلها عن آخرها."
"NPCs.sacramentGeneric.halaTheArchivist.afterBreach.RandomLine3","The Inquisition defied history and paid in blood. But I won't let it be my own. I'll abandon the past before I become a part of it.","تحدت محاكم التفتيش مجرى التاريخ ودفعت الثمن دماً مسفوكاً؛ لكنني لن أسمح بأن يكون دمي أنا. سأنبذ الماضي قبل أن أصبح جزءاً منه."
"NPCs.sacramentGeneric.halaTheArchivist.afterBreach.RandomLine4","I've this dreadful itch of late, one I cannot scratch. I can feel some future scholar picking through my bleached bones.","تنتابني حكة مروعة مؤخراً أعجز عن حكها؛ أكاد أشعر بباحث في المستقبل ينبش عظامي البيضاء المبيضة."
"NPCs.sacramentGeneric.halaTheArchivist.afterBreach.eavesdrop1","The Gate should never have been opened.","ما كان ينبغي فتح البوابة على الإطلاق."
"NPCs.sacramentGeneric.halaTheArchivist.afterBreach.eavesdrop2","Bjorn and I are leaving Sacra behind.","سنترك أنا وبيورن ساكرا خلفنا ونرحل."
"NPCs.sacramentGeneric.halaTheArchivist.afterBreach.eavesdrop3","I only wanted to study the past, not repeat it.","أردتُ فقط دراسة الماضي، لا تكرار مآسيه."
"NPCs.sacramentGeneric.halaTheArchivist.eavesdrop","So much past and so little present.","كثير من الماضي وقليل جداً من الحاضر."
"NPCs.sacramentGeneric.halaTheArchivist.eavesdrop2","I think of the stone walls like our city's own family tree.","أنظر إلى الجدران الصخرية كشجرة عائلة لمدينتنا."
"NPCs.sacramentGeneric.halaTheArchivist.eavesdrop3","Sacrament tells many stories. Only some in voices.","تروي ساكرامنت قصصاً شتى؛ بعضها فقط يُروى بالأصوات."
"NPCs.sacramentGeneric.halaTheArchivist.eavesdrop4","The Cerim... I wonder what Sacra has in store for them.","السيريم... أتساءل عما تخبئه ساكرا لهم."
"NPCs.sacramentGeneric.halaTheArchivist.interaction1","You know this island is speckled with the ruins of your kind. Like a robin's egg. One I hope to crack open.","تعلم أن هذه الجزيرة مرصعة بأطلال بني جنسك؛ كبيضة طائر أبو الحناء، بيضة أرجو كسرها وسبر أغوارها."
"NPCs.sacramentGeneric.halaTheArchivist.interaction2","Cerim, Dasha, nomads, invaders - the dead are stacked high beneath Sacra's soil.","سيريم، وداشا، ورُحّل، وغزاة؛ الموتى مكدسون في طبقات عميقة تحت تراب ساكرا."
"NPCs.sacramentGeneric.halaTheArchivist.interaction3","Strange how the past is always growing, while the present is never more than a moment.","من العجيب كيف يتسع الماضي ويتعاظم دوماً، بينما الحاضر ليس سوى برهة عابرة."
"NPCs.sacramentGeneric.halaTheArchivist.interaction4","Please, do you know what the ancient Cerim structures were for? Crypts? Altars? Prisons?","أرجوك، أتعلم لأي غرض شُيدت مباني السيريم العتيقة؟ أكانت مدافن؟ أم مذابح؟ أم سجوناً؟"
"NPCs.sacramentGeneric.halaTheArchivist.var1.eavesdrop","What did you do at the Mountain Gate?","ماذا فعلتَ عند بوابة الجبل؟"
"NPCs.sacramentGeneric.halaTheArchivist.var1.interactionLine1","They say you entered the Cerim ruins in the Nameless Pass, and moments later the whole gate trembled.","يقولون إنك دخلتَ أطلال السيريم في الممر المجهول، وبعد لحظات ارتجفت البوابة بأسرها."
"NPCs.sacramentGeneric.halaTheArchivist.var1.interactionLine2","Trembled... but remained shut.","ارتجفت... لكنها ظلت موصدة بإحكام."
"NPCs.sacramentGeneric.halaTheArchivist.var1.interactionLine3","Is it a failsafe to protect us from what lies beyond? A test of you alone? Or just a broken door?","أهو تدبير أمان لحمايتنا مما يقبع في ما وراءها؟ أم اختبار لك وحدك؟ أم مجرد باب معطل؟"
"NPCs.sacramentGeneric.halaTheArchivist.var1.interactionLine4","Your secrets help no one but yourself, Cerim.","أسرارك لا تنفع أحداً سواك، أيها السيريم."
"NPCs.sacramentGeneric.helenaTheAstronomer.eavesdrop","So tomorrow nightfall, it should be... six degrees west of the old Keep...","إذاً غداً عند حلول الظلام، ينبغي أن يكون... ست درجات غرب الحصن القديم..."
"NPCs.sacramentGeneric.helenaTheAstronomer.eavesdrop2","The stars are all the company I need.","النجوم هي الرفقة الوحيدة التي أحتاجها."
"NPCs.sacramentGeneric.helenaTheAstronomer.eavesdrop3","Smoke from the Risen... Firelight from the city... How am I meant to work under these conditions?","دخان الناهضين... ونيران المدينة... كيف يُفترض بي العمل في ظل هذه الظروف؟"
"NPCs.sacramentGeneric.helenaTheAstronomer.eavesdrop4","Perhaps it's the sextant that's faulty...","ربما آلة السدس هي التي أصابها العطب..."
"NPCs.sacramentGeneric.helenaTheAstronomer.interaction1","Hm. So it's true. I heard rumors there were Cerim on Sacra. You look a bit thick to me.","همم، إذاً الخبر صحيح؛ سمعتُ شائعات عن وجود سيريم على ساكرا. تبدو لي غليظ الفهم بعض الشيء."
"NPCs.sacramentGeneric.helenaTheAstronomer.interaction2","Unless you've memorized all twelve of the Emeritus Corbon star charts, then kindly move along. I've no use for you.","ما لم تكن قد حفظتَ خرائط النجوم الاثنتي عشرة للمسؤول كوربون عن ظهر قلب، فتفضل بالانصراف؛ فلا حاجة لي بك."
"NPCs.sacramentGeneric.helenaTheAstronomer.interaction3","Only one moon in the heavens now... 
How remarkable it would have been to study the sky at the time of your ancestors.","قمر واحد فقط في السماوات الآن...
كم كان ليكون رائعاً دراسة السماء في زمن أسلافك الغابرين."
"NPCs.sacramentGeneric.helenaTheAstronomer.interaction4","Here on Sacra, there are stars above - and below. But the fallen fragments which fascinate your kind... are of no interest to me.","هنا على ساكرا، هناك نجوم في الأعالي... وأخرى في الأسفل. لكن الشظايا الساقطة التي تفتن بني جنسك... لا تثير أي اهتمام لدي."
"NPCs.sacramentGeneric.helenaTheAstronomer.var1.eavesdrop","They blot out the stars...","إنها تحجب النجوم..."
"NPCs.sacramentGeneric.helenaTheAstronomer.var1.eavesdrop2","There's no quiet up there anymore. It's unnatural - a sky should be still.","لم يعد هناك أي هدوء هناك في الأعالي. إنه أمر منافٍ للطبيعة؛ فالسماء ينبغي أن تكون ساكنة."
"NPCs.sacramentGeneric.helenaTheAstronomer.var1.eavesdrop3","Maybe this is the end that Corbon foretold...","ربما هذه هي النهاية التي تنبأ بها كوربون..."
"NPCs.sacramentGeneric.helenaTheAstronomer.var1.interaction1","The heavens are my livelihood, but I can't bring myself to gaze upon them. I don't dare look up.","السماوات هي مصدر رزقي وشغفي، لكنني أعجز عن إجبار نفسي على النظر إليها؛ لا أجرؤ على رفع بصري إلى فوق."
"NPCs.sacramentGeneric.helenaTheAstronomer.var1.interaction2","Those... things flit across the night sky, screeching and gnashing their teeth. Blood falls like rain. But whose blood...","تلك... المخلوقات ترفرف عبر سماء الليل، تصرخ وتصر على أسنانها. الدماء تمطر كالسيل؛ لكن دماء من..."
"NPCs.sacramentGeneric.helenaTheAstronomer.var1.interaction3","The boundless dome of the sky feels more and more like a cage over my head.","قبة السماء اللانهائية باتت تبدو أكثر فأكثر كقفص خانق يطبق على رأسي."
"NPCs.sacramentGeneric.horanusTheHardcoreReligious.afterBreach.eavesdrop1","The mainland church does not speak for God.","كنيسة القارة الأم لا تتحدث بلسان الإله."
"NPCs.sacramentGeneric.horanusTheHardcoreReligious.afterBreach.eavesdrop2","What more proof do you need?","أي دليل إضافي تحتاجون إليه؟"
"NPCs.sacramentGeneric.horanusTheHardcoreReligious.afterBreach.eavesdrop3","You must grasp one of his many hands directly.","عليك أن تقبض على إحدى أياديه الكثيرة مباشرة."
"NPCs.sacramentGeneric.horanusTheHardcoreReligious.afterBreach.eavesdrop4","Is your faith stronger than a claw, a talon?","أإيمانك أصلب من مخلب الوحش وظفره؟"
"NPCs.sacramentGeneric.horanusTheHardcoreReligious.afterBreach.randomLine1","The Born God has countless eyes. And he turned every one of them away from the Madrigal.","للإله المولود عيون لا حصر لها، وقد أشاح بها جميعاً عن المادريغال."
"NPCs.sacramentGeneric.horanusTheHardcoreReligious.afterBreach.randomLine2","The vanguard died not of violence, but of darkness. They were a meal to it.","لم تهلك الطليعة بفعل العنف والقتال، بل هلكت بفعل الظلام؛ كانوا وجبة التهمها الشياطين."
"NPCs.sacramentGeneric.horanusTheHardcoreReligious.afterBreach.randomLine3","You carry your altar within you. Every breath is a prayer, even your last.","أنت تحمل مذبحك في داخلك؛ كل نفس هو صلاة، حتى آخر رمق يخرج من صدرك."
"NPCs.sacramentGeneric.horanusTheHardcoreReligious.afterBreach.randomLine4","Make your faith a mountain that you will spend all your life climbing.","اجعل إيمانك جبلاً شامخاً تمضي عمرك كله ترتقيه."
"NPCs.sacramentGeneric.horanusTheHardcoreReligious.eavesdrop","The hands extract the weakness...","الأيادي تستأصل الضعف والهوان..."
"NPCs.sacramentGeneric.horanusTheHardcoreReligious.eavesdrop2","I can feel his palms, his fingers, embracing my mind...","أشعر بأكفه وأصابعه تحتضن عقلي..."
"NPCs.sacramentGeneric.horanusTheHardcoreReligious.eavesdrop3","You give death away freely, when it should be given to God.","أنتم تبذلون الموت هباءً لمن هب ودب، بينما ينبغي أن يُوهب الموت للإله وحده."
"NPCs.sacramentGeneric.horanusTheHardcoreReligious.eavesdrop4","I see the void inside you...","أبصر الفراغ والعدم في داخلك..."
"NPCs.sacramentGeneric.horanusTheHardcoreReligious.interaction1","Have you ever felt fear, doubt, longing? Let the hands of God reach inside you, and purge these pathetic instincts.","هل شعرتَ يوماً بالخوف، أو الشك، أو الشوق؟ دع أيادي الإله تنفذ إلى أعماقك لتطهرك من هذه الغرائز البائسة."
"NPCs.sacramentGeneric.horanusTheHardcoreReligious.interaction2","We are not meant to walk amongst ourselves, eye to eye with filth and kindness. We are meant to float on clouds of ivory.","لم نُخلق لنسير بين العامة، نلتقي وجهاً لوجه مع القذارة والشفقة؛ بل خُلقنا لنطفو فوق سحب من العاج."
"NPCs.sacramentGeneric.horanusTheHardcoreReligious.interaction3","I have touched the plane of the all-seeing thing. Have you? If your fingers bleed, do not fear. It takes strength to pull yourself up out of the world.","لقد لمستُ أفق الكائن الكلي الرؤية؛ فهل فعلتَ أنت؟ إن نزفت أصابعك فلا تجزع؛ فالأمر يتطلب بأساً لترفع نفسك فوق هذا العالم الفاني."
"NPCs.sacramentGeneric.horanusTheHardcoreReligious.interaction4","The mainland church is a child paddling in the mud. But you and I, we know better. We can climb the stairs toward the dawning sun.","كنيسة القارة الأم كطفل يخوض في الوحل؛ أما أنا وأنت، فنحن ندرك الصواب. يمكننا صعود الدرجات نحو شمس الفجر البازغة."
"NPCs.sacramentGeneric.horusTheShitscraper.afterBreach.eavesdrop","Now we'll have shit coming from the sky...","والآن ستنهال علينا القذارة من السماء..."
"NPCs.sacramentGeneric.horusTheShitscraper.afterBreach.interactionLine1","Keep me head down. Scrape the shit. Don't stir up trouble. Scrape the shit. That's what I do.","أخفض رأسي. أجرف القذارة. لا أثير المشكلات. أجرف القذارة. هذا ما أفعله دوماً."
"NPCs.sacramentGeneric.horusTheShitscraper.afterBreach.interactionLine2","I've lived my life causin' no upset to no one. Just keep the streets clean, and keep me shovel sharp.","عشتُ حياتي دون إزعاج أحد؛ أحافظ على نظافة الشوارع، وأحافظ على حدة مجرفتي."
"NPCs.sacramentGeneric.horusTheShitscraper.afterBreach.interactionLine3","But if the Madrigal and the Governor can't keep the plague out of this city, well - I'll simply have to go and scrape shit elsewhere!","لكن إن عجزت المادريغال والحاكم عن إبعاد الوباء عن هذه المدينة، فحسناً؛ سأمضي ببساطة لأجرف القذارة في مكان آخر!"
"NPCs.sacramentGeneric.horusTheShitscraper.afterBreach.interactionLine4","Hmm... Havenport. I bet they're absolutely flooded with shit. That could be a fine place to go...","همم... هافنبورت؛ أراهن أنها غارقة حتى آذانها في القذارة. قد تكون تلك وجهة ممتازة لأقصدها..."
"NPCs.sacramentGeneric.horusTheShitscraper.eavesdrop","Make way, official shit scraper comin' through.","افسحوا الطريق؛ جارف الفضلات الرسمي قادم!"
"NPCs.sacramentGeneric.horusTheShitscraper.eavesdrop2","Some men got a job - I got a calling!","بعض الرجال لديهم وظيفة؛ أما أنا فلدي رسالة مقدسة!"
"NPCs.sacramentGeneric.horusTheShitscraper.eavesdrop3","Clear a path! This shit won't scrub itself.","أخلوا السبيل! هذه القذارة لن تنظف نفسها بنفسها."
"NPCs.sacramentGeneric.horusTheShitscraper.eavesdrop4","So long as food goes in and shit comes out, I'll be workin'.","طالما أن الطعام يدخل والفضلات تخرج، فسيبقى لدي عمل أقوم به."
"NPCs.sacramentGeneric.horusTheShitscraper.eavesdrop5","Smells like work!","تفوح منها رائحة الرزق والعمل!"
"NPCs.sacramentGeneric.horusTheShitscraper.interaction1","Spend enough time on your knees, you learn the difference between healthy shit, ill shit, dog shit, horse shit.","أمضِ وقتاً كافياً راكعاً على ركبتيك، وستتعلم التمييز بين فضلات الأصحاء، والمرضى، والكلاب، والخيول."
"NPCs.sacramentGeneric.horusTheShitscraper.interaction2","I get two copper for every pound of shit I scrape off the streets. Ain't I the luckiest man alive?","أنال قطعتين نحاسيتين عن كل رطل فضلات أجرفه من الشوارع؛ ألستُ أسعد رجل على وجه البسيطة؟"
"NPCs.sacramentGeneric.horusTheShitscraper.interaction3","You want to see real filth, visit Sacrament's sewers. 100 years of shit and rot and decay, sloshin' about like in a tub.","إن أردتَ رؤية القذارة الحقيقية، فزر مجاري ساكرامنت؛ مائة عام من القذارة والعفن والفساد تتلاطم كالمياه في حوض استحمام."
"NPCs.sacramentGeneric.horusTheShitscraper.interaction4","You get used to the stench. You even start to miss it after a bath.","يعتاد المرء على تلك الرائحة النتنة؛ حتى إنه يبدأ بافتقادها بعد الاستحمام."
"NPCs.sacramentGeneric.horusTheShitscraper.var1.eavesdrop","Hmm, something's off... Can you smell it too?","همم، ثمة خطب ما... أتشم تلك الرائحة أنت أيضاً؟"
"NPCs.sacramentGeneric.horusTheShitscraper.var1.interactionLine1","It's coming from the Trench. Stench wafting up out the sewer pipes. ","إنها منبعثة من الخندق؛ نتانة تفوح متصاعدة من أنابيب الصرف الصحي."
"NPCs.sacramentGeneric.horusTheShitscraper.var1.interactionLine2","More than just your flu shit, your pox shit, your bad fish shit. Smells like death. Like bodies. Lot of 'em.","إنها تفوق مجرد فضلات إنفلونزا، أو جدري، أو سمك فاسد؛ تفوح منها رائحة الموت، رائحة جثث متراكمة بأعداد مهولة."
"NPCs.sacramentGeneric.horusTheShitscraper.var1.interactionLine3","Can't smell it, eh? Of course you can't. Heh, ain't got the nose for it. ","ألا تشمها؟ بالطبع لا تشمها؛ هه، لا تملك الأنف الخبير المناسب لذلك."
"NPCs.sacramentGeneric.horusTheShitscraper.var1.interactionLine4","Oh well, paid to scrape shit, not study it. Unless it comes oozing up through the grates, it ain't my concern.","على أية حال، أنا أتقاضى أجراً لأجرف القذارة لا لأدرسها؛ ما لم تفض متدفقة من فوهات الصرف، فهي ليست من شأني."
"NPCs.sacramentGeneric.jeniaTheNihilist.eavesdrop","A Cerim? What a joke.","سيريم؟ يا لها من أضحوكة ساخرة."
"NPCs.sacramentGeneric.jeniaTheNihilist.interaction1","The Pestilence is already among us, Unspoken. You've come too late.","الوباء متفشٍ بيننا بالفعل، أيها الصامت. لقد جئتَ بعد فوات الأوان."
"NPCs.sacramentGeneric.jeniaTheNihilist.interaction2","Where were you when the Torn first began to stalk us? Where were you when it would have made a difference?","أين كنتَ حين بدأ الممزقون يتربصون بنا لأول مرة؟ أين كنتَ حين كان لوجودك أن يصنع فارقاً؟"
"NPCs.sacramentGeneric.jeniaTheNihilist.interaction3","This city is at war, make no mistake. Ellsworth doesn't know it yet, but I do. The only safety left is a blade in its sheath.","هذه المدينة تخوض حرباً ضروساً، لا تخدع نفسك؛ إلسورث لا يدرك ذلك بعد، لكنني أدركه. الأمان الوحيد المتبقي هو نصل باقٍ في غمده."
"NPCs.sacramentGeneric.jeniaTheNihilist.interaction4","We should just open the gates and let them pour in. See who's standing on top of the pile when the blood dries.","ينبغي لنا فقط فتح البوابات وتركهم يتدفقون كالطوفان؛ لنرى من سيقف على قمة الركام حين تجف الدماء."
"NPCs.sacramentGeneric.jovisonCorinthTheExplorer.afterBreach.eavesdrop1","I remember visiting Caylen, before it fell...","أذكر حين زرتُ كايلن، قبل سقوطها..."
"NPCs.sacramentGeneric.jovisonCorinthTheExplorer.afterBreach.eavesdrop2","That Gate has always been a black mark on this island.","لطالما كانت تلك البوابة وصمة سوداء على جبين هذه الجزيرة."
"NPCs.sacramentGeneric.jovisonCorinthTheExplorer.afterBreach.eavesdrop3","Hm. The Cerim's still alive. That's interesting.","همم. السيريم ما زال حياً يُرزق. هذا أمر مثير للاهتمام."
"NPCs.sacramentGeneric.jovisonCorinthTheExplorer.afterBreach.eavesdrop4","Never felt a city so on edge...","لم أشهد مدينة تعيش على أعصابها هكذا من قبل..."
"NPCs.sacramentGeneric.jovisonCorinthTheExplorer.afterBreach.randomLine1","If there's one thing I've learned in all my travels... wherever the Inquisition goes, ruin tends to follow.","إن كان ثمة درس واحد تعلمته في كل أسفاري وترحالي... فحيثما حلت محاكم التفتيش، تبعها الخراب والدمار."
"NPCs.sacramentGeneric.jovisonCorinthTheExplorer.afterBreach.randomLine2","I've toured many splendid cities and lost ruins, but with Caylen I never thought I'd see one become the other before my eyes.","زرتُ مدناً بهية وأطلالاً دارسة، لكن مع كايلن لم أظن قط أنني سأشهد إحداها تستحيل إلى الأخرى أمام ناظريّ."
"NPCs.sacramentGeneric.jovisonCorinthTheExplorer.afterBreach.randomLine3","You know, there are no Cerim relics in Myrfall or Waithe. No monsters in the sky either. Just... drawing a parallel.","كما تعلم، لا توجد آثار للسيريم في ميرفال أو وايث، ولا وحوش في السماء هناك أيضاً. مجرد... مقارنة عابرة لا أكثر."
"NPCs.sacramentGeneric.jovisonCorinthTheExplorer.afterBreach.randomLine4","Perhaps it's time to explore one of Sacra's neighboring isles. Which one? Well... whichever has the soonest boat departing.","لعل الأوان قد حان لاستكشاف إحدى الجزر المجاورة لساكرا. أي جزيرة؟ حسناً... أي جزيرة تغادر إليها أول سفينة تبحر."
"NPCs.sacramentGeneric.jovisonCorinthTheExplorer.eavesdrop","Smaller every year... This city keeps shrinking.","تضيق كل عام... هذه المدينة تواصل الانكماش."
"NPCs.sacramentGeneric.jovisonCorinthTheExplorer.eavesdrop2","I must pay a visit to Havenport before I leave the island.","يجب أن أزور هافنبورت قبل أن أغادر الجزيرة."
"NPCs.sacramentGeneric.jovisonCorinthTheExplorer.eavesdrop3","Poor Sacra. Always scraping by on the Empire's crumbs...","مسكينة ساكرا؛ تقتات دوماً على فتات الإمبراطورية..."
"NPCs.sacramentGeneric.jovisonCorinthTheExplorer.eavesdrop4","I've probably traveled farther than anyone in this city.","يرجح أنني قطعتُ أسفاراً أبعد من أي شخص آخر في هذه المدينة."
"NPCs.sacramentGeneric.jovisonCorinthTheExplorer.interaction1","My word. A Cerim. What ship did you arrive on? There haven't been Cerim on Sacra in... Dear me.","يا للروعة! أحد السيريم. على أي سفينة وصلتَ؟ لم يطأ أرض ساكرا أي من السيريم منذ... يا إلهي."
"NPCs.sacramentGeneric.jovisonCorinthTheExplorer.interaction2","My name is Jovison Corinth, explorer by trade and by passion. I've touched every corner of our Empire. ","اسمي جوفيسون كورينث؛ مستكشف بحكم مهنتي وشغفي. وطأت قدماي أركان إمبراطوريتنا قاطبة."
"NPCs.sacramentGeneric.jovisonCorinthTheExplorer.interaction3","Fascinating, fascinating. I've never come across a flesh and blood Cerim. Did you come from Tilos, by chance?","مذهل، مذهل حقاً! لم أقابل قط في حياتي سيريم من لحم ودم. أقدمتَ من تيلوس بالصدفة؟"
"NPCs.sacramentGeneric.jovisonCorinthTheExplorer.interaction4","Maybe your kind live in The Seethe now... That's as far as I've been. What lies beyond the black sands, my maps do not know.","ربما يقيم بنو جنسك في الغليان الآن... تلك أبعد نقطة بلغتها في أسفاري. أما ما يرقد وراء الرمال السوداء، فخرائطي تجهله تماماً."
"NPCs.sacramentGeneric.karinaTheSermonizingZealot.afterBreach.eavesdrop1","There! The Cerim! Heresy in our midst! Their sin darkens our skies!","ها هو هناك! السيريم! بدعة تعيش بيننا! خطاياهم هي التي أظلمت سماءنا!"
"NPCs.sacramentGeneric.karinaTheSermonizingZealot.afterBreach.eavesdrop2","You see? The sickness fills the very air above our heads! This is what your sins have brought!","أترون؟ السقم يملأ الهواء فوق رؤوسنا مباشرة! هذا ما جلبته خطاياكم وآثامكم!"
"NPCs.sacramentGeneric.karinaTheSermonizingZealot.afterBreach.eavesdrop3","It's only a matter of time before the Pestilence is inside our walls... in our streets... our homes!","المسألة مسألة وقت فحسب قبل أن يدخل الوباء أسوارنا... في شوارعنا... وفي بيوتنا!"
"NPCs.sacramentGeneric.karinaTheSermonizingZealot.afterBreach.interaction1","Forgive me God for occupying the same ground as such a heathen, for breathing the same air.","اغفر لي يا إلهي لوقوفي على الأرض ذاتها مع وثني كهذا، ولتنسّمي الهواء ذاته معه."
"NPCs.sacramentGeneric.karinaTheSermonizingZealot.afterInquisition.eavesdrop1","The Madrigal brings salvation to our sickened island!","المادريغال تجلب الخلاص لجزيرتنا العليلة!"
"NPCs.sacramentGeneric.karinaTheSermonizingZealot.afterInquisition.eavesdrop2","We must show the Inquisition our fealty! Kneel before them as they pass!","يجب أن نُظهر الولاء لمحاكم التفتيش! اركعوا أمامهم وهم يمرون!"
"NPCs.sacramentGeneric.karinaTheSermonizingZealot.afterInquisition.eavesdrop3","The mainland shines its light upon us at last. Soon the Pestilence will flee back to the darkness whence it came!","أشرق نور القارة علينا أخيراً. وقريباً سيهرب الوباء عائداً إلى الظلام الذي خرج منه!"
"NPCs.sacramentGeneric.karinaTheSermonizingZealot.afterInquisition.interaction1","Do not ask why the Inquisition has come. Ask yourself if you are worthy of the Embrace!","لا تسأل لِمَ جاءت محاكم التفتيش؛ بل اسأل نفسك إن كنتَ جديراً بكرم العناق الإلهي!"
"NPCs.sacramentGeneric.karinaTheSermonizingZealot.afterRTB.eavesdrop1","God will curse us for saving the unholy village of Marin!","سيلعننا الإله لإنقاذنا قرية مارين الدنسة والكافرة!"
"NPCs.sacramentGeneric.karinaTheSermonizingZealot.afterRTB.eavesdrop2","We should let the Dasha rot in the swamps and forests outside our walls! They are where they belong!","ينبغي أن نترك الداشا يتعفنون في المستنقعات والغابات خارج أسوارنا! فهناك مكانهم اللائق بهم!"
"NPCs.sacramentGeneric.karinaTheSermonizingZealot.afterRTB.eavesdrop3","The sickness in the Marin woods will soon find its way to our city! We must close the northern gates!","السقم في غابات مارين سيجد سبيله قريباً إلى مدينتنا! يجب أن نغلق البوابات الشمالية بإحكام!"
"NPCs.sacramentGeneric.karinaTheSermonizingZealot.afterRTB.interaction1","We should have left the Dasha's minds to rot, the way their souls already have.","كان ينبغي لنا ترك عقول الداشا لتتعفن، تماماً كما تعفنت أرواحهم من قبل."
"NPCs.sacramentGeneric.karinaTheSermonizingZealot.afterSOG.eavesdrop1","The pagan gate will fall and Caylen's faithful will be saved!","ستسقط البوابة الوثنية وسيُخلّص مؤمنو كايلن الأبرار!"
"NPCs.sacramentGeneric.karinaTheSermonizingZealot.afterSOG.eavesdrop2","God has sent the Madrigal to fulfill a great purpose... The holy city will soon be free!","أرسل الإله المادريغال لتحقيق غاية عظيمة... والمدينة المقدسة ستتحرر قريباً!"
"NPCs.sacramentGeneric.karinaTheSermonizingZealot.afterSOG.eavesdrop3","Praise the Inquisition - God's many hands are at work in the Nameless Pass!","المجد لمحاكم التفتيش؛ فأيادي الإله الكثيرة تضرب وتصنع المعجزات في الممر المجهول!"
"NPCs.sacramentGeneric.karinaTheSermonizingZealot.afterSOG.interaction1","The holy city and her many wait for us, trapped behind heresy like the sun behind the clouds.","المدينة المقدسة ورعاياها الكثر ينتظروننا، محاصرين خلف البدعة كالشمس خلف الغيوم."
"NPCs.sacramentGeneric.karinaTheSermonizingZealot.beforeInquisition.eavesdrop1","The beast outside our gates is a sign of the blasphemy within our walls!","الوحش الذي يتربص ببواباتنا آية على الكفر والتجديف داخل أسوارنا!"
"NPCs.sacramentGeneric.karinaTheSermonizingZealot.beforeInquisition.eavesdrop2","We must accept God's embrace, or we will all end up like that wretched thing!","يجب أن نقبل عناق الإله، وإلا انتهى بنا المطاف جميعاً كذاك المسخ البائس!"
"NPCs.sacramentGeneric.karinaTheSermonizingZealot.beforeInquisition.eavesdrop3","The evil that stalks our island will not be defeated with swords and bows! Only God's hands can save us!","الشر الذي يتربص بجزيرتنا لن يُهزم بالسيوف والقسي! وحدها أيادي الإله قادرة على إنقاذنا!"
"NPCs.sacramentGeneric.karinaTheSermonizingZealot.beforeInquisition.interaction1","The Pestilence is a punishment from god!","الوباء عقاب نزل من عند الإله!"
"NPCs.sacramentGeneric.karinaTheSermonizingZealot.eavesdrop","The Pestilence is a punishment from god!","الوباء عقاب نزل من عند الإله!"
"NPCs.sacramentGeneric.karinaTheSermonizingZealot.interaction1","The righteous need not fear the Pestilence! It has returned to cleanse the world of wickedness and sin!","لا ينبغي للصالحين الخوف من الوباء! فقد عاد ليطهر العالم من الرجس والخطيئة!"
"NPCs.sacramentGeneric.karinaTheSermonizingZealot.interaction2","The Dasha blasphemers bring the plague upon themselves! They refuse to abandon their ancient, primitive faith!","زنادقة الداشا هم من جلبوا الطاعون على أنفسهم! يرفضون التخلي عن إيمانهم القديم والبدائي!"
"NPCs.sacramentGeneric.karinaTheSermonizingZealot.interaction3","The Mother, Maker, Seeker, and Forsaken? Heresy! There is only one god, and we are all cradled in his many arms!","الأم، والصانع، والساعي، والمنبوذ؟ تجديف وكفر! ليس هناك سوى إله واحد، ونحن جميعاً بين أذرعه الكثيرة!"
"NPCs.sacramentGeneric.karinaTheSermonizingZealot.interaction4","There is smoke on the wind and thunder in the distance - God's righteous fury has arrived!","ثمة دخان تحمله الرياح ورعود تزمجر في الأفق؛ لقد حلّ غضب الإله الحق!"
"NPCs.sacramentGeneric.lukaTheCombativeMan.eavesdrop","Oy! You! I saw that! Too frightened to look me in the eye, eh??","أوي! أنت! رأيتُ ذلك! أترتعد خوفاً من النظر في عيني؟!"
"NPCs.sacramentGeneric.lukaTheCombativeMan.interaction1","Whoa! How dare you rush a man like that, weapon at the ready - do you want to die?!","مهلاً! كيف تجرؤ على الاندفاع نحو رجل هكذا وسلاحك ممتشق؛ أتريد أن تهلك؟!"
"NPCs.sacramentGeneric.lukaTheCombativeMan.interaction2","Bah - I'll have you know I've bested seven men in mortal combat. And many beasts as well. Large ones! Like bear-sized!","باه! لتعلم أنني هزمتُ سبعة رجال في قتال حتى الموت؛ ووحوشاً كثيرة أيضاً! وحوشاً ضخمة بحجم الدببة!"
"NPCs.sacramentGeneric.lukaTheCombativeMan.interaction3","I don't like you, and you don't like me. I hope we meet in Boroth's arena one day – so I can wipe that smirk off your face.","أنا لا أطيقك، وأنت لا تطيقني. آمل أن نلتقي في حلبة بوروث يوماً ما، حتى أمحو تلك الابتسامة الساخرة عن وجهك."
"NPCs.sacramentGeneric.lukaTheCombativeMan.interaction4","I'd fight you here in the open, but the guards... 
Well, they know my face. And my reputation! My unmatched reputation!","كنتُ لأقاتلك هنا في العلن، لولا أن الحراس... حسناً، يعرفون وجهي، ويعرفون سمعتي! سمعتي التي لا تضاهى!"
"NPCs.sacramentGeneric.mabelTheTavernRegular.eavesdrop","Don't like the look of you...","لا يعجبني مظهرك بالمرة..."
"NPCs.sacramentGeneric.mabelTheTavernRegular.interaction1","Who are you? Whatever you're selling, I'm not interested. Go on, run! Back to whatever cave you crawled out of.","من أنت؟ أياً كان ما تبيعه، فلستُ مهتمة به. انصرف، اركض عائداً إلى أي كهف زحفتَ منه."
"NPCs.sacramentGeneric.mabelTheTavernRegular.interaction2","Look at 'em all. Peasants and thieves... Not an honorable soul in the whole city. I oughta leave this place.","انظر إليهم جميعاً؛ فلاحون ولصوص... ما من روح شريفة واحدة في هذه المدينة بأسرها. يجدر بي الرحيل عن هذا المكان."
"NPCs.sacramentGeneric.mabelTheTavernRegular.interaction3","Got cut loose by old Boroth. Would you believe that? Yeah, I used to work there. Cleaned the arena. Preening prick. Good riddance!","طردني بوروث العجوز من العمل، أتصدق ذلك؟ أجل، كنتُ أعمل هناك في تنظيف الحلبة. وغد مغرور؛ فرقة بلا عودة!"
"NPCs.sacramentGeneric.mabelTheTavernRegular.interaction4","Sheesh, your breath stinks. Why don't you turn your head the other way? ","يا إلهي، رائحة فمك كريهة ونتنة! ألا تدير رأسك في الاتجاه الآخر؟"
"NPCs.sacramentGeneric.mabelTheTavernRegular.var1.eavesdrop","And who might you be?","ومن عساك أن تكون؟"
"NPCs.sacramentGeneric.mabelTheTavernRegular.var1.interaction1","Hello there. Have we met before? You've certainly got a way about you. Let me guess – you're a trader. No, an explorer!","مرحباً بك. أالتقينا من قبل؟ لديك هيبة مميزة حقاً. دعني أحزر؛ أنت تاجر! كلا، بل مستكشف!"
"NPCs.sacramentGeneric.mabelTheTavernRegular.var1.interaction2","Isn't this a fine town? There's no place I'd rather be than Sacrament - where all the good people come together.","أليست هذه بلدة جميلة؟ ما من مكان أفضل الوجود فيه من ساكرامنت؛ حيث يجتمع الطيبون جميعاً."
"NPCs.sacramentGeneric.mabelTheTavernRegular.var1.interaction3","Care to have a seat? A tipple to make your mind right? Go on, why in such a hurry? I won't bite. ","أترغب في الجلوس؟ كأس نبيذ تعدل مزاجك؟ هيا، لمَ أنت على هذه العجلة؟ لن أعضك."
"NPCs.sacramentGeneric.mabelTheTavernRegular.var1.interaction4","My name's Mabel. I'm a cleaner in the arena. Or, well, I was, until recently. Heh, good old Boroth, I do miss the bastard. We had some good times.","اسمي مابل. أعمل في تنظيف الحلبة؛ أو بالأحرى كنتُ أعمل فيها حتى وقت قريب. هه، بوروث الطيب، أفتقد ذلك الملعون حقاً. قضينا أوقاتاً رائعة."
"NPCs.sacramentGeneric.malinaTheMarinVillager.afterSpeech.eavesdrop1","At least Sacrament has a good man at its helm.","على الأقل تحظى ساكرامنت برجل صالح يقودها."
"NPCs.sacramentGeneric.malinaTheMarinVillager.afterSpeech.interactLine1","What happens in this city can ripple all the way up to our little village of Marin.","ما يحدث في هذه المدينة تتردد أصداؤه وصولاً إلى قريتنا الصغيرة في مارين."
"NPCs.sacramentGeneric.malinaTheMarinVillager.afterSpeech.interactLine2","That's why I'm grateful the governor is a thoughtful man.","ولهذا أنا ممتنة لكون الحاكم رجلاً حكيماً ومتبصراً."
"NPCs.sacramentGeneric.malinaTheMarinVillager.afterSpeech.interactLine3","He might be a Bolein, but... he has the heart of a Dasha.","قد يكون من بيت بولين، ولكنه... يملك قلب أحد أبناء الداشا."
"NPCs.sacramentGeneric.malinaTheMarinVillager.eavesdrop","Sacrament's too noisy to sleep, too crowded to breathe.","ساكرامنت صاخبة جداً للنوم، ومزدحمة جداً للتنفس."
"NPCs.sacramentGeneric.malinaTheMarinVillager.eavesdrop2","You can't even hear the trees around here...","لا تكاد تسمع حفيف الأشجار هنا..."
"NPCs.sacramentGeneric.malinaTheMarinVillager.eavesdrop3","I should get back to Marin soon.","ينبغي أن أعود إلى مارين قريباً."
"NPCs.sacramentGeneric.malinaTheMarinVillager.eavesdrop4","Everyone's always in a rush...","الجميع في عجلة من أمرهم على الدوام..."
"NPCs.sacramentGeneric.malinaTheMarinVillager.interaction1","I don't care what others say - Ellsworth's a good man. He doesn't treat us Dasha like mud to be scraped off a boot.","لا أبالي بما يقوله الآخرون؛ إلسورث رجل فاضل. لا يعاملنا نحن الداشا كطين يُجرف من أسفل الحذاء."
"NPCs.sacramentGeneric.malinaTheMarinVillager.interaction2","I come from Marin, just north of here. Brave the woods once a month to trade what we got for what we need.","أنا من مارين، شمالي هذه الديار. أخوض الغابات مرة كل شهر لنقايض ما لدينا بما ينقصنا."
"NPCs.sacramentGeneric.malinaTheMarinVillager.interaction3","Mainland church only has one god - can you believe that? How's one god alone supposed to look after all this?","كنيسة القارة الأم لا تعبد إلا إلهاً واحداً، أتصدق ذلك؟ كيف لإله واحد بمفرده أن يرعى كل هذا الكون؟"
"NPCs.sacramentGeneric.malinaTheMarinVillager.interaction4","I'll say a prayer for you, traveler, at the Sovann Circle; so the Mother, Maker, Seeker, and Forsaken can all hear.","سأصلي من أجلك، أيها المسافر، عند دائرة سوفان؛ لتسمعك الأم، والصانع، والساعي، والمنبوذ جميعاً."
"NPCs.sacramentGeneric.malinaTheMarinVillager.var1.eavesdrop","I don't hear it roaring anymore...","لم أعد أسمع زئيره المروع بعد الآن..."
"NPCs.sacramentGeneric.malinaTheMarinVillager.var1.interactionLine1","They say you killed the creature outside the gates. You don't see monsters like that in Marin.","يقولون إنك قتلتَ ذلك المسخ خارج البوابات؛ لا نرى وحوشاً ضارية كهذه في مارين."
"NPCs.sacramentGeneric.malinaTheMarinVillager.var1.interactionLine2","This city's got a pull to it, like it draws in all the island. The good and the wicked.","لهذه المدينة جاذبية كالمغناطيس؛ تجذب الجزيرة بأسرها إليها، الطيبين والأشرار على حد سواء."
"NPCs.sacramentGeneric.malinaTheMarinVillager.var1.interactionLine3","I only stay as long as I need to. But with those foul brambles in the Marin Woods, it's been hard getting home.","أنا أمكث هنا فقط بالقدر الذي أحتاجه؛ لكن مع تلك الشجيرات الخبيثة في غابات مارين، باتت العودة إلى البيت شاقة للغاية."
"NPCs.sacramentGeneric.malinaTheMarinVillager.var2.eavesdrop","I thought Marin was safe.","ظننتُ أن مارين ملاذ آمن."
"NPCs.sacramentGeneric.malinaTheMarinVillager.var2.eavesdrop2","I didn't know how bad the woods had gotten.","لم أكن أعلم كم ساءت الأحوال في الغابة."
"NPCs.sacramentGeneric.malinaTheMarinVillager.var2.eavesdrop3","The Temple of the Seeker, it's... It was always a place of peace.","معبد الساعي كان... كان دوماً واحة للسكينة والسلام."
"NPCs.sacramentGeneric.malinaTheMarinVillager.var2.interaction1","I'm here trading apples and cloth like a fool, while my family was nearly lost to the call of the plague.","ها أنا ذا أتاجر بالتفاح والأقمشة كالحمقاء، بينما كادت عائلتي تهلك نداءً للوباء اللعين."
"NPCs.sacramentGeneric.malinaTheMarinVillager.var2.interaction2","I should've been there. Not that I could've helped, but it's where I belong. If Marin falls, so should I.","كان ينبغي لي أن أكون هناك. ليس وأنني كنتُ لأساعد، لكن هناك مكاني اللائق بي. إن سقطت مارين، فينبغي أن أسقط معها."
"NPCs.sacramentGeneric.malinaTheMarinVillager.var2.interaction3","My Igney wrote saying she's safe, but told me not to come home. Not until she's certain the danger's passed.","كتبت لي ابنتي إغني تخبرني بأنها سالمة، لكنها حذرتني من العودة إلى البيت؛ ليس حتى تتأكد من زوال الخطر تماماً."
"NPCs.sacramentGeneric.mercaTheBoleinDeserter.afterBreach.eavesdrop1","There's no price on my head!","ليس هناك ثمن مرصود على رأسي!"
"NPCs.sacramentGeneric.mercaTheBoleinDeserter.afterBreach.firstInteraction1","I heard rumor of what you did to those other deserters in the Nameless Pass.","سمعتُ شائعات عما فعلته بأولئك الفارين الآخرين في الممر المجهول."
"NPCs.sacramentGeneric.mercaTheBoleinDeserter.afterBreach.firstInteraction2","But Bainbridge is gone now, his men scattered. Enough blood soaked in the soil for one lifetime.","لكن بينبريدج هلك الآن، وتشتت رجاله؛ وما تشربته التربة من دماء يكفي لحياة كاملة."
"NPCs.sacramentGeneric.mercaTheBoleinDeserter.afterBreach.firstInteraction3","Please, cowardice isn't a crime. Or it shouldn't be...","أرجوك، الجبن ليس بجريمة؛ أو لا ينبغي له أن يكون كذلك..."
"NPCs.sacramentGeneric.mercaTheBoleinDeserter.afterSpeech.eavesdrop1","I've heard words like those before.","سمعتُ كلمات كهذه من قبل."
"NPCs.sacramentGeneric.mercaTheBoleinDeserter.afterSpeech.firstInteraction1","Bainbridge came to my village in Waithe. Gave a rousing speech. I enlisted the next day.","جاء بينبريدج إلى قريتي في وايث، وألقى خطبة حماسية؛ فالتحقتُ بالخدمة في اليوم التالي مباشرة."
"NPCs.sacramentGeneric.mercaTheBoleinDeserter.afterSpeech.firstInteraction2","And for what? Mud and stale fishcakes and killing poor fishermen who took up arms against Phalen.","ولأجل ماذا؟ الوحل وكعك السمك الفاسد وقتل صيادين مساكين حملوا السلاح في وجه فالن."
"NPCs.sacramentGeneric.mercaTheBoleinDeserter.afterSpeech.firstInteraction3","What were they fighting for? Probably someone else's rousing speech.","ولأجل ماذا كانوا يقاتلون هم؟ على الأرجح لأجل خطبة حماسية ألقاها شخص آخر."
"NPCs.sacramentGeneric.mercaTheBoleinDeserter.eavesdrop","I'll earn my keep.","سأكسب لقمة عيشي بكدي."
"NPCs.sacramentGeneric.mercaTheBoleinDeserter.eavesdrop2","I was never meant for a uniform.","لم أُخلق لارتداء الزي العسكري قط."
"NPCs.sacramentGeneric.mercaTheBoleinDeserter.eavesdrop3","Maybe more opportunity here than Phalen.","ربما تكون الفرص هنا أوفر منها في فالن."
"NPCs.sacramentGeneric.mercaTheBoleinDeserter.eavesdrop4","I ain't dying for someone else's sigil.","لن أموت فداءً لشعار نبالة شخص آخر."
"NPCs.sacramentGeneric.mercaTheBoleinDeserter.interaction1","Sacrament welcomes all, isn't that what they say? It's what they say on the mainland, anyway.","ساكرامنت ترحب بالجميع، أليس هذا ما يقولونه؟ هذا ما يتردد على ألسنتهم في القارة الأم على أية حال."
"NPCs.sacramentGeneric.mercaTheBoleinDeserter.interaction2","I'm not a deserter, you understand, I – I'm an immigrant. I'm going to become a citizen of Sacra! I'll do my part.","لستُ فاراً من الخدمة، عليك أن تفهم ذلك؛ أنا... أنا مهاجر. سأصبح مواطناً من أهل ساكرا وسأؤدي واجبي كاملاً."
"NPCs.sacramentGeneric.mercaTheBoleinDeserter.interaction3","If Bainbridge wants to lead his men into the very heart of the plague - into all but certain doom - that's his business. ","إن أراد بينبريدج قيادة رجاله إلى قلب الوباء مباشرة، نحو هلاك محتوم لا شك فيه، فهذا شأنه وحده."
"NPCs.sacramentGeneric.mercaTheBoleinDeserter.interaction4","What's my business? I plan to lead a long and prosperous life. Right here, inside these walls.","وما هو شأني أنا؟ أنوي عيش حياة مديدة ومزدهرة؛ هنا بالتحديد، داخل هذه الأسوار."
"NPCs.sacramentGeneric.moriettaTheFraudulentMystic.eavesdrop1","You! Ohh... A horrible death awaits you. It trails you like a shadow…","أنت! أوههه... ميتة شنيعة بانتظارك، تلاحقك كظلك أينما حللت..."
"NPCs.sacramentGeneric.moriettaTheFraudulentMystic.eavesdrop2","I know your secrets, the ones you keep even from yourself...","أعرف أسرارك الدفينة؛ تلك التي تخفيها حتى عن نفسك..."
"NPCs.sacramentGeneric.moriettaTheFraudulentMystic.eavesdrop3","Only two people know why you came to Sacrament. You and I...","شخصان فقط يعلمان لِمَ أتيتَ إلى ساكرامنت: أنت، وأنا..."
"NPCs.sacramentGeneric.moriettaTheFraudulentMystic.eavesdrop4","Your truth will not come easily, nor cheaply...","حقيقتك لن تنالها بيسر، ولا بثمن بخس..."
"NPCs.sacramentGeneric.moriettaTheFraudulentMystic.interaction1","Dark deeds swirl around you, stranger. I can see them. I have the gift of insight, and outsight... Do you wish to know more?","أفعال مظلمة تحوم حولك، أيها الغريب؛ أستطيع رؤيتها بوضوح. أوتيتُ موهبة البصيرة، والظاهرة... أترغب في معرفة المزيد؟"
"NPCs.sacramentGeneric.moriettaTheFraudulentMystic.interaction2","Morietta the Touch, that's my name. I know what awaits you. But the secrets of the Unspoken Realm are not given freely.","مورييتا اللامسة، هذا هو اسمي. أعلم ما ينتظرك؛ لكن أسرار عالم الصامتين لا تُبذل بالمجان."
"NPCs.sacramentGeneric.moriettaTheFraudulentMystic.interaction3","That's right - I hear the words and whispers beneath all things. I was taught by the Cerim, a mystical race now all but extinct.","هذا صحيح؛ أسمع الكلمات والهمسات الكامنة وراء كل الأشياء. تتلمذتُ على أيدي السيريم، ذلك العرق الصوفي الذي كاد يندثر تماماً."
"NPCs.sacramentGeneric.moriettaTheFraudulentMystic.interaction4","The Sayer tells me that you... You are of royal upbringing. You are from the west. No! The north. Be still. It's coming to me...","يخبرني الناطق بأنك... نشأتَ نشأة الملوك والنبلاء. أنت قادم من الغرب... كلا، بل من الشمال! اهدأ والزم السكون؛ الرؤيا تتبدى لي..."
"NPCs.sacramentGeneric.moriettaTheFraudulentMystic.var1.eavesdrop","I see you in a high place, and a very low one...","أراك في مكان شاهق العلو، ومكان آخر سحيق للغاية..."
"NPCs.sacramentGeneric.moriettaTheFraudulentMystic.var1.interactionLine1","Yes, you will venture to a deep dark realm of filth and grime... and make a new friend.","نعم، ستغامر بالدخول إلى عالم مظلم وسحيق من القذارة والوحل... وهناك ستصادق رفيقاً جديداً."
"NPCs.sacramentGeneric.moriettaTheFraudulentMystic.var1.interactionLine2","And you will climb to dizzying heights, and the world will open up to you.","وستتسلق قمم شاهقة تدير الرؤوس، وسينفتح العالم بأسره أمامك."
"NPCs.sacramentGeneric.moriettaTheFraudulentMystic.var2.eavesdrop","A vision! You walk among the treetops and rolling hills.","رؤيا تتبدى لي! أنت تسير بين قمم الأشجار والتلال المتموجة."
"NPCs.sacramentGeneric.moriettaTheFraudulentMystic.var2.interactionLine1","I see you in a land of predator and prey, comforting a gentle woodland creature ","أراك في أرض للصياد والطريدة، تواسي مخلوقاً برياً وديعاً من مخلوقات الغاب."
"NPCs.sacramentGeneric.moriettaTheFraudulentMystic.var2.interactionLine2","And what is this? When others won't listen to an old man's song, you kindly ask him to sing on.","وما هذا الذي أراه؟ حين يرفض الآخرون الإصغاء لأغنية شيخ عجوز، تطلب منه بكل لطف أن يواصل شدوه."
"NPCs.sacramentGeneric.moriettaTheFraudulentMystic.var3.eavesdrop","I see a Cerim...","أرى محارب سيريم..."
"NPCs.sacramentGeneric.moriettaTheFraudulentMystic.var3.interactionLine1","Yes, on the horizon. Drawing closer day by day. Do not fear, stranger, a Cerim will soon arrive to save us.","نعم، في الأفق؛ يقترب يوماً بعد يوم. لا تجزع أيها الغريب، فأحد السيريم سيصل قريباً لإنقاذنا."
"NPCs.sacramentGeneric.murgosAndYennisFinishFriends.eavesdropLine1","Think you got one!","أظنك صدتَ واحدة!"
"NPCs.sacramentGeneric.murgosAndYennisFinishFriends.eavesdropLine2","Nah, it's just a bit of sewage.","كلا، إنها مجرد قطعة قذارة من الصرف."
"NPCs.sacramentGeneric.murgosAndYennisFinishFriends.interactionLine1","Who's that? What are you doing! Can't you see I'm concentrating!","من هذا؟ ماذا تفعل! ألا ترى أنني في قمة تركيزي!"
"NPCs.sacramentGeneric.murgosAndYennisFinishFriends.interactionLine10","But I'd have a belly full of fish, wouldn't I?","لكن بطني ستكون عامرة بالسمك، أليس كذلك؟"
"NPCs.sacramentGeneric.murgosAndYennisFinishFriends.interactionLine2","God's reach, that's a Cerim, Murgos. Look at it.","بحق قدرة الإله، إنه أحد السيريم يا مورغوس! انظر إليه."
"NPCs.sacramentGeneric.murgosAndYennisFinishFriends.interactionLine3","A what? A syrup?","سيريم؟ أتقصد شراباً؟"
"NPCs.sacramentGeneric.murgosAndYennisFinishFriends.interactionLine4","No, a Cerim! One of the outcast warriors of legend?","كلا، بل سيريم! أحد المحاربين المنبوذين من الأساطير!"
"NPCs.sacramentGeneric.murgosAndYennisFinishFriends.interactionLine5","Never heard of 'em, don't care. All I see is an ugly sod frightening the fishes.","لم أسمع بهم قط، ولا أبالي. كل ما أراه هو وجه قبيح يفزع الأسماك ويبعدها."
"NPCs.sacramentGeneric.murgosAndYennisFinishFriends.interactionLine6","There aren't no fish here, and you know it. We oughta go back to the sea - now that was a proper spot!","ليس هناك أي سمك هنا وأنت تعلم ذلك جيداً. ينبغي لنا العودة إلى شاطئ البحر؛ ذلك كان الموقع المثالي بحق!"
"NPCs.sacramentGeneric.murgosAndYennisFinishFriends.interactionLine7","What, back to the ship graveyard? The place patrolled by deranged ferals what breathe poisonous gases?","ماذا، العودة إلى مقبرة السفن؟ ذلك المكان الذي تجوبه وحوش برية مسعورة تنفث الغازات السامة؟"
"NPCs.sacramentGeneric.murgosAndYennisFinishFriends.interactionLine8","Yes. That's the one. Waters brimming with catch, they were. All we have to do is avoid the ferals' territory.","نعم، هو بالتحديد! كانت المياه تغص بالصيد الوفير. كل ما علينا فعله هو تجنب أراضي تلك الوحوش."
"NPCs.sacramentGeneric.murgosAndYennisFinishFriends.interactionLine9","The whole bloody place is their territory! I swear, you'd be dead five times over it weren't for me.","المكان اللعين بأسره أرض تابعة لها! أقسم أنك كنتَ لتموت خمس مرات لولاي."
"NPCs.sacramentGeneric.murgosAndYennisFinishFriends.retalk","Ship graveyard... They’d be feeding you to the fish sooner than you’d be catching any...","مقبرة السفن... سيطعمونك للسمك قبل أن تتمكن من صيد سمكة واحدة..."
"NPCs.sacramentGeneric.nevilleAndBjornGossipingMen.TalkALine1","They were backwater scavengers! Nothing but thieves on the road. ","كانوا مجرد نباشين متخلفين! ليسوا سوى لصوص يقطعون الطرق."
"NPCs.sacramentGeneric.nevilleAndBjornGossipingMen.TalkALine2","You can't still think that. ","يستحيل أن تظل معتقداً ذلك حتى الآن."
"NPCs.sacramentGeneric.nevilleAndBjornGossipingMen.TalkBLine1","But that's the point! Time was, they couldn't mount a horse, let alone an attack like that. ","لكن هذا هو مربط الفرس! في الماضي لم يكونوا قادرين على امتطاء حصان، ناهيك عن شن هجوم بتلك الضراوة."
"NPCs.sacramentGeneric.nevilleAndBjornGossipingMen.TalkBLine2","It's that Darak. They say he drives them like a wildfire. ","إنه داراك؛ يقولون إنه يسوقهم كحريق غابة مستعر."
"NPCs.sacramentGeneric.nevilleAndBjornGossipingMen.TalkCLine1","Ellsworth should've burned Lion's Mound to the ground when he had the chance. ","كان ينبغي لإلسورث حرق ربوة الأسد وتسويتها بالأرض حين سنحت له الفرصة."
"NPCs.sacramentGeneric.nevilleAndBjornGossipingMen.TalkCLine2","Ellsworth's not a warlord, he's a politician. ","إلسورث ليس بأمير حرب، بل هو رجل سياسة."
"NPCs.sacramentGeneric.nevilleAndBjornGossipingMen.TalkDLine1","Ha! And look where that's got him. Now they're scratching at our door. ","ها! وانظر إلى أين قاده ذلك؛ ها هم الآن يخربشون على أبوابنا."
"NPCs.sacramentGeneric.nevilleAndBjornGossipingMen.TalkDLine2","I heard Odel was on the bridge when it happened. Poor bastard. ","سمعتُ أن أوديل كان على الجسر حين وقع الهجوم؛ مسكين وبائس."
"NPCs.sacramentGeneric.nevilleAndBjornGossipingMen.TalkELine1","Aye, Sacrament lost a lot of good soldiers out there. ","أجل، فقدت ساكرامنت الكثير من خيرة جنودها هناك."
"NPCs.sacramentGeneric.nevilleAndBjornGossipingMen.TalkELine2","If they ever breach our walls, I'll go down swinging, mark my words. ","إن اخترقوا أسوارنا يوماً، فسأموت وسيفي يقاتل بيدي، تذكر كلماتي جيداً."
"NPCs.sacramentGeneric.nevilleAndBjornGossipingMen.afterBreach.eavesdrop","Need to pack my bags... Get out while I still can.","عليّ حزم حقائبي... والخروج بينما ما زلتُ قادراً على ذلك."
"NPCs.sacramentGeneric.nevilleAndBjornGossipingMen.afterBreach.interaction1Line1Neville","Mabel says she heard from Hala that you two are making for Phalen. That can't be true, can it?","تقول مابل إنها سمعت من هالة أنكما تجهزان للرحيل إلى فالن. لا يمكن أن يكون هذا صحيحاً، أليس كذلك؟"
"NPCs.sacramentGeneric.nevilleAndBjornGossipingMen.afterBreach.interaction1Line2Bjorn","If Ellsworth wants to lead a hopeless war against the plague itself, he can do it without my help.","إن أراد إلسورث خوض حرب ميؤوس منها ضد الوباء ذاته، فبإمكانه فعل ذلك دون عوني."
"NPCs.sacramentGeneric.nevilleAndBjornGossipingMen.afterBreach.interaction1Line3Neville","Come on now, friend, don't be hasty. We've weathered worse.","هون عليك يا صديقي، لا تتعجل؛ لقد تجاوزنا ما هو أسوأ من هذا بكثير."
"NPCs.sacramentGeneric.nevilleAndBjornGossipingMen.afterBreach.interaction1Line4Bjorn","Have we? There are demons in the sky, Neville.","أتجاوزناه حقاً؟ ثمة شياطين تحلق في كبد السماء يا نيفيل."
"NPCs.sacramentGeneric.nevilleAndBjornGossipingMen.afterBreach.interaction2Line1Neville","It's a fine mess, I'll give you that. ","إنها ورطة حقيقية وفوضى عارمة، سأعترف لك بذلك."
"NPCs.sacramentGeneric.nevilleAndBjornGossipingMen.afterBreach.interaction2Line2Neville","So why don't we go toast our doom at the tavern?","ففيمَ لا نذهب إذاً لننخب كأس هلاكنا في الحانة؟"
"NPCs.sacramentGeneric.nevilleAndBjornGossipingMen.afterBreach.interaction2Line3Bjorn","This is no jest. Hala and I are leaving. And you and Mabel should do the same.","هذا ليس وقت المزاح! سنرحل أنا وهالة، ويجدر بك أنت ومابل أن تحذوا حذونا."
"NPCs.sacramentGeneric.nevilleAndBjornGossipingMen.afterBreach.retalkLine1Neville","But... who will I argue with?","ولكن... مع من سأجادل وأختلف بعدك؟"
"NPCs.sacramentGeneric.nevilleAndBjornGossipingMen.afterBreach.retalkLine2Bjorn","Where did I leave my damned boots?","أين وضعتُ حذائي اللعين يا ترى؟"
"NPCs.sacramentGeneric.nevilleAndBjornGossipingMen.eavesdrop1","Should have never have let the Risen take the Keep... ","ما كان ينبغي السماح للناهضين بالاستيلاء على الحصن القديم قط..."
"NPCs.sacramentGeneric.nevilleAndBjornGossipingMen.retalk1","Don't worry, my friend. The Pestilence will get us first!","لا تقلق يا صديقي؛ فالوباء سيقتنصنا أولاً على أية حال!"
"NPCs.sacramentGeneric.nevilleAndBjornGossipingMen.retalk2","Where'd you tell Hala you're off to today? Mabel thinks I'm splitting firewood.","إلى أين أخبرتَ هالة أنك ذاهب اليوم؟ مابل تحسبني أقطع حطب التدفئة."
"NPCs.sacramentGeneric.nikoTheWorriedWell.eavesdrop","That's it! The Pestilence is taking me...","هذا هو! الوباء يفتك بي..."
"NPCs.sacramentGeneric.nikoTheWorriedWell.interaction1","Oh! Keep your distance... I can feel it. The plague, coursing through my veins. I promise you.","أوه! ابقَ بعيداً عني... أستطيع الشعور به؛ الوباء يسري في عروقي، أقسم لك."
"NPCs.sacramentGeneric.nikoTheWorriedWell.interaction2","I know what it was. I brushed against one of those plants, in the Marin Woods. Now I can feel it prickling my skin... I'm infected, I am.","أعلم مصدر العدوى؛ لقد احتككتُ بإحدى تلك النباتات في غابات مارين، والآن أشعر بها توخز جلدي... أنا مصاب، مصاب لا محالة."
"NPCs.sacramentGeneric.nikoTheWorriedWell.interaction3","All it takes is a pinprick. Believe me, it's insidious. One minute, you're a person. The next - you're the shambling, screeching Torn.","وخزة إبرة صغيرة تكفي؛ صدقني، إنه داء خبيث وماكر. في لحظة تكون إنساناً سوياً، وفي اللحظة التالية تستحيل مسخاً ممزقاً يترنح ويصرخ."
"NPCs.sacramentGeneric.nikoTheWorriedWell.interaction4","Hold your breath around me! It's in my legs right now... But it's working its way up. Only a matter of time. ","احبس أنفاسك وأنت جواري! الداء في ساقيّ الآن... لكنه يشق طريقه صاعداً؛ المسألة مسألة وقت فحسب."
"NPCs.sacramentGeneric.nulaTheTravelingDoctor.eavesdrop","Are you feeling ill, stranger?","أتشعر بأي سقم، أيها الغريب؟"
"NPCs.sacramentGeneric.nulaTheTravelingDoctor.eavesdrop2","There may be no stopping this scourge.","قد لا تكون هناك أي وسيلة لوقف هذا البلاء المستطير."
"NPCs.sacramentGeneric.nulaTheTravelingDoctor.eavesdrop3","It's spreading like a flood...","إنه ينتشر كالطوفان الجارف..."
"NPCs.sacramentGeneric.nulaTheTravelingDoctor.interaction1","I fear Caylen lost to the sickness, but I haven't given up hope for the rest of our fair isle.","أخشى أن كايلن قد هلكت وفقدت للسقم، لكنني لم أفقد الأمل في بقية أرجاء جزيرتنا الغالية."
"NPCs.sacramentGeneric.nulaTheTravelingDoctor.interaction2","If my patients want the comfort of a prayer, who am I to deny them such frivolities?","إن التمس مرضاي السلوان في دعاء وصلوات، فمن أكون لأحرمهم من مثل هذا الترويح عن النفس؟"
"NPCs.sacramentGeneric.nulaTheTravelingDoctor.interaction3","I've never seen symptoms like it, and I can discern no pattern to its spread, but I do what I can to ease their pain.","لم أرَ قط أعراضاً كهذه، ولا أكاد أتبين أي نمط لتفشيه؛ لكنني أبذل كل ما في وسعي لتسكين آلامهم."
"NPCs.sacramentGeneric.nulaTheTravelingDoctor.interaction4","I can't say I buy into all this mystical claptrap, but there's certainly a plague afoot.","لا يسعني القول إنني أصدق كل هذه الترهات الصوفية؛ لكن ثمة وباء حقيقي يفتك بالناس بلا شك."
"NPCs.sacramentGeneric.nulaTheTravelingDoctor.var1.eavesdrop","Were you just in Marin, traveler?","أكنتَ في مارين لتتوك، أيها المسافر؟"
"NPCs.sacramentGeneric.nulaTheTravelingDoctor.var1.interactionLine1","I hear a strange form of the sickness took hold there. A sort of mass psychosis. ","سمعتُ أن شكلاً غريباً من المرض استشرى هناك؛ نوع من الذهان والهلوسة الجماعية."
"NPCs.sacramentGeneric.nulaTheTravelingDoctor.var1.interactionLine2","Perhaps I shall visit, see if I can be of service. And hopefully dispel some of these superstitious rumors.","ربما أزور القرية لأرى إن كان بوسعي المساعدة، ولأفند بعض تلك الشائعات الخرافية."
"NPCs.sacramentGeneric.nulaTheTravelingDoctor.var2.eavesdrop","I don't understand it.","أنا لا أفهم ذلك."
"NPCs.sacramentGeneric.nulaTheTravelingDoctor.var2.eavesdrop2","There is still evil here...","ما زال هناك شر يتربص هاهنا..."
"NPCs.sacramentGeneric.nulaTheTravelingDoctor.var2.eavesdrop3","I should have come sooner.","كان ينبغي لي القدوم في وقت أبكر."
"NPCs.sacramentGeneric.nulaTheTravelingDoctor.var2.interactionLine1","There's no rhyme nor reason to why some have recovered and others appear in a fugue. ","ما من منطق ولا سبب مفهوم لشفاء البعض بينما يغرق آخرون في حالة من الذهول وفقدان الوعي."
"NPCs.sacramentGeneric.nulaTheTravelingDoctor.var2.interactionLine2","They speak of voices. Of ""him."" They sway in place or wander into the Woods. And they simply... waste away.","يتحدثون عن أصوات غامضة، وعن «هو»؛ يترنحون في أماكنهم أو يهيمون في الغابة، ثم ببساطة... يذبلون ويفنون."
"NPCs.sacramentGeneric.nulaTheTravelingDoctor.var2.retalk","I refuse to concede - I won't leave this village until I've healed them.","أرفض الاستسلام والإقرار بالهزيمة؛ لن أغادر هذه القرية حتى أشفيهم جميعاً."
"NPCs.sacramentGeneric.omsaTheLostFaithDasha.eavesdrop","The gods have left us, if they ever even existed.","لقد تخلت عنا الآلهة، هذا إن كانت وُجدت أصلاً."
"NPCs.sacramentGeneric.omsaTheLostFaithDasha.eavesdrop2","Our own Mender was powerless against him...","حتى معالجنا الخاص وقف عاجزاً أمامه..."
"NPCs.sacramentGeneric.omsaTheLostFaithDasha.eavesdrop3","There's no beauty left in the Marin Woods.","لم يعد هناك أي بهاء في غابات مارين."
"NPCs.sacramentGeneric.omsaTheLostFaithDasha.eavesdrop4","I doubt I'll be any safer here in Sacrament.","أشك في أنني سأكون أكثر أماناً هنا في ساكرامنت."
"NPCs.sacramentGeneric.omsaTheLostFaithDasha.interaction1","The Pestilence brought Marin to its knees, and where was the Mother? The Maker? The Seeker?","جثى الوباء بقرية مارين على ركبتيها، فأين كانت الأم؟ وأين كان الصانع؟ وأين كان الساعي؟"
"NPCs.sacramentGeneric.omsaTheLostFaithDasha.interaction2","If I don't believe, then I'm not Dasha. And if I'm not Dasha, I have no place in Marin Village.","إن كنتُ لا أؤمن، فلستُ من الداشا؛ وإن لم أكن من الداشا، فلا مكان لي في قرية مارين."
"NPCs.sacramentGeneric.omsaTheLostFaithDasha.interaction3","I realize now how foolish I was, praying to a circle of stones. The rocks aren't listening.","أدرك الآن كم كنتُ حمقاء بالصلاة لدائرة من الحجارة؛ فالصخور الصماء لا تسمع أحداً."
"NPCs.sacramentGeneric.omsaTheLostFaithDasha.interaction4","If there is a god, it's the Forsaken alone, calling us to our end. The others are just children's stories.","إن كان هناك إله حقاً، فهو المنبوذ وحده؛ يدعونا لنلاقي نهايتنا المحتومة. أما الباقون فمجرد أساطير يُنوّم بها الأطفال."
"NPCs.sacramentGeneric.orisonHaleyTheAbbot.eavesdrop","The church welcomes all, traveler.","الكنيسة ترحب بالجميع، أيها المسافر."
"NPCs.sacramentGeneric.orisonHaleyTheAbbot.firstInteractionLine1","Is that...? It can't be... A Cerim, in Sacrament!","أهذا...؟ لا يعقل... أحد السيريم، في ساكرامنت!"
"NPCs.sacramentGeneric.orisonHaleyTheAbbot.firstInteractionLine2","Welcome, welcome. I'm the Orison here. Orison Haley. ","مرحباً، أهلاً وسهلاً بك. أنا الأوريسون هنا؛ الأوريسون هيلي."
"NPCs.sacramentGeneric.orisonHaleyTheAbbot.firstInteractionLine3","God speaks in countless voices, and I am but one of his humblest. ","يتحدث الإله بأصوات لا حصر لها، وما أنا إلا أضعف أصواته وأكثرها تواضعاً."
"NPCs.sacramentGeneric.orisonHaleyTheAbbot.firstInteractionLine4","Try not to be intimidated by those Inquisitors marching around. The Church is a place of peace.","حاول ألا تفزعك جحافل محاكم التفتيش التي تجوب الأرجاء؛ فالكنيسة واحة للسلام والسكينة."
"NPCs.sacramentGeneric.orisonHaleyTheAbbot.firstInteractionLine5","It is when we are still that we are most likely to feel God's hands upon our shoulder.","ففي أوقات سكوننا وهدوئنا يرجح أن نستشعر لمسة أيادي الإله الحانية على أكتافنا."
"NPCs.sacramentGeneric.orisonHaleyTheAbbot.retalk","Strange as it is to say, this island made a better man of me. I hope it will do the same for you.","مهما بدا القول غريباً، فإن هذه الجزيرة جعلت مني رجلاً أفضل؛ وآمل أن تفعل الشيء ذاته معك."
"NPCs.sacramentGeneric.orisonHaleyTheAbbot.secondInteractionLine1","We are all but the hands of the one true God.","لسنا جميعاً سوى أيادي الإله الحق الأوحد."
"NPCs.sacramentGeneric.orisonHaleyTheAbbot.secondInteractionLine2","And yet... it is your kind who are said to share one mind, one soul, between you. I believe you call it the Untold, yes? ","ومع ذلك... يُقال إن بني جنسك يشتركون في عقل واحد، وروح واحدة تجمع بينكم. أظنكم تسمون ذلك «المسكوت عنه»، أليس كذلك؟"
"NPCs.sacramentGeneric.orisonHaleyTheAbbot.secondInteractionLine3","All the world spoken into being by your Sayer, with our silences and shouts watched over by the Cerim.","العالم بأسره وُجد ونطق به ناطقكم، بينما يسهر السيريم على صلواتنا وصيحاتنا."
"NPCs.sacramentGeneric.orisonHaleyTheAbbot.secondInteractionLine4","A lovely sentiment. And who knows - perhaps we are all servants of the same being, if only under a different name.","مشاعر نبيلة وبديعة. ومن يدري؛ فربما كنا جميعاً خداماً للكيان ذاته، وإن اختلفت الأسماء."
"NPCs.sacramentGeneric.orisonHaleyTheAbbot.thirdInteractionLine1","This house is a trifle compared to the great cathedral in Phalen... Or the one in Caylen, for that matter!","هذا البيت المتواضع لا يقارن بالكاتدرائية الكبرى في فالن... أو بتلك التي في كايلن، في هذا الصدد!"
"NPCs.sacramentGeneric.orisonHaleyTheAbbot.thirdInteractionLine2","But still, this is God's den here in Sacrament, his embrace made manifest.","ولكن مع ذلك، هذا عرين الإله هنا في ساكرامنت، وعناقه متجسد عياناً."
"NPCs.sacramentGeneric.orisonHaleyTheAbbot.thirdInteractionLine3","The mainland might frown upon me welcoming Dasha into these walls, but what is salvation without those worth saving?","قد تستنكر القارة ترحيبي بشعب الداشا داخل هذه الأسوار، ولكن ما قيمة الخلاص إن لم يشمل أولئك الجديرين بالنجاة؟"
"NPCs.sacramentGeneric.orisonHaleyTheAbbot.thirdInteractionLine4","They're good people, kind and generous, even in the face of generations of suffering.","إنهم قوم طيبون، كرام أسخياء، حتى في وجه أجيال من المعاناة."
"NPCs.sacramentGeneric.orisonHaleyTheAbbot.thirdInteractionLine5","And their Mender in Marin - Irmgard - is a wise woman with a sharp tongue. Have you met her?","ومُصلحتهم في مارين - إيرمغارد - امرأة حكيمة ذات لسان سليط. هل التقيت بها؟"
"NPCs.sacramentGeneric.orumTheStonemason.eavesdrop","Oy, Cerim! This is your fault! You did this!","أوي، يا سيريم! هذا خطؤك أنت! أنت من جلب هذا البلاء!"
"NPCs.sacramentGeneric.orumTheStonemason.interactionLine1","They’ve shut me down! Run me out on the street! All thanks to you and your ilk.","أغلقوا دكاني! وطردوني إلى الشارع! كل ذلك بفضلك وبفضل أمثالك."
"NPCs.sacramentGeneric.orumTheStonemason.interactionLine2","I’m Sacrament's stonemason, just like my father, and his before him. That’s my shop over there, through the cemetery. ","أنا بنّاء الحجارة في ساكرامنت، كأبي من قبلي، وجدي من قبله. ذلك دكاني هناك، عبر المقبرة."
"NPCs.sacramentGeneric.orumTheStonemason.interactionLine3","But now, BAH! ... Shuttered. Disgraced. The whole place beset by leeches!","أما الآن، باه! ...أُغلق الدكان وأُهنتُ وشوهت سمعتي، والمكان كله محاصر بالعلق الماص للدماء!"
"NPCs.sacramentGeneric.orumTheStonemason.interactionLine4","...and now I’m shut down on Ellsworth’s orders! He’s got some academic rooting around, claiming it’s a “site of interest.” ","...والآن أُغلقت ورشتي بأمر من إلسورث! أرسل باحثة أكاديمية تنبش في الأرجاء، مدعية أنه «موقع أثري ذو أهمية»."
"NPCs.sacramentGeneric.orumTheStonemason.interactionLine5","Pfft, site of interest! All your kind ever did was not wipe out the Pestilence! ","بفف، موقع ذو أهمية! كل ما برع فيه بنو جنسك هو العجز عن استئصال الوباء!"
"NPCs.sacramentGeneric.orumTheStonemason.interactionLine6","You better fix this, Cerim. Or I will.","أصلح هذه الورطة فوراً، أيها السيريم، وإلا أصلحتها أنا بنفسي."
"NPCs.sacramentGeneric.orumTheStonemason.retalkLine1","Soldiers dying on the daily, and who will remember them? There’ll be an unmarked grave soon enough.","يسقط الجنود صرعى كل يوم، فمن سيخلد ذكراهم؟ قريباً ستكون المقابر كلها بلا شواهد ولا أسماء."
"NPCs.sacramentGeneric.orumTheStonemason.retalkLine2","They’re your ruins. Go tell that dormouse to leave them be.","إنها أطلالكم أنتم؛ اذهب وأخبر ذلك الفأر الصغير بأن يدعها وشأنها."
"NPCs.sacramentGeneric.petraShyWoman.eavesdrop","I'll never meet anyone... ","لن ألتقي بأحد أبداً..."
"NPCs.sacramentGeneric.petraShyWoman.interactionLine1","Oh. Excuse me. Don't mind me. I'm sorry.","أوه، المعذرة. لا تبالِ بي؛ أنا آسفة."
"NPCs.sacramentGeneric.petraShyWoman.interactionLine10","Oh, why do you keep pestering me?","أوه، لِمَ تواصل إزعاجي وملاحقتي؟"
"NPCs.sacramentGeneric.petraShyWoman.interactionLine11","I suppose I could stop by, just for a minute. But only so you'll leave me alone.","أظن أن بإمكاني المرور، لدقيقة واحدة فقط؛ ولكن فقط لتتركني وشأني."
"NPCs.sacramentGeneric.petraShyWoman.interactionLine2","You don't want to talk to me. No one ever wants to talk to me.","أنت لا ترغب في الحديث إليّ؛ لا أحد يرغب في الحديث إليّ أبداً."
"NPCs.sacramentGeneric.petraShyWoman.interactionLine3","There was a time when I thought I might meet someone, here in Sacrament, but... Well, I mostly just stay home now.","كان هناك زمن ظننتُ فيه أنني قد أتعرف على شخص ما، هنا في ساكرامنت، ولكن... حسناً، ألازم بيتي في الغالب الآن."
"NPCs.sacramentGeneric.petraShyWoman.interactionLine4","I was going to head to the Dusty Loom, but - what's the point? I'll just go home instead.","كنتُ أنوي التوجه إلى نول الغبار، ولكن... ما الجدوى؟ سأعود إلى بيتي بدلاً من ذلك."
"NPCs.sacramentGeneric.petraShyWoman.interactionLine5","It's loud there, and it smells. Yes, I'm better off at home.","المكان صاخب هناك، ورائحته كريهة؛ نعم، أنا في حال أفضل بكثير في منزلي."
"NPCs.sacramentGeneric.petraShyWoman.interactionLine6","I said there's no point in going to the tavern. I'll just stay in. ","قلتُ لك إنه لا طائل من الذهاب إلى الحانة؛ سأبقى في البيت فحسب."
"NPCs.sacramentGeneric.petraShyWoman.interactionLine7","I... I don't know why you're still talking to me. ","أنا... لا أدري لِمَ ما زلتَ تتحدث إليّ."
"NPCs.sacramentGeneric.petraShyWoman.interactionLine8","I don't want to go out. I'm all right on my own.","لا أريد الخروج؛ أنا بألف خير بمفردي."
"NPCs.sacramentGeneric.petraShyWoman.interactionLine9","Please, just leave me be. I'm not going. ","أرجوك، دعني وشأني فقط؛ لن أذهب."
"NPCs.sacramentGeneric.petraShyWoman.retalk","All right, I'll go to the tavern. But I don't know why. ","حسناً، حسناً! سأذهب إلى الحانة؛ مع أنني لا أدري لِمَ أفعل ذلك."
"NPCs.sacramentGeneric.petraShyWoman.var1.interactionLine1","Hello again. Yes, I'm here, look. Does it make you feel smug?","مرحباً مجدداً. نعم، ها أنا ذا هنا، انظر؛ أتشعر بالغرور والرضا عن نفسك الآن؟"
"NPCs.sacramentGeneric.petraShyWoman.var1.interactionLine2","This place is just as hopeless as I remember. The only ones who come here are drunks. And it smells like sawdust.","هذا المكان بائس وميؤوس منه تماماً كما أذكره؛ من يرتاده ليسوا سوى سكارى، وتفوح منه رائحة نشارة الخشب."
"NPCs.sacramentGeneric.petraShyWoman.var1.interactionLine3","Oh, why did I listen to you? What did I think was going to happen?","أوه، لِمَ استمعتُ إلى كلامك؟ ماذا حسبتُ أنه سيحدث أصلاً؟"
"NPCs.sacramentGeneric.petraShyWoman.var1.retalk","I guess I might as well have one more pint. ","أظن أنه لا بأس بأن أتناول كأساً أخرى إذاً."
"NPCs.sacramentGeneric.philoniaTheRefugee.eavesdrop","I can't stop shaking...","لا أستطيع التوقف عن الارتجاف..."
"NPCs.sacramentGeneric.philoniaTheRefugee.eavesdrop2","My skin feels electric.","أكاد أشعر بشحنات تسري في جلدي."
"NPCs.sacramentGeneric.philoniaTheRefugee.eavesdrop3","Do you know what it means to be alive?","أتدري ما معنى أن تكون على قيد الحياة حقاً؟"
"NPCs.sacramentGeneric.philoniaTheRefugee.eavesdrop4","The sky... They were everywhere...","السماء... كانت تعج بها في كل صوب..."
"NPCs.sacramentGeneric.philoniaTheRefugee.interaction1","I grabbed everything I could and ran for Sacrament's walls. Gods, my heart still hasn't stopped racing.","انتزعتُ كل ما استطعتُ حمله وركضتُ نحو أسوار ساكرامنت؛ يا إلهي، قلبي لم يهدأ خفقانه المتسارع حتى الآن."
"NPCs.sacramentGeneric.philoniaTheRefugee.interaction2","Those things, swooping down from above, people screaming. I felt so... alive. I mean, I wanted to live.","تلك المخلوقات وهي تهوي من الأعالي، وصراخ الناس يملأ الأرجاء... شعرتُ بأنني... مفعمة بالحياة؛ أعني أنني تشبثتُ بالحياة بكل ما أوتيت."
"NPCs.sacramentGeneric.philoniaTheRefugee.interaction3","They're asking for volunteers to venture out, gather supplies that were left behind. Maybe I should...","يطلبون متطوعين للخروج وجمع المؤن التي خُلّفت وراءنا؛ ربما يجدر بي..."
"NPCs.sacramentGeneric.philoniaTheRefugee.interaction4","The fear... it's like a color that I never saw before this moment. Is this what battle feels like, Cerim?","الخوف... كأنه لون لم أره في حياتي قبل هذه اللحظة. أهذا هو شعور المعركة بحق يا سيريم؟"
"NPCs.sacramentGeneric.philoniaTheRefugee.interaction5","They killed Pavos, they killed Lurina. And yet everything tastes better, sounds sharper, feels more real.","لقد قتلوا بافوس، وقتلوا لورينا؛ ومع ذلك، يبدو كل طعام أشهى، وكل صوت أوضح، وكل شعور أكثر حقيقة وعمقاً."
"NPCs.sacramentGeneric.piersScaredOfCerim.eavesdrop","Stay back! I'll not be pulled into the void today.","تراجع إلى الخلف! لن أُسحب إلى العدم والخواء اليوم."
"NPCs.sacramentGeneric.piersScaredOfCerim.eavesdrop2","I won't let your occult dabblings put my life at hazard.","لن أدع شعوذتك وطقوسك المظلمة تعرض حياتي للخطر."
"NPCs.sacramentGeneric.piersScaredOfCerim.eavesdrop3","Keep a wide berth, Cerim.","الزم مسافة بعيدة عني، أيها السيريم."
"NPCs.sacramentGeneric.piersScaredOfCerim.eavesdrop4","You're not just Unspoken - you're unwanted.","لستَ صامتاً فحسب؛ بل أنت غير مرغوب فيك إطلاقاً."
"NPCs.sacramentGeneric.piersScaredOfCerim.interaction1","Charming! Some find it charming - the way you rip apart the world, then put it back again. Charming.","ساحر وبديع! يرى البعض في ذلك سحراً وبهاءً؛ كيف تمزقون العالم ثم تعيدون رتقه من جديد. يا للروعة المصطنعة!"
"NPCs.sacramentGeneric.piersScaredOfCerim.interaction2","I know the workings of your kind. Speaking what should remain unsaid, whispering at the edges of our world. It's unnatural.","أعرف حقيقة بني جنسك ومساعيهم؛ تنطقون بما ينبغي أن يظل مسكوتاً عنه، وتهمسون عند حواف عالمنا. إنه أمر منافٍ للفطرة."
"NPCs.sacramentGeneric.piersScaredOfCerim.interaction3","How many of you have there been? A hundred? A thousand? Your life ends, your story finished. Yet you speak yourself anew. This is not what God intended.","كم كان عددكم على مر العصور؟ مائة؟ ألف؟ تنتهي حياتك، وتُختتم قصتك؛ ومع ذلك تنطق بوجودك من جديد. ليس هذا ما أراده الإله قط."
"NPCs.sacramentGeneric.piersScaredOfCerim.interaction4","More and more of them, I've heard them. Ever since you set foot on Sacra. The Whispers – gashes in the sanctity of our world. ","أسمع المزيد والمزيد منها منذ وطأت قدماك أرض ساكرا؛ تلك الهمسات... جروح غائرة في قدسية عالمنا وطهارته."
"NPCs.sacramentGeneric.pioTheNaturePainter.eavesdrop","Mm-mmm-mm... And the leaves... upon the wind... Mm-mmm... Never more... Mm-hmm, again...","مم-ممم-مم... وأوراق الشجر... في مهب الريح... مم-ممم... لن تتكرر أبداً... مم-همم، من جديد..."
"NPCs.sacramentGeneric.pioTheNaturePainter.interaction1","Hello, traveler. Yes, you may look upon my work. But it is not finished yet. It is never finished.","مرحباً بك، أيها المسافر. نعم، يمكنك إلقاء نظرة على لوحتي؛ لكنها لم تكتمل بعد. إنها لا تكتمل أبداً."
"NPCs.sacramentGeneric.pioTheNaturePainter.interaction2","Inspiration is like water... Snaking its way across the dirt. It knows not where it goes, but where it goes is always right.","الإلهام كالماء... ينساب متعرجاً فوق التراب. لا يدري أين يمضي، لكن حيثما مضى يكون دوماً على صواب."
"NPCs.sacramentGeneric.pioTheNaturePainter.interaction3","I used to paint in the woods outside the city's walls. The Marin forest... What a place, what a haven of beauty.","اعتدتُ الرسم في الغابات خارج أسوار المدينة؛ غابة مارين... يا له من مكان بديع، واحة حقيقية من الجمال والسحر."
"NPCs.sacramentGeneric.pioTheNaturePainter.interaction4","It's safer to paint inside the city now... No deviant fowl here. No feathered men. No... None at all... ","الرسم داخل أسوار المدينة أكثر أماناً الآن... لا طيور شاذة وممسوخة هنا، ولا رجال يرتدون الريش؛ لا وجود لأي منهم قط..."
"NPCs.sacramentGeneric.prisoners.avaTheSick.eavesdrop","ohhhhhh, I didn't ask for any.... maybe tomorrow.... ohhhh","أوههههه، لم أطلب شيئاً من هذا.... ربما غداً.... أوهههه"
"NPCs.sacramentGeneric.prisoners.avaTheSick.interaction1","Not fit for the dogs... We had two of them...","لا يصلح حتى للكلاب... كان لدينا اثنان منها..."
"NPCs.sacramentGeneric.prisoners.avaTheSick.interaction2","Look at it, just look at it! There! Hiding under my skin. Between my bones...","انظر إليه، انظر إليه فقط! هناك! يختبئ تحت جلدي، بين عظامي..."
"NPCs.sacramentGeneric.prisoners.avaTheSick.interaction3","Please... water... no, not to drink... just to, to...","أرجوكم... ماء... لا، ليس للشرب... فقط لـ، لـ..."
"NPCs.sacramentGeneric.prisoners.avaTheSick.interaction4","I've been here before... I've done this before... But YOU weren't here...","لقد كنتُ هنا من قبل... فعلتُ هذا من قبل... لكنك لم تكن هنا..."
"NPCs.sacramentGeneric.prisoners.halericTheSkittish.eavesdrop","I don't think she's well...","لا أظنها على ما يرام..."
"NPCs.sacramentGeneric.prisoners.halericTheSkittish.interaction1","Listen, friend - think you could get the guards to move my cage a bit farther from Ava?","أنصت يا صديقي؛ أتظنك تستطيع إقناع الحراس بنقل قفصي أبعد قليلاً عن آفا؟"
"NPCs.sacramentGeneric.prisoners.halericTheSkittish.interaction2","I did what I did, and I'll pay for it, but I don't need to be catching whatever she's got.","فعلتُ ما فعلت وسأدفع ثمن خطيئتي، لكنني لستُ مضطراً للإصابة بأي وباء تحمله هي."
"NPCs.sacramentGeneric.prisoners.halericTheSkittish.interaction3","Can't even sleep – she's up all night moaning about... well if you understand it, you're wiser than I.","لا أكاد أذوق طعم النوم؛ تقضي ليلها كله تئن وتولول عن... حسناً، إن كنتَ تفهم ما تقول فأنت أكثر حكمة مني."
"NPCs.sacramentGeneric.prisoners.halericTheSkittish.interaction4","Put a sword in my hand and put me on the wall. Rather die there than puking my guts out.","ضعوا سيفاً في يدي وانقلوني إلى السور؛ أفضل الموت هناك على التقيؤ حتى تخرج أحشائي."
"NPCs.sacramentGeneric.prisoners.losannaTheRisen.eavesdrop","You're the one in a cage, mate. Not me.","أنت هو السجين الحقيقي يا صاح، ولستُ أنا."
"NPCs.sacramentGeneric.prisoners.losannaTheRisen.interaction1","No banquets in Lion's Mound, no castles to hide inside either. But we're free. Can you say the same?","ما من ولائم في ربوة الأسد، ولا قلاع نختبئ داخلها؛ لكننا أحرار، فهل تستطيع أنت قول الشيء ذاته؟"
"NPCs.sacramentGeneric.prisoners.losannaTheRisen.interaction2","Mainland puts a leash around your neck and you think you're something special? You're a dog, that's all.","تضع القارة الأم قيداً وطوقاً حول عنقك، وتحسب نفسك مميزاً؟ أنت مجرد كلب طائع، هذا كل ما في الأمر."
"NPCs.sacramentGeneric.prisoners.losannaTheRisen.interaction3","Ellsworth, Elias Graftston, the Lords of Tir - just puppets of the king. Hang 'em all.","إلسورث، وإلياس غرافتسون، ولوردات تير؛ ليسوا سوى دمى يحركها الملك كيف يشاء. فليُشنقوا جميعاً."
"NPCs.sacramentGeneric.prisoners.losannaTheRisen.interaction4","Revolutions are fed by blood. If that's to be my own, so be it.","الثورات ترويها الدماء؛ وإن كان مقدراً لدمي أن يكون ثمناً لها، فليكن ما يكون."
"NPCs.sacramentGeneric.quartermasterTemon.afterBreach.eavesdrop1","Just need a few more copper and a few more men.","أحتاج فقط لمزيد من النحاس وبضعة رجال إضافيين."
"NPCs.sacramentGeneric.quartermasterTemon.afterBreach.eavesdrop2","I'll be damned if they bury me on Sacra.","سأكون ملعوناً إن سمحتُ لهم بدفني على أرض ساكرا."
"NPCs.sacramentGeneric.quartermasterTemon.afterBreach.eavesdrop3","How soon am I setting sail? Yesterday.","متى سأبحر؟ كان ينبغي أن أبحر بالأمس."
"NPCs.sacramentGeneric.quartermasterTemon.afterBreach.eavesdrop4","The doom from the Mountain Gate will cover this whole island soon.","الهلاك القادم من بوابة الجبل سيغطي هذه الجزيرة بأسرها قريباً."
"NPCs.sacramentGeneric.quartermasterTemon.afterBreach.randomLine1","I'm putting together a crew to sail off this god forsaken rock. I'll take beasts of the deep over demons in the sky any day.","أجمع طاقماً للإبحار والفرار من هذه الصخرة الملعونة؛ أفضل مواجهة وحوش الأعماق في أي يوم على شياطين السماء."
"NPCs.sacramentGeneric.quartermasterTemon.afterBreach.randomLine2","I've got a lead on a skiff, might do the trick.  But I'd sail a rusty bucket if it took me away from here.","عثرتُ على طرف خيط لقارب صغير قد يفي بالغرض؛ لكنني مستعد للإبحار في دلو صدئ إن كان سينجيني من هنا."
"NPCs.sacramentGeneric.quartermasterTemon.afterBreach.randomLine3","All are welcome to join me in fleeing this cursed port, save you, Cerim. I'd sooner put to sea with a Nith Leviathan than you again.","الجميع مرحب بهم لمرافقتي والفرار من هذا الميناء الملعون، ما عداك أنت يا سيريم؛ أفضل الإبحار مع وحش نيث ليفياثان على الإبحار معك مجدداً."
"NPCs.sacramentGeneric.quartermasterTemon.afterBreach.randomLine4","North to the Yawning Isles. West to Thorn and The Shattered Hand. Or South to Kylesh - anywhere the air ain't filled with the shrieking plague.","شمالاً نحو جزر التثاؤب، أو غرباً نحو ثورن واليد المحطمة، أو جنوباً نحو كايليش؛ أي مكان لا يمتلئ هواؤه بعويل الوباء وصراخه."
"NPCs.sacramentGeneric.quartermasterTemon.eavesdrop","It can't be...","لا يعقل..."
"NPCs.sacramentGeneric.quartermasterTemon.eavesdrop2","Of course you lived.","بالطبع نجوتَ أنت."
"NPCs.sacramentGeneric.quartermasterTemon.eavesdrop3","Of all the islands to be wrecked upon.","من بين كل الجزر، كان لا بد أن تتحطم سفينتنا على هذه الجزيرة بالذات."
"NPCs.sacramentGeneric.quartermasterTemon.eavesdrop4","Take you and your luck elsewhere, Cerim.","خذ شؤمك وحظك العاثر وارحل بعيداً، أيها السيريم."
"NPCs.sacramentGeneric.quartermasterTemon.interaction1","How did you survive the wreck? I thought I was the only one, and I clung to a piece of driftwood for three days.","كيف نجوتَ من حطام السفينة؟ حسبتُ أنني الناجي الوحيد، وظللتُ متشبثاً بقطعة خشب طافية لثلاثة أيام بلياليها."
"NPCs.sacramentGeneric.quartermasterTemon.interaction2","Some of these people act like you're a hero. They'll learn soon enough - you're a curse.","يتصرف بعض هؤلاء الناس وكأنك بطل مغوار؛ وسيدركون قريباً جداً الحقيقة المرة: أنت لستَ سوى لعنة تمشي على قدمين."
"NPCs.sacramentGeneric.quartermasterTemon.interaction3","Lotta good men died to bring you to this island. And some not so good. But you owe all of them a debt.","مات رجال صالحون كثر ليوصلوك إلى هذه الجزيرة، وبعضهم لم يكن صالحاً؛ لكنك مدين لهم جميعاً بالجميل."
"NPCs.sacramentGeneric.quartermasterTemon.interaction4","I told the captain to steer clear of Sacra. Now he's dead and I'm stuck here. At least the ale's cheap.","أخبرتُ القبطان بالابتعاد عن ساكرا، والآن مات هو وعلقتُ أنا هنا؛ على الأقل الجعة رخيصة الثمن."
"NPCs.sacramentGeneric.quartermasterTemon.interaction5","Did you hear? Risen bastards who sank our ship were led by the Governor's daughter. As if I didn't hate this place enough already.","أسمعتَ الخبر؟ أوغاد الناهضين الذين أغرقوا سفينتنا كانت تقودهم ابنة الحاكم بنفسها! وكأنني لم أكن أمقت هذا المكان بما فيه الكفاية بالفعل."
"NPCs.sacramentGeneric.randelCombatVeteran.randomLine1","I can see you're liable to make a name for yourself on this island. Killed a few of the Torn, have you? Hm. You have no idea what war is.","أرى أنك على وشك صنع اسم وشهرة لنفسك على هذه الجزيرة؛ قتلتَ بضعة من الممزقين، أليس كذلك؟ همم، ليس لديك أدنى فكرة عما تعنيه الحرب الحقيقية."
"NPCs.sacramentGeneric.randelCombatVeteran.randomLine2","A blade and fancy armor do not make a warrior. You, my friend, need to learn patience. Cunning. And most importantly - when to retreat.","السيف والدرع المزخرف لا يصنعان فارساً مقاتلاً؛ أنت يا صديقي بحاجة لتعلم الصبر، والدهاء، والأهم من كل ذلك: متى يتعين عليك الانسحاب."
"NPCs.sacramentGeneric.randelCombatVeteran.randomLine3","Want to learn something? Always watch your enemies carefully. Study their attacks. Their aggression is your opportunity.","أتريد تعلم درس حقيقي؟ راقب أعداءك دوماً بعناية فائقة؛ ادرس ضرباتهم وهجماتهم، فعنفهم وهجومهم هما فرصتك السانحة."
"NPCs.sacramentGeneric.randelCombatVeteran.randomLine4","Have you ever been stabbed, Cerim? Felt the cold plunge of steel inside your ribcage? I have. And I'll tell you... I'd like to feel it again.","هل طُعنتَ من قبل يا سيريم؟ هل شعرتَ ببرودة الفولاذ وهي تنغرس بين ضلوعك؟ لقد ذقتها؛ وسأخبرك بشيء... أود تذوق ذلك الشعور مجدداً."
"NPCs.sacramentGeneric.ravenTheGhostHunter.afterBreach.eavesdrop1","My expertise is demons of the conceptual variety.","خبرتي تقتصر على الشياطين من الصنف المجرد والمفاهيمي."
"NPCs.sacramentGeneric.ravenTheGhostHunter.afterBreach.eavesdrop2","If you can't see it and can't touch it, I can stop it.","إن كنتَ تعجز عن رؤيته ولمسه، فأنا قادر على إيقافه ودحره."
"NPCs.sacramentGeneric.ravenTheGhostHunter.afterBreach.eavesdrop3","Sometimes we must face our nightmares alone.","في بعض الأحيان يتعين علينا مواجهة كوابيسنا بمفردنا."
"NPCs.sacramentGeneric.ravenTheGhostHunter.afterBreach.interact1Line1","Before you ask, no, I'm not equipped to perform a seance for those loved ones lost to the Winged Brood.","قبل أن تسأل، كلا، لستُ مجهزاً لعقد جلسات استحضار أرواح لأولئك الأحبة الذين التهمتهم السلالة المجنحة."
"NPCs.sacramentGeneric.ravenTheGhostHunter.afterBreach.interact1Line2","And no, I cannot dispel the creatures themselves, for they are corporeal beings and I specialize in the spiritual realm.","وكلا، لا يمكنني طرد تلك المخلوقات نفسها؛ فهي كائنات مادية جسدية وأنا متخصص في العوالم الروحية."
"NPCs.sacramentGeneric.ravenTheGhostHunter.afterBreach.interact1Line3","And finally, no, I am not in a position to offer refunds on home exorcisms if your home has subsequently been destroyed.","وأخيراً، كلا، لستُ في موقع يسمح لي برد أموال طرد الأرواح الشريرة من المنازل إن كان منزلك قد دُمر لاحقاً."
"NPCs.sacramentGeneric.ravenTheGhostHunter.afterBreach.interact1Line4","But if you are plagued by, perhaps, the ghost of a child. Or a small dog. Then I am at your service.","لكن إن كان يطاردك طيف طفل، أو شبح كلب صغير ربما، فأنا في خدمتك بكل سرور."
"NPCs.sacramentGeneric.ravenTheGhostHunter.afterBreach.retalkLine1","I am a humble soldier in the war against apparitions and phantasms. Other threats are others' business.","أنا مجرد جندي متواضع في الحرب ضد الأطياف والأشباح؛ أما التهديدات الأخرى فهي من شأن غيري."
"NPCs.sacramentGeneric.ravenTheGhostHunter.eavesdrop","Notice anything unusual at home? ","ألاحظتَ أي أمر غير طبيعي في منزلك؟"
"NPCs.sacramentGeneric.ravenTheGhostHunter.eavesdrop2","Open drawers and misplaced cups, perhaps?","أدراج مفتوحة وأكواب في غير مواضعها، ربما؟"
"NPCs.sacramentGeneric.ravenTheGhostHunter.eavesdrop3","Rodents aren't the only infestation.","القوارض ليست الوحيدة التي تغزو المنازل."
"NPCs.sacramentGeneric.ravenTheGhostHunter.eavesdrop4","Sometimes a voice in the dark is exactly that.","في بعض الأحيان يكون الصوت في الظلام صوتاً حقيقياً بالفعل."
"NPCs.sacramentGeneric.ravenTheGhostHunter.interactionLine1","Congratulations, you're a property owner! Got yourself four walls and a roof, eh? Sure, there's nothing like the safe haven of home.","مبارك لك؛ لقد أصبحتَ مالك عقار! أربعة جدران وسقف يؤويك، هاه؟ بالتأكيد، لا شيء يضاهي الملاذ الآمن للوطن والبيت."
"NPCs.sacramentGeneric.ravenTheGhostHunter.interactionLine2","But I must ask - and you'll forgive my prying - did anyone tell you about the history of the place? ...Before you paid?","لكن لا بد لي من السؤال، واغفر لي فضولي وتطفلي: هل أخبرك أحد عن تاريخ ذلك المكان... قبل أن تدفع الثمن؟"
"NPCs.sacramentGeneric.ravenTheGhostHunter.interactionLine3","And have you perhaps noticed anything... odd... since you moved in? Say, a piece of furniture not quite where you left it?","وهل لاحظتَ ربما أي شيء... غريب ومريب... منذ انتقلتَ إليه؟ كقطعة أثاث ليست في الموضع الذي تركتها فيه بالتحديد؟"
"NPCs.sacramentGeneric.ravenTheGhostHunter.interactionLine4","Look, I don't want to alarm you, but - there's a dark past to this city. And there's a dark past to your home.","انظر، لا أريد إثارة فزعك، ولكن... ثمة ماضٍ مظلم لهذه المدينة، وثمة ماضٍ مظلم لبيتك أيضاً."
"NPCs.sacramentGeneric.ravenTheGhostHunter.interactionLine5","That's why you're lucky you met me! The name's Raven Cranning - I'm the only spirit hunter in Sacrament with a perfect record.","ولهذا يحالفك الحظ بمقابلتي! اسمي ريفن كرانينغ؛ صائد الأرواح الوحيد في ساكرامنت بسجل ناصع وخالٍ من الهزائم."
"NPCs.sacramentGeneric.ravenTheGhostHunter.interactionLine6","…In fact, I'm the only spirit hunter in Sacrament. ","...في الحقيقة، أنا صائد الأرواح الوحيد في ساكرامنت كلها أصلاً."
"NPCs.sacramentGeneric.ravenTheGhostHunter.retalkLine1","You keep an eye out at home, and if you see anything off... You just come and find me. ","ابقَ عينيك مفتوحتين في بيتك، وإن رأيتَ أي أمر مريب... فما عليك سوى المجيء والبحث عني."
"NPCs.sacramentGeneric.ravenTheGhostHunter.retalkLine2","I can help you rid your home of specters, wraiths, shadows, and wisps - for a small fee, of course.","بإمكاني مساعدتك في تخليص منزلك من الأطياف والأشباح والظلال والأرواح الهائمة؛ مقابل أجر رمزي بسيط بالطبع."
"NPCs.sacramentGeneric.reedAndLara.interactLine4","- Was plenty sharp enough to fell an elk across the river!","- كان حاداً بما يكفي لإسقاط أيل عبر النهر!"
"NPCs.sacramentGeneric.reedAndLara.interactLine5","It was really more of a creek.","في الحقيقة لم يكن سوى جدول ماء صغير."
"NPCs.sacramentGeneric.reedAndLara.interactLine6","Betrayed by my own flesh and blood. I’ll feed you to the next wolf I see.","طعنة من لحمي ودمي! سأطعمكِ لأول ذئب أراه."
"NPCs.sacramentGeneric.reedAndLara.interactLine7","Oh so I’m safe then.","أوه، إذاً أنا بأمان تام."
"NPCs.sacramentGeneric.reeseAndTheFormerBalakTaw.TalkALine1","Don't mind my friend here. He's harmless. Unless feathers make you sneeze, ha!","لا تبالِ برفيقي هنا؛ إنه أليف ولا يؤذي أحداً، إلا إن كان الريش يجعلك تعطس، ها!"
"NPCs.sacramentGeneric.reeseAndTheFormerBalakTaw.TalkALine2","???","؟؟؟"
"NPCs.sacramentGeneric.reeseAndTheFormerBalakTaw.TalkBLine1","I'm Reese and he's, well, I just call him Squawk. For obvious reasons. ","أنا ريس، وهو... حسناً، ألقبه بسكواك فقط؛ لأسباب بديهية تماماً."
"NPCs.sacramentGeneric.reeseAndTheFormerBalakTaw.TalkCLine1","He used to be Balak Taw. At least until he gave up the Great Nest for ale and my stellar company. ","كان أحد أفراد البالاك تاو في السابق؛ على الأقل حتى تخلى عن العش العظيم في سبيل الجعة وصحبتي الممتعة."
"NPCs.sacramentGeneric.reeseAndTheFormerBalakTaw.TalkDLine1","Yes yes, and to stop the bloodshed. Dunno if he's any good at being a pacifist, but he's a pretty good drinking friend. ","نعم، نعم، ولإيقاف سفك الدماء أيضاً؛ لا أدري إن كان يصلح داعية سلام، لكنه رفيق منادمة رائع بحق."
"NPCs.sacramentGeneric.reeseAndTheFormerBalakTaw.eavesdrop2Line1","???","؟؟؟"
"NPCs.sacramentGeneric.reeseAndTheFormerBalakTaw.eavesdrop2Line2","It was just a joke. I've known chickens with a better sense of humor.","كانت مجرد مزحة عابرة؛ لقد عرفتُ دجاجات تملك حساً فكاهياً أفضل من هذا."
"NPCs.sacramentGeneric.reeseAndTheFormerBalakTaw.eavesdrop3Line1","???","؟؟؟"
"NPCs.sacramentGeneric.reeseAndTheFormerBalakTaw.eavesdrop3Line2","God's reach, you got feathers in my drink, you drunken sop.","بحق قدرة الإله، لقد أسقطت ريشاً في كأسي، أيها الثمل المترنح."
"NPCs.sacramentGeneric.reeseAndTheFormerBalakTaw.eavesdropLine1","???","؟؟؟"
"NPCs.sacramentGeneric.reeseAndTheFormerBalakTaw.eavesdropLine2","Don't go ruffling at me! Looks more like a mating dance anyway. ","إياك ونفش ريشك في وجهي! يبدو الأمر أشبه برقصة تزاوج على أية حال."
"NPCs.sacramentGeneric.reeseAndTheFormerBalakTaw.retalkLine2","No no no, it's your turn to pay. I know you got pockets somewhere under those feathers. ","كلا، كلا، كلا، حان دورك لتدفع ثمن الشراب؛ أعلم أن لديك جيوباً مخبأة في مكان ما تحت كل هذا الريش."
"NPCs.sacramentGeneric.riggisTheAngryScavenger.eavesdrop","You'll never believe it.","لن تصدق ما حدث أبداً."
"NPCs.sacramentGeneric.riggisTheAngryScavenger.eavesdrop2","Soaked to the bone, I was.","ابتللتُ حتى النخاع."
"NPCs.sacramentGeneric.riggisTheAngryScavenger.eavesdrop3","Really makes a man think.","أمر يدفع المرء للتفكير والتأمل حقاً."
"NPCs.sacramentGeneric.riggisTheAngryScavenger.eavesdrop4","Nothing like flirting with death to make you cherish life.","لا شيء يجعلك تقدر قيمة الحياة كالمغازلة القريبة للموت."
"NPCs.sacramentGeneric.riggisTheAngryScavenger.interactionLine1","I was minding my own business, scavenging for crabs on the coast...","كنتُ منصرفاً إلى شأني الخاص، أنبش باحثاً عن السرطانات على الساحل..."
"NPCs.sacramentGeneric.riggisTheAngryScavenger.interactionLine10","Find me a nice girl in Havenport or Tir. Perhaps that was God's message.","العثور على فتاة طيبة في هافنبورت أو تير؛ لعل تلك كانت رسالة الإله لي."
"NPCs.sacramentGeneric.riggisTheAngryScavenger.interactionLine2","And VHOOM!","وفجأة... وووووف!"
"NPCs.sacramentGeneric.riggisTheAngryScavenger.interactionLine3","Felt like a whole ocean of putrid water came crashing down on my head. Lucky I didn't swallow any!","شعرتُ وكأن محيطاً كاملاً من المياه الآسنة قد انهار فوق رأسي مباشرة؛ من حسن حظي أنني لم أبتلع منها قطرة!"
"NPCs.sacramentGeneric.riggisTheAngryScavenger.interactionLine4","Washed away my nets, my satchel, everything! Nearly swept me out to sea. ","جرفت شباكي، وحقيبتي، وكل ما أملك! وكادت تقذف بي في لجة البحر."
"NPCs.sacramentGeneric.riggisTheAngryScavenger.interactionLine5","By the time I found my footing, it was just a foul trickle down the rocks.","وبحلول الوقت الذي استعدتُ فيه توازني وثبات قدميّ، لم تكن سوى قطرات نتنة تسيل فوق الصخور."
"NPCs.sacramentGeneric.riggisTheAngryScavenger.interactionLine6","Ocean was still, not a cloud in the sky. Where did it come from??","كان المحيط ساكناً، وما من غيمة واحدة في كبد السماء؛ فمن أين هبطت تلك المياه؟!"
"NPCs.sacramentGeneric.riggisTheAngryScavenger.interactionLine7","Have I offended God? Not let my hands be part of his many? ","أترى أغضبتُ الإله في شيء؟ ألم أجعل يدي جزءاً من أياديه الكثيرة؟"
"NPCs.sacramentGeneric.riggisTheAngryScavenger.interactionLine8","Maybe it's a sign - deluge washing away my livelihood and all - to devote myself to God.","ربما كانت تلك إشارة؛ طوفان يجرف مصدر رزقي وكل ممتلكاتي، لأكرس حياتي لطاعة الإله."
"NPCs.sacramentGeneric.riggisTheAngryScavenger.interactionLine9","Or maybe... it's a sign to let my wife and boy think I drowned. Start over. ","أو ربما... كانت إشارة لأدع زوجتي وابني يحسبان أنني غرقتُ وقضيتُ نحبي؛ لأبدأ حياة جديدة من الصفر."
"NPCs.sacramentGeneric.riggisTheAngryScavenger.retalk","Fistful of the ocean pouring out the sky - I sound like a madman.","حفنة من مياه المحيط تنهال من السماء الصافية... أبدو كمجنون فقد صوابه حين أروي ذلك."
"NPCs.sacramentGeneric.rylisTheFrostbittenExplorer.afterBreach.eavesdrop1","I told you! Don't say I didn't!","لقد أخبرتكم بذلك! إياكم والادعاء بأنني لم أحذركم!"
"NPCs.sacramentGeneric.rylisTheFrostbittenExplorer.afterBreach.eavesdrop2","Rest of you finally learning what I already knew.","أخيراً يتعلم بقيتكم ما كنتُ أعلمه منذ البداية."
"NPCs.sacramentGeneric.rylisTheFrostbittenExplorer.afterBreach.eavesdrop3","Sacra ain't an island, it's a graveyard.","ساكرا ليست جزيرة، بل هي مقبرة جماعية."
"NPCs.sacramentGeneric.rylisTheFrostbittenExplorer.afterBreach.eavesdrop4","Think you're safe behind them walls? Ha.","أتحسبون أنفسكم آمنين خلف تلك الأسوار؟ ها!"
"NPCs.sacramentGeneric.rylisTheFrostbittenExplorer.afterBreach.randomLine1","This damn island already took my leg. Now it's back for the rest of me.","سلب مني هذا المكان اللعين ساقي بالفعل، والآن عاد ليلتهم ما تبقى مني."
"NPCs.sacramentGeneric.rylisTheFrostbittenExplorer.afterBreach.randomLine2","I learned long ago, same thing's behind every locked door, closed gate, and sealed tomb - your end.","تعلمتُ منذ زمن بعيد أن الشيء ذاته يكمن وراء كل باب مغلق، وبوابة موصدة، ومدفن مختوم: نهايتك وهلاكك."
"NPCs.sacramentGeneric.rylisTheFrostbittenExplorer.afterBreach.randomLine3","Seems your Cerim Gate was about as useless as you are. Don't know why I expected any different.","يبدو أن بوابة السيريم خاصتكم كانت عديمة الفائدة تماماً مثلك؛ لا أدري لِمَ توقعتُ منها أي شيء مختلف."
"NPCs.sacramentGeneric.rylisTheFrostbittenExplorer.afterBreach.randomLine4","I used to want to see the whole Empire. Now I just wanna see my next sunrise.","اعتدتُ أن أطمح لرؤية الإمبراطورية بأسرها؛ أما الآن فكل ما أرجوه هو أن أشهد شروق الشمس التالي."
"NPCs.sacramentGeneric.rylisTheFrostbittenExplorer.eavesdrop","The island will chew you up and spit you out...","هذه الجزيرة ستمضغك مضغاً ثم تبصق عظامك..."
"NPCs.sacramentGeneric.rylisTheFrostbittenExplorer.eavesdrop2","You ain't seen what I've seen.","أنتم لم تروا الأهوال التي رأيتها أنا."
"NPCs.sacramentGeneric.rylisTheFrostbittenExplorer.eavesdrop3","Better off right here in Sacrament.","البقاء هنا في ساكرامنت أسلم وأفضل بكثير."
"NPCs.sacramentGeneric.rylisTheFrostbittenExplorer.eavesdrop4","Think tonight will be a cold one...","أظن الليلة ستكون قارسة البرودة..."
"NPCs.sacramentGeneric.rylisTheFrostbittenExplorer.interaction1","Come to gaze upon my misery, have you? Feast your eyes upon my festering misfortune?","أجئتَ للتحديق في بؤسي، هاه؟ لتمتع ناظريك بشقائي المتقيح؟"
"NPCs.sacramentGeneric.rylisTheFrostbittenExplorer.interaction2","You'll end up just like me, if you venture outside these walls. This whole island wants to eat your flesh.","سينتهي بك المطاف مثلي تماماً إن خاطرتَ بالخروج وراء هذه الأسوار؛ هذه الجزيرة كلها تتوق لالتهام لحمك."
"NPCs.sacramentGeneric.rylisTheFrostbittenExplorer.interaction3","It was frostbite took my legs! In the Frozen Peaks, beyond the dead ships. Venture there and you'll meet your doom, I promise.","قضمة الصقيع هي التي سلبت ساقي! في القمم المتجمدة، وراء مقبرة السفن؛ غامر بالذهاب إلى هناك وستلقى حتفك حتماً، أعدك بذلك."
"NPCs.sacramentGeneric.rylisTheFrostbittenExplorer.interaction4","I went to scour the ruins to the east... The realm of the ancient Cerim. Nothing but death in those mountains now.","ذهبتُ لاستكشاف الأطلال في الشرق... موطن السيريم القدماء؛ لا شيء سوى الموت يرقد في تلك الجبال الآن."
"NPCs.sacramentGeneric.sashaTheWasherwoman.afterBreach.eavesdrop1","Here I was thinking things couldn't get any worse.","وكنتُ أحسب أن الأمور لا يمكن أن تزداد سوءاً عما هي عليه."
"NPCs.sacramentGeneric.sashaTheWasherwoman.afterBreach.eavesdrop2","Getting more than a bit crowded behind these walls.","المكان بات شديد الازدحام خلف هذه الأسوار."
"NPCs.sacramentGeneric.sashaTheWasherwoman.afterBreach.eavesdrop3","Guess the Inquisition was praying to the wrong god...","يبدو أن محاكم التفتيش كانت تدعو الإله الخاطئ..."
"NPCs.sacramentGeneric.sashaTheWasherwoman.afterBreach.eavesdrop4","There's such a thing as too many customers.","ثمة حد لكثرة الزبائن حين تفيض عن طاقتك."
"NPCs.sacramentGeneric.sashaTheWasherwoman.afterBreach.randomLine1","My cousin was from Caylen. Last time we spoke she said I had rocks in my head. Least I still got one.","كانت ابنة عمي من كايلن؛ آخر مرة تحدثنا فيها قالت إن في رأسي حجارة. على الأقل ما زال لدي رأس سليم على كتفي."
"NPCs.sacramentGeneric.sashaTheWasherwoman.afterBreach.randomLine2","I can mend a tear, scrub out a bloodstain, but I need 'em alive to pay the bill.","أستطيع رتق التمزق وجرف بقع الدماء، لكنني بحاجة لأن يبقوا على قيد الحياة ليدفعوا الحساب."
"NPCs.sacramentGeneric.sashaTheWasherwoman.afterBreach.randomLine3","You know how I know my husband ain't no monster? Because he'd never whisk me off my feet.","أتعلم كيف أتيقن من أن زوجي ليس بمسخ؟ لأنه أعجز من أن يخطفني أو يحملني بين ذراعيه أصلاً."
"NPCs.sacramentGeneric.sashaTheWasherwoman.afterBreach.randomLine4","I told Bavos ain't no need to fish outside Sacrament's walls. We can make do off potatoes for awhile. I hope that clod is staying safe...","أخبرتُ بافوس أنه لا حاجة للصيد خارج أسوار ساكرامنت؛ يمكننا تدبير أمورنا بالبطاطس لبعض الوقت. آمل أن يبقى ذلك الأبله في أمان..."
"NPCs.sacramentGeneric.sashaTheWasherwoman.eavesdrop","Do you mind? Got work to do. Real work.","ألا تبتعد قليلاً؟ لدي عمل أقوم به؛ عمل حقيقي وشاق."
"NPCs.sacramentGeneric.sashaTheWasherwoman.eavesdrop2","Wish these bleedin' peddlers would close up shop once in a while. Can't hear meself think.","أتمنى لو يغلق هؤلاء الباعة اللعينون دكاكينهم لبرهة؛ لا أكاد أسمع صوت أفكاري من صخبهم."
"NPCs.sacramentGeneric.sashaTheWasherwoman.eavesdrop3","Must be nice prancing around the island all day. Some of us work for a living, you know.","لا بد أن التبختر في أرجاء الجزيرة طوال اليوم أمر رائع؛ بعضنا يكدح لكسب عيشه، كما تعلم."
"NPCs.sacramentGeneric.sashaTheWasherwoman.eavesdrop4","Don't think anything will ever get these bloodstains out...","لا أظن أن أي غسيل في الدنيا قادر على إزالة بقع الدماء هذه..."
"NPCs.sacramentGeneric.sashaTheWasherwoman.interaction1","Is it true your kind worships a Sayer? I do most of the talking in my household - think my husband worships me? ","أصحيح أن بني جنسك يعبدون ناطقاً؟ أنا من يتولى معظم الكلام في بيتي؛ أتظن زوجي يعبدني أنا أيضاً؟"
"NPCs.sacramentGeneric.sashaTheWasherwoman.interaction2","Do I look like I care who sits upon a throne a thousand miles away? Rest of us just scratchin' out a livin' down here in the mud.","أأبدو لك كمن يبالي بمن يجلس على عرش يبعد عنا آلاف الأميال؟ بقيتنا يصارعون فقط لكسب لقمة العيش هنا في الوحل."
"NPCs.sacramentGeneric.sashaTheWasherwoman.interaction3","Imagine, bunch of grown men killing each other just to be a footnote in some scholar’s book.","تخيل؛ عصبة من الرجال البالغين يقتلون بعضهم البعض فقط ليكونوا حاشية في كتاب مؤرخ ما."
"NPCs.sacramentGeneric.sashaTheWasherwoman.interaction4","Far as I'm concerned, all this just boils down to shit stains and bloodstains. More work for me.","بقدر ما يعنيني الأمر، يختزل كل هذا في بقع قذارة وبقع دماء؛ مزيد من العمل الشاق لي لا أكثر."
"NPCs.sacramentGeneric.sashaTheWasherwoman.var1.eavesdrop","So, you're the one who killed poor old Warrick. ","إذاً أنت هو من قتل واريك المسكين."
"NPCs.sacramentGeneric.sashaTheWasherwoman.var1.interactionLine1","Used to be a man, you know. I'm friendly with his widow, horrible bitch named Sigrid. ","كان إنساناً سوياً، كما تعلم؛ أنا صديقة لأرملته، امرأة لئيمة وبغيضة تدعى سيغريد."
"NPCs.sacramentGeneric.sashaTheWasherwoman.var1.interactionLine2","Just her luck. Husband runs off to join the Risen, gets turned into a monster and then killed by a Cerim.","يا لسوء حظها؛ يهرب زوجها ليلتحق بالناهضين، فيتحول إلى مسخ كاسر، ثم يصرعه أحد السيريم بسيفه."
"NPCs.sacramentGeneric.sashaTheWasherwoman.var1.interactionLine3","I can't even get mine to choke to death on his supper.","بينما أعجز أنا حتى عن جعل زوجي يشرق بلقمة عشائه ليموت ويريحني."
"NPCs.sacramentGeneric.selecTheFormerlyEntrancedMerchant.eavesdrop","Strangest thing...","أغرب ما رأيتُ في حياتي..."
"NPCs.sacramentGeneric.selecTheFormerlyEntrancedMerchant.eavesdrop2","Am I going mad?","أأنا أفقد صوابي؟"
"NPCs.sacramentGeneric.selecTheFormerlyEntrancedMerchant.eavesdrop3","I've made that trip countless times before...","قطعتُ تلك الرحلة مرات لا تُحصى من قبل..."
"NPCs.sacramentGeneric.selecTheFormerlyEntrancedMerchant.eavesdrop4","Back in Sacrament... How did I get here?","عدتُ إلى ساكرامنت... كيف بلغتُ هذا المكان؟"
"NPCs.sacramentGeneric.selecTheFormerlyEntrancedMerchant.interaction1","I was on my way to Marin Village to sell my apples and turnips... and next I knew they were rotten in my satchel. Every last one.","كنتُ في طريقي إلى قرية مارين لأبيع التفاح واللفت... ثم فجأة وجدتُ البضاعة كلها قد تعفنت في حقيبتي؛ كل حبة منها بلا استثناء."
"NPCs.sacramentGeneric.selecTheFormerlyEntrancedMerchant.interaction2","I don't think I ever made it to Marin. I must've gotten turned around in the woods. But for how long? ","لا أظن أنني بلغتُ مارين أصلاً؛ لا بد أنني ضللتُ الطريق وتهتُ في الغابة. ولكن لكم من الوقت؟"
"NPCs.sacramentGeneric.selecTheFormerlyEntrancedMerchant.interaction3","My wife said she thought I left her! But I was only in Marin for an afternoon. Wasn't I? I feel all turned about.","قالت زوجتي إنها ظنت أنني هجرتها! لكنني لم أمكث في مارين إلا ظهيرة يوم واحد فحسب؛ أليس كذلك؟ أشعر بتشوش وتخبط تام."
"NPCs.sacramentGeneric.selecTheFormerlyEntrancedMerchant.interaction4","Have you ever been to the Dasha temple in Marin Woods? I haven't. Well hadn't. And then I was. Sorry, I'm not making sense.","هل زرتَ معبد الداشا في غابات مارين من قبل؟ أنا لم أزره قط؛ حسناً، لم أكن قد زرته، ثم وجدتُ نفسي هناك فجأة. المعذرة، كلامي غير مترابط ولا معنى له."
"NPCs.sacramentGeneric.speakerTeyonTheInquisitorEvangelist.eavesdrop","The hands inside your mind...","الأيدي داخل عقلك..."
"NPCs.sacramentGeneric.speakerTeyonTheInquisitorEvangelist.eavesdrop2","Ours is the Born God.","إلهنا هو الإله المولود."
"NPCs.sacramentGeneric.speakerTeyonTheInquisitorEvangelist.eavesdrop3","Only the final God matters, not the first.","الإله الأخير وحده هو ما يهم، وليس الأول."
"NPCs.sacramentGeneric.speakerTeyonTheInquisitorEvangelist.eavesdrop4","Our body is a debt.","جسدنا ليس إلا دَيناً مستحقاً."
"NPCs.sacramentGeneric.speakerTeyonTheInquisitorEvangelist.interaction1","Every person in this city is a husk, and the fruit from which they were shed was God. We must let him inside of us again.","كل امرئ في هذه المدينة قشرة فارغة، والثمرة التي تساقطوا منها كانت الإله. يجب أن ندعه يلج في دواخلنا من جديد."
"NPCs.sacramentGeneric.speakerTeyonTheInquisitorEvangelist.interaction2","The Pestilence is not the end of your story... It is the path that will lead you to the Many Hands. It is a great blessing.","ليس الوباء خاتمة قصتك... بل هو الدرب الذي سيقودك إلى الأيادي الكثيرة. إنه لبركة عظيمة."
"NPCs.sacramentGeneric.speakerTeyonTheInquisitorEvangelist.interaction3","I will speak with every man, woman, and babe in this city. And my words will slip into their minds like fingers sliding through hair...","سأتحدث إلى كل رجل وامرأة ورضيع في هذه المدينة. وستنسل كلماتي في عقولهم كأصابع تتخلل خصلات الشعر..."
"NPCs.sacramentGeneric.speakerTeyonTheInquisitorEvangelist.interaction4","There is room in God's embrace even for you, Speaker of the Dead. His hands can penetrate the darkness inside you.","هناك متسع في عناق الإله حتى لك أنت، يا ناطق الموتى. فأياديه قادرة على اختراق الظلمة الكامنة في أعماقك."
"NPCs.sacramentGeneric.steinTheRisenSewersSurvivor.eavesdrop1","Don't think I know you.","لا أظنني أعرفك."
"NPCs.sacramentGeneric.steinTheRisenSewersSurvivor.eavesdrop2","Keep walking stranger.","تابع مسيرك أيها الغريب."
"NPCs.sacramentGeneric.steinTheRisenSewersSurvivor.eavesdrop3","I've no quarrel with you.","لا شأن لي بك."
"NPCs.sacramentGeneric.steinTheRisenSewersSurvivor.eavesdropAfterTalk","Just please, keep it to yourself.","أرجوك فحسب، احتفظ بالأمر لنفسك."
"NPCs.sacramentGeneric.steinTheRisenSewersSurvivor.interaction1","If I had any dreams of shrugging off the Atlan Empire, well they died down in the Sewers along with everyone else.","إن كانت تراودني يوماً أي أحلام بنفض إمبراطورية أتلان عن كاهلي، فقد ماتت أسفل في المجاري مع كل الباقين."
"NPCs.sacramentGeneric.steinTheRisenSewersSurvivor.interaction1Line1","I've just a familiar face. I get it all the time.","وجهي مألوف فحسب، يحدث لي هذا طوال الوقت."
"NPCs.sacramentGeneric.steinTheRisenSewersSurvivor.interaction1Line2","Is it the smell? Was a damn fool earlier and fell into a creek, that's all.","أبسبب الرائحة؟ كنت أحمق لعيناً وسقطت في جدول مائي، هذا كل ما في الأمر."
"NPCs.sacramentGeneric.steinTheRisenSewersSurvivor.interaction1Line3","Still trying to scrub the stench out.","ما زلت أحاول فرك ذلك النتن للتخلص منه."
"NPCs.sacramentGeneric.steinTheRisenSewersSurvivor.interaction2","Plague doesn't care if we were free or not, Risen or not, Phalen or Sacra. I could've been King Harol for all it mattered.","الوباء لا يبالي إن كنا أحراراً أم لا، ناهضين أم لا، من فالن أم من ساكرا. كان بإمكاني أن أكون الملك هارول وما كان ليهم أحد."
"NPCs.sacramentGeneric.steinTheRisenSewersSurvivor.interaction2Line1","I said I don't know you!","قلت لك إني لا أعرفك!"
"NPCs.sacramentGeneric.steinTheRisenSewersSurvivor.interaction2Line2","Sacrament is my home. Always has been. You're the stranger, not me.","ساكرامنت موطني، وكانت كذلك دوماً. أنت الغريب هنا، ولست أنا."
"NPCs.sacramentGeneric.steinTheRisenSewersSurvivor.interaction2Line3","Just leave me be!","دعني وشأني فحسب!"
"NPCs.sacramentGeneric.steinTheRisenSewersSurvivor.interaction3","When I sleep I still hear the creaking of the Sewer pipes, the drip of filth, Darak's howls.","حين أنام ما زلت أسمع صرير أنابيب المجاري، وقطرات القذارة، وعواء داراك."
"NPCs.sacramentGeneric.steinTheRisenSewersSurvivor.interaction3Line1","Darak was a madman, alright. I don't know why it took the Trench for me to see it.","كان داراك مجنوناً بحق، لا أعلم لماذا تطلب الأمر وصولي إلى الخندق حتى أدرك ذلك."
"NPCs.sacramentGeneric.steinTheRisenSewersSurvivor.interaction4","Talo boosted me up on a high pipe. But when I reached down for his hand... it was too late. I crouched there all night.","رفعني تالو إلى أنبوب عالٍ. لكن حين مددت يدي لأسحبه... كان الأوان قد فات. جلست قابعاً هناك طوال الليل."
"NPCs.sacramentGeneric.steinTheRisenSewersSurvivor.interaction5","You don't know who I am - you know who I was. No sense getting a man hung over someone who's already gone.","أنت لا تعرف من أكون - بل تعرف من كنت. لا طائل من شنق رجل بسبب شخص قد رحل بالفعل."
"NPCs.sacramentGeneric.thomTheCowardlyMan.interaction1","Oh, I just wish I had the chance to prove myself.","أوه، أتمنى لو أتيحت لي الفرصة لإثبات جدارتي فحسب."
"NPCs.sacramentGeneric.thomTheCowardlyMan.interaction2","Would a decent war be too much to hope for? Oh to be conscripted...","أيكون التمني بحرب محترمة مطلباً عسيراً؟ آه لو يتم تجنيدي..."
"NPCs.sacramentGeneric.thomTheCowardlyMan.interaction3","I'd set sail and take the fight to the Risen in Lion's Mound, if not for my dreadful seasickness.","لكنت أبحرت وخضت المعركة ضد الناهضين في أكمة الأسد، لولا دوار البحر المروع الذي يصيبني."
"NPCs.sacramentGeneric.thomTheCowardlyMan.interaction4","You know, the Pestilence should count itself lucky it hasn't breached our gates, or it would have me to contend with!","أتعلم؟ الوباء محظوظ لأنه لم يخترق بواباتنا، وإلا لكان عليه مواجهتي!"
"NPCs.sacramentGeneric.thomTheCowardlyMan.interaction5","I think I'll head out into the Glades and cut down a few plagued monstrosities. Tomorrow perhaps.","أعتقد أنني سأخرج إلى الغابات لأقضي على بعض الوحوش الموبوءة. ربما غداً."
"NPCs.sacramentGeneric.thomTheCowardlyMan.var1.eavesdrop1","I hear you beat me to the monster outside our gates.","سمعت أنك سبقتني إلى الوحش القابع خارج بواباتنا."
"NPCs.sacramentGeneric.thomTheCowardlyMan.var1.eavesdrop2","Felled old Warrick before I could, eh?","صرعت العجوز واريك قبلي، أليس كذلك؟"
"NPCs.sacramentGeneric.thomTheCowardlyMan.var1.eavesdrop3","That beast in the Orban Glades was supposed to be mine, you know.","كان المفترض أن يكون ذلك الوحش في غابات أوربان من نصيبي، كما تعلم."
"NPCs.sacramentGeneric.thomTheCowardlyMan.var1.interaction1","I was fetching my armor when I pulled a muscle. Important to limber up before battle.","كنت أجلب درعي حين أصبت بشد عضلي. من الضروري الإحماء قبل المعركة."
"NPCs.sacramentGeneric.thomTheCowardlyMan.var2.eavesdrop1","The quarry's grown quite treacherous, hasn't it?","صار المقلع شديد الخطورة، أليس كذلك؟"
"NPCs.sacramentGeneric.thomTheCowardlyMan.var2.eavesdrop2","The Nameless Pass is absolutely crawling with the plague...","الممر المجهول يزحف فيه الوباء زحفاً..."
"NPCs.sacramentGeneric.thomTheCowardlyMan.var2.eavesdrop3","The only way to reach the Mountain Gate is by blood and courage!","السبيل الوحيد لبلوغ بوابة الجبل هو بالدماء والشجاعة!"
"NPCs.sacramentGeneric.thomTheCowardlyMan.var2.interaction1","Or so I've heard. Haven't had the time yet to venture out there myself.","أو هكذا سمعت. لم أجد الوقت بعد للمغامرة بالخروج إلى هناك بنفسي."
"NPCs.sacramentGeneric.thomTheCowardlyMan.var3.eavesdrop1","Leave some Risen in the Glades for the rest of us!","أبقوا بعض الناهضين في الغابات لبقيتنا!"
"NPCs.sacramentGeneric.thomTheCowardlyMan.var3.eavesdrop2","And to think, some people call him a warlord...","ولك أن تتخيل، بعض الناس يدعونه سيد حرب..."
"NPCs.sacramentGeneric.thomTheCowardlyMan.var3.eavesdrop3","The Falstead would never have gotten away on my watch!","ما كان الفالستيد ليهرب أبداً لو كان ذلك في نوبة حراستي!"
"NPCs.sacramentGeneric.thomTheCowardlyMan.var3.interaction1","I hear you sent Darak scrambling. If he shows his head again, he'll have to contend with the likes of us!","سمعت أنك جعلت داراك يفر هارباً. إن أظهر رأسه ثانية، فسيتعين عليه مواجهة أمثالنا!"
"NPCs.sacramentGeneric.thomTheCowardlyMan.var4.eavesdrop1","Need a helping hand in Marin Village?","أتحتاجون يد عون في قرية مارين؟"
"NPCs.sacramentGeneric.thomTheCowardlyMan.var4.eavesdrop2","I reckon I'm just the savior those Dasha are looking for.","أحسب أنني المنقذ الذي يبحث عنه أولئك الداشا بالضبط."
"NPCs.sacramentGeneric.thomTheCowardlyMan.var4.eavesdrop3","I'll head north, and drive the plague out of the Marin Woods...","سأتجه شمالاً وأطرد الوباء من غابات مارين..."
"NPCs.sacramentGeneric.thomTheCowardlyMan.var4.interaction1","Oh, already safe you say? My fault for not speaking up sooner. Perhaps I'm too courteous a warrior.","أوه، أتقول إنها باتت آمنة بالفعل؟ خطأي أنني لم أتكلم عاجلاً. ربما أنا محارب شديد الدماثة."
"NPCs.sacramentGeneric.thomTheCowardlyMan.var5.eavesdrop1","Those poor hunters in the Vale...","أولئك الصيادون المساكين في الوادي..."
"NPCs.sacramentGeneric.thomTheCowardlyMan.var5.eavesdrop2","I heard that Ellsworth and Winnick had a brush with the plague in the Meadows!","سمعت أن إلسورث ووينيك واجها الوباء في الغابات!"
"NPCs.sacramentGeneric.thomTheCowardlyMan.var5.eavesdrop3","That hunting party never stood a chance without us there...","لم تكن لتلك المجموعة من الصيادين أي فرصة للنجاة لولا غيابنا..."
"NPCs.sacramentGeneric.thomTheCowardlyMan.var5.interaction1","I would've been with them, maybe even turned the tide, but they left before I could find my blasted bow.","لكنت معهم، وربما قلبت موازين المعركة، لكنهم انطلقوا قبل أن أتمكن من العثور على قوسي اللعين."
"NPCs.sacramentGeneric.thomTheCowardlyMan.var6.eavesdrop1","We must be brave, Cerim!","علينا أن نتحلى بالشجاعة، أيها السيريم!"
"NPCs.sacramentGeneric.thomTheCowardlyMan.var6.eavesdrop2","Look to the sky, my friend.","انظر إلى السماء يا صديقي."
"NPCs.sacramentGeneric.thomTheCowardlyMan.var6.eavesdrop3","This is the hour when we stand strong together!","هذه هي الساعة التي نقف فيها صامدين معاً!"
"NPCs.sacramentGeneric.thomTheCowardlyMan.var6.interactionLine1","The time has come to stand tall and prove ourselves! We each have our role to play.","قد حان الوقت لنقف بشموخ ونثبت جدارتنا! كل منا له دور يؤديه."
"NPCs.sacramentGeneric.thomTheCowardlyMan.var6.interactionLine2","You take on those winged beasts. I'll guard the sheltering women and children.","تولَّ أنت أمر تلك الوحوش المجنحة. وأنا سأحرس النساء والأطفال المحتمين."
"NPCs.sacramentGeneric.thomTheCowardlyMan.var6.retalk","Do not fear, Cerim. I'm right here with you. Behind you.","لا تخف، أيها السيريم. أنا معك هنا تماماً. خلف ظهرك."
"NPCs.sacramentGeneric.thorenAndDunstenDebatingDasha.TalkALine1","That's beside the point. We're talking about great works. ","هذا خارج عن صلب الموضوع. نحن نتحدث عن الصروح العظيمة."
"NPCs.sacramentGeneric.thorenAndDunstenDebatingDasha.TalkALine2","Yes, so Kafron Bilsgard built Sacrament, I understand. But that doesn't change the fact that the Dasha settled Sacra first. ","أجل، أعلم أن كافرون بيلسغارد هو من بنى ساكرامنت. لكن هذا لا يغير حقيقة أن الداشا هم من استوطنوا ساكرا أولاً."
"NPCs.sacramentGeneric.thorenAndDunstenDebatingDasha.TalkBLine1","The Dasha were thieves and nomads, they found an empty island and they dropped anchor. Where's the surprise in that? ","كان الداشا لصوصاً وبدو رحلاً، وجدوا جزيرة خالية وألقوا مراسيهم. أين المفاجأة في ذلك؟"
"NPCs.sacramentGeneric.thorenAndDunstenDebatingDasha.TalkBLine2","I'm not saying there's a surprise, I'm simply saying, whether or not they built a castle, Sacra belongs to them. ","لا أقول إن هناك مفاجأة، كل ما أقوله هو، سواء بنوا قلعة أم لم يبنوا، فإن ساكرا ملك لهم."
"NPCs.sacramentGeneric.thorenAndDunstenDebatingDasha.TalkCLine1","Poppycock, don't make me laugh! The only thing that belongs to the Dasha is three gods too many, and a bag of sticks. ","هراء وسخف، لا تجعلني أضحك! الشيء الوحيد الذي يملكه الداشا هو ثلاثة آلهة زائدة عن الحاجة وكيس من العصي."
"NPCs.sacramentGeneric.thorenAndDunstenDebatingDasha.TalkCLine2","And the only thing that belongs to Phalen is the extra hand up your bum! ","والشيء الوحيد الذي تملكه فالن هو يد إضافية تصفع بها مؤخرتك!"
"NPCs.sacramentGeneric.thorenAndDunstenDebatingDasha.TalkDLine1","That's blasphemy, you know! ","هذا كفر وتجديف، كما تعلم!"
"NPCs.sacramentGeneric.thorenAndDunstenDebatingDasha.TalkDLine2","Sod off, you knob! ","اغرب عن وجهي أيها الأبله!"
"NPCs.sacramentGeneric.thorenAndDunstenDebatingDasha.afterBreach.eavesdropLine1","And now we've got ghouls in the air... No good deed goes unpunished, eh?","والآن باتت لدينا غيلان تحلق في الجو... ما من عمل خير إلا ويُعاقب فاعله، ها؟"
"NPCs.sacramentGeneric.thorenAndDunstenDebatingDasha.afterBreach.interaction1Line1","Who? The Madrigal? If you think she knocked down that Gate for anyone other than herself, I got a king's crown to sell you.","من؟ المادريغال؟ إن كنت تظن أنها دكت تلك البوابة من أجل أحد غير نفسها، فبوسعي أن أبيعك تاج الملك إذاً."
"NPCs.sacramentGeneric.thorenAndDunstenDebatingDasha.afterBreach.interaction1Line2","So all of Caylen just written off with a wave of your hand? Now who's playing God?","إذاً تشطب كايلن بأسرها بإشارة من يدك؟ من ذا الذي يدعي الألوهية الآن؟"
"NPCs.sacramentGeneric.thorenAndDunstenDebatingDasha.afterBreach.interaction1Line3","They say the path beyond the Gate is ankle deep in bones. Not bodies - bones. Caylen's been gone a long while.","يقولون إن الدرب وراء البوابة يغوص حتى الكواحل في العظام. عظام لا جثث. كايلن فنيت منذ زمن بعيد."
"NPCs.sacramentGeneric.thorenAndDunstenDebatingDasha.afterBreach.interaction1Line4","Well maybe if Ellsworth had acted sooner, they'd still be alive.","حسناً، ربما لو تحرك إلسورث في وقت أبكر لكانوا لا يزالون أحياء."
"NPCs.sacramentGeneric.thorenAndDunstenDebatingDasha.afterBreach.interaction1Line5","And maybe if my ass had wheels I'd roll home. Let's worry less about the dead and more about not joining them.","وربما لو كان لمؤخرتي عجلات لتدحرجت عائداً إلى داري. فلنقلق أقل بشأن الموتى وأكثر بشأن ألا ننضم إليهم."
"NPCs.sacramentGeneric.thorenAndDunstenDebatingDasha.afterBreach.interaction1Line6","Aye, sometimes even you stumble onto a piece of wisdom, my friend.","أجل، حتى أنت أحياناً تعثر بالصدفة على قبس من الحكمة يا صديقي."
"NPCs.sacramentGeneric.thorenAndDunstenDebatingDasha.afterBreach.retalkLine1","So what now? Think the Madrigal heads home to Phalen with her tail between her legs?","ماذا الآن إذاً؟ أتظن أن المادريغال ستعود لدارها في فالن تجر أذيال الخيبة؟"
"NPCs.sacramentGeneric.thorenAndDunstenDebatingDasha.afterBreach.retalkLine2","She doesn't strike me as the sort to leave things unfinished.","لا تبدو لي من الصنف الذي يترك الأمور دون إتمام."
"NPCs.sacramentGeneric.thorenAndDunstenDebatingDasha.afterSOG.eavesdropLine1","So, God has finally embraced Sacrament, eh?","إذاً، أخيراً احتضن الإله ساكرامنت، ها؟"
"NPCs.sacramentGeneric.thorenAndDunstenDebatingDasha.afterSOG.interaction1Line1","You know, my cousin joined the Inquisition last year.","أتعلم، ابن عمي انضم إلى محاكم التفتيش العام الماضي."
"NPCs.sacramentGeneric.thorenAndDunstenDebatingDasha.afterSOG.interaction1Line2","Did he? Which one - Morrin?","حقاً؟ أي واحد - مورين؟"
"NPCs.sacramentGeneric.thorenAndDunstenDebatingDasha.afterSOG.interaction1Line3","No, Bernard! He says his whole life before was nothing but a shadow. Can you believe that?","لا، برنارد! يقول إن حياته بأكملها في السابق لم تكن سوى ظلال. أتصدق ذلك؟"
"NPCs.sacramentGeneric.thorenAndDunstenDebatingDasha.afterSOG.interaction1Line4","God's reach, that sounds cheery.","بسطوة الإله، يبدو ذلك مبهجاً للغاية."
"NPCs.sacramentGeneric.thorenAndDunstenDebatingDasha.afterSOG.interaction1Line5","To be honest, he's become a dreadful bore.","بصراحة، لقد أصبح مملاً بشكل لا يطاق."
"NPCs.sacramentGeneric.thorenAndDunstenDebatingDasha.afterSOG.retalkLine1","I don't mind these fanatics marching around the city. Just so long as they stay out of our heads.","لا أمانع مسير أولئك المتعصبين في أنحاء المدينة، طالما ظلوا بعيدين عن رؤوسنا."
"NPCs.sacramentGeneric.thorenAndDunstenDebatingDasha.afterSOG.retalkLine2","Why, what would they find in yours? A dusty breeze?","ولماذا، ما الذي قد يجدونه في رأسك؟ نسيم محمل بالغبار؟"
"NPCs.sacramentGeneric.thorenAndDunstenDebatingDasha.afterSpeech.eavesdropLine1","No no no, I won't stand for that.","لا لا لا، لن أقبل بهذا."
"NPCs.sacramentGeneric.thorenAndDunstenDebatingDasha.afterSpeech.interaction1Line1","What's gotten your breeches all in a twist? I'm just saying, this city's a shambles.","ما الذي يجعلك محتقناً هكذا؟ أنا فقط أقول إن هذه المدينة في حالة فوضى عارمة."
"NPCs.sacramentGeneric.thorenAndDunstenDebatingDasha.afterSpeech.interaction1Line2","That may be so, but it don't warrant you besmirching Ellsworth like that.","قد يكون هذا صحيحاً، لكنه لا يبرر لك الإساءة إلى إلسورث على هذا النحو."
"NPCs.sacramentGeneric.thorenAndDunstenDebatingDasha.afterSpeech.interaction1Line3","Giving one rousing speech ain't the same as being a leader, and you know it.","إلقاء خطاب حماسي واحد لا يعني أن تكون قائداً، وأنت تعلم ذلك."
"NPCs.sacramentGeneric.thorenAndDunstenDebatingDasha.afterSpeech.interaction1Line4","God knows what princely life that man forsook to live amongst us. And look at what it cost him - ain't he earned our respect?","يعلم الإله أي حياة أميرية تخلّى عنها ذلك الرجل ليعيش بيننا. وانظر إلى الثمن الذي كبده إياه - ألم يستحق احترامنا؟"
"NPCs.sacramentGeneric.thorenAndDunstenDebatingDasha.afterSpeech.interaction1Line5","We've all lost people we love, we've all been kicked down and shat on! That's just life on Sacra.","كلنا فقدنا أحبة لنا، وكلنا تعرضنا للركل والإهانة! هذه هي الحياة في ساكرا فحسب."
"NPCs.sacramentGeneric.thorenAndDunstenDebatingDasha.afterSpeech.interaction1Line6","Then he really is one of us, isn't he?","إذاً هو حقاً واحد منا، أليس كذلك؟"
"NPCs.sacramentGeneric.thorenAndDunstenDebatingDasha.afterSpeech.retalkLine1","Ellsworth may act like you could roll him over in his sleep. But if you ask me, I think he's a bear in winter.","قد يتصرف إلسورث وكأنك تستطيع قلبه وهو نائم، لكن إن سألتني، أراه دباً في سباته الشتوي."
"NPCs.sacramentGeneric.thorenAndDunstenDebatingDasha.eavesdrop1","Yes, but the Dasha were here first.","نعم، لكن الداشا كانوا هنا أولاً."
"NPCs.sacramentGeneric.thorenAndDunstenDebatingDasha.retalk1","I pray to the Almighty no one ever hears the stupid shit we say, my friend. ","أدعو القدير ألا يسمع أحد قط الهراء السخيف الذي نتفوه به يا صديقي."
"NPCs.sacramentGeneric.thorstenCuriousAboutWorld.afterBreach.randomLine1","Horatio's words ring true. How am I to believe in the legends of old if I don't believe in God's grace?","كلمات هوراشيو تصدح بالحق. كيف لي أن أؤمن بأساطير الأقدمين إن لم أكن مؤمناً برحمة الإله؟"
"NPCs.sacramentGeneric.thorstenCuriousAboutWorld.afterBreach.randomLine2","It feels as though I lived all my life in darkness, and the horrors at the Gate are like the spark of a candle.","أشعر وكأنني عشت حياتي كلها في الظلام، وأن أهوال البوابة أشبه بشرارة شمعة."
"NPCs.sacramentGeneric.thorstenCuriousAboutWorld.afterBreach.randomLine3","Even the Inquisition's faith was not strong enough. I must learn to believe with every fiber of my being.","حتى إيمان محاكم التفتيش لم يكن بالقوة الكافية. يجب أن أتعلم الإيمان بكل جوارحي."
"NPCs.sacramentGeneric.thorstenCuriousAboutWorld.afterBreach.randomLine4","He's right, Cerim - it's not too late. We can repent and be redeemed. I will try, and you should do the same.","إنه محق أيها السيريم - لم يفت الأوان بعد. يمكننا التوبة ونيل الغفران. سأحاول، وينبغي لك أن تفعل الشيء نفسه."
"NPCs.sacramentGeneric.thorstenCuriousAboutWorld.afterSpeech.eavesdrop","Did you hear that? Did everyone hear that?","هل سمعت ذلك؟ هل سمع الجميع ذلك؟"
"NPCs.sacramentGeneric.thorstenCuriousAboutWorld.afterSpeech.interaction1Line1","Look at that! There, can you see on my skin? Gooseflesh.","انظر إلى هذا! هناك، أتراها على جلدي؟ قشعريرة."
"NPCs.sacramentGeneric.thorstenCuriousAboutWorld.afterSpeech.interaction1Line2","I've never felt so many things at once! Inspired, worried, frightened... What an incredible moment.","لم أشعر قط بهذا الكم من المشاعر دفعة واحدة! إلهام، قلق، خوف... يا لها من لحظة مهيبة."
"NPCs.sacramentGeneric.thorstenCuriousAboutWorld.afterSpeech.interaction1Line3","I'm glad Ellsworth is here with us. If I were in his position, I wouldn't have the slightest idea what to do!","أنا سعيد بوجود إلسورث معنا. لو كنت مكانه، لما كان لدي أدنى فكرة عما يجب فعله!"
"NPCs.sacramentGeneric.thorstenCuriousAboutWorld.eavesdrop","Maybe they know...","ربما يعلمون..."
"NPCs.sacramentGeneric.thorstenCuriousAboutWorld.eavesdrop1","What a curious outfit! I wonder where they're going.","يا له من زي عجيب! تُرى إلى أين هم ذاهبون؟"
"NPCs.sacramentGeneric.thorstenCuriousAboutWorld.eavesdrop2","I have so many questions...","لدي الكثير من الأسئلة..."
"NPCs.sacramentGeneric.thorstenCuriousAboutWorld.eavesdrop3","Hang on. Where was I headed?","مهلاً. إلى أين كنت متوجهاً؟"
"NPCs.sacramentGeneric.thorstenCuriousAboutWorld.interaction1","Your kind come from over the horizon, don't they? Have you seen the Far Lands with your own eyes?","بنو جنسك يأتون من وراء الأفق، أليس كذلك؟ هل رأيت الأراضي البعيدة بأم عينيك؟"
"NPCs.sacramentGeneric.thorstenCuriousAboutWorld.interaction2","I heard there are giants in Giranoth. Real giants, that scrape the treetops with their fingers. That can't be true, can it?","سمعت أن هناك عمالقة في غيرانوث. عمالقة حقيقيون يلامسون قمم الأشجار بأصابعهم. لا يمكن أن يكون هذا صحيحاً، أليس كذلك؟"
"NPCs.sacramentGeneric.thorstenCuriousAboutWorld.interaction3","Have you seen the sand ships of the far north? The falling deserts beyond The Seethe? Please, I must know if they're real.","هل رأيت سفن الرمال في أقصى الشمال؟ الصحاري المتهاوية وراء الغليان؟ أرجوك، يجب أن أعرف إن كانت حقيقية."
"NPCs.sacramentGeneric.thorstenCuriousAboutWorld.interaction4","Personally, I believe all the legends are true. And you're the walking testament! Er - may I touch you, please?","عن نفسي، أصدق أن كل الأساطير حقيقية. وأنت الشاهد الحي المتنقل! إحم - هل يمكنني لمسك، لو سمحت؟"
"NPCs.sacramentGeneric.tomlinTheCaylenVisitor.eavesdrop","Caylen... it's gone. All of it.","كايلن... لقد فنيت. فنيت كلها."
"NPCs.sacramentGeneric.tomlinTheCaylenVisitor.eavesdrop2","Don't head north, traveler.","لا تتجه شمالاً، أيها المسافر."
"NPCs.sacramentGeneric.tomlinTheCaylenVisitor.eavesdrop3","The holy city has fallen.","لقد سقطت المدينة المقدسة."
"NPCs.sacramentGeneric.tomlinTheCaylenVisitor.eavesdrop4","My skin still crawls with it.","ما زال بدني يقشعر من هولها."
"NPCs.sacramentGeneric.tomlinTheCaylenVisitor.interaction1","I ventured through the Mountain Gate, fool that I am. Whatever I expected to find... it was worse.","لقد خاطرت وعبرت بوابة الجبل، أحمق كما أنا. مهما كان ما توقعت رؤيته... كان الواقع أسوأ بكثير."
"NPCs.sacramentGeneric.tomlinTheCaylenVisitor.interaction2","The air is noxious, the city dark and half sunk into the Blood Lake. The Great Cathedral looks more like a ruin.","الهواء مسموم، والمدينة مظلمة وغارقة نصفها في بحيرة الدماء. الكاتدرائية الكبرى تبدو أقرب إلى أطلال بالية."
"NPCs.sacramentGeneric.tomlinTheCaylenVisitor.interaction3","The city is dead. But not empty. Shapes and shadows move through the streets. Chittering noises. Teeth and wings.","المدينة ميتة، لكنها ليست خاوية. ظلال وأشكال تتحرك في أزقتها. أصوات حفيف وقرقضة. أنياب وأجنحة."
"NPCs.sacramentGeneric.tomlinTheCaylenVisitor.interaction4","Listen to me - the holy city is lost. Nothing will bring it back. Only thing we can do is bury it or burn it down.","استمع إلي - المدينة المقدسة هلكت. لا شيء سيعيدها. الشيء الوحيد الذي يمكننا فعله هو دفنها أو إحراقها عن بكرة أبيها."
"NPCs.sacramentGeneric.uriaTheNewlyDasha.eavesdrop","Maybe I'm not Dasha after all?","ربما لست من الداشا في نهاية المطاف؟"
"NPCs.sacramentGeneric.uriaTheNewlyDasha.eavesdrop2","Oh, why did I come to this city...?","أوه، لماذا جئت إلى هذه المدينة...؟"
"NPCs.sacramentGeneric.uriaTheNewlyDasha.eavesdrop3","All this faith is giving me a headache.","أنا أفتقد الخبز... والجبن..."
"NPCs.sacramentGeneric.uriaTheNewlyDasha.interaction1","When I learned I was Dasha, I moved to Sacra to get in touch with my roots. I forgot that roots live in dirt.","ظننت أنني إن بحثت عن جذوري سأجد السلام. لكن الأمر مجرد رمال وجذوع أشجار وأناس يدعونني بالغريب."
"NPCs.sacramentGeneric.uriaTheNewlyDasha.interaction2","Rise at dawn, work the fields, home with family in the evening. A simple life. And a boring one too.","الاستيقاظ عند الفجر، العمل في الحقول، والعودة إلى الأهل مساءً. حياة بسيطة، ومملة أيضاً."
"NPCs.sacramentGeneric.uriaTheNewlyDasha.interaction3","What if that historian just misread my family tree? And it was a mistake to leave the mainland.","ماذا لو كان ذلك المؤرخ قد أخطأ قراءة شجرة عائلتي؟ وكانت مغادرة القارة خطيئة كبرى."
"NPCs.sacramentGeneric.uriaTheNewlyDasha.interaction4","I don't need four gods. I'm not sure I even need one. ","لست بحاجة إلى أربعة آلهة. ولست متأكداً حتى من حاجتي لإله واحد."
"NPCs.sacramentGeneric.valTheHavenportMerchant.eavesdrop","You don't look from around here. S'okay, neither am I.","لا تبدو من هاهنا. لا بأس، ولست أنا أيضاً."
"NPCs.sacramentGeneric.valTheHavenportMerchant.eavesdrop2","So this is the jewel of Sacra. Heh.","إذاً هذه هي جوهرة ساكرا. هه."
"NPCs.sacramentGeneric.valTheHavenportMerchant.eavesdrop3","Make a fortune in Sacrament, piss it away in Havenport.","اجنِ ثروة في ساكرامنت، وبددها هباءً في هافنبورت."
"NPCs.sacramentGeneric.valTheHavenportMerchant.eavesdrop4","I miss home, but she don't miss me!","أفتقد دياري، لكنها لا تفتقدني بتاتاً!"
"NPCs.sacramentGeneric.valTheHavenportMerchant.interaction1","If you ask me, we've been better off ever since Elias had West Havenport sealed away. Nothing but a soggy slum.","إن سألتني، فقد صرنا في حال أفضل بكثير منذ أن أمر إلياس بإغلاق غرب هافنبورت وعزله. لم تكن سوى عشوائيات موحلة."
"NPCs.sacramentGeneric.valTheHavenportMerchant.interaction2","They say the Silverfish is responsible for every drop of Savor in Sacra. Never touch the stuff myself.","يقولون إن 'السمكة الفضية' مسؤولة عن كل قطرة سافور في ساكرا. لا ألمس هذا السم أبداً."
"NPCs.sacramentGeneric.valTheHavenportMerchant.interaction3","Ahh Havenport ain't so nasty. We just get a bad rap 'cuz all the crime. And drugs. And slums. And gangs.","آه، هافنبورت ليست بهذا السوء. كل ما في الأمر أن سمعتنا سيئة بسبب الجريمة بأسرها. والمخدرات. والعشوائيات. والعصابات."
"NPCs.sacramentGeneric.valTheHavenportMerchant.interaction4","Nothing compares to the view from high atop Havenport's great wall. Just don't take one step too many, eh?","لا شيء يضاهي المشهد من أعلى سور هافنبورت العظيم. فقط إياك أن تخطو خطوة زائدة نحو الحافة، ها؟"
"NPCs.sacramentGeneric.victoriaNeedsAJob.eavesdrop","Do you need any help?","هل تحتاج إلى أي مساعدة؟"
"NPCs.sacramentGeneric.victoriaNeedsAJob.interaction1","I can sew. Patch your clothes. I can clean - or cook - or help you carry things! I know my way around the city. Please, just a moment.","بوسعي الخياطة، ورتق ثيابك. يمكنني التنظيف - أو الطهي - أو مساعدتك في حمل الأمتعة! أعرف معالم المدينة جيداً. أرجوك، امنحني لحظة فقط."
"NPCs.sacramentGeneric.victoriaNeedsAJob.interaction2","My husband fell when the Risen took the old Keep. It's just me now... But I, I'm quite capable! I can even speak a bit of Dasha.","سقط زوجي حين استولى الناهضون على الحصن القديم. لم يبق سواي الآن... لكنني، أنا قادرة حقاً! حتى أنني أتحدث القليل من لغة الداشا."
"NPCs.sacramentGeneric.victoriaNeedsAJob.interaction3","You've met Baron Winnick? Perhaps he could use a new servant? I'll work for just a few coppers, I will.","هل التقيت بالبارون وينيك؟ ربما يحتاج إلى خادم جديد؟ سأعمل لقاء بضع قطع نحاسية فحسب، حقاً سأفعل."
"NPCs.sacramentGeneric.victoriaNeedsAJob.interaction4","I... I feel as if I'm at the end of a terribly long bit of string. Dangling from the end, and... watching it fray. ","أنا... أشعر وكأنني عند طرف خيط طويل للغاية. أتدلى من نهايته، و... أراقبه وهو يتآكل وينسل."
"NPCs.sacramentGeneric.warrenTheShopper.afterBreach.eavesdrop","Don't know how we'll survive now...","لا أدري كيف سننجو الآن..."
"NPCs.sacramentGeneric.warrenTheShopper.afterBreach.interaction1","All those farmers not safe behind our walls...","كل أولئك المزارعين الذين ليسوا في مأمن خلف أسوارنا..."
"NPCs.sacramentGeneric.warrenTheShopper.afterBreach.interaction2","I weep for them. And all those untilled fields, carrots and greens rotting where they lay. ","أبكي من أجلهم. وكل تلك الحقول البور، حيث يتعفن الجزر والخضار في مواضعها."
"NPCs.sacramentGeneric.warrenTheShopper.afterRAR.eavesdrop","Am I the only one smelling it?","هل أنا الوحيد الذي يشم هذه الرائحة؟"
"NPCs.sacramentGeneric.warrenTheShopper.afterRAR.interaction1","Awful stench from the Sewers lately.","نتانة مروعة تنبعث من المجاري مؤخراً."
"NPCs.sacramentGeneric.warrenTheShopper.afterRAR.interaction2","Must be what I'm feeding my boys. Worse what goes in, worse comes out.","لابد أنه بسبب ما أطعمه لفتياني. كلما ساء ما يدخل بطونهم، ساء ما يخرج منها."
"NPCs.sacramentGeneric.warrenTheShopper.afterRTB.eavesdrop","This market wouldn't last a week without those Dasha traders...","هذا السوق لن يصمد أسبوعاً واحداً دون تجار الداشا أولئك..."
"NPCs.sacramentGeneric.warrenTheShopper.afterRTB.interaction1","Marin Woods all birdmen and brambles?","غابات مارين باتت كلها رجال طيور وأشواك عوسج؟"
"NPCs.sacramentGeneric.warrenTheShopper.afterRTB.interaction2","I suppose that means more rotten fruit and cornmeal full of feather.","أحسب أن ذلك يعني مزيداً من الفاكهة الفاسدة ودقيق الذرة المليء بالريش."
"NPCs.sacramentGeneric.warrenTheShopper.afterSOG.eavesdrop","Maybe those chaps from Phalen will sort things out...","ربما يُصلح أولئك الرجال القادمون من فالن الأمور..."
"NPCs.sacramentGeneric.warrenTheShopper.afterSOG.interaction1","Did the mainlanders get the quarry back on its feet?","هل أعاد رجال القارة المقلع إلى العمل؟"
"NPCs.sacramentGeneric.warrenTheShopper.afterSOG.interaction2","Just pushed right through? Bah. I guess more cold meals without coal for the fire.","عبروا فقط دون توقف؟ تبّاً. أظننا سنأكل المزيد من الوجبات الباردة بلا فحم لإيقاد النار."
"NPCs.sacramentGeneric.warrenTheShopper.afterWS.eavesdrop","I miss visiting the Lowland Meadows. Used to be lovely country.","أفتقد زيارة السهول المنخفضة، كانت بلاداً رائعة الجمال."
"NPCs.sacramentGeneric.warrenTheShopper.afterWS.interaction1","I heard about those poor hunters...","سمعت بأمر أولئك الصيادين المساكين..."
"NPCs.sacramentGeneric.warrenTheShopper.afterWS.interaction2","Do you think the ones who escaped brought any meat back with them?","أتظن أن أولئك الذين فروا جلبوا معهم أي لحم؟"
"NPCs.sacramentGeneric.warrenTheShopper.eavesdrop","Hmm, what's next on the list?","همم، ما التالي في القائمة؟"
"NPCs.sacramentGeneric.warrenTheShopper.eavesdrop2","I fill the pantry, the boys empty it out.","أملأ حجرة المؤن، ويفرغها الفتيان في الحال."
"NPCs.sacramentGeneric.warrenTheShopper.eavesdrop3","I'm sure I'm forgetting something...","أنا واثق أنني نسيت شيئاً ما..."
"NPCs.sacramentGeneric.warrenTheShopper.interaction1","Ever since the Mountain Gate fell, some provisions have been hard to find. Whole island's being carved to pieces.","منذ أن سقطت بوابة الجبل، بات من العسير العثور على بعض المؤن. الجزيرة بأسرها تتمزق إرباً."
"NPCs.sacramentGeneric.warrenTheShopper.interaction2","Does this mushroom seem off to you? I swear it's giving me a dirty look.","هل يبدو هذا الفطر فاسداً في نظرك؟ أقسم أنه يرمقني بنظرة مريبة."
"NPCs.sacramentGeneric.warrenTheShopper.interaction3","If you're one of them mainland missionaries, I ain't got time. I'm here to find apples, not god.","إن كنت أحد أولئك المبشرين القادمين من القارة، فليس لدي وقت. أنا هنا للبحث عن التفاح، وليس عن الإله."
"NPCs.sacramentGeneric.warrenTheShopper.interaction4","Ply your children with sweets and your wife with wine, and they tend not to judge your cooking.","أغدق على أطفالك بالحلويات وعلى زوجتك بالنبيذ، ولن يحكموا على طهيك بسوء."
"NPCs.sacramentGeneric.wilkieTheAspiringSoldier.eavesdrop","Keep my chin up... Yes, and... eyes forward!","ارفع ذقنك... نعم، و... انظر للأمام مباشرة!"
"NPCs.sacramentGeneric.wilkieTheAspiringSoldier.interaction1","Do you know any of Sacrament's guards, by chance? I think they'd like to meet me. I have a lot to offer.","أتعرف أياً من حراس ساكرامنت بالصدفة؟ أعتقد أنهم سيودون لقائي. لدي الكثير لأقدمه."
"NPCs.sacramentGeneric.wilkieTheAspiringSoldier.interaction2","I came here on a ship from the mainland. Not as a passenger, mind you - I rode with the goats below decks. But I didn't mind a bit!","جئت إلى هنا على متن سفينة من القارة. ليس كراكب بطبيعة الحال - بل ركبت مع الماعز أسفل الطوابق. لكن ذلك لم يزعجني قط!"
"NPCs.sacramentGeneric.wilkieTheAspiringSoldier.interaction3","I heard you met Ellsworth. People say a lot of things about him, but - I think he's the best leader in the whole realm.","سمعت أنك قابلت إلسورث. الناس يقولون الكثير عنه، لكنني - أراه أفضل قائد في المملكة بأسرها."
"NPCs.sacramentGeneric.wilkieTheAspiringSoldier.interaction4","One day I'll be up on that wall, scanning the horizon, protecting the city! And maybe... I'll even get to shake the governor's hand.","يوماً ما سأكون هناك فوق ذلك السور، أتفحص الأفق وأحمي المدينة! وربما... سأحظى بمصافحة يد الحاكم."
"NPCs.sacramentGeneric.wilkieTheAspiringSoldier.var1.eavesdrop","I was wrong...","كنت مخطئاً..."
"NPCs.sacramentGeneric.wilkieTheAspiringSoldier.var1.interaction1","I saw some of the bodies brought back from the Mountain Gate. Or what was left of them...","رأيت بعض الجثث المعادة من بوابة الجبل. أو ما تبقى منها على الأصح..."
"NPCs.sacramentGeneric.wilkieTheAspiringSoldier.var1.interaction2","I don't know if I want to be a guard anymore. I never imagined it like this.","لا أعلم إن كنت أريد أن أصبح حارساً بعد الآن. لم أتخيل الأمر هكذا قط."
"NPCs.sacramentGeneric.wilkieTheAspiringSoldier.var1.interaction3","It's not a uniform, it's a target. And the walls of Sacrament might as well be a feeding trough. ","إنه ليس زياً رسمياً، بل هو هدف للرماية. وأسوار ساكرامنت كأنها معلف للوحوش لا أكثر."
"NPCs.sacramentGeneric.wilkieTheAspiringSoldier.var1.interaction4","Those winged beasts - one crashed against the ramparts. It had a face. I think it used to be a person.","تلك الوحوش المجنحة - تحطم أحدها فوق الحصون الدفاعية. كان له وجه... أعتقد أنه كان بشراً في السابق."
"NPCs.sacramentGeneric.wilmotTheStreetSweeper.interaction1","Huh? What? 'm busy. Move along.","هاه؟ ماذا؟ أنا مشغول. ابتعد من هنا."
"NPCs.sacramentGeneric.wilmotTheStreetSweeper.interaction2","Sweepin' here!","أنا أكنس هنا!"
"NPCs.sacramentGeneric.wilmotTheStreetSweeper.interaction3","Can't you see you're in my way?","ألا ترى أنك تقف في طريقي؟"
"NPCs.sacramentGeneric.wilmotTheStreetSweeper.interaction4","What the hell is your problem? Some of us work for a livin' y'know.","ما خطبك بحق الجحيم؟ بعضنا يعمل لكسب لقمة عيشه كما تعلم."
"NPCs.sacramentGeneric.xavierTheBrokeRichMan.eavesdrop","Rock never depreciates... Piss poor advice.","الصخر لا تنخفض قيمته أبداً... نصيحة بائسة قميئة."
"NPCs.sacramentGeneric.xavierTheBrokeRichMan.interaction1","If you're looking to invest, don't come to me. Yes, I used to be a sage of commerce.","إن كنت تبحث عن استثمار، فلا تقصدني. أجل، كنت في السابق حكيماً من حكماء التجارة."
"NPCs.sacramentGeneric.xavierTheBrokeRichMan.interaction2","There'll be more silver in your sword than in my coffer now... Ever since the damned quarry fell.","سيكون في سيفك من الفضة أكثر مما في خزينتي الآن... منذ أن سقط ذلك المقلع الملعون."
"NPCs.sacramentGeneric.xavierTheBrokeRichMan.interaction3","People will always need ore and stone, my father said. He didn't count on those cowards sealing the Mountain Gate shut...","سيحتاج الناس دوماً إلى الخام والحجر، هكذا قال أبي. لم يحسب حساب أولئك الجبناء الذين أوصدوا بوابة الجبل..."
"NPCs.sacramentGeneric.xavierTheBrokeRichMan.interaction4","When Caylen was sealed, my business crumbled. Crumbled! You hear? Yes, I know, lives were lost. But that's not my concern!","حين أُغلقت كايلن، انهارت تجارتي. تهاوت كلياً! أتسمعني؟ أجل، أعلم، أُزهقت أرواح. لكن ذلك ليس من شأني!"
"NPCs.sacramentVendors.alchemistMarkos.afterMountainGateBreach.interactLine1","Would you consider signing over to me, Cerim, the rights to your remains?","ألا تفكر في أن تتنازل لي خطياً، أيها السيريم، عن حقوق التصرف في جثمانك؟"
"NPCs.sacramentVendors.alchemistMarkos.afterMountainGateBreach.interactLine2","In case of death or dismemberment by those winged creatures, we wouldn't want your corpse to go to waste.","في حال قتلك أو تقطيع أوصالك على يد تلك المخلوقات المجنحة، فنحن لا نريد لجثتك أن تذهب سدى."
"NPCs.sacramentVendors.alchemistMarkos.afterRatsAndRaiders.interactLine1","What glorious putridity coats your heels, Cerim? I must acquire some of my own.","أي عفونة بهية هذه التي تغطي كعبيك، أيها السيريم؟ يجب أن أحصل على بعض منها لنفسي."
"NPCs.sacramentVendors.alchemistMarkos.afterRatsAndRaiders.interactLine2","Think of the rancid concoction I could brew. A bomb, a poison. Perhaps an ale?","فكر فقط في ذلك المستحضر الفاسد الرائع الذي يمكنني تركيبه. قنبلة، سم زعاف، أو ربما مشروب بيرة؟"
"NPCs.sacramentVendors.alchemistMarkos.afterRootsThatBind.interactLine1","So you've felt the caress of the brambles of Marin Woods?","إذن فقد شعرت بمداعبة أشواك غابات مارين؟"
"NPCs.sacramentVendors.alchemistMarkos.afterRootsThatBind.interactLine2","Poor creatures. The ravenous are always misunderstood.","مخلوقات مسكينة. الجائعون دائماً يُساء فهمهم."
"NPCs.sacramentVendors.alchemistMarkos.afterServantOfGod.interactLine1","You know I chipped two knives trying to scrape off a sample of the Mountain Gate.","أتعلم أنني ثلمت سكينين وأنا أحاول كشط عينة من بوابة الجبل."
"NPCs.sacramentVendors.alchemistMarkos.afterServantOfGod.interactLine2","A most curious substance. Hard as steel, pitted as stone, and with a faint taste of old blood.","مادة عجيبة للغاية. صلبة كالفولاذ، ومنقرة كالحجر، ولها طعم خافت يذكر بالدم القديم."
"NPCs.sacramentVendors.alchemistMarkos.afterWeepingSisters.interactLine1","I heard rumors of a beast and maiden woven together in the Vale.","سمعت شائعات عن وحش وعذراء تشابكا معاً في الوادي."
"NPCs.sacramentVendors.alchemistMarkos.afterWeepingSisters.interactLine2","In my youth I often tried stitching crows and rats together, with limited success.","في صباي كنت أحاول مراراً خياطة الغربان والجرذان معاً، بنجاح محدود."
"NPCs.sacramentVendors.alchemistMarkos.firstSacramentInteractionLine1","So what do you think, Cerim? A humble arrangement, but perhaps the start of something grand.","إذن ما رأيك، أيها السيريم؟ ترتيب متواضع، لكنه قد يكون بداية لشيء عظيم."
"NPCs.sacramentVendors.alchemistMarkos.firstSacramentInteractionLine2","Yes, yes, soon even the birds will envy my plumage. My concoctions will haunt the dreams of the lustful, the weary, the spurned.","نعم، نعم، قريباً حتى الطيور ستحسدني على ريشي. وستلاحق خلطاتي منامات الشهوانيين، والمرهقين، والمنبوذين."
"NPCs.sacramentVendors.alchemistMarkos.firstSacramentInteractionLine3","And you. Of course. You're always welcome to sup strength and wisdom from my elixirs. If they don't blind you, that is.","وأنت، بطبيعة الحال، مرحب بك دائماً لترتشف القوة والحكمة من إكسيراتي. هذا إن لم تصبك بالعمى، بطبيعة الحال."
"NPCs.sacramentVendors.alchemistMarkos.interact1","I can see behind your eyes.","بمقدوري الرؤية خلف عينيك."
"NPCs.sacramentVendors.alchemistMarkos.interact2","Don't touch anything!","إياك أن تلمس أي شيء!"
"NPCs.sacramentVendors.alchemistMarkos.interact3","So... You're looking to be transformed.","إذن... تبحث عن التحول."
"NPCs.sacramentVendors.alchemistMarkos.menuTalk1","I found the most curious fungus growing in the tavern's bathroom. I scraped up a sample if you care to see.","عثرتُ على فطر في غاية الغرابة ينمو في مرحاض الحانة. لقد كشطتُ عينة منه إن كان يهمك الاطلاع عليها."
"NPCs.sacramentVendors.alchemistMarkos.menuTalk2","I'll never understand the sober. The body is a workshop - meant for tinkering. Why take only what you have, when you can have it all?","لن أفهم الصاحين أبداً. الجسد ورشة عمل - صُنع لأجل التجريب والتعديل. لماذا تكتفي بما لديك فقط، حين يمكنك نيل كل شيء؟"
"NPCs.sacramentVendors.alchemistMarkos.menuTalk3","They say it's dishonorable to poison a man. If I could bottle honor, I wouldn't sell it.","يقولون إن تسميم المرء أمرٌ منافٍ للشرف. لو كان بوسعي تعبئة الشرف في قوارير، لما بعته."
"NPCs.sacramentVendors.alchemistMarkos.rotatingEavesdrop1","Be silent as a whisper or loud as a thunderclap.","كن صامتاً كالهمسة أو صاخباً كهزيم الرعد."
"NPCs.sacramentVendors.alchemistMarkos.rotatingEavesdrop2","A man with untainted blood is a man unfulfilled.","الرجل ذو الدم النقي رجل لم يكتمل بعد."
"NPCs.sacramentVendors.alchemistMarkos.rotatingEavesdrop3","Not all weapons end in a point.","ليست كل الأسلحة تنتهي بنصل حاد."
"NPCs.sacramentVendors.alchemistMarkos.rotatingEavesdrop4","Poison is just another word for overindulgence.","السم مجرد كلمة أخرى للإفراط في الاستمتاع."
"NPCs.sacramentVendors.alchemistMarkos.rotatingEavesdrop5","The most flammable stall in all of Sacrament!","الكشك الأكثر قابلية للاشتعال في ساكرامنت بأسرها!"
"NPCs.sacramentVendors.alchemistMarkos.rotatingEavesdrop6","The criminal, heretical, and unethical all under one roof.","الإجرامي، والهرطقي، وغير الأخلاقي، تجدها جميعاً تحت سقف واحد."
"NPCs.sacramentVendors.alchemistMarkos.upgradeInteraction1","Do you see? My stall blossoms, my creativity blooms. And what's to my benefit is also to yours!","أترى ذلك؟ كشكي يزدهر، وإبداعي يتفتح. وما يعود بالنفع عليّ يصب في مصلحتك أيضاً!"
"NPCs.sacramentVendors.alchemistMarkos.upgradeInteraction2","I'm still not ready to admit you're deserving of my talents, but I do think I may be close to starting to consider the possibility.","لست مستعداً بعد للاعتراف بأنك تستحق مواهبي، لكنني أظن أنني على وشك البدء في التفكير في هذا الاحتمال."
"NPCs.sacramentVendors.alchemistMarkos.upgradeInteraction3","Your gift is a blessing, Cerim. And now I might brew that blessing into a curse upon your enemies.","عطاؤك بركة يا سيريم. والآن قد أطبخ تلك البركة لتغدو لعنة تصبها على رؤوس أعدائك."
"NPCs.sacramentVendors.arenaMasterBoroth.completionLine1","What’s this - our prize returns! Her stains a bit fresher.","ما هذا - جائزتنا تعود إلينا! ودماؤها طازجة أكثر بقليل."
"NPCs.sacramentVendors.arenaMasterBoroth.completionLine2","Was the wearer dead when you found him, Cerim? No matter!","أكان حاملها ميتاً حين وجدته، أيها السيريم؟ لا يهم!"
"NPCs.sacramentVendors.arenaMasterBoroth.completionLine3","The world is brutish and cruel. True justice only exists inside the pit.","العالم همجي وقاسٍ. العدالة الحقة لا وجود لها إلا داخل حلبة الصراع."
"NPCs.sacramentVendors.arenaMasterBoroth.completionLine4","I declare the arena open to friends and foes alike!","أعلن افتتاح الحلبة للأصدقاء والخصوم على حد سواء!"
"NPCs.sacramentVendors.arenaMasterBoroth.firstEavesdrop","Come, Cerim, and test your battle prowess in Sacrament's pit of war!","تعال أيها السيريم، واختبر بأسك القتالي في حلبة حرب ساكرامنت!"
"NPCs.sacramentVendors.arenaMasterBoroth.firstInteractionLine1","What fool told you that you were born between your mother's legs? You're born here. In the arena!","أي أحمق أخبرك أنك وُلدت من رحم أمك؟ أنت تولد هنا، في الحلبة!"
"NPCs.sacramentVendors.arenaMasterBoroth.firstInteractionLine2","Your first steps a lunge with a lance! Your first words a battle cry!","خطواتك الأولى طعنة رمح! وكلماتك الأولى صيحة حرب!"
"NPCs.sacramentVendors.arenaMasterBoroth.firstInteractionLine3","But the one true game cannot resume without our prize: the Champion’s Crest.","لكن النزال الحقيقي لا يمكن أن يُستأنف دون جائزتنا: شعار البطل."
"NPCs.sacramentVendors.arenaMasterBoroth.firstInteractionLine4","Our current champion was last seen in the Nameless Pass, west of the quarry.","شوهد بطلنا الحالي لآخر مرة في الممر المجهول، غرب المحجر."
"NPCs.sacramentVendors.arenaMasterBoroth.firstInteractionLine5","He owns the crest, until it is stained by his own blood. Bring him back, so that he might bleed for you in the arena!","الشعار ملكه، حتى يتخضب بدمائه هو شخصياً. أعده إلينا، حتى ينزف لأجلك في الحلبة!"
"NPCs.sacramentVendors.arenaMasterBoroth.firstInteractionLine6","The pit’s reward is pain and glory, not pain alone!","مكافأة الحلبة هي الألم والمجد معاً، وليس الألم وحده!"
"NPCs.sacramentVendors.arenaMasterBoroth.menuTalk1","I ever tell you of the time I got my boot stuck in a bandit's skull? Ha, it's a funny story, trust me.","هل حدثتك يوماً عن المرة التي علق فيها حذائي في جمجمة أحد قطاع الطرق؟ هاه، إنها قصة طريفة، صدقني."
"NPCs.sacramentVendors.arenaMasterBoroth.menuTalk2","In a way I'm not so different from the vendors up above. Only I buy blood and bone, and I sell glory eternal.","من منظور ما، لا أختلف كثيراً عن الباعة هناك في الأعلى. سوى أنني أشتري الدم والعظم، وأبيع المجد الأبدي."
"NPCs.sacramentVendors.arenaMasterBoroth.menuTalk3","What better way to make friends and meet strangers than by swinging at them with an axe!","ما من وسيلة أفضل لكسب الأصدقاء ومقابلة الغرباء من التلويح بالفأس في وجوههم!"
"NPCs.sacramentVendors.arenaMasterBoroth.retalk1","You may be the stuff of legend, Cerim, but here you're just another bag of meat for the grinder. Least until you prove otherwise.","قد تكون أسطورة في عيون الناس، أيها السيريم، لكنك هنا مجرد كيس لحم آخر لمفرمة المعركة. على الأقل حتى تثبت عكس ذلك."
"NPCs.sacramentVendors.arenaMasterBoroth.retalk2","Find our champion in the Nameless Pass, so that the games may resume.","اعثر على بطلنا في الممر المجهول، حتى تُستأنف النزالات."
"NPCs.sacramentVendors.arenaMasterBoroth.retalk3","The arena's appetites are never satisfied.","شهية الحلبة لا تشبع أبداً."
"NPCs.sacramentVendors.arenaMasterBoroth.rotatingEavesdrop1","Bodies become dust, but your name can live forever!","الأجساد تؤول إلى تراب، لكن اسمك يمكن أن يخلد إلى الأبد!"
"NPCs.sacramentVendors.arenaMasterBoroth.rotatingEavesdrop2","Are you a legend or a children's story, Cerim?","أأنت أسطورة حقاً أم حكاية أطفال، أيها السيريم؟"
"NPCs.sacramentVendors.arenaMasterBoroth.rotatingEavesdrop3","Death only comes for the ones who fear her!","الموت لا يباغت إلا من يخشاه!"
"NPCs.sacramentVendors.blacksmithFillmore.afterBreachInteractionLine1","I don't know if I'm grateful you're here with us in these dark times, Cerim.","لست أدري إن كنت ممتناً لوجودك معنا في هذه الأوقات العصيبة، أيها السيريم."
"NPCs.sacramentVendors.blacksmithFillmore.afterBreachInteractionLine2","Or if you're just another sign the times are getting darker.","أم أنك مجرد نذير آخر بأن الأيام تزداد سواداً وظلمة."
"NPCs.sacramentVendors.blacksmithFillmore.afterRARInteractionLine1","Smithing's got a smell to it, no doubt about that. Not something most people enjoy, I've found.","للحدادة رائحة مميزة، لا شك في ذلك. وليست رائحة يفضلها أغلب الناس، كما لاحظت."
"NPCs.sacramentVendors.blacksmithFillmore.afterRARInteractionLine2","But that's nothing compared to the stench on you right now! If I didn't know better I'd think you've been tromping around in the Black Trench.","لكن ذلك لا يُقارن بالنتانة العالقة بك الآن! لو لم أكن أعرفك لظننت أنك كنت تتخبط في الخندق الأسود."
"NPCs.sacramentVendors.blacksmithFillmore.afterRTBInteractionLine1","A fine deed you did for those people up in Marin. You know my cousin Dolan's the village smithy...","صنيعٌ نبيل ذاك الذي قدمته لأولئك الناس في مارين. أتعلم أن ابن عمي دولان هو حداد القرية هناك..."
"NPCs.sacramentVendors.blacksmithFillmore.afterRTBInteractionLine3","If you can count the blind hammerings of that ingrate as smithing.","هذا إن كان بوسعك اعتبار الطرق الأعمى لذاك الجاحد حدادة من الأساس."
"NPCs.sacramentVendors.blacksmithFillmore.afterSOGInteractionLine1","You've got some hardened feet under you, my friend.","قدماك صلبتا المراس حقاً يا صديقي."
"NPCs.sacramentVendors.blacksmithFillmore.afterSOGInteractionLine2","When we first met, I never would have guessed you'd make it all the way to the Mountain Gate! And back again, alive!","حين التقينا لأول مرة، لم أكن لأحزر أبداً أنك ستصل إلى بوابة الجبل! ثم تعود منها حياً يُرزق!"
"NPCs.sacramentVendors.blacksmithFillmore.afterSOGInteractionLine3","Used to get most of my metals from the quarry through the pass. Haven't gotten anything out of there in a while now.","اعتدتُ الحصول على معظم معادي من المحجر عبر الممر. لكنني لم أتلقَّ أي شحنة من هناك منذ مدة."
"NPCs.sacramentVendors.blacksmithFillmore.afterWSInteractionLine1","I've always made blades for the people of Sacrament. Her butchers, her soldiers, her hunters...","لطالما صنعتُ الشفرات لأهل ساكرامنت. لقصابيها، وجنودها، وصياديها..."
"NPCs.sacramentVendors.blacksmithFillmore.afterWSInteractionLine2","But it used to be, the blades would always come back with their owners.","لكن في السابق، كانت النصال تعود دائماً برفقة أصحابها."
"NPCs.sacramentVendors.blacksmithFillmore.afterWSInteractionLine3","Now... There've been too many lost in the Vale. We should look for game elsewhere, if you ask me.","أما الآن... فقد فُقد الكثيرون في الوادي. ينبغي لنا البحث عن الصيد في مكان آخر، إن أردت رأيي."
"NPCs.sacramentVendors.blacksmithFillmore.firstSacramentInteractionLine1","Good to be back behind Sacrament's walls. My thanks for clearing the way.","من الرائع العودة إلى ما وراء أسوار ساكرامنت. شكري الجزيل لك على تمهيد الطريق."
"NPCs.sacramentVendors.blacksmithFillmore.firstSacramentInteractionLine2","From now on, how 'bout I stay at my forge and leave the heroics to you?","من الآن فصاعداً، ما رأيك أن ألزم أنا ورشتي وأترك البطولات لك؟"
"NPCs.sacramentVendors.blacksmithFillmore.interact1","Good day to you.","طاب يومك."
"NPCs.sacramentVendors.blacksmithFillmore.interact2","Ahh... The savior returns.","آه... لقد عاد المنقذ."
"NPCs.sacramentVendors.blacksmithFillmore.interact3","Hello old friend.","مرحباً يا صديقي القديم."
"NPCs.sacramentVendors.blacksmithFillmore.menuTalk1","I come from a family of smithies. My father says we're born with soot already under our nails.","أنحدر من عائلة من الحدادين. والدي يقول إننا نولد والسخام يعلو أظافرنا بالفعل."
"NPCs.sacramentVendors.blacksmithFillmore.menuTalk2","Sometimes I wish I could be manning the battlements. But no, my place is here. I shape the spear, you drive it home.","أحياناً أتمنى لو كنت على شرفات الحصن أقاتل. لكن لا، مكاني هنا. أنا أشحذ الرمح، وأنت تسدده بدقة."
"NPCs.sacramentVendors.blacksmithFillmore.menuTalk3","Some people ask how I can stand the ringing in my ears. Better than hearing folks gab if you ask me.","يسألني البعض كيف أطيق هذا الطنين في أذنيّ. أقول لهم: إنه أفضل بكثير من الاستماع إلى ثرثرة الناس."
"NPCs.sacramentVendors.blacksmithFillmore.oreHintInteractionLine1","Got some ore there, eh? You can buy weapons and armor from me, but you’re also welcome to craft your own.","لديك بعض الخام هناك، أليس كذلك؟ يمكنك شراء الأسلحة والدروع مني، لكن نرحب أيضاً بصنعك لعتادك بنفسك."
"NPCs.sacramentVendors.blacksmithFillmore.oreHintInteractionLine2","Just refine your ore in the furnace, then use the anvil to shape your steel. You can smith anything you’ve found the designs for.","ما عليك سوى تنقية الخام في الفرن، ثم استخدام السندان لتشكيل الفولاذ. يمكنك حدادة أي شيء عثرت على مخططاته."
"NPCs.sacramentVendors.blacksmithFillmore.oreHintInteractionLine3","Most of Sacrament's vendors will let you do the same - buy something, or craft it yourself.","معظم تجار ساكرامنت سيتيحون لك الأمر ذاته - شراء البضائع، أو صنعها بيدك."
"NPCs.sacramentVendors.blacksmithFillmore.rotatingEavesdrop1","Nothing sings like steel.","لا شيء يطرب الأذن كوقع الفولاذ."
"NPCs.sacramentVendors.blacksmithFillmore.rotatingEavesdrop2","Warrior's only as good as his weapon.","قيمة المحارب من قيمة سلاحه."
"NPCs.sacramentVendors.blacksmithFillmore.rotatingEavesdrop3","May your will be half as strong as my work.","عسى أن تكون إرادتك بنصف قوة صنعتي."
"NPCs.sacramentVendors.blacksmithFillmore.rotatingEavesdrop4","Man's best friend is a blade.","خير صديق للمرء نصله."
"NPCs.sacramentVendors.blacksmithFillmore.rotatingEavesdrop5","I see the glint of steel in your eyes.","أرى بريق الفولاذ يلمع في عينيك."
"NPCs.sacramentVendors.blacksmithFillmore.rotatingEavesdrop6","Victory is born in the forge.","النصر يولد في رحم الكور."
"NPCs.sacramentVendors.blacksmithFillmore.upgradeInteraction1","Many thanks, Cerim. A furnace fit for a king! Or at least one that could cook a king, heh.","شكراً جزيلاً، أيها السيريم. فرن يليق بالملوك! أو على الأقل فرن قادر على شيّ ملك، هه."
"NPCs.sacramentVendors.blacksmithFillmore.upgradeInteraction2","I wish my father could see what this place has become. So I could rub his face in it.","ليت والدي يرى ما آل إليه هذا المكان، لأغيظه وأعلمه درساً."
"NPCs.sacramentVendors.blacksmithFillmore.upgradeInteraction3","Just imagine the weapons I can forge now. It'll make the gods themselves hide in the clouds.","تخيل فقط الأسلحة التي بمقدوري حدادتها الآن. ستجعل الآلهة أنفسهم يختبئون وراء السحاب."
"NPCs.sacramentVendors.builderDanos.firstEavesdropLine1","Rotten boards. Decayed and crumbling. Just like the old man’s mind...","ألواح خشبية بالية. متفسخة ومتداعية. تماماً كعقل ذلك العجوز الخرف..."
"NPCs.sacramentVendors.builderDanos.firstEavesdropLine2","It’s that apprentice of his... Useless scrapper. Couldn’t lift anything heavier than a pen.","إنه ذاك المساعد الأبله... خردجي عديم النفع. يعجز عن رفع أي شيء أثقل من قلم."
"NPCs.sacramentVendors.builderDanos.firstEavesdropLine3","And how can he think with that hat full of wax? I should have a word with Ellsworth...","وكيف له أن يفكر وتلك القبعة ممتلئة بالشمع؟ عليّ أن أوبخ إلسورث..."
"NPCs.sacramentVendors.builderDanos.firstInteractLine1","Hmph. Who’s that? Oh, a visitor. Of course.","همم... من هذا؟ أوه، زائر. بالطبع."
"NPCs.sacramentVendors.builderDanos.firstInteractLine2","I’ve told the Watcher this tower’s not fit for livestock. And yet there he goes, boarding any stranger that comes along, when there are plenty of houses in Sacrament for purchase.","لقد أخبرتُ المراقب أن هذا البرج لا يصلح حتى لإيواء البهائم. ومع ذلك ها هو يأوي أي غريب يمر، رغم وجود الكثير من المنازل المعروضة للبيع في ساكرامنت."
"NPCs.sacramentVendors.builderDanos.firstInteractLine3","You'll have to head upstairs. There's no way down for now.","سيتعين عليك الصعود إلى الطابق العلوي. لا سبيل للنزول في الوقت الراهن."
"NPCs.sacramentVendors.builderDanos.firstInteractLine4","A fine staircase she’d be too. Would get us to the market in half the time.","لو شُيّد درجٌ متين لكان تحفة. وكان سيوصلنا إلى السوق في نصف الوقت."
"NPCs.sacramentVendors.builderDanos.firstInteractLine5","Most days you'll find me not far from there. In the square, by the War Room.","في معظم الأيام ستجدني غير بعيد من هناك. في الساحة، بجوار غرفة الحرب."
"NPCs.sacramentVendors.builderDanos.firstInteractLine6","Maker Danos. I can repair anything with the right materials, except laziness.","الصانع دانوس. بمقدوري إصلاح أي شيء بالمواد المناسبة، ما عدا الكسل."
"NPCs.sacramentVendors.builderDanos.firstInteractLine7","This city can be re-built! There was greatness here once.","هذه المدينة قابلة لإعادة البناء! لقد سكنتها العظمة يوماً ما."
"NPCs.sacramentVendors.builderDanos.firstInteractLine8","Though it seems I’m the only one who remembers.","مع أنني أبدو الوحيد الذي لا يزال يتذكر ذلك."
"NPCs.sacramentVendors.builderDanos.firstInteractRetalk","Find me down in the town square. I’ve wasted enough time with you here.","ستجدني في ساحة البلدة. لقد أضعت ما يكفي من الوقت معك هنا."
"NPCs.sacramentVendors.builderDanos.interact1","Let's get to work.","فلنشرع في العمل."
"NPCs.sacramentVendors.builderDanos.interact2","Where've you been?","أين كنت كل هذا الوقت؟"
"NPCs.sacramentVendors.builderDanos.interact3","Time ticks ever forward…","عقارب الوقت تدق بلا هوادة..."
"NPCs.sacramentVendors.builderDanos.menuTalk1","Kafron Bilsgard built this city from the wastes, and it's stood for 300 years. We must preserve his legacy!","شيد كافرون بيلسغارد هذه المدينة من الخراب، وصمدت لثلاثمائة عام. يجب أن نصون إرثه!"
"NPCs.sacramentVendors.builderDanos.menuTalk2","Some of the ruins on this island were built by your kind... Many ages ago. I won't go near them – fearsome unnatural, they are.","بعض الأطلال على هذه الجزيرة بناها بنو جنسك... منذ دهور غابرة. لن أقترب منها أبداً – إنها موحشة ومنافية للطبيعة."
"NPCs.sacramentVendors.builderDanos.menuTalk3","Havenport, Tir, Caylen... There isn't a city on Sacra that isn't a shadow of its former self. Time eats at this island like mold.","هافنبورت، تير، كايلن... ما من مدينة على ساكرا إلا وهي مجرد شبح باهت لما كانت عليه. الوقت ينهش هذه الجزيرة كالعفن."
"NPCs.sacramentVendors.builderDanos.menuTalk4","We're not just repairing wood and iron, you and I. We're giving this city new life. Restoration is rebirth. Understand?","لسنا نرمم مجرد خشب وحديد، أنا وأنت. نحن نبعث في هذه المدينة حياة جديدة. فالترميم هو ولادة متجددة. أتدرك ذلك؟"
"NPCs.sacramentVendors.builderDanos.rotatingEavesdrop1","Wouldn't you like to see Sacrament reborn?","ألا تود أن ترى ساكرامنت تولد من جديد؟"
"NPCs.sacramentVendors.builderDanos.rotatingEavesdrop2","This island will be healed, one stone at a time.","ستبرأ جراح هذه الجزيرة، حجراً تلو حجر."
"NPCs.sacramentVendors.builderDanos.rotatingEavesdrop3","They walk past, blind to the crumbling around them...","يمرون بجوارها، عمياً عن الانهيار المحيط بهم..."
"NPCs.sacramentVendors.builderDanos.rotatingEavesdrop4","The blight of time is all around us.","آفة الزمان تحيط بنا من كل جانب."
"NPCs.sacramentVendors.builderDanos.rotatingEavesdrop5","We can restore history, you and I.","بمقدورنا إعادة التاريخ إلى نصابه، أنا وأنت."
"NPCs.sacramentVendors.builderDanos.rotatingEavesdrop6","This city deserves a new beginning.","تستحق هذه المدينة بداية جديدة."
"NPCs.sacramentVendors.builderDanos.secondInteractLine1","So, you found me. Perhaps you're developing a fondness for this city, then! ","إذن، لقد عثرت عليّ. لعل مودة لهذه المدينة بدأت تنمو في قلبك!"
"NPCs.sacramentVendors.builderDanos.secondInteractLine2","With my hands and your copper, we can make Sacrament bloom again. ","بيديّ هاتين وعملاتك النحاسية، يمكننا جعل ساكرامنت تزدهر من جديد."
"NPCs.sacramentVendors.builderDanos.secondInteractLine3","Anything you come across that looks like it could be restored... Tell me. Why, even the vendors' stalls can be improved! ","أي شيء تصادفه ويبدو بحاجة للترميم... أخبرني به. بل حتى أكشاك الباعة يمكن ترقيتها!"
"NPCs.sacramentVendors.builderDanos.secondInteractLine4","And for yourself - perhaps you may want a home here one day. ","وبالنسبة لك أنت - ربما ترغب في امتلاك منزل هنا يوماً ما."
"NPCs.sacramentVendors.builderDanos.secondInteractLine5","You can find vacant houses for sale all over Sacrament. Each one has a sign out front that tells you all you need to know. ","يمكنك العثور على منازل شاغرة للبيع في أنحاء ساكرامنت. ولكل منها لافتة أمامها تخبرك بكل ما تحتاج لمعرفته."
"NPCs.sacramentVendors.builderDanos.secondInteractLine6","There was greatness here once. Let us uncover it from beneath the dust. ","كانت هنا عظمة في الماضي. فلننفض عنها الغبار ونعيد مجدها."
"NPCs.sacramentVendors.builderDanos.var1.talkLine1","I take it you saw the Madrigal from Phalen arrive. What a magnificent creature she is. ","أفترض أنك رأيت وصول المادريغال من فالن. يا لها من سيدة مهيبة."
"NPCs.sacramentVendors.builderDanos.var1.talkLine2","It's about time the mainland brought some rigor and respect to our shores. Too many godless boors around here if you ask me. ","آن الأوان أن تجلب القارة بعض الانضباط والهيبة إلى شواطئنا. ثمة الكثير من الرعاع الفاسقين هنا إن سألتني."
"NPCs.sacramentVendors.builderDanos.var2.talkLine1","The word around the market is that the Madrigal summoned you personally to the Nameless Pass? ","يتناقل السوق أنباءً بأن المادريغال استدعتك شخصياً إلى الممر المجهول؟"
"NPCs.sacramentVendors.builderDanos.var2.talkLine2","Is that true? You must command a mighty respect, to have been called upon by the Church. I tip my hat to you. ","أصحيح ذلك؟ لا بد أنك تحظى بهيبة عظمى حتى تستدعيك الكنيسة. أرفع قبعتي إجلالاً لك."
"NPCs.sacramentVendors.builderDanos.var3.talkLine1","Are you sure you want to be running errands for that schemer Winnick? ","أأنت واثق من رغبتك في قضاء المهام لذاك المدبر الماكر وينيك؟"
"NPCs.sacramentVendors.builderDanos.var3.talkLine2","He's got no honor, that one. Left his family in disgrace, did you know that? ","لا شرف لذاك الرجل على الإطلاق. ترك عائلته غارقاً في العار والخزي، أكنت تعلم ذلك؟"
"NPCs.sacramentVendors.builderDanos.var3.talkLine3","It's true. He abandoned his own city, and now he means to drive Sacrament to ruin. I know it. ","هذا صحيح. لقد تخلى عن مدينته، وهو الآن عازم على جر ساكرامنت إلى الهاوية. أنا واثق من ذلك."
"NPCs.sacramentVendors.builderDanos.var4.talkLine1","Heard you went north to visit the den of the Dasha. ","سمعتُ أنك توجهت شمالاً لزيارة وكر الدوشا."
"NPCs.sacramentVendors.builderDanos.var4.talkLine2","I'm not surprised at what you found there - after all, they bring it on themselves. They're a cursed people, simple as that. ","لست مندهشاً مما وجدته هناك - ففي النهاية، هم من جلبوا ذلك على أنفسهم. إنهم قوم ملعونون، الأمر بهذه البساطة."
"NPCs.sacramentVendors.builderDanos.var5.talkLine1","Been to the Lowland Meadows, have you? Did you know I used to own a house out there? ","زرتَ السهول المنخفضة، أليس كذلك؟ هل علمت أنني كنت أمتلك منزلاً هناك فيما مضى؟"
"NPCs.sacramentVendors.builderDanos.var5.talkLine2","Yes, it's true. A lovely little cottage. I used to till the fields at sunrise, and watch the sunflowers bobbing in the wind. ","نعم، هذا صحيح. كوخ ريفي بديع. اعتدتُ حراثة الحقول مع شروق الشمس، ومشاهدة أزهار دوار الشمس تتمايل مع النسيم."
"NPCs.sacramentVendors.builderDanos.var5.talkLine3","But when the Pestilence came, I... Well, that's how you find me here! Right where I belong, in the heart of Sacra! ","لكن حين حل الوباء، أنا... حسناً، هكذا تراني هنا! في مكاني المناسب تماماً، في قلب ساكرا!"
"NPCs.sacramentVendors.builderDanos.var6.talkLine1","I remember when the plague first re-appeared on this island, Cerim. I've seen more death and decay than you might think. ","أتذكر حين عاود الطاعون ظهوره على هذه الجزيرة لأول مرة، أيها السيريم. لقد عاينت من الموت والدمار أكثر مما تظن."
"NPCs.sacramentVendors.builderDanos.var6.talkLine2","Do you know what we must do, when horrors fill the sky and the weak run in circles like lambs? ","أتعلم ماذا ينبغي لنا فعله حين تملأ الأهوال عنان السماء ويركض الضعفاء مذعورين كالحملان؟"
"NPCs.sacramentVendors.builderDanos.var6.talkLine3","We build, Cerim. We build. ","نحن نبني، أيها السيريم. نبني ولا نيأس."
"NPCs.sacramentVendors.builderDanos.var7.talkLine1","So you've met that insolent historian Elsa, have you? ","إذن فقد التقيت بتلك المؤرخة الوقحة إلسا، أليس كذلك؟"
"NPCs.sacramentVendors.builderDanos.var7.talkLine2","Be careful with that one, Cerim. She hasn't a lick of respect for this city. If it was up to her she'd rip up every cobblestone just to see what bones lie beneath it. ","توخَّ الحذر معها، أيها السيريم. فهي لا تكن ذرة احترام لهذه المدينة. لو كان الأمر بيدها لاقتلعت كل حجر رصف فقط لترى أي عظام ترقد تحته."
"NPCs.sacramentVendors.captainRandolph.afterBreach.interact1Line1","Daily drills. Marches. Inspections. Mock combat. Patrols. I'd like to think I prepared my men for what lies ahead.","تدريبات يومية. مسيرات. تفتيش عسكري. قتال وهمي. دوريات حراسة. كنت أود الاعتقاد بأنني أعددت رجالي لما ينتظرنا."
"NPCs.sacramentVendors.captainRandolph.afterBreach.interact1Line2","But perhaps it wasn't enough. Perhaps it was never enough.","لكن ربما لم يكن ذلك كافياً. ربما لم يكن كافياً قط."
"NPCs.sacramentVendors.captainRandolph.firstEavesdrop","Think you're up for chasing down a few bounties, Cerim?","هل أنت مستعد لتنفيذ بعض مهام الصيد، أيها السيريم؟"
"NPCs.sacramentVendors.captainRandolph.firstInteractionLine1","I told Ellsworth I thought it was a mistake letting you past our gates. A soldier with no rank is a stone's throw from a bandit.","أخبرتُ إلسورث برأيي أن السماح لك باجتياز بواباتنا كان خطأ فادحاً. فالجندي بلا رتبة لا يبعد عن قاطع الطريق سوى خطوة واحدة."
"NPCs.sacramentVendors.captainRandolph.firstInteractionLine2","But orders are orders. Or is that a foreign idea to you? Orders, discipline, training?","لكن الأوامر هي الأوامر. أم أن هذه فكرة غريبة عليك؟ الأوامر، الانضباط، التدريب الصارم؟"
"NPCs.sacramentVendors.captainRandolph.firstInteractionLine3","Well, as long as you're here, perhaps you might learn a thing or two by serving my Guard. You can start by showing your Captain a bit of respect, with a proper salute.","حسناً، ما دمت هنا، فربما تتعلم شيئاً أو شيئين من خلال خدمة حرسي. ويمكنك البدء بإظهار قليل من الاحترام لقائدك، بأداء تحية عسكرية لائقة."
"NPCs.sacramentVendors.captainRandolph.firstInteractionLine4","Every day it seems there's more. No rest for those of us keeping chaos at bay. What do you say?","كل يوم يبدو أن هناك المزيد من التهديدات. لا راحة لمن يتولى منا صد الفوضى. فما قولك؟"
"NPCs.sacramentVendors.captainRandolph.menuTalk1","It's my duty to keep Sacrament safe, from threats both inside and out. Don't test me, Cerim","واجبي حماية ساكرامنت من التهديدات الداخلية والخارجية على حد سواء. إياك أن تختبر صبري، أيها السيريم."
"NPCs.sacramentVendors.captainRandolph.menuTalk2","You've seen Boroth and his silly arena? Real men and women don't fight for sport.","أرأيت بوروث وحلبته السخيفة تلك؟ الرجال والنساء الحقيقيون لا يقاتلون من أجل اللهو والرياضة."
"NPCs.sacramentVendors.captainRandolph.menuTalk3","I was born standing stiff as a board, and I haven't given an inch since.","وُلدتُ صامدًا لا أنثني، ولم أتراجع شبرًا واحدًا مذ حِينها."
"NPCs.sacramentVendors.captainRandolph.newIntro1","Do it for God and kingdom!","افعلها من أجل الإله والمملكة!"
"NPCs.sacramentVendors.captainRandolph.newIntro2","Beat a path of order through the chaos!","شق طريقاً من النظام وسط غمار الفوضى!"
"NPCs.sacramentVendors.captainRandolph.newIntro3","Better this world, one body at a time.","أصلح هذا العالم، جثة تلو الأخرى."
"NPCs.sacramentVendors.captainRandolph.rotatingEavesdrop1","Maybe it's time you trade in that silly outfit for a uniform.","ربما حان الوقت لتستبدل بذاك الزي المبتذل بزة عسكرية لائقة."
"NPCs.sacramentVendors.captainRandolph.rotatingEavesdrop2","Why kill men for free when you can be paid to do it?","لماذا تقتل الرجال مجاناً بينما يمكنك نيل أجر مقابل ذلك؟"
"NPCs.sacramentVendors.captainRandolph.rotatingEavesdrop3","The ocean wants in, Cerim, and we are the wall.","المحيط يريد الاقتحام يا سيريم، ونحن السد المنيع."
"NPCs.sacramentVendors.captainRandolph.rotatingEavesdrop4","Your true armor is your will.","درعك الحقيقي هو إرادتك."
"NPCs.sacramentVendors.captainRandolph.rotatingEavesdrop5","Sacrament endures.","ساكرامنت صامدة."
"NPCs.sacramentVendors.captainRandolph.rotatingEavesdrop6","If not us then who, Cerim.","إن لم نكن نحن، فمن إذن يا سيريم؟"
"NPCs.sacramentVendors.captainRandolph.saluteFailLine1","You call that a salute? Pathetic. I call it insubordination!","أتسمي هذه تحية عسكرية؟ مثيرة للشفقة. أنا أسميها عصياناً للأوامر!"
"NPCs.sacramentVendors.captainRandolph.saluteFailLine2","What in the foul reaches was that? I warn you, stranger - vulgarity has no place in Sacrament.","ما هذه الحركات الرعناء بحق الجحيم؟ أحذرك أيها الغريب - لا مكان للابتذال في ساكرامنت."
"NPCs.sacramentVendors.captainRandolph.saluteFailLine3","A jester, are you? My patience is shorter than my blade, Cerim.","أأنت مهرج إذن؟ صبري أقصر بكثير من شفرة سيفي يا سيريم."
"NPCs.sacramentVendors.captainRandolph.saluteRetalkLine1","If you want to serve my Guard, I need to know that you can give your Captain a proper salute.","إن كنت تريد خدمة حرسي، فعليّ أن أتأكد من قدرتك على أداء تحية عسكرية لائقة لقائدك."
"NPCs.sacramentVendors.captainRandolph.saluteSuccessLine1","Very good. Perhaps you're not quite the miscreant you appear to be.","جيد جداً. لعل صورتك ليست بالسوء الذي تبدو عليه إذن."
"NPCs.sacramentVendors.captainRandolph.saluteSuccessLine2","Well then, Cerim - I've bounties to collect, challenges to complete, and not enough men to carry them out. Every day it seems there's more.","حسناً يا سيريم - لديّ مكافآت صيد وتحديات بحاجة لمن ينجزها، ورجالي لا يكفون لتنفيذها. وكل يوم يبدو أن هناك المزيد."
"NPCs.sacramentVendors.captainRandolph.saluteSuccessLine3","If you help me keep chaos at bay, you may find Sacrament's Guard can be a potent ally. What do you say?","إن ساعدتني في صد الفوضى، فقد تكتشف أن حرس ساكرامنت يمكن أن يكون حليفاً قوياً لك. فما قولك؟"
"NPCs.sacramentVendors.carolineTheInnkeeper.StateA1_interactionLine1","God’s reach, what now?","برحمة الإله، ماذا الآن أيضاً؟"
"NPCs.sacramentVendors.carolineTheInnkeeper.StateA1_interactionLine2","My inn’s nothing but cinders. But no, that ain’t enough suffering to put on these shoulders.","نزلي تحول إلى رماد. لكن لا، يبدو أن هذه المصيبة وحدها لم تكن كافية!"
"NPCs.sacramentVendors.carolineTheInnkeeper.StateA1_interactionLine3","Now I gotta deal with some outsider trampling over my livelihood.","والآن عليّ التعامل مع غريب يدوس على ما تبقى من مصدر رزقي."
"NPCs.sacramentVendors.carolineTheInnkeeper.StateA1_interactionLine4","Can you rebuild my tavern? No?","أيمكنك إعادة بناء حانتي؟ لا؟"
"NPCs.sacramentVendors.carolineTheInnkeeper.StateA1_interactionLine5","In that case, we got doors on all sides now. Kindly choose one.","في هذه الحالة، أصبحت لدينا أبواب مفتوحة من كل الجهات الآن. تفضل باختيار أحدها وارحل."
"NPCs.sacramentVendors.carolineTheInnkeeper.StateA2_interactionLine1","Troublemaker, that’s what you are. Like them Dasha, or the Governor’s daughter.","مثير للمتاعب، هذا ما أنت عليه. تماماً كأولئك الدوشا، أو ابنة الحاكم."
"NPCs.sacramentVendors.carolineTheInnkeeper.StateA2_interactionLine2","Why can’t the lot of you just be civil? One god, one king, simple as that.","لماذا لا يتحلى جمعكم ببعض التحضر؟ إله واحد، وملك واحد، الأمر بهذه البساطة."
"NPCs.sacramentVendors.carolineTheInnkeeper.StateA2_interactionLine3","My Gordon’s a simple man. Knows his way around the kitchen and nowhere else.","غوردون زوجي رجل بسيط. يعرف طريقه في المطبخ ولا يفقه شيئاً في سواه."
"NPCs.sacramentVendors.carolineTheInnkeeper.StateA2_interactionLine4","I told him, go and fetch us a load of clams from the coast, down by the old Keep. Simple, ay?","قلت له: اذهب واجلب لنا حمولة من المحار من الساحل، عند الحصن القديم. أمر بسيط، أليس كذلك؟"
"NPCs.sacramentVendors.carolineTheInnkeeper.StateA2_interactionLine5","Knowing him, he probably got carried out with the tide!","ومعرفتي به تجعلني أظن أن المد قد جرفه إلى عرض البحر!"
"NPCs.sacramentVendors.carolineTheInnkeeper.StateA_eavesdrop","First the tavern, then my husband... ","الحانة أولاً، ثم زوجي..."
"NPCs.sacramentVendors.carolineTheInnkeeper.StateB1_interactionLine3","So, you're a Cerim, eh? Don't know much about your kind, but I know you're not from around here.","إذن، أنت من السيريم، هاه؟ لا أعرف الكثير عن جنسك، لكنني أعلم أنك لست من أهل هذه الديار."
"NPCs.sacramentVendors.carolineTheInnkeeper.StateB1_interactionLine4","...As long as you're not Dasha, you're welcome in my inn. Or what's left of it anyway.","...طالما أنك لست من الدوشا، فأنت مرحب بك في نزلي. أو ما تبقى منه على أي حال."
"NPCs.sacramentVendors.carolineTheInnkeeper.StateB1_interactionLine5","I've been trying to get that Maker Danos to help me repair it for weeks! But everyone in this city's bloody useless.","أحاول إقناع الصانع دانوس منذ أسابيع لمساعدتي في ترميمه! لكن كل من في هذه المدينة عديم النفع تماماً."
"NPCs.sacramentVendors.carolineTheInnkeeper.StateB1_interactionLine6","Oh well. I suppose you're no different than the rest. At least my Gordon's got a nice soft belly for me to rest my head on.","على أية حال. أفترض أنك لا تختلف عن البقية. على الأقل يملك غوردون بطناً ناعماً ومريحاً لأسند رأسي عليه."
"NPCs.sacramentVendors.carolineTheInnkeeper.StateB_retalk","I wish I could offer you a bed for the night, Cerim. But until this place is re-built you're better off elsewhere, even under the Rookery. ","ليتني أستطيع تقديم سرير لك الليلة، أيها السيريم. لكن حتى يُعاد بناء هذا المكان، فمن الأفضل لك المبيت في مكان آخر، ولو تحت برج الغربان."
"NPCs.sacramentVendors.carolineTheInnkeeper.StateC_eavesdrop","This used to be the finest tavern in Sacrament... ","كانت هذه أرقى حانة في ساكرامنت بأسرها..."
"NPCs.sacramentVendors.carolineTheInnkeeper.StateE_interactionLine3","You haven't seen my Gordon? Big man, belly laugh, mustache more crumbs than hair?","ألم ترَ زوجي غوردون؟ رجل ضخم، بضحكة عريضة، وشارب يعلوه الفتات أكثر من الشعر؟"
"NPCs.sacramentVendors.carolineTheInnkeeper.StateE_interactionLine4","He's never been gone this long before... And the Shallows these days aren't as safe as they used to be. ","لم يغب قط طوال هذه المدة من قبل... والمياه الضحلة هذه الأيام لم تعد آمنة كما كانت."
"NPCs.sacramentVendors.carolineTheInnkeeper.StateF_interactionLine1","So, would you like a bed for the night then?","إذن، أترغب في سرير للمبيت هذه الليلة؟"
"NPCs.sacramentVendors.carolineTheInnkeeper.StateF_interactionLine2","Upstairs I've got everything from goose down to a sack of hay. You choose which one you want to put your head on.","لديّ في الطابق العلوي كل ما ترغب فيه، من ريش الإوز وحتى أكياس القش. اختر ما يروق لك لتضع رأسك عليه."
"NPCs.sacramentVendors.carolineTheInnkeeper.StateF_interactionLine3","The nicer the bed, the more copper it costs.","كلما كان السرير أفضل وأريح، زادت تكلفته من النحاس."
"NPCs.sacramentVendors.carolineTheInnkeeper.StateG_interactionLine1","My Gordon found his way home, no thanks to you.","وجد غوردون طريقه إلى البيت، ودون أي فضل منك."
"NPCs.sacramentVendors.carolineTheInnkeeper.StateG_interactionLine2","Other husbands wander in stinking of cheap perfume. Mine comes home smelling of cheese and jam.","الأزواج الآخرون يعودون ورائحتهم تفوح بالعطور الرخيصة. أما زوجي فيعود ورائحته جبن ومربى."
"NPCs.sacramentVendors.carolineTheInnkeeper.StateG_interactionLine3","Still, I wouldn't trade him for the world. He's making a pork mortrew tonight!","ومع ذلك، لن أبدله بكنوز العالم. إنه يطبخ حساء لحم الخنزير الليلة!"
"NPCs.sacramentVendors.carolineTheInnkeeper.eavesdrop1","Ale below, beds above!","البيرة في الأسفل، والأسرة في الأعلى!"
"NPCs.sacramentVendors.carolineTheInnkeeper.eavesdrop2","Dear me, you look like you could use a rest.","يا إلهي، تبدو بحاجة ماسة إلى قسط من الراحة."
"NPCs.sacramentVendors.carolineTheInnkeeper.eavesdrop3","Bloodshed and turmoil, ha! All anyone needs is just a good night's sleep.","سفك دماء واضطرابات، هاه! كل ما يحتاجه المرء هو مجرد ليلة نوم هانئة."
"NPCs.sacramentVendors.carolineTheInnkeeper.menuTalk1","Seems like all of Sacrament's a ruin lately. This city's falling apart. That's Ellsworth for you.","يبدو أن ساكرامنت كلها أضحت أطلالاً مؤخراً. هذه المدينة تتداعى، وهذا دأب إلسورث وإدارته."
"NPCs.sacramentVendors.carolineTheInnkeeper.menuTalk2","Ah, I've missed the sound of footsteps in here. Pint glasses thunking on tables. I even missed the loud, flatulent drunks, God help me.","آه، كم اشتقت إلى وقع الخطوات هنا، وقرع كؤوس الشراب على الطاولات. بل اشتقت حتى إلى السكارى الصاخبين ذوي الغازات، أعانني الإله."
"NPCs.sacramentVendors.carolineTheInnkeeper.menuTalk3","Back in my day everyone in this city was born here. Now you've got Dasha, mainlanders, Risen, those thieves from Havenport... And whoever you are.","في زماني كان كل من في هذه المدينة قد وُلد فيها. أما الآن فلديك الدوشا، وسكان القارة، والناهضين، ولصوص هافنبورت... وأياً كان جنسك أنت."
"NPCs.sacramentVendors.carolineTheInnkeeper.upgradeInteraction1","God's reach, this place almost looks itself again. I can hear the fizzing of ale already. And... the thud of drunks falling off their chairs.","برحمة الإله، كاد هذا المكان يعود إلى سابق عهده. أكاد أسمع فوران البيرة من الآن، و... ارتطام السكارى الساقطين عن كراسيهم."
"NPCs.sacramentVendors.carolineTheInnkeeper.upgradeInteraction2","Well, I'll be! Look at this place! Maybe you do have a touch of the Embrace after all. Thank you, stranger.","يا للمفاجأة! انظر إلى هذا المكان! لعل فيك نفحة من بركة العناية حقاً. شكراً لك أيها الغريب."
"NPCs.sacramentVendors.carolineTheInnkeeper.upgradeInteraction3","Well I... I never thought I'd see the day. The inn looks as fine as the first morning my Gordon and I opened her doors.","أنا... لم أظن يوماً أنني سأعيش لأرى هذا اليوم. يبدو النزل بهياً تماماً كما كان في أول صباح فتحتُ فيه أبوابه مع غوردون."
"NPCs.sacramentVendors.cookGordon.afterBreachInteractionLine1","Those beasts that poured out of the Gate... well, you go looking for trouble and that's what you'll find.","تلك الوحوش التي تدفقت من البوابة... حسناً، من يبحث عن المشاكل يجدها لا محالة."
"NPCs.sacramentVendors.cookGordon.afterBreachInteractionLine2","Gods reach, I'm starting to sound like Caroline!","برحمة الإله، بدأت أبدو مثل كارولين تماماً!"
"NPCs.sacramentVendors.cookGordon.afterRARInteractionLine1","You know I met Darak once. Fed him a bowl of soup half the size of a tub.","أتعلم أنني التقيت بداراك ذات مرة؟ أطعمته وعاء حساء يوازي نصف حجم المغطس."
"NPCs.sacramentVendors.cookGordon.afterRARInteractionLine2","At least I think it was Darak. Big man, one leg, shock of white hair?","على الأقل أظنه كان داراك. رجل ضخم، بساق واحدة، وشعر أبيض كثيف؟"
"NPCs.sacramentVendors.cookGordon.afterRTBInteractionLine1","Just between you and me, I'm glad to hear the Dasha in Marin are alright.","بيني وبينك فقط، يسعدني سماع أن الدوشا في مارين بخير."
"NPCs.sacramentVendors.cookGordon.afterRTBInteractionLine2","They eat well and they keep to themselves. But if you tell my wife I said that, I'll deny it!","إنهم يأكلون جيداً ويلزمون شأنهم. لكن إن أخبرت زوجتي بما قلت، فسأنكره تماماً!"
"NPCs.sacramentVendors.cookGordon.afterSOGInteractionLine1","Weren't able to roll back the Mountain Gate? A pity.","ألم تتمكنوا من فتح بوابة الجبل؟ يا للأسف."
"NPCs.sacramentVendors.cookGordon.afterSOGInteractionLine2","The pie I could bake with the apples from Caylen's orchards... Say thanks you don't know, else you'd be crying yourself to sleep.","الفطائر التي كان بمقدوري خبزها بتفاح بساتين كايلن... قل الحمد لله أنك لا تذوقها، وإلا لكنت تبكي حتى تنام حسرة عليها."
"NPCs.sacramentVendors.cookGordon.afterSpeechInteractionLine1","Some lovely words from the Governor.","كلمات لطيفة من الحاكم."
"NPCs.sacramentVendors.cookGordon.afterSpeechInteractionLine2","But you can't farm words, can't stew 'em, can't eat 'em. They're a garnish.","لكن لا يمكنك زراعة الكلمات، ولا طهيها في حساء، ولا أكلها. إنها مجرد تزيين للطبق."
"NPCs.sacramentVendors.cookGordon.afterWSInteractionLine1","I heard about the hunters. Terrible thing. And now I gotta scrape together a feast for the Rites with morsels and scraps.","سمعتُ بشأن الصيادين. أمرٌ فظيع ومأساوي. والآن يتعين عليّ تدبير وليمة لطقوس الرعاية بالفتات وبقايا الطعام."
"NPCs.sacramentVendors.cookGordon.afterWSInteractionLine2","I do what I can. But there are only so many ways you can dress up a beet.","أبذل كل ما في وسعي، لكن ما من حيل كثيرة يمكن للمرء تزيين الشمندر بها."
"NPCs.sacramentVendors.cookGordon.firstInteractionLine1","Oh, it’s you again! My thanks, friend, for keeping our little “adventure” between us. ","أوه، إنه أنت مجدداً! شكراً لك يا صديقي على كتمان «مغامرتنا» الصغيرة بيننا."
"NPCs.sacramentVendors.cookGordon.firstInteractionLine2","Cerim, eh? You know my wife thinks you're some heathen troublemaker. Like the Dasha.","سيريم، هاه؟ أتعلم أن زوجتي تظنك مثيراً للمتاعب وخارجاً عن الملة، تماماً مثل الدوشا."
"NPCs.sacramentVendors.cookGordon.firstInteractionLine3","But you don't seem so bad to me. Just another empty belly wishing it was filled. ","لكنك لا تبدو سيئاً في نظري. مجرد بطن خاوية أخرى ترجو أن تمتلئ طعاماً شهياً."
"NPCs.sacramentVendors.cookGordon.intro1","Could hear your stomach growling before I could even see you.","استطعت سماع قرقرة بطنك قبل حتى أن أراك."
"NPCs.sacramentVendors.cookGordon.intro2","Take your pick - it's all good.","اختر ما تشاء - كل شيء هنا شهي ولذيذ."
"NPCs.sacramentVendors.cookGordon.intro3","Healthful and fresh. More or less.","صحي وطازج. إلى حد ما على الأقل."
"NPCs.sacramentVendors.cookGordon.menuTalk1","The secret to a good meal? A bit of love, a bit of patience, and enough butter to kill a horse.","سر الوجبة الشهية؟ قليل من الحب، وقليل من الصبر، وما يكفي من الزبدة لقتل حصان."
"NPCs.sacramentVendors.cookGordon.menuTalk2","I stink of meat, my wife of ale. And our bedroom smells like a stew! Haha.","رائحتي تفوح باللحم، وزوجتي تفوح بالبيرة. وغرفة نومنا رائحتها تشبه قدر الحساء! ههههه."
"NPCs.sacramentVendors.cookGordon.menuTalk3","My wife Caroline runs the inn. She keeps me warm, I keep her fat. It's true love.","زوجتي كارولين تدير النزل. هي تدفئني، وأنا أسمنها. إنه الحب الحقيقي بعينه."
"NPCs.sacramentVendors.cookGordon.rotatingEavesdrop1","Not a war was won on an empty stomach!","ما انتصرت حربٌ قط وبطون الجند خاوية!"
"NPCs.sacramentVendors.cookGordon.rotatingEavesdrop2","Don't pretend you don't smell it. Come have a taste!","لا تتظاهر بأنك لا تشم الرائحة الزكية. تعال وتذوق!"
"NPCs.sacramentVendors.cookGordon.rotatingEavesdrop3","Every meal a feast!","كل وجبة هنا وليمة!"
"NPCs.sacramentVendors.cookGordon.rotatingEavesdrop4","You look a might peckish to me.","تبدو لي جائعاً بعض الشيء."
"NPCs.sacramentVendors.cookGordon.rotatingEavesdrop5","A full belly's worth more than a full purse.","بطن ممتلئة خيرٌ من كيس نقود ممتلئ."
"NPCs.sacramentVendors.cookGordon.rotatingEavesdrop6","A good meal's on your lips a moment, but on your mind for years.","الوجبة الشهية تبقى على شفتيك لحظة، لكنها تسكن عقلك لسنوات."
"NPCs.sacramentVendors.cookGordon.towerRescuedInteraction1_Line1","You have my thanks, traveler. Any more time stranded up here and I’d be eating my shoes.","لك جزيل شكري، أيها المسافر. لو بقيت عالقاً هنا وقتاً أطول لكنت أكلت حذائي."
"NPCs.sacramentVendors.cookGordon.towerRescuedInteraction1_Line2","Wife’s gonna kill me. Think I’ll keep this between us, if that’s alright with you. ","زوجتي ستقتلني لا محالة. أعتقد أنني سأبقي هذا الأمر بيننا، إن كان ذلك يناسبك."
"NPCs.sacramentVendors.cookGordon.towerRescuedInteraction1_Line3","I know Caroline sees me as the heroic sort. Wouldn’t want to dispel her of that notion. ","أعلم أن كارولين تراني من الصنف البطل والمقدام. ولا أريد إفساد تلك الفكرة في رأسها."
"NPCs.sacramentVendors.cookGordon.towerRescuedRetalk1_Line1","Oh I’ll clamber over the bridge. But not with you watching! That particular show won’t have an audience.","أوه، سأتسلق فوق الجسر. لكن ليس وأنت تراقبني! هذا العرض بالذات لن يكون له جمهور."
"NPCs.sacramentVendors.cookGordon.towerTrappedEavesdropLine2","I’m up on top of the old bridge!","أنا فوق الجسر القديم!"
"NPCs.sacramentVendors.cookGordon.towerTrappedInteraction1_Line1","God’s reach, finally someone heard!","برحمة الإله، أخيراً سمعني أحدهم!"
"NPCs.sacramentVendors.cookGordon.towerTrappedInteraction1_Line2","I was out fishing for clams when a pack of the Risen came through.","كنت بالخارج أصطاد المحار حين عبرت جماعة من الناهضين."
"NPCs.sacramentVendors.cookGordon.towerTrappedInteraction1_Line3","I thought I could make my way across the old bridge and out the other side of Mariner's Keep.","وظننت أن بمقدوري عبور الجسر القديم والخروج من الجانب الآخر لمعقل البحارة."
"NPCs.sacramentVendors.cookGordon.towerTrappedInteraction1_Line4","But this fort’s in worse shape than I am! The boards rotted out behind me, and the ladder ahead is pulled up.","لكن هذا الحصن في حالة أسوأ مني بكثير! تفسخت الألواح خلفي، وسُحب السلم أمامي إلى الأعلى."
"NPCs.sacramentVendors.cookGordon.towerTrappedInteraction1_Line5","Last time I try to be clever!","هذه آخر مرة أحاول فيها التذاكي!"
"NPCs.sacramentVendors.cookGordon.towerTrappedInteraction1_Line6","Please, see if you can find another way around before I end up like that poor sod over there. ","أرجوك، انظر إن كان بإمكانك العثور على طريق آخر للالتفاف قبل أن ينتهي بي المطاف مثل ذلك المسكين هناك."
"NPCs.sacramentVendors.cookGordon.towerTrappedLadderEavesdrop","Kick down the ladder!","اركل السلم إلى الأسفل!"
"NPCs.sacramentVendors.cookGordon.towerTrappedRetalk1_Line1","You can make that jump, but I’d need to drop a few decades and a few stone to do so.","بوسعك أنت القفز من هناك، لكنني أحتاج إلى خسارة بضعة عقود من عمري وعدة كيلوغرامات لأفعل ذلك."
"NPCs.sacramentVendors.cookGordon.towerTrappedRetalk1_Line2","Can you find a way around? Don’t want to end up another corpse. I came here to fish crabs, not feed them!","أيمكنك العثور على طريق للالتفاف؟ لا أريد أن أصبح جثة أخرى. أتيت إلى هنا لصيد السلطعونات، لا لإطعامها جسدي!"
"NPCs.sacramentVendors.cookGordon.towerTrappedSkippedLadderLine1","Blast, you forgot to drop the ladder for me! Now you’ll have to go back around.","تباً، لقد نسيت إنزال السلم لي! سيتعين عليك الآن الالتفاف والعودة أدراجك."
"NPCs.sacramentVendors.cookGordon.towerTrappedSkippedLadderLine2","Not much smarter than I am, are you?","لست أذكى مني بكثير، أليس كذلك؟"
"NPCs.sacramentVendors.cookGordon.upgradeInteraction1","Ah! Finally! Some space to move around. Or perhaps to take a fine nap.","آه! أخيراً! بعض المتسع للحركة. أو ربما لأخذ قيلولة هنيئة."
"NPCs.sacramentVendors.cookGordon.upgradeInteraction2","Things are looking quite shiny and swift around here, aren't they? What's next, me losing weight? Ha!","تبدو الأمور براقة وسريعة هنا، أليس كذلك؟ ما التالي يا ترى، أن أخسر وزني؟ ها!"
"NPCs.sacramentVendors.cookGordon.upgradeInteraction3","You flatter me, stranger. I... I never had such fine things as this. I thank you.","أنت تخجل تواضعي، أيها الغريب. أنا... لم أمتلك قط أشياء بديعة كهذه. أشكرك من كل قلبي."
"NPCs.sacramentVendors.cookGordon.windmillEavesdropLine1","Help! Up here! ","النجدة! أنا هنا في الأعلى!"
"NPCs.sacramentVendors.cookGordon.windmillEavesdropLine2","I’m up on top of the old bridge!","أنا فوق الجسر القديم!"
"NPCs.sacramentVendors.cookGordon.windmillEavesdropLine3","Damn bandits got me cornered up here! They took the key somewhere! ","قطاع الطرق الملاعين حاصروني هنا! وأخذوا المفتاح إلى مكان ما!"
"NPCs.sacramentVendors.cookGordon.windmillEavesdropLine4","Help me, you fool! ","ساعدني، أيها المغفل!"
"NPCs.sacramentVendors.enchantressEleanor.afterBreach.interact1Line1","And so it falls to us, to know the darkness that our mothers and their mothers and theirs did not. ","وهكذا كُتب علينا أن نعرف الظلمة التي لم تعرفها أمهاتنا ولا أمهاتهن من قبل."
"NPCs.sacramentVendors.enchantressEleanor.afterBreach.interact1Line2","Chosen or cursed, it does not matter. Let us prove we are up to the task.","أكنا مختارين أم ملعونين، لا يهم. دعنا نثبت أننا أهلٌ للمهمة."
"NPCs.sacramentVendors.enchantressEleanor.deadSora.TalkLine1","My half sister Sora was among the hunters killed in the Vale. ","أختي غير الشقيقة سورا كانت من بين الصيادين الذين قُتلوا في الوادي."
"NPCs.sacramentVendors.enchantressEleanor.deadSora.TalkLine2","We had not talked in quite some time. ","لم نكن قد تحدثنا منذ وقت طويل."
"NPCs.sacramentVendors.enchantressEleanor.deadSora.TalkLine3","I can speak a hundred encantations. Speak fire into stone. Speak ice into steel. ","بمقدوري النطق بمائة تعويذة. أن أنطق النار في الحجر، وأن أنطق الجليد في الفولاذ."
"NPCs.sacramentVendors.enchantressEleanor.deadSora.TalkLine4","But I cannot speak to her. Not anymore. ","لكنني عاجزة عن الحديث إليها. ليس بعد الآن."
"NPCs.sacramentVendors.enchantressEleanor.deliveringLetter.TalkLine1","What's that? A letter from Sora? Please, give it to me. ","ما هذا؟ رسالة من سورا؟ أرجوك، أعطني إياها."
"NPCs.sacramentVendors.enchantressEleanor.deliveringLetter.TalkLine1alt","Is that... Sora's letter? Please, give it to me. ","أهذه... رسالة سورا؟ أرجوك، أعطني إياها."
"NPCs.sacramentVendors.enchantressEleanor.deliveringLetter.TalkLine2","…","..."
"NPCs.sacramentVendors.enchantressEleanor.deliveringLetter.TalkLine3","Of course, Sora. I always will. ","بالطبع يا سورا. سأفعل دوماً."
"NPCs.sacramentVendors.enchantressEleanor.deliveringLetter.TalkLine4","Thank you, Cerim. Here, it's not much but - take this. ","شكراً لك، أيها السيريم. خذ هذا، إنه ليس بالشيء الكثير ولكنه لك."
"NPCs.sacramentVendors.enchantressEleanor.failedLetterDelivery.Talk1","A letter from Sora? Pfft, keep it. If she wants to speak with me so bad she can do it herself. ","رسالة من سورا؟ تباً، احتفظ بها. إن كانت حريصة على محادثتي إلى هذا الحد فلتأتِ بنفسها."
"NPCs.sacramentVendors.enchantressEleanor.firstInteractionLine2","We are all soldiers now, in the one true war. The one my mother and her mother and hers spoke of in whispers.","كلنا جنود الآن في هذه الحرب الحقيقية الوحيدة. تلك التي تحدثت عنها أمي وأمها وأسلافها بهمس خافت."
"NPCs.sacramentVendors.enchantressEleanor.firstInteractionLine4","A black door was opened a thousand years ago. Perhaps together we can close it.","فُتح باب أسود قبل ألف عام. ولعلنا معاً قادرون على إيصاده."
"NPCs.sacramentVendors.enchantressEleanor.interact1","Greetings, warrior.","تحياتي، أيها المحارب."
"NPCs.sacramentVendors.enchantressEleanor.interact2","I felt the aura of your approach. And I saw you coming, ha.","شعرت بهالتك وأنت تقترب. ورأيتك قادماً أيضاً، هه."
"NPCs.sacramentVendors.enchantressEleanor.interact3","Life and death in the balance. Let's tip the scales, shall we?","الحياة والموت في كفتي ميزان. فلنرجح الكفة، ألا توافقني؟"
"NPCs.sacramentVendors.enchantressEleanor.menuTalk1","My mother was an enchanter, and hers before. We pass on what we can, but it's like carrying sand. Some always slips away.","كانت أمي ساحرة تبريم، وكذلك كانت أمها. ننقل ما نستطيع، لكن الأمر يشبه حمل الرمل؛ فبعضه يتسرب دوماً بين الأصابع."
"NPCs.sacramentVendors.enchantressEleanor.menuTalk2","I'll say a prayer for you to the Mother, Maker, Seeker, and Forsaken at the Sovann Circle. And another in the mainland's church. Times like these, we can't be picky with our gods. ","سأتلو دعاءً لأجلك للأم، والصانع، والباحث، والمنبوذ في حلقة سوفان. ودعاءً آخر في كنيسة القارة. في مثل هذه الأوقات، لا يسعنا التردد أو التشرط في آلهتنا."
"NPCs.sacramentVendors.enchantressEleanor.menuTalk3","I may not worship your Sayer, but sometimes, deep in an enchantment, I confess I can almost hear the hushed whispers behind the silence. ","قد لا أعبد ناطقكم، لكن في بعض الأحيان، وأنا غارقة في السحر، أعترف بأنني أكاد أسمع الهمسات الخافتة خلف جدار الصمت."
"NPCs.sacramentVendors.enchantressEleanor.rotatingEavesdrop1","Why cut and slice when you can burn and freeze?","لماذا تكتفي بالقطع والطعن حين يكون بوسعك الإحراق والتجميد؟"
"NPCs.sacramentVendors.enchantressEleanor.rotatingEavesdrop2","Make the world your weapon.","اجعل العالم بأسره سلاحك."
"NPCs.sacramentVendors.enchantressEleanor.rotatingEavesdrop3","May your true name never be spoken, Cerim. ","عسى ألا يُنطق اسمك الحقيقي أبداً، أيها السيريم."
"NPCs.sacramentVendors.enchantressEleanor.upgradeInteraction1","The stars align and my fortunes improve. Thank you for the upgrade, Cerim, I won't let it go to waste.","تصطف النجوم وتبتسم لي الأقدار. شكراً لك على هذه الترقية، أيها السيريم، لن أدعها تذهب سدى."
"NPCs.sacramentVendors.enchantressEleanor.upgradeInteraction2","The Great Plague'll be shaking in its boots when it sees what I can craft now.","سيرتعد الطاعون العظيم خوفاً حين يرى ما أستطيع صنعه الآن."
"NPCs.sacramentVendors.enchantressEleanor.upgradeInteraction3","Can you feel it? The crackle and spark of new energy? My channels run deeper than ever.","أتشعر بذلك؟ أزيز وطقطقة طاقة متجددة؟ قنواتي السحرية تسري الآن بأعمق من أي وقت مضى."
"NPCs.sacramentVendors.farmerWill.firstInteractionLine1","Oh my goodness. Goodness me. Do I bow? Keep my eyes down? I've never met a Cerim.","يا إلهي العظيم. رحماك ربي. أأنحني؟ أأغض بصري؟ لم أقابل أحداً من السيريم قط."
"NPCs.sacramentVendors.farmerWill.firstInteractionLine2","I'm Farmer the Willem. Willem the Farmer! Not that you need to remember that. Or me.","أنا المزارع ويليم. ويليم المزارع! ليس عليك حفظ ذلك، ولا تذكر اسمي أصلاً."
"NPCs.sacramentVendors.farmerWill.firstInteractionLine3","I came down here to harvest the most lovely filth. Perfect compost. Honest, take a whiff!","نزلت إلى هنا لجمع أروع روث وسماد طبيعي. سماد عضوي مثالي. صدقني، خذ رشفة من رائحته!"
"NPCs.sacramentVendors.farmerWill.firstInteractionLine4","But when I heard the Risen barreling in, I holed up here.","لكن عندما سمعت صخب الناهضين يقتحمون المكان، اختبأت هنا رعباً."
"NPCs.sacramentVendors.farmerWill.firstInteractionLine5","Not sure why you came all this way for the likes of me, but thanks for clearing a way out. I’ll make haste back to Sacrament. Please, find me there!","لست أدري لماذا قطعت كل هذه المسافة لأجل شخص مثلي، لكن شكراً لك على تمهيد طريق الخروج. سأهرع عائداً إلى ساكرامنت، أرجوك ابحث عني هناك!"
"NPCs.sacramentVendors.farmerWill.interact1","You came back? I mean, you came back.","لقد عدت؟ أعني، أوه، أنت هنا مجدداً."
"NPCs.sacramentVendors.farmerWill.interact2","You don't have to visit out of pity, you know.","لست مضطراً لزيارتي بدافع الشفقة، كما تعلم."
"NPCs.sacramentVendors.farmerWill.interact3","What's mine is yours, what that there is.","ما هو ملكي فهو لك، على قلته وضآلته."
"NPCs.sacramentVendors.farmerWill.menuTalk1","My toes in the dirt and the stars as my roof - only a greedy man would ask for any more.","أقدامي في التراب والنجوم سقفي - وحده الطمّاع من يطلب المزيد."
"NPCs.sacramentVendors.farmerWill.menuTalk2","Back in Waithe, my father could till a field, my grandfather a forest. Here I can barely keep this patch alive.","في وايث، كان أبي قادراً على حراثة حقل، وجدي قادراً على ترويض غابة. أما هنا فأكاد أعجز عن إبقاء هذه الرقعة حية."
"NPCs.sacramentVendors.farmerWill.menuTalk3","I don't know much, but I know a pinch of black earth down the back of the throat cures anything worth curing.","لا أعلم الكثير، لكنني أعلم أن قبضة من التراب الأسود في جوف الحلق كفيلة بشفاء أي علة تستحق الشفاء."
"NPCs.sacramentVendors.farmerWill.rotatingEavesdrop1","Buy here... or not I suppose.","اشترِ من هنا... أو لا تشترِ، فالخيار لك على ما أظن."
"NPCs.sacramentVendors.farmerWill.rotatingEavesdrop2","A bounty beneath your feet!","خيرات وفيرة تحت قدميك!"
"NPCs.sacramentVendors.farmerWill.rotatingEavesdrop3","The soil speaks, you need only listen.","الأرض تتكلم، ما عليك سوى الإنصات إليها."
"NPCs.sacramentVendors.farmerWill.sacramentFirstInteractionLine1","Cerim! I... Hello. Thank you again, for noticing me in the Trench. And saving me.","سيريم! أنا... مرحباً. شكراً لك مجدداً على انتباهك لي في الخندق وإنقاذي."
"NPCs.sacramentVendors.farmerWill.sacramentFirstInteractionLine2","And... stopping to speak with me just now. You’re the first person who’s noticed I’m back.","و... وتوقفك للحديث معي الآن. أنت أول شخص يلاحظ عودتي أصلاً."
"NPCs.sacramentVendors.farmerWill.sewersEavesdrop","Oh, bless the gods!","أوه، بوركت الآلهة!"
"NPCs.sacramentVendors.farmerWill.sewersRetalk1","Strangest sounds in these Sewers. Noises through the pipes sound like growling, hissing, wailing.","أصوات شديدة الغرابة تتردد في هذه المجاري. جلبة عبر الأنابيب تشبه الزمجرة، والفحيح، والعويل."
"NPCs.sacramentVendors.farmerWill.sewersRetalk2","Nearly soiled myself more than once. Didn’t need to come all the way down here if I was just planning to make my own compost!","كدت أقضي حاجتي في ملابسي رعباً أكثر من مرة. لم تكن هناك حاجة لقطعي كل تلك المسافة إلى هنا لو كنت سأصنع سمادي الخاص بنفسي!"
"NPCs.sacramentVendors.farmerWill.upgradeInteraction1","Oh my. Oh my. I... don't deserve this.","يا إلهي. يا إلهي... أنا لا أستحق كل هذا الكرم."
"NPCs.sacramentVendors.farmerWill.upgradeInteraction2","I've never seen such fine things! I don't even know what to do with them.","لم أرَ قط أشياء فاخرة كهذه! بل لا أعرف حتى كيف أستخدمها."
"NPCs.sacramentVendors.farmerWill.upgradeInteraction3","I shall be forever in your debt, Cerim. I will name my son after you. If I... ever have a son.","سأظل مديناً لك إلى الأبد يا سيريم. سأسمي ابني تيمناً بك. هذا إن... رُزقت بابن يوماً ما."
"NPCs.sacramentVendors.ilaria.afterBreach.interact1Line1","The Gate falls. Caylen burns. What do we care?","البوابة تسقط. كايلن تحترق. وما شأننا نحن؟"
"NPCs.sacramentVendors.ilaria.afterBreach.interact1Line2","The field of battle has grown. Nothing more.","ميدان المعركة اتسع فحسب، لا أكثر."
"NPCs.sacramentVendors.ilaria.afterRAR.interact1Line1","You are stained with the blood of the Risen. They are fools, fighting for freedom.","أنت ملطخ بدماء الناهضين. إنهم حمقى يقاتلون طلباً للحرية."
"NPCs.sacramentVendors.ilaria.afterRAR.interact1Line2","They do not see - the fight itself is freedom.","إنهم يعجزون عن إدراك أن القتال ذاته هو الحرية بعينها."
"NPCs.sacramentVendors.ilaria.afterRTB.interact1Line1","You faced the Balak Taw? They learn well from the falcon's talons. But - like a falcon - their vision is narrow.","واجهت بالاك تاو؟ لقد تعلموا جيداً من مخالب الصقر. ولكن - تماماً كالصقر - رؤيتهم ضيقة ومحدودة."
"NPCs.sacramentVendors.ilaria.afterRTB.interact1Line2","Every beast of the field has its lessons to teach us.","كل وحش في البرية يحمل درساً ليعلمنا إياه."
"NPCs.sacramentVendors.ilaria.afterSOG.interact1Line1","You have been to the ancient gate? Good. I see much of myself in your people, Cerim.","ذهبت إلى البوابة القديمة؟ حسناً فعلت. أرى الكثير من نفسي في بني قومك، أيها السيريم."
"NPCs.sacramentVendors.ilaria.afterSOG.interact1Line2","A faith of blood. A religion of war. We are what we kill.","عقيدة من دم، وديانة من حرب. نحن ما نقتله."
"NPCs.sacramentVendors.ilaria.afterWS.interact1Line1","A hunter has no right to protest when he becomes the hunted.","لا يحق للصياد أن يحتج عندما يتحول هو نفسه إلى فريسة ومطرود."
"NPCs.sacramentVendors.ilaria.afterWS.interact1Line2","He was not wronged, only mistaken. He thought himself something other than prey.","لم يتعرض لظلم، بل كان واهماً فحسب. ظن نفسه شيئاً غير الصيد."
"NPCs.sacramentVendors.ilaria.exitMenuLine1","Go, be the engine of their demise.","امضِ، وكن آلة فنائهم وهلاكهم."
"NPCs.sacramentVendors.ilaria.exitMenuLine2","Carry nothing with you but ferocity.","لا تحمل معك شيئاً سوى الضراوة والبسالة."
"NPCs.sacramentVendors.ilaria.exitMenuLine3","Bloody your way to enlightenment.","خض طريقك بالدماء نحو الاستنارة."
"NPCs.sacramentVendors.ilaria.firstInteractionLine1","Your eyes will betray you. Your ears will lie to you. Your blade will shatter.","عيناك ستخونانك. وأذناك ستكذبان عليك. وشفرة سيفك ستتحطم."
"NPCs.sacramentVendors.ilaria.firstInteractionLine2","Crutches, all of them.","كلها عكازات واهية."
"NPCs.sacramentVendors.ilaria.firstInteractionLine3","Trust only in what you can feel, what you can strike.","لا تثق إلا بما تستطيع الشعور به، وبما تستطيع ضربه بيدك."
"NPCs.sacramentVendors.ilaria.firstInteractionLine4","For you were born with the only weapons you will ever need.","فقد وُلدت بالأسلحة الوحيدة التي ستحتاج إليها على الإطلاق."
"NPCs.sacramentVendors.ilaria.interact1","The bone breaks, the body heals, the will strengthens.","العظم يُكسر، والجسد يبرأ، والإرادة تشتد صلابة."
"NPCs.sacramentVendors.ilaria.interact2","Your fist a hammer, your palm a thunderclap.","قبضتك مطرقة، وكفك هزيم رعد."
"NPCs.sacramentVendors.ilaria.interact3","Make their death a work of art, an act of worship.","اجعل موتهم عملاً فنياً، وطقساً من طقوس العبادة."
"NPCs.sacramentVendors.ilaria.menuTalk1","The weights around my crown, waist, and ankles urge me to stillness. When removed, they whisper me to war.","الأثقال حول تاجي، وخصري، وكاحليّ تدعوني إلى السكون. وحين أخلعها، تهمس لي بالحرب والنزال."
"NPCs.sacramentVendors.ilaria.menuTalk2","I cannot sense beyond your outline, Cerim. You are a void, a silhouette, a dark stain in the shape of a person.","لا يمكنني الإحساس بما وراء محيط جسدك، أيها السيريم. أنت فراغ، خيال ظل، بقعة مظلمة على هيئة إنسان."
"NPCs.sacramentVendors.ilaria.menuTalk3","Sacra is home to many peoples. Dasha, mainlanders, other isles, even the Far Lands. But violence is the one language we all speak.","ساكرا موطن لشعوب شتى. الدوشا، وسكان القارة، والجزر الأخرى، وحتى الأراضي البعيدة. لكن العنف هو اللغة الوحيدة التي نتحدثها جميعاً."
"NPCs.sacramentVendors.ilaria.rotatingEavesdrop1","A man of peace is a man at war.","رجل السلام رجل في حالة حرب دائمة."
"NPCs.sacramentVendors.ilaria.rotatingEavesdrop2","Hone your one true weapon.","اشحذ سلاحك الحقيقي الوحيد."
"NPCs.sacramentVendors.ilaria.rotatingEavesdrop3","A sword's length is a coward's distance.","طول السيف مسافة يلوذ بها الجبناء."
"NPCs.sacramentVendors.ilaria.rotatingEavesdrop4","As God made us.","على الهيئة التي خلقنا الإله عليها."
"NPCs.sacramentVendors.ilaria.upgradeInteraction1","Your gifts - I do not need them. But I will take them.","هداياك - لست بحاجة إليها، لكنني سآخذها."
"NPCs.sacramentVendors.ilaria.upgradeInteraction2","You honor me, but this is not my temple. My altar lies out there, in the broken body of every foe.","أنت تكرمني، لكن هذا ليس معبدي. مذبحي يرقد هناك في العراء، في الجسد المحطم لكل غريم."
"NPCs.sacramentVendors.ilaria.upgradeInteraction3","You have more to learn. And now, thanks to your gift, I have more to teach.","لديك الكثير لتتعلمه. والآن، بفضل هديتك، أصبح لديّ الكثير لأعلمه."
"NPCs.sacramentVendors.merchantGrinnich.afterMountainGateBreach.interactLine1","I'm all for something that quickens your heartbeat, and God knows I'm fascinated by the varied and wondrous creatures of this world...","أنا من أشد المؤيدين لكل ما يسرّع خفقان القلب، ويعلم الإله مدى شغفي بمخلوقات هذا العالم العجيبة والمتنوعة..."
"NPCs.sacramentVendors.merchantGrinnich.afterMountainGateBreach.interactLine2","But I could do without the monstrosities that gate unleashed.","لكنني كنت في غنى تام عن الوحوش التي أطلقتها تلك البوابة."
"NPCs.sacramentVendors.merchantGrinnich.afterRatsAndRaiders.interactLine1","That's a curious fragrance you got about you. Ripe. ... Quite ripe.","تلك رائحة غريبة تفوح منك. نفاذة... نفاذة للغاية."
"NPCs.sacramentVendors.merchantGrinnich.afterRatsAndRaiders.interactLine2","Been tromping around where you don't belong? Start of any good adventure I suppose.","أكنت تتجول وتتخبط في مكان لا تنتمي إليه؟ حسناً، هذه بداية أي مغامرة جيدة على ما أظن."
"NPCs.sacramentVendors.merchantGrinnich.afterRootsThatBind.interactLine1","That a Balak Taw feather stuck to you? I've been practicing my own bird calls, maybe expand my customer base.","أهذه ريشة بالاك تاو عالقة بثيابك؟ لقد كنت أتدرب على محاكاة أصوات الطيور بنفسي، ربما لأوسع قاعدة زبائني."
"NPCs.sacramentVendors.merchantGrinnich.afterRootsThatBind.interactLine2","…","..."
"NPCs.sacramentVendors.merchantGrinnich.afterRootsThatBind.interactLine3","Think they'll let me in?","أتظن أنهم سيسمحون لي بالدخول؟"
"NPCs.sacramentVendors.merchantGrinnich.afterServantOfGod.interactLine1","Never much cared for the Inquisition. Not the best conversationalists.","لم أكن يوماً شغوفاً بمحاكم التفتيش. فهم ليسوا أفضل من تجالسهم للحديث."
"NPCs.sacramentVendors.merchantGrinnich.afterServantOfGod.interactLine2","Though I am curious what lies beyond the Mountain Gate. My wife says I only ever want what I can't have.","مع أنني متشوق لمعرفة ما يكمن وراء بوابة الجبل. زوجتي تقول إنني لا أرغب إلا فيما لا أستطيع نيله."
"NPCs.sacramentVendors.merchantGrinnich.afterWeepingSisters.interactLine1","I don't know what transpired in the Hunters' Vale, but I know how many hunters went out, and I know how few came back.","لا أعلم ما الذي جرى في وادي الصيادين، لكنني أعلم كم صياداً خرج، وأعلم القلة القليلة التي عادت."
"NPCs.sacramentVendors.merchantGrinnich.afterWeepingSisters.interactLine2","No no, it's alright, your secrets are your own. I'm your humble purveyor of goods, not your confidant. Not yet.","لا لا، على رسلك، أسرارك ملكك وحدك. أنا مجرد تاجر بضائع متواضع، ولست مستودع أسرارك بعد."
"NPCs.sacramentVendors.merchantGrinnich.firstInteractionLine1","Ignore their gapes, Cerim, they've likely never seen one of your kind.","تجاهل تحديقهم فيك، أيها السيريم، فعلى الأرجح لم يروا أحداً من جنسك من قبل."
"NPCs.sacramentVendors.merchantGrinnich.firstInteractionLine2","I, on the other hand, have met six Cerim. Five? Six? Many. ","أما أنا، من ناحية أخرى، فقد قابلت ستة من السيريم. خمسة؟ ستة؟ بل كثيرين."
"NPCs.sacramentVendors.merchantGrinnich.firstInteractionLine3","I've witnessed the seabirths of the Kylesh people to the south, and Arvos' northern cities that sail across the sands.","لقد شهدت طقوس الولادة البحرية لشعب كايليش في الجنوب، ومدن آرفوس الشمالية التي تبحر فوق الرمال."
"NPCs.sacramentVendors.merchantGrinnich.firstInteractionLine4","I once drank from the water pooled in a giant's footstep. And I've supped wine with Phalen's finest. ","وشربتُ ذات مرة من ماء تجمع في أثر موطئ قدم عملاق. واحتسيت الخمر مع علية القوم في فالن."
"NPCs.sacramentVendors.merchantGrinnich.firstInteractionLine5","You and I, we're travelers.","أنا وأنت... رحالة متجولون."
"NPCs.sacramentVendors.merchantGrinnich.interact1","Good to see you back, Cerim.","يسرني أن أراك عائداً، أيها السيريم."
"NPCs.sacramentVendors.merchantGrinnich.interact2","Been out exploring again?","أكنت في الخارج تستكشف مجدداً؟"
"NPCs.sacramentVendors.merchantGrinnich.interact3","I see you live to shop another day.","أرى أنك حي ترزق لتتسوق يوماً آخر."
"NPCs.sacramentVendors.merchantGrinnich.menuTalk1","I must admit I've been waylaid on this humble island... longer than I'd like. But when the winds stall, the purse fills. Hmm, I should write that down.","عليّ الاعتراف بأنني علقتُ على هذه الجزيرة المتواضعة... أطول مما أردت. ولكن عندما تهدأ الرياح، يمتلئ كيس النقود. همم، عليّ تدوين هذه الحكمة."
"NPCs.sacramentVendors.merchantGrinnich.menuTalk2","See this scar? Pirate attack while crossing The Ashen Sea. Don't worry, we're all drinking friends now.","أترى هذه الندبة؟ هجوم قراصنة أثناء عبور بحر الرماد. لا تقلق، لقد أصبحنا جميعاً رفاق سمر الآن."
"NPCs.sacramentVendors.merchantGrinnich.menuTalk3","You know what they say about Giranoth women... down there? Well, it's not true.","أتعلم ما يقولونه عن نساء جيرانورث... هناك في الجنوب؟ حسناً، إنه غير صحيح بالمرة."
"NPCs.sacramentVendors.merchantGrinnich.rotatingEavesdrop1","Everything has a price! Every man has a cost!","لكل شيء ثمن! ولكل رجل قيمة!"
"NPCs.sacramentVendors.merchantGrinnich.rotatingEavesdrop2","I've scoured the realm so you don't have to!","لقد جُبت أرجاء المعمورة حتى لا تضطر أنت لذلك!"
"NPCs.sacramentVendors.merchantGrinnich.rotatingEavesdrop3","The world at your fingertips!","العالم كله بين يديك!"
"NPCs.sacramentVendors.merchantGrinnich.rotatingEavesdrop4","I've got things you didn't know you couldn't live without!","لديّ بضائع لم تكن تعلم أنك لا تستطيع العيش بدونها!"
"NPCs.sacramentVendors.merchantGrinnich.rotatingEavesdrop5","Every trinket a treasure!","كل حلية هنا كنز ثمين!"
"NPCs.sacramentVendors.merchantGrinnich.rotatingEavesdrop6","The greatest victory is a bargain!","أعظم نصر هو الصفقة الرابحة!"
"NPCs.sacramentVendors.merchantGrinnich.rotatingEavesdrop7","Fresh wares delivered every morning!","بضائع طازجة تصل كل صباح!"
"NPCs.sacramentVendors.merchantGrinnich.rotatingEavesdrop8","I guarantee - shelves full again by sunrise!","أضمن لك رفوفاً ممتلئة من جديد مع بزوغ الشمس!"
"NPCs.sacramentVendors.merchantGrinnich.upgradeInteraction1","Fantastic. I've enough shelves for every trinket now! Ehh, every invaluable piece of rare merchandise, is what I meant.","رائع للغاية. لديّ الآن رفوف تكفي لكل حلية صغيرة! أقصد، لكل قطعة بضاعة نادرة لا تُقدر بثمن، هذا ما عنيته."
"NPCs.sacramentVendors.merchantGrinnich.upgradeInteraction2","Look at what has become of my humble shop! I feel less a merchant, more a king. We live in an age of miracles, no?","انظر إلى ما آل إليه دكاني المتواضع! أشعر وكأنني لست مجرد تاجر، بل ملك متوج. نحن نعيش في عصر المعجزات، أليس كذلك؟"
"NPCs.sacramentVendors.merchantGrinnich.upgradeInteraction3","I thank you, Cerim, but frankly this place is starting to look a bit too... permanent. Wanderlust has her teeth in me.","أشكرك أيها السيريم، لكن بصراحة، بدأ هذا المكان يبدو... دائماً أكثر مما ينبغي. وشغف الترحال ينشب مخالبه في قلبي."
"NPCs.sacramentVendors.rareItemsMerchantFinley.firstInteractionLine1","My thanks... ah, Cerim! A fellow walker of the planes.","شكري الجزيل لك... آه، أيها السيريم! يا رفيق التجوال بين الأبعاد والعوالم."
"NPCs.sacramentVendors.rareItemsMerchantFinley.firstInteractionLine2","My name is Finley. I traffic in the inconceivable, the unheard of, the unobtainable.","اسمي فينلي. أنا أتاجر في اللامعقول، والمجهول، والمستحيل مناله."
"NPCs.sacramentVendors.rareItemsMerchantFinley.firstInteractionLine3","But my search for oddities led me... er, to this unenviable position. <i>I am not a thief! Be quiet!</i>","لكن بحثي عن النوادر أوقعني... إحم، في هذا الموقف الذي لا أحسد عليه. <i>لست لصاً! الزم الهدوء!</i>"
"NPCs.sacramentVendors.rareItemsMerchantFinley.firstInteractionLine4","Now, in my untethered form, I shall return to Sacrament! You may see me there. But only when I want to be seen.","والآن، في هيئتي الطليقة المتسامية، سأعود إلى ساكرامنت! قد تراني هناك، لكن فقط حين أرغب أنا في أن أكون مرئياً."
"NPCs.sacramentVendors.rareItemsMerchantFinley.freedEavesdrop1","Yessss...! I can feel the wind of the world again…","نعععم...! أستطيع الشعور برياح العالم تهب مجدداً..."
"NPCs.sacramentVendors.rareItemsMerchantFinley.interact1","You again... Thought you were still here.","أنت مجدداً... حسبتك ما زلت هنا."
"NPCs.sacramentVendors.rareItemsMerchantFinley.interact2","Everything is for sale. Including myself perhaps.","كل شيء معروض للبيع. بما في ذلك نفسي ربما."
"NPCs.sacramentVendors.rareItemsMerchantFinley.interact3","Feast your eyes...","أمتع ناظريك..."
"NPCs.sacramentVendors.rareItemsMerchantFinley.menuTalk1","I came to Sacra from the west. Or maybe I'm heading west? Sometimes the arrow of time spins like a compass, wouldn't you say?","أتيت إلى ساكرا من الغرب. أو ربما أنا متجه غرباً؟ أحياناً يدور سهم الزمان كالبوصلة المخبولة، ألا توافقني الرأي؟"
"NPCs.sacramentVendors.rareItemsMerchantFinley.menuTalk2","These penitent fools, always prattling on about the afterlife. What of the beforelife? The overlife? The underlife? Those matter too.","هؤلاء الحمقى النادمون، يثرثرون دوماً عن الحياة الآخرة. وماذا عن الحياة السابقة؟ والحياة الفوقية؟ والحياة التحتية؟ تلك تهم أيضاً."
"NPCs.sacramentVendors.rareItemsMerchantFinley.menuTalk3","Settle a bet for us. For me, I mean. What would you say is the ideal number of me's and you's?","احسم رهاناً بيننا. أقصد بيني وبيني. ما هو برأيك العدد المثالي للنسخ مني ومنك؟"
"NPCs.sacramentVendors.rareItemsMerchantFinley.prisonEavesdrop1","Who’s there? Someone… Of the flesh? <i>Shhh! Be quiet. They’ll hear us.</i>","من هناك؟ أهو كائن... من لحم ودم؟ <i>ششش! اهدأ، سيسمعوننا.</i>"
"NPCs.sacramentVendors.rareItemsMerchantFinley.prisonEavesdrop3","You there! It is your - moral duty - to set me free! And me as well. <i>How can you help, you don’t have hands!</i>","أنت هناك! من واجبك - الأخلاقي - أن تطلق سراحي! وسراحي أنا أيضاً. <i>كيف يمكنك المساعدة وأنت بلا يدين أصلاً!</i>"
"NPCs.sacramentVendors.rareItemsMerchantFinley.prisonEavesdrop4","Please. I’m a traveler like you. Of many realms. Spectral, astral, temporal.","أرجوك. أنا رحالة مثلك. أعبر عوالم شتى؛ أطيافاً، وأفلاكاً، وأزمنة."
"NPCs.sacramentVendors.rareItemsMerchantFinley.prisonEavesdrop5","But you must free me! Confinement of the body, of the bones inside the skin, it’s... It’s all wrong… <i>Shut up! No one’s listening anyway.</i>","لكن يجب أن تحررني! حبس الجسد، وحبس العظام داخل الجلد، إنه... خطأ كله... <i>اخرس! لا أحد يستمع على أية حال.</i>"
"NPCs.sacramentVendors.rareItemsMerchantFinley.retalkLine1","Look at all this carnage. The dead becoming the living. The living the dead. How miraculous.","انظر إلى كل هذه المجزرة. الموتى يصبحون أحياء، والأحياء موتى. يا لها من معجزة باهرة."
"NPCs.sacramentVendors.rareItemsMerchantFinley.retalkLine2","Which do you think came first?","أيهما برأيك بدأ أولاً؟"
"NPCs.sacramentVendors.rareItemsMerchantFinley.rotatingEavesdrop1","Which one of you said that?","أي منكم قال ذلك؟"
"NPCs.sacramentVendors.rareItemsMerchantFinley.rotatingEavesdrop2","Enigmas for sale, paradoxes for purchase!","ألغاز للبيع، ومفارقات للشراء!"
"NPCs.sacramentVendors.rareItemsMerchantFinley.rotatingEavesdrop3","Buy now. Tomorrow one of us might be gone.","اشترِ الآن؛ فغداً قد يختفي أحدنا."
"NPCs.sacramentVendors.rareItemsMerchantFinley.sacramentInteractionLine1","<i>Shh, here they come…</i> Ah, Cerim, the spectral warrior returns!","<i>ششش، ها قد جاؤوا...</i> آه، أيها السيريم، يعود المحارب الطيفي من جديد!"
"NPCs.sacramentVendors.rareItemsMerchantFinley.sacramentInteractionLine2","I told you I would be here, and here I am! Today at least. Tomorrow, I may be here yesterday.","أخبرتك أنني سأكون هنا، وها أنا ذا! اليوم على الأقل. وغداً، قد أكون هنا بالأمس."
"NPCs.sacramentVendors.rareItemsMerchantFinley.sacramentInteractionLine3","I offer you my goods for a small fee, a trifle, a mere token of – <i>I am not longwinded!</i>","أعرض عليك بضائعي لقاء أجر رمزي ضئيل، فتات بسيط، مجرد رمز لـ – <i>لست مفرطاً في الكلام!</i>"
"NPCs.sacramentVendors.rareItemsMerchantFinley.secondInteractionLine1","Only the heavens know what cause brings you to the Nameless Pass.","السماء وحدها تعلم الدافع الذي قادك إلى الممر المجهول."
"NPCs.sacramentVendors.rareItemsMerchantFinley.secondInteractionLine2","You have some fine trinkets on you... <i>Yes, I see it!</i>","تحمل معك بعض الحلي الجميلة... <i>نعم، أراها بأم عيني!</i>"
"NPCs.sacramentVendors.rareItemsMerchantFinley.secondInteractionLine3","I shall have to pass back by here in a few days’ time... you will make a very well-adorned corpse.","سيتعين عليّ المرور من هنا مجدداً خلال أيام قلائل... ستصنع جثة حسنة الزينة للغاية."
"NPCs.sacramentVendors.rareItemsMerchantFinley.secondInteractionLine4","When you trade in wares as valuable as mine, never question their origin.","حين تتاجر في بضائع ثمينة كبضاعتي، إياك أن تسأل عن مصدرها."
"NPCs.sacramentVendors.tailorSisters.afterBreach.interact1Line1","We like you, Cerim. You've become like a sister to us.","نحن نحبك يا سيريم، لقد أصبحتِ كالأخت لنا."
"NPCs.sacramentVendors.tailorSisters.afterBreach.interact1Line2","But if one of these monsters in the sky swoops down to feast on our flesh...","لكن إن انقض أحد تلك الوحوش في السماء ليفترس لحمنا..."
"NPCs.sacramentVendors.tailorSisters.afterBreach.interact1Line3","Well - I don't know if we could stay friends.","فحسناً - لا ندري إن كان بوسعنا أن نظل صديقتين."
"NPCs.sacramentVendors.tailorSisters.afterORAR.interact1Line1","Yech! What a smell!","يععع! يا لها من رائحة كريهة!"
"NPCs.sacramentVendors.tailorSisters.afterORAR.interact1Line2","Didn't you hear, Mira? They've been down in the sewers!","ألم تسمعي يا ميرا؟ لقد كانا في المجاري!"
"NPCs.sacramentVendors.tailorSisters.afterORAR.interact1Line3","Wish they would've stayed down there!","ليتهم بقوا هناك في الأسفل ولم يخرجوا!"
"NPCs.sacramentVendors.tailorSisters.afterRTB.interact1Line1","Say, we heard what you did for that village to the north.","مهلاً، سمعنا بما فعلته لأجل تلك القرية في الشمال."
"NPCs.sacramentVendors.tailorSisters.afterRTB.interact1Line2","We just want to say thank you. Not enough kindness shown to those poor Dasha.","أردنا فقط أن نقول شكراً لك. نادراً ما يُظهر أحد عطفاً لأولئك الدوشا المساكين."
"NPCs.sacramentVendors.tailorSisters.afterRTB.interact1Line3","They do some of the finest stitching on the island, they do. Almost as good as ours!","إنهم يحيكون أرقى خياطة وتطريز على الجزيرة، حقاً. تكاد تضاهي خياطتنا!"
"NPCs.sacramentVendors.tailorSisters.afterSOG.interact1Line1","Been trotting around the Nameless Pass?","أكنت تتجول في أرجاء الممر المجهول؟"
"NPCs.sacramentVendors.tailorSisters.afterSOG.interact1Line2","We heard you met the Madrigal!","سمعنا أنك قابلت المادريغال!"
"NPCs.sacramentVendors.tailorSisters.afterSOG.interact1Line3","Ooh, I'd love to get me hands on those fine robes of hers...","أووه، كم أود وضع يديّ على تلك الأردية الفاخرة التي ترتديها..."
"NPCs.sacramentVendors.tailorSisters.afterSpeech.interact1Line1","Did you hear Ellsworth's speech in the town square? Enough to make a lady swoon...","هل سمعتِ خطاب إلسورث في ساحة البلدة؟ كاد يجعل فؤادي يذوب عشقاً..."
"NPCs.sacramentVendors.tailorSisters.afterSpeech.interact1Line2","He's my future husband, you know.","إنه زوجي المستقبلي، كما تعلمين."
"NPCs.sacramentVendors.tailorSisters.afterSpeech.interact1Line3","Not if I snag him first!","هذا إن لم أخطفه أنا أولاً!"
"NPCs.sacramentVendors.tailorSisters.afterWS.interact1Line1","Meri, have you heard - they say the Pestilence is in the Lowland Meadows now!","ميري، هل سمعتِ - يقولون إن الوباء وصل إلى السهول المنخفضة الآن!"
"NPCs.sacramentVendors.tailorSisters.afterWS.interact1Line2","Dear me... Soon enough we'll have horrid things cropping up right here in Sacrament!","يا إلهي... عما قريب ستظهر لنا كائنات مروعة هنا في ساكرامنت بالذات!"
"NPCs.sacramentVendors.tailorSisters.afterWS.interact1Line3","What, you mean like a person with two heads on one body? Imagine that!","ماذا تقصدين، كأن يولد شخص برأسين على جسد واحد مثلاً؟ تخيلي ذلك!"
"NPCs.sacramentVendors.tailorSisters.firstInteractionLine1","Meriweather and Mirabelle - tailors at your service!","ميريويذر وميرابيل - خياطتان في خدمتكم!"
"NPCs.sacramentVendors.tailorSisters.firstInteractionLine2","Meri, we agreed, my name goes first!","ميري، لقد اتفقنا، اسمي يُذكر أولاً!"
"NPCs.sacramentVendors.tailorSisters.firstInteractionLine3","No no no, Mira, I remember we decided I go first!","لا لا لا يا ميرا، أنا أذكر أننا قررنا أن أبدأ أنا!"
"NPCs.sacramentVendors.tailorSisters.firstInteractionLine4","Fine - we'll settle this later.","حسناً - سنحسم هذا الخلاف لاحقاً."
"NPCs.sacramentVendors.tailorSisters.interact1","Looking a bit ragged I'd say - time for a change.","تبدو ثيابك رثة بعض الشيء في نظري - حان وقت التغيير."
"NPCs.sacramentVendors.tailorSisters.interact2","Worn yourself down to threads, you have.","أهلكتَ نفسك حتى صارت ثيابك خيوطاً بالية."
"NPCs.sacramentVendors.tailorSisters.interact3","About time you came back.","حان الوقت لتعود إلينا أخيراً."
"NPCs.sacramentVendors.tailorSisters.menuTalk1Line1","We were born behind these walls and we'll pass behind them.","وُلدنا خلف هذه الأسوار، وخلفها سنموت."
"NPCs.sacramentVendors.tailorSisters.menuTalk1Line2","They tell us Sacra's just a corner of the world, but it's our corner.","يخبروننا أن ساكرا مجرد زاوية من العالم، لكنها زاويتنا نحن."
"NPCs.sacramentVendors.tailorSisters.menuTalk2Line1","Can you tell one of us from the other, Cerim?","أتستطيع التمييز بين كلتانا يا سيريم؟"
"NPCs.sacramentVendors.tailorSisters.menuTalk2Line2","If so, you're better than our father!","إن كنت تستطيع، فأنت أفضل من أبينا بكثير!"
"NPCs.sacramentVendors.tailorSisters.menuTalk3Line1","Between the two of us we've got two husbands, eight children, and four chickens.","بيننا نحن الاثنتين زوجان، وثمانية أطفال، وأربع دجاجات."
"NPCs.sacramentVendors.tailorSisters.menuTalk3Line2","And they're all hers.","وكلهم من نصيبها وحدها."
"NPCs.sacramentVendors.tailorSisters.rotatingEavesdrop1Line1","These are my scissors.","هذا مقصي أنا."
"NPCs.sacramentVendors.tailorSisters.rotatingEavesdrop1Line2","No, these are my scissors!","بل هذا مقصي أنا!"
"NPCs.sacramentVendors.tailorSisters.rotatingEavesdrop1Line3","Shhh a customer!","ششش، جاء زبون!"
"NPCs.sacramentVendors.tailorSisters.rotatingEavesdrop2","Ms. Mider missed a spider on her scone now it's inside her.","السيدة مايدر غفلت عن عنكبوت على كعكتها، والآن بات العنكبوت في معدتها."
"NPCs.sacramentVendors.tailorSisters.rotatingEavesdrop3","Those rags you're wearing aren't fit for the fire.","هذه الأسمال التي ترتديها لا تصلح حتى لإشعال النار بها."
"NPCs.sacramentVendors.tailorSisters.rotatingEavesdrop4Line1","Dear me, you look like a ball of yarn at the top of the stairs!","يا للهول، تبدو ككرة صوف تدحرجت من أعلى الدرج!"
"NPCs.sacramentVendors.tailorSisters.rotatingEavesdrop4Line2","I'd say more like the bottom!","بل أقول إنها تبدو ككرّة استقرت في أسفل الدرج تماماً!"
"NPCs.sacramentVendors.tailorSisters.rotatingEavesdrop5Line1","Snips and yarn, threads and cloth!","قصاصات وخيوط، غرز وأقمشة صوف!"
"NPCs.sacramentVendors.tailorSisters.rotatingEavesdrop5Line2","The only thing we hate's a moth!","والشيء الوحيد الذي نمقته هو العث المقيت!"
"NPCs.sacramentVendors.tailorSisters.upgradeInteraction1Line1","Finally, a bit of room to breathe.","أخيراً، بعض المتسع للتنفس."
"NPCs.sacramentVendors.tailorSisters.upgradeInteraction1Line2","Some space to stretch out!","وبعض المساحة للتمدد والراحة!"
"NPCs.sacramentVendors.tailorSisters.upgradeInteraction2Line1","Many thanks, Cerim. You're not as bad as my sister says.","شكراً جزيلاً يا سيريم. لست سيئاً كما تدعي أختي."
"NPCs.sacramentVendors.tailorSisters.upgradeInteraction2Line2","You were the one who said not to trust them!","أنتِ من قلتِ إنه لا يجوز الوثوق بهم!"
"NPCs.sacramentVendors.tailorSisters.upgradeInteraction2Line3","Was I?","أحقاً قلت ذلك؟"
"NPCs.sacramentVendors.tailorSisters.upgradeInteraction3Line1","Could outfit a princess with these new tools!","بوسعنا كسوة أميرة بهذه الأدوات الجديدة البديعة!"
"NPCs.sacramentVendors.tailorSisters.upgradeInteraction3Line2","Only Princess wandering into our stall is Grinnich's donkey.","الأميرة الوحيدة التي تتجول في كشكنا هي حمار غرينيتش."
"NPCs.sacramentVendors.woodcrafterWhittacker.firstInteractionLine1","Welcome young sprout. I go by Whittacker the Woodcrafter. That's because I craft wood.","مرحباً يا برعمي الصغير. أدعى ويتكر النجّار، وذلك لأنني أنجر الخشب وأشكله."
"NPCs.sacramentVendors.woodcrafterWhittacker.firstInteractionLine2","Chipper and table are yours for the using. Or just leave the profession to the professional.","آلة تشذيب الخشب وطاولة العمل تحت تصرفك. أو يمكنك ببساطة ترك الصنعة لأهلها المحترفين."
"NPCs.sacramentVendors.woodcrafterWhittacker.interact1","Hello again.","مرحباً بك مجدداً."
"NPCs.sacramentVendors.woodcrafterWhittacker.interact2","Let me know what you need.","أعلمني بما تحتاج إليه."
"NPCs.sacramentVendors.woodcrafterWhittacker.interact3","So you're still on your feet.","إذن ما زلت صامداً على قدميك."
"NPCs.sacramentVendors.woodcrafterWhittacker.menuTalk1","If an oak takes a century to grow, least I can do is take my time in shaping what we make of it.","إن كانت شجرة البلوط تستغرق قرناً لتنمو، فأقل ما يسعني فعله هو ألا أستعجل في تشكيل ما نصنعه منها."
"NPCs.sacramentVendors.woodcrafterWhittacker.menuTalk2","Tell you a secret - I don't work wood. I just listen to it. And it always tells me what it wants to be.","سأفشي لك سراً - أنا لا أطوع الخشب، بل أنصت إليه فحسب. وهو يخبرني دوماً بما يريد أن يكون."
"NPCs.sacramentVendors.woodcrafterWhittacker.menuTalk3","If I live to be a hundred, think someone'll make a chair out of me? Ha. Ha.","إن عشت حتى أبلغ المائة، أتظن أن أحدهم سيصنع مني كرسياً؟ ها. ها."
"NPCs.sacramentVendors.woodcrafterWhittacker.rotatingEavesdrop1","You cannot rush an oak.","لا يمكنك استعجال شجرة البلوط."
"NPCs.sacramentVendors.woodcrafterWhittacker.rotatingEavesdrop2","Always go with the grain, young one.","امشِ دائماً مع اتجاه ألياف الخشب يا بني."
"NPCs.sacramentVendors.woodcrafterWhittacker.rotatingEavesdrop3","Yew and pine, lose what's kind. Pine and yew, lose what's true.","طقسوس وصنوبر يضيع اللين، وصنوبر وطقسوس يضيع اليقين."
"NPCs.sacramentVendors.woodcrafterWhittacker.upgradeInteraction1","From humble acorns, eh? Many thanks for the upgrade, Cerim.","من بذرة بلوط متواضعة تنبت الغابات، أليس كذلك؟ شكراً جزيلاً على الترقية، أيها السيريم."
"NPCs.sacramentVendors.woodcrafterWhittacker.upgradeInteraction2","I cannot wait to see what I can craft now. Well... I suppose I can always wait.","لا أطيق الانتظار لأرى ما يمكنني صنعه الآن. حسناً... أظن أن بوسعي الانتظار دوماً."
"NPCs.sacramentVendors.woodcrafterWhittacker.upgradeInteraction3","My stall has taken root. Its limbs reach for the sky. Apologies. I am not normally so giddy.","لقد ضرب كشكي جذوره في الأرض، وامتدت أغصانه لتعانق السماء. المعذرة، لست معتاداً على الابتهاج هكذا."
"NPCs.shipTutorial.bosunDanner.eavesdrop","Keep walking, filth. I’ll trade no words with you.","واصل السير، أيها النجس. لن أتبادل معك كلمة واحدة."
"NPCs.shipTutorial.bosunDanner.interact","These fools think they know who you are and where we’re headed, but they’ve got no idea.","يظن هؤلاء الحمقى أنهم يعرفون هويتك وإلى أين نتجه، لكنهم يجهلون كل شيء."
"NPCs.shipTutorial.bosunDanner.retalk","You’ll be our doom, you will.","ستكون هلاكنا المحتوم، هذا يقين."
"NPCs.shipTutorial.cabinBoyWort.belowDecks.interactLine1","I fixed up your bed myself, real nice like.","رتبتُ سريرك بنفسي، وجعلته مريحاً ولائقاً تماماً."
"NPCs.shipTutorial.cabinBoyWort.belowDecks.interactLine2","Don’t fret if you can’t sleep - first few weeks aboard I couldn’t catch a wink.","لا تقلق إن لم يغمض لك جفن - في أسابيعي الأولى على متن السفينة لم أستطع النوم ولو للحظة."
"NPCs.shipTutorial.cabinBoyWort.belowDecks.retalk","Wort’s not what my ma named me. But, well, she’s gone now. And the men say I look more like a Wort anyway.","ليس «وورت» الاسم الذي أطلقته عليّ أمي. لكن، حسناً، لقد رحلت الآن. والرجال يقولون إنني أشبه شخصاً يُدعى وورت على أية حال."
"NPCs.shipTutorial.cabinBoyWort.dying.eavesdrop","Cerim... Please... Help…","أيها السيريم... أرجوك... النجدة..."
"NPCs.shipTutorial.cabinBoyWort.dying.interactLine1","I tried to fight like you... But I can’t...","حاولتُ القتال مثلك... لكنني أعجز عن ذلك..."
"NPCs.shipTutorial.cabinBoyWort.dying.interactLine2","My name’s not Wort... It’s...","اسمي ليس وورت... بل هو..."
"NPCs.shipTutorial.cabinBoyWort.eavesdrop","Captain wants a word with you up above!","القبطان يريد التحدث معك في الأعلى!"
"NPCs.shipTutorial.cabinBoyWort.interact","Don’t mind the others. It’s just their way. You go speak with the Captain and I’ll check on your quarters.","لا تبالِ بالآخرين. هذه هي طباعهم فحسب. اذهب وتحدث مع القبطان وسأتفقد أنا مقصورتك."
"NPCs.shipTutorial.cabinBoyWort.retalk","Captain wants a word. He’s up on the bow.","القبطان يريد محادثتك. إنه هناك عند مقدمة السفينة."
"NPCs.shipTutorial.captainTalvic.interactLine1","You put the men on edge, Cerim. We’ve trafficked in people before but… Well. I won’t be sorry to be out of these waters with you off my ship.","أنت تثير قلق رجالي، أيها السيريم. لقد هربنا بشراً من قبل، لكن... حسناً. لن أحزن حين نغادر هذه المياه وأنت خارج سفينتي."
"NPCs.shipTutorial.captainTalvic.interactLine2","I was paid to deliver you to Sacra in one piece. And I will.","دُفع لي أجرٌ لإيصالك إلى ساكرا سالماً معافى. وسأفعل ذلك."
"NPCs.shipTutorial.captainTalvic.interactLine3","But get to your quarters and stay out of our way until landfall. Wort will let you below decks.","لكن توجه إلى مقصورتك وابتعد عن طريقنا حتى نرسو. سيفتح لك وورت الطريق إلى الطابق السفلي."
"NPCs.shipTutorial.captainTalvic.retalk","Island’s just up ahead, through this damned storm. Get to your quarters. You’ll know you can come out when we stop moving.","الجزيرة أمامنا مباشرة، عبر هذه العاصفة اللعينة. اذهب إلى مقصورتك. ستعلم أن وقت خروجك قد حان حين تتوقف السفينة عن الحركة."
"NPCs.shipTutorial.cookSprag.eavesdrop","Ey, you, a little help with the meal?","مهلاً، أنت، ألا تساعدني قليلاً في إعداد الطعام؟"
"NPCs.shipTutorial.cookSprag.interact","Fetch me the mushrooms from the shelf and herbs from the table. I have to keep stirring, or it’ll go from burned to ashes.","أحضر لي الفطر من الرف والأعشاب من الطاولة. يجب أن أواصل التحريك، وإلا فسيتحول من محترق إلى رماد."
"NPCs.shipTutorial.cookSprag.retalk","Just grab me that food.","فقط أحضر لي ذلك الطعام."
"NPCs.shipTutorial.cookSprag.secondInteractLine1","In ya go. Along with a little seawater and a lot of sawdust hehe.","إلى القدر معاً. مع قليل من ماء البحر والكثير من نشارة الخشب، ههههه."
"NPCs.shipTutorial.cookSprag.secondInteractLine2","Sure, you can eat a mushroom in a pinch, but nothing beats a cooked meal. Here, have some for yourself.","بالتأكيد، يمكنك أكل فطر نيئ عند الضرورة، لكن لا شيء يضاهي وجبة مطهية. تفضل، خذ بعضاً منها لنفسك."
"NPCs.shipTutorial.cookSprag.secondRetalk","I’d save it for gentler seas, else it’ll come up as fast as it goes down.","أفضل لو تحتفظ بها لبحر أكثر هدوءاً، وإلا فستخرج من معدتك بالسرعة ذاتها التي دخلت بها."
"NPCs.shipTutorial.cooperDelane.eavesdrop","Not sure what you’re hopin’ to find on a shithole like Sacra.","لست أدري ما الذي ترجو العثور عليه في مكبٍ قذر مثل ساكرا."
"NPCs.shipTutorial.cooperDelane.interact","Just Dasha families always one meal away from starvin’, and a buncha ruins that mean nothin’ to no one.","مجرد عائلات من الدوشا تفصلهم وجبة واحدة عن الموت جوعاً، وكومة من الأطلال لا تعني شيئاً لأحد."
"NPCs.shipTutorial.cooperDelane.retalk","Sacra - the arsehole of the Empire.","ساكرا - حثالة الإمبراطورية ومزبلتها."
"NPCs.shipTutorial.cutterRalo.eavesdrop","Bad idea to let you on board...","كانت فكرة سيئة السماح لك بالصعود على متن سفينتنا..."
"NPCs.shipTutorial.cutterRalo.interact","That’s close enough! Just, just, keep your distance. There’s a dark about you, and I don’t want any part of it.","هذا يكفي، لا تقترب أكثر! فقط، ابقَ بعيداً عني. هناك هالة مظلمة تحيط بك، ولا شأن لي بها قط."
"NPCs.shipTutorial.cutterRalo.retalk","I... Please don’t hurt me.","أنا... أرجوك لا تؤذِني."
"NPCs.shipTutorial.deckhandCozAndFirstMateBrogan.eavesdrop","No good will come of this...","لن يأتي أي خير من وراء هذا..."
"NPCs.shipTutorial.deckhandCozAndFirstMateBrogan.interactLine1","Shoulda burned the island to the ground a thousand years ago and never come back.","كان ينبغي إحراق الجزيرة عن بكرة أبيها قبل ألف عام وألا نعود إليها أبداً."
"NPCs.shipTutorial.deckhandCozAndFirstMateBrogan.interactLine2","We’ve wrecked and ravaged our way across half the Ashen Sea, and you’re scared of a hunk of rock?","لقد نهبنا ودمرنا طريقنا عبر نصف بحر الرماد، وأنت ترتعد خوفاً من مجرد صخرة صماء؟"
"NPCs.shipTutorial.deckhandCozAndFirstMateBrogan.retalk","I pray the Captain has the good sense to turn us around.","أرجو أن يملك القبطان رجاحة العقل ليعود بنا أدراجنا."
"NPCs.shipTutorial.helmsmanDai.eavesdrop","Never thought I’d see a Cerim warrior for myself.","لم أظن قط أنني سأرى محارباً من السيريم بأم عيني."
"NPCs.shipTutorial.helmsmanDai.interact","I heard you were all seven feet tall, and big as oaks. Don’t look so tough to me.","سمعتُ أنكم جميعاً بطول سبعة أقدام وضخام كأشجار البلوط. لا تبدو لي بتلك القوة."
"NPCs.shipTutorial.helmsmanDai.retalk","Still, even I won’t set foot on Sacra. You’re a damned fool to go there.","ومع ذلك، فحتى أنا لن أطأ أرض ساكرا بقدمي. إنك لأحمق ملعون لذهابك إلى هناك."
"NPCs.shipTutorial.midshipmanRhet.eavesdrop","Keep your eyes off our cargo ‘less you want one plucked out.","أبعد عينيك عن شحنتنا إلا إذا أردت أن نقتلع إحداهما."
"NPCs.shipTutorial.midshipmanRhet.interact","You’re too curious by half. Keep walking.","فضولك مفرط وخطير. واصل السير."
"NPCs.shipTutorial.midshipmanRhet.retalk","You ain’t the only thing we’re hauling. But at least the rest of our cargo stays where you put it.","لست الشيء الوحيد الذي ننقله. لكن على الأقل بقية حمولتنا تظل مكانها حين نضعها."
"NPCs.shipTutorial.quartermasterTemon.eavesdrop","If Cerim venture to Sacra, then the rumors must be true. The Pestilence has returned.","إن كان السيريم يخاطرون بالذهاب إلى ساكرا، فلا بد أن الشائعات صحيحة. لقد عاد الوباء."
"NPCs.shipTutorial.quartermasterTemon.interact","I don’t know whether you follow the sickness or it follows you, and I don’t care to know.","لا أدري إن كنت تتعقب المرض أم أن المرض هو من يتعقبك، ولا أهتم بمعرفة ذلك."
"NPCs.shipTutorial.quartermasterTemon.retalk","You keep your company, I’ll keep mine.","الزم جماعتك، وسألزم أنا جماعتي."
"NPCs.shipTutorial.secondMateGrey.eavesdrop","You’re just another job, far as I’m concerned.","أنت مجرد مهمة أخرى بالنسبة لي، لا أكثر."
"NPCs.shipTutorial.secondMateGrey.interact","The men think you’re some kind of legend. Know what all legends have in common? They’re dead.","يظن الرجال أنك أسطورة من نوع ما. أتعلم القاسم المشترك بين كل الأساطير؟ أنها ميتة."
"NPCs.shipTutorial.secondMateGrey.retalk","Do me a favor, Cerim, and leave me out of your story.","أسدِ إليّ معروفاً، أيها السيريم، ودعني خارج قصتك."
"NPCs.shipTutorial.swabbieNayan.eavesdrop","I got it all planned out.","لقد خططت للأمر برمته."
"NPCs.shipTutorial.swabbieNayan.interact","They’ll all be salutin’ me soon enough.","سيؤدون جميعاً التحية لي عما قريب."
"NPCs.shipTutorial.swabbieNayan.retalk","A year of this. Two of washing the decks. Four more in the rigging. Another five at the helm. And then captain! Just like that.","عام من هذا العمل. عامان في تنظيف السطح. أربعة أعوام أخرى بين أشرعة السفينة. وخمسة أخرى عند دفة القيادة. ثم أصبح قبطاناً! هكذا ببساطة."
"NPCs.shipTutorial.thirdMateErik.eavesdrop","Perhaps a prayer before landfall?","ربما دعاءٌ وصلاة قبل أن نرسو؟"
"NPCs.shipTutorial.thirdMateErik.interact","Our ship might seem thick with sinners, but the Church welcomes all. Criminals, heretics. Even the Dasha. Even you.","قد تبدو سفينتنا غارقة في الخطاة، لكن الكنيسة ترحب بالجميع. المجرمين، الخارجين عن الملة. وحتى الدوشا. وحتى أنت."
"NPCs.shipTutorial.thirdMateErik.retalk","Never too late to repent.","لم يفت الأوان قط على التوبة."
"NPCs.shipTutorial.threeSailors.eavesdropLine1","So you s’posed to be special or somethin’?","إذن، يُفترض بك أن تكون شخصاً مميزاً أو شيئاً من هذا القبيل؟"
"NPCs.shipTutorial.threeSailors.eavesdropLine2","Leave ‘em be, Mers.","دعه وشأنه يا ميرز."
"NPCs.shipTutorial.threeSailors.interactLine1","How ‘bout you lemme be a Cerim too? Bet that fancy cloak would look just fine on me.","ما رأيك أن تجعلني من السيريم أيضاً؟ أراهن أن تلك العباءة الفاخرة ستبدو رائعة عليّ تماماً."
"NPCs.shipTutorial.threeSailors.interactLine2","You greedy bugger. You’d sell it sooner than save an infant.","أيها النذل الطماع. ستبيعها في لمح البصر قبل أن تفكر في إنقاذ رضيع حتى."
"NPCs.shipTutorial.threeSailors.interactLine3","Pfft, like they’re any different. They eat. They shit. They die. Same as the rest of us.","تسك، وكأنهم يختلفون عنا. إنهم يأكلون، ويتغوطون، ويموتون. تماماً مثل بقيتنا."
"NPCs.shipTutorial.threeSailors.retalkLine1","Oy, quit trying to edge your way in. Ain’t even enough for us.","هاي، كف عن حشر نفسك هنا. لا يكفي المكان حتى لنا."
"NPCs.shipTutorial.threeSailors.retalkLine2","Move along, Cerim.","امضِ في طريقك، أيها السيريم."
"NPCs.shipTutorial.watchmanBavel.eavesdrop","Struttin’ about like you’re the only killer on board.","تتبختر وكأنك القاتل الوحيد على متن هذه السفينة."
"NPCs.shipTutorial.watchmanBavel.interactLine1","Difference between you and me? I don’t just kill sick people.","الفرق بيني وبينك؟ أنا لا أقتل المرضى فحسب."
"NPCs.shipTutorial.watchmanBavel.interactLine2","I mean… I would if there was any pay in it. Hehe.","أعني... كنت لأفعل لو كان هناك أي أجر مجزٍ مقابل ذلك. ههههه."
"NPCs.shipTutorial.watchmanBavel.retalk","Think the Silverfish would pay for the head of a Cerim?","أتظن أن السمكة الفضية ستدفع ثمن رأس سيريم؟"
"NPCs.shipTutorial.wayfinderLaird.eavesdrop","A little space, eh? Not just the weather we have to contend with...","تنحَّ جانباً قليلاً، أليس كذلك؟ فالطقس ليس الأمر الوحيد الذي يتعين علينا مصارعته..."
"NPCs.shipTutorial.wayfinderLaird.interact","Plenty of mainland ships go missing off Sacra’s shores. We’re not the only ones on these waters.","الكثير من سفن القارة تختفي قبالة شواطئ ساكرا. لسنا الوحيدين في هذه المياه."
"NPCs.shipTutorial.wayfinderLaird.retalk","Charting our way’s hard enough without you breathing down my neck.","رسم مسارنا شاقٌ بما فيه الكفاية دون أن تتنفس على عنقي."
